ma_hoc_sinh,ho_ten,truong_hoc_ma,truong_hoc_ten,loai_truong,lop_hoc_ma,lop_hoc_ten,cap_hoc,khu_vuc_ma,ten_khu_vuc,quan_huyen,tinh_thanh,hoc_luc,nguon_du_lieu,trang_thai,ngay_cap_nhat,mon_hoc_ma,ten_mon_hoc,nhom_mon_hoc,hinh_thuc_hoc,muc_tieu_hoc_tap,ngan_sach_toi_da_gio,so_buoi_moi_tuan,trang_thai_nhu_cau,ngay_dang
HS_EX_0001,Trần Minh Khoa,THPT_TL,THPT Thăng Long,thpt,LOP_09,Lớp 9,thcs,KV_HCM_Q1,Quận 1,Quận 1,Hồ Chí Minh,yeu,excel,hoat_dong,2026-04-03,MON_ANH,Tiếng Anh,ngoai_ngu,ca_hai,Cải thiện điểm số,150000,2,dang_tim_gia_su,2026-03-05
HS_EX_0002,Lê Minh Phú,THPT_LQD_HCM,THPT Lê Quý Đôn,thpt,LOP_12,Lớp 12,thpt,KV_DN_HC,Hải Châu,Hải Châu,Đà Nẵng,kha,excel,hoat_dong,2026-04-03,MON_ANH,Tiếng Anh,ngoai_ngu,truc_tiep,Cải thiện điểm số,200000,3,dang_tim_gia_su,2026-03-31
HS_EX_0003,Hoàng Quang Nam,THPT_TP_DN,THPT Trần Phú,thpt,LOP_06,Lớp 6,thcs,KV_HCM_TD,Thủ Đức,Thủ Đức,Hồ Chí Minh,yeu,excel,hoat_dong,2026-04-03,MON_LY,Vật lý,tu_nhien,ca_hai,Cải thiện điểm số,250000,2,dang_tim_gia_su,2026-03-22
HS_EX_0004,Ngô Thị Nhung,THPT_CVA,THPT Chu Văn An,thpt,LOP_10,Lớp 10,thpt,KV_HN_CG,Cầu Giấy,Cầu Giấy,Hà Nội,trung_binh,excel,hoat_dong,2026-04-03,MON_TOAN,Toán,tu_nhien,truc_tiep,Cải thiện điểm số,150000,2,dang_tim_gia_su,2026-03-16
HS_EX_0005,Dương Thái Đức,THPT_OIK,THPT Ông Ích Khiêm,thpt,LOP_12,Lớp 12,thpt,KV_DN_HC,Hải Châu,Hải Châu,Đà Nẵng,kha,excel,hoat_dong,2026-04-03,MON_LY,Vật lý,tu_nhien,online,Cải thiện điểm số,200000,4,dang_tim_gia_su,2026-04-01
HS_EX_0006,Đỗ Đức Đạt,THPT_VD,THPT Việt Đức,thpt,LOP_06,Lớp 6,thcs,KV_HCM_BT,Bình Thạnh,Bình Thạnh,Hồ Chí Minh,trung_binh,excel,hoat_dong,2026-04-03,MON_LY,Vật lý,tu_nhien,ca_hai,Cải thiện điểm số,250000,4,dang_tim_gia_su,2026-03-07
HS_EX_0007,Đỗ Hồng Trang,THPT_CVD,THPT Cẩm Lệ,thpt,LOP_10,Lớp 10,thpt,KV_HCM_GV,Gò Vấp,Gò Vấp,Hồ Chí Minh,yeu,excel,hoat_dong,2026-04-03,MON_LY,Vật lý,tu_nhien,online,Cải thiện điểm số,250000,2,dang_tim_gia_su,2026-03-08
HS_EX_0008,Lê Hoàng Vy,THPT_LQD_DN,THPT Chuyên Lê Quý Đôn,thpt,LOP_06,Lớp 6,thcs,KV_HN_LB,Long Biên,Long Biên,Hà Nội,kha,excel,hoat_dong,2026-04-03,MON_ANH,Tiếng Anh,ngoai_ngu,truc_tiep,Cải thiện điểm số,250000,2,dang_tim_gia_su,2026-03-07
HS_EX_0009,Ngô Xuân Hân,THPT_GD,THPT Gia Định,thpt,LOP_10,Lớp 10,thpt,KV_HCM_Q8,Quận 8,Quận 8,Hồ Chí Minh,trung_binh,excel,hoat_dong,2026-04-03,MON_TOAN,Toán,tu_nhien,ca_hai,Cải thiện điểm số,250000,4,dang_tim_gia_su,2026-03-31
HS_EX_0010,Phạm Đình Kiệt,THPT_DD,THPT Đống Đa,thpt,LOP_09,Lớp 9,thcs,KV_HCM_TD,Thủ Đức,Thủ Đức,Hồ Chí Minh,yeu,excel,hoat_dong,2026-04-03,MON_VAN,Ngữ văn,xa_hoi,truc_tiep,Cải thiện điểm số,150000,2,dang_tim_gia_su,2026-03-19
HS_EX_0011,Lý Minh Cường,THPT_NT_HN,THPT Nguyễn Trãi - Ba Đình,thpt,LOP_12,Lớp 12,thpt,KV_HN_DD,Đống Đa,Đống Đa,Hà Nội,kha,excel,hoat_dong,2026-04-03,MON_VAN,Ngữ văn,xa_hoi,truc_tiep,Cải thiện điểm số,250000,3,dang_tim_gia_su,2026-03-28
HS_EX_0012,Dương Văn Hùng,THPT_NH,THPT Nguyễn Hiền,thpt,LOP_09,Lớp 9,thcs,KV_HN_CG,Cầu Giấy,Cầu Giấy,Hà Nội,yeu,excel,hoat_dong,2026-04-03,MON_VAN,Ngữ văn,xa_hoi,truc_tiep,Cải thiện điểm số,200000,2,dang_tim_gia_su,2026-03-08
HS_EX_0013,Bùi Thanh Trang,THPT_PN,THPT Phú Nhuận,thpt,LOP_06,Lớp 6,thcs,KV_HCM_Q3,Quận 3,Quận 3,Hồ Chí Minh,trung_binh,excel,hoat_dong,2026-04-03,MON_VAN,Ngữ văn,xa_hoi,ca_hai,Cải thiện điểm số,200000,2,dang_tim_gia_su,2026-03-09
HS_EX_0014,Trần Thanh Thu,THPT_ND,THPT Nguyễn Du,thpt,LOP_10,Lớp 10,thpt,KV_HCM_Q5,Quận 5,Quận 5,Hồ Chí Minh,xuat_sac,excel,hoat_dong,2026-04-03,MON_ANH,Tiếng Anh,ngoai_ngu,online,Cải thiện điểm số,150000,2,dang_tim_gia_su,2026-03-18
HS_EX_0015,Hoàng Hải Khoa,THPT_ND,THPT Nguyễn Du,thpt,LOP_06,Lớp 6,thcs,KV_HN_HK,Hoàn Kiếm,Hoàn Kiếm,Hà Nội,trung_binh,excel,hoat_dong,2026-04-03,MON_TOAN,Toán,tu_nhien,ca_hai,Cải thiện điểm số,150000,4,dang_tim_gia_su,2026-03-04
HS_EX_0016,Vũ Trọng Hùng,THPT_HHT,THPT Hoàng Hoa Thám,thpt,LOP_12,Lớp 12,thpt,KV_DN_CL,Cẩm Lệ,Cẩm Lệ,Đà Nẵng,kha,excel,hoat_dong,2026-04-03,MON_TOAN,Toán,tu_nhien,online,Cải thiện điểm số,200000,4,dang_tim_gia_su,2026-03-13
HS_EX_0017,Phạm Ngọc Thu,THPT_LQD_HN,THPT Lê Quý Đôn - Đống Đa,thpt,LOP_09,Lớp 9,thcs,KV_DN_ST,Sơn Trà,Sơn Trà,Đà Nẵng,yeu,excel,hoat_dong,2026-04-03,MON_VAN,Ngữ văn,xa_hoi,ca_hai,Cải thiện điểm số,200000,4,dang_tim_gia_su,2026-03-25
HS_EX_0018,Nguyễn Trọng Cường,THPT_PN,THPT Phú Nhuận,thpt,LOP_09,Lớp 9,thcs,KV_HN_HD,Hà Đông,Hà Đông,Hà Nội,kha,excel,hoat_dong,2026-04-03,MON_LY,Vật lý,tu_nhien,truc_tiep,Cải thiện điểm số,150000,3,dang_tim_gia_su,2026-04-02
HS_EX_0019,Phạm Thị Thảo,THPT_VD,THPT Việt Đức,thpt,LOP_09,Lớp 9,thcs,KV_HCM_Q3,Quận 3,Quận 3,Hồ Chí Minh,gioi,excel,hoat_dong,2026-04-03,MON_VAN,Ngữ văn,xa_hoi,online,Cải thiện điểm số,250000,4,dang_tim_gia_su,2026-03-31
HS_EX_0020,Đặng Minh Cường,THPT_CVA,THPT Chu Văn An,thpt,LOP_10,Lớp 10,thpt,KV_HN_NTL,Nam Từ Liêm,Nam Từ Liêm,Hà Nội,trung_binh,excel,hoat_dong,2026-04-03,MON_ANH,Tiếng Anh,ngoai_ngu,truc_tiep,Cải thiện điểm số,250000,2,dang_tim_gia_su,2026-03-06
HS_EX_0021,Lê Hữu Khoa,THPT_ST,THPT Sơn Tây,thpt,LOP_12,Lớp 12,thpt,KV_DN_ST,Sơn Trà,Sơn Trà,Đà Nẵng,yeu,excel,hoat_dong,2026-04-03,MON_VAN,Ngữ văn,xa_hoi,truc_tiep,Cải thiện điểm số,150000,4,dang_tim_gia_su,2026-03-09
HS_EX_0022,Hoàng Mai Nhung,THPT_MQ,THPT Mạc Đĩnh Chi,thpt,LOP_10,Lớp 10,thpt,KV_HN_BD,Ba Đình,Ba Đình,Hà Nội,xuat_sac,excel,hoat_dong,2026-04-03,MON_LY,Vật lý,tu_nhien,ca_hai,Cải thiện điểm số,150000,3,dang_tim_gia_su,2026-03-20
HS_EX_0023,Ngô Hồng Hân,THPT_CVD,THPT Cẩm Lệ,thpt,LOP_10,Lớp 10,thpt,KV_DN_ST,Sơn Trà,Sơn Trà,Đà Nẵng,xuat_sac,excel,hoat_dong,2026-04-03,MON_LY,Vật lý,tu_nhien,online,Cải thiện điểm số,150000,3,dang_tim_gia_su,2026-03-18
HS_EX_0024,Đỗ Ngọc Châu,THPT_TTT,THPT Tôn Thất Tùng,thpt,LOP_12,Lớp 12,thpt,KV_DN_ST,Sơn Trà,Sơn Trà,Đà Nẵng,yeu,excel,hoat_dong,2026-04-03,MON_ANH,Tiếng Anh,ngoai_ngu,truc_tiep,Cải thiện điểm số,250000,3,dang_tim_gia_su,2026-04-03
HS_EX_0025,Phạm Hoàng Linh,THPT_MC,THPT Marie Curie,thpt,LOP_06,Lớp 6,thcs,KV_HN_HK,Hoàn Kiếm,Hoàn Kiếm,Hà Nội,yeu,excel,hoat_dong,2026-04-03,MON_LY,Vật lý,tu_nhien,truc_tiep,Cải thiện điểm số,150000,2,dang_tim_gia_su,2026-03-13
HS_EX_0026,Dương Bảo Thảo,THPT_BTX,THPT Bùi Thị Xuân,thpt,LOP_06,Lớp 6,thcs,KV_HN_BTL,Bắc Từ Liêm,Bắc Từ Liêm,Hà Nội,trung_binh,excel,hoat_dong,2026-04-03,MON_ANH,Tiếng Anh,ngoai_ngu,truc_tiep,Cải thiện điểm số,150000,3,dang_tim_gia_su,2026-03-22
HS_EX_0027,Bùi Quang Phú,THPT_NT_HN,THPT Nguyễn Trãi - Ba Đình,thpt,LOP_10,Lớp 10,thpt,KV_HCM_TB,Tân Bình,Tân Bình,Hồ Chí Minh,trung_binh,excel,hoat_dong,2026-04-03,MON_ANH,Tiếng Anh,ngoai_ngu,ca_hai,Cải thiện điểm số,200000,2,dang_tim_gia_su,2026-03-17
HS_EX_0028,Vũ Thái Cường,THPT_CVD,THPT Cẩm Lệ,thpt,LOP_06,Lớp 6,thcs,KV_HCM_Q7,Quận 7,Quận 7,Hồ Chí Minh,yeu,excel,hoat_dong,2026-04-03,MON_TOAN,Toán,tu_nhien,truc_tiep,Cải thiện điểm số,250000,3,dang_tim_gia_su,2026-03-11
HS_EX_0029,Hoàng Văn Kiệt,THPT_TPh,THPT Thái Phiên,thpt,LOP_10,Lớp 10,thpt,KV_HCM_Q8,Quận 8,Quận 8,Hồ Chí Minh,xuat_sac,excel,hoat_dong,2026-04-03,MON_LY,Vật lý,tu_nhien,truc_tiep,Cải thiện điểm số,200000,3,dang_tim_gia_su,2026-03-26
HS_EX_0030,Lý Hải Cường,THPT_CBQ,THPT Cao Bá Quát,thpt,LOP_06,Lớp 6,thcs,KV_HN_HBT,Hai Bà Trưng,Hai Bà Trưng,Hà Nội,xuat_sac,excel,hoat_dong,2026-04-03,MON_ANH,Tiếng Anh,ngoai_ngu,online,Cải thiện điểm số,150000,4,dang_tim_gia_su,2026-03-24
HS_EX_0031,Bùi Hải Cường,THPT_CBQ,THPT Cao Bá Quát,thpt,LOP_12,Lớp 12,thpt,KV_HN_TH,Tây Hồ,Tây Hồ,Hà Nội,trung_binh,excel,hoat_dong,2026-04-03,MON_ANH,Tiếng Anh,ngoai_ngu,ca_hai,Cải thiện điểm số,200000,4,dang_tim_gia_su,2026-03-10
HS_EX_0032,Hoàng Văn Khoa,THPT_NMK,THPT Nguyễn Thị Minh Khai,thpt,LOP_12,Lớp 12,thpt,KV_HCM_Q10,Quận 10,Quận 10,Hồ Chí Minh,yeu,excel,hoat_dong,2026-04-03,MON_ANH,Tiếng Anh,ngoai_ngu,online,Cải thiện điểm số,250000,3,dang_tim_gia_su,2026-03-26
HS_EX_0033,Đặng Hữu Tuấn,THPT_DD,THPT Đống Đa,thpt,LOP_12,Lớp 12,thpt,KV_HCM_Q1,Quận 1,Quận 1,Hồ Chí Minh,kha,excel,hoat_dong,2026-04-03,MON_LY,Vật lý,tu_nhien,ca_hai,Cải thiện điểm số,150000,4,dang_tim_gia_su,2026-04-02
HS_EX_0034,Nguyễn Đình Đạt,THPT_CBQ,THPT Cao Bá Quát,thpt,LOP_09,Lớp 9,thcs,KV_HCM_TB,Tân Bình,Tân Bình,Hồ Chí Minh,kha,excel,hoat_dong,2026-04-03,MON_TOAN,Toán,tu_nhien,online,Cải thiện điểm số,250000,3,dang_tim_gia_su,2026-03-18
HS_EX_0035,Nguyễn Thu Linh,THPT_MQ,THPT Mạc Đĩnh Chi,thpt,LOP_12,Lớp 12,thpt,KV_HCM_GV,Gò Vấp,Gò Vấp,Hồ Chí Minh,trung_binh,excel,hoat_dong,2026-04-03,MON_TOAN,Toán,tu_nhien,online,Cải thiện điểm số,200000,3,dang_tim_gia_su,2026-03-17
HS_EX_0036,Đỗ Đình Hùng,THPT_LQD_HN,THPT Lê Quý Đôn - Đống Đa,thpt,LOP_12,Lớp 12,thpt,KV_HN_TX,Thanh Xuân,Thanh Xuân,Hà Nội,gioi,excel,hoat_dong,2026-04-03,MON_TOAN,Toán,tu_nhien,ca_hai,Cải thiện điểm số,150000,2,dang_tim_gia_su,2026-03-30
HS_EX_0037,Dương Hồng Châu,THPT_NH,THPT Nguyễn Hiền,thpt,LOP_06,Lớp 6,thcs,KV_DN_NHS,Ngũ Hành Sơn,Ngũ Hành Sơn,Đà Nẵng,trung_binh,excel,hoat_dong,2026-04-03,MON_VAN,Ngữ văn,xa_hoi,online,Cải thiện điểm số,250000,2,dang_tim_gia_su,2026-04-03
HS_EX_0038,Đỗ Đức Khoa,THPT_NMK,THPT Nguyễn Thị Minh Khai,thpt,LOP_12,Lớp 12,thpt,KV_DN_ST,Sơn Trà,Sơn Trà,Đà Nẵng,gioi,excel,hoat_dong,2026-04-03,MON_VAN,Ngữ văn,xa_hoi,online,Cải thiện điểm số,150000,4,dang_tim_gia_su,2026-03-31
HS_EX_0039,Lê Hoàng Nhung,THPT_NT_HN,THPT Nguyễn Trãi - Ba Đình,thpt,LOP_06,Lớp 6,thcs,KV_HN_TX,Thanh Xuân,Thanh Xuân,Hà Nội,gioi,excel,hoat_dong,2026-04-03,MON_LY,Vật lý,tu_nhien,online,Cải thiện điểm số,200000,4,dang_tim_gia_su,2026-03-06
HS_EX_0040,Dương Mai Mai,THPT_VD,THPT Việt Đức,thpt,LOP_09,Lớp 9,thcs,KV_HCM_Q4,Quận 4,Quận 4,Hồ Chí Minh,xuat_sac,excel,hoat_dong,2026-04-03,MON_LY,Vật lý,tu_nhien,ca_hai,Cải thiện điểm số,250000,4,dang_tim_gia_su,2026-03-29
HS_EX_0041,Lê Thị Vy,THPT_ST,THPT Sơn Tây,thpt,LOP_10,Lớp 10,thpt,KV_HCM_BT,Bình Thạnh,Bình Thạnh,Hồ Chí Minh,gioi,excel,hoat_dong,2026-04-03,MON_TOAN,Toán,tu_nhien,ca_hai,Cải thiện điểm số,250000,2,dang_tim_gia_su,2026-03-29
HS_EX_0042,Nguyễn Thị Linh,THPT_KL,THPT Kim Liên,thpt,LOP_09,Lớp 9,thcs,KV_HCM_TB,Tân Bình,Tân Bình,Hồ Chí Minh,xuat_sac,excel,hoat_dong,2026-04-03,MON_ANH,Tiếng Anh,ngoai_ngu,ca_hai,Cải thiện điểm số,150000,3,dang_tim_gia_su,2026-03-05
HS_EX_0043,Lý Đức Phú,THPT_NT_HN,THPT Nguyễn Trãi - Ba Đình,thpt,LOP_09,Lớp 9,thcs,KV_HN_BTL,Bắc Từ Liêm,Bắc Từ Liêm,Hà Nội,xuat_sac,excel,hoat_dong,2026-04-03,MON_VAN,Ngữ văn,xa_hoi,ca_hai,Cải thiện điểm số,250000,4,dang_tim_gia_su,2026-03-09
HS_EX_0044,Nguyễn Trọng Kiệt,THPT_VTS,THPT Võ Thị Sáu,thpt,LOP_06,Lớp 6,thcs,KV_HCM_BT,Bình Thạnh,Bình Thạnh,Hồ Chí Minh,yeu,excel,hoat_dong,2026-04-03,MON_VAN,Ngữ văn,xa_hoi,online,Cải thiện điểm số,200000,2,dang_tim_gia_su,2026-03-16
HS_EX_0045,Đặng Đức Đức,THPT_LQD_DN,THPT Chuyên Lê Quý Đôn,thpt,LOP_12,Lớp 12,thpt,KV_HN_DD,Đống Đa,Đống Đa,Hà Nội,trung_binh,excel,hoat_dong,2026-04-03,MON_LY,Vật lý,tu_nhien,truc_tiep,Cải thiện điểm số,150000,4,dang_tim_gia_su,2026-03-15
HS_EX_0046,Hoàng Văn Nam,THPT_GD,THPT Gia Định,thpt,LOP_09,Lớp 9,thcs,KV_HCM_Q1,Quận 1,Quận 1,Hồ Chí Minh,trung_binh,excel,hoat_dong,2026-04-03,MON_VAN,Ngữ văn,xa_hoi,online,Cải thiện điểm số,250000,3,dang_tim_gia_su,2026-03-22
HS_EX_0047,Ngô Quang Cường,THPT_CBQ,THPT Cao Bá Quát,thpt,LOP_12,Lớp 12,thpt,KV_HN_CG,Cầu Giấy,Cầu Giấy,Hà Nội,gioi,excel,hoat_dong,2026-04-03,MON_TOAN,Toán,tu_nhien,truc_tiep,Cải thiện điểm số,200000,3,dang_tim_gia_su,2026-03-09
HS_EX_0048,Hoàng Thị Thu,THPT_PN,THPT Phú Nhuận,thpt,LOP_06,Lớp 6,thcs,KV_HCM_Q8,Quận 8,Quận 8,Hồ Chí Minh,gioi,excel,hoat_dong,2026-04-03,MON_LY,Vật lý,tu_nhien,online,Cải thiện điểm số,150000,2,dang_tim_gia_su,2026-03-17
HS_EX_0049,Lý Ngọc Thảo,THPT_MQ,THPT Mạc Đĩnh Chi,thpt,LOP_12,Lớp 12,thpt,KV_HCM_Q7,Quận 7,Quận 7,Hồ Chí Minh,yeu,excel,hoat_dong,2026-04-03,MON_LY,Vật lý,tu_nhien,ca_hai,Cải thiện điểm số,150000,4,dang_tim_gia_su,2026-03-25
HS_EX_0050,Lê Thị Thảo,THPT_TDN,THPT Chuyên Trần Đại Nghĩa,thpt,LOP_06,Lớp 6,thcs,KV_DN_TK,Thanh Khê,Thanh Khê,Đà Nẵng,yeu,excel,hoat_dong,2026-04-03,MON_LY,Vật lý,tu_nhien,truc_tiep,Cải thiện điểm số,150000,2,dang_tim_gia_su,2026-03-17
HS_EX_0051,Nguyễn Hồng Mai,THPT_TPh,THPT Thái Phiên,thpt,LOP_06,Lớp 6,thcs,KV_DN_NHS,Ngũ Hành Sơn,Ngũ Hành Sơn,Đà Nẵng,trung_binh,excel,hoat_dong,2026-04-03,MON_VAN,Ngữ văn,xa_hoi,online,Cải thiện điểm số,250000,4,dang_tim_gia_su,2026-03-25
HS_EX_0052,Nguyễn Trọng Nam,THPT_KL,THPT Kim Liên,thpt,LOP_06,Lớp 6,thcs,KV_DN_HC,Hải Châu,Hải Châu,Đà Nẵng,xuat_sac,excel,hoat_dong,2026-04-03,MON_TOAN,Toán,tu_nhien,online,Cải thiện điểm số,150000,2,dang_tim_gia_su,2026-03-12
HS_EX_0053,Trần Thanh Thảo,THPT_GD,THPT Gia Định,thpt,LOP_12,Lớp 12,thpt,KV_HCM_Q7,Quận 7,Quận 7,Hồ Chí Minh,gioi,excel,hoat_dong,2026-04-03,MON_ANH,Tiếng Anh,ngoai_ngu,truc_tiep,Cải thiện điểm số,200000,3,dang_tim_gia_su,2026-03-16
HS_EX_0054,Bùi Trọng Hùng,THPT_OIK,THPT Ông Ích Khiêm,thpt,LOP_10,Lớp 10,thpt,KV_HN_BD,Ba Đình,Ba Đình,Hà Nội,gioi,excel,hoat_dong,2026-04-03,MON_VAN,Ngữ văn,xa_hoi,online,Cải thiện điểm số,200000,4,dang_tim_gia_su,2026-03-06
HS_EX_0055,Đỗ Hải Hùng,THPT_NT_HCM,THPT Nguyễn Trãi,thpt,LOP_10,Lớp 10,thpt,KV_HN_HD,Hà Đông,Hà Đông,Hà Nội,yeu,excel,hoat_dong,2026-04-03,MON_VAN,Ngữ văn,xa_hoi,truc_tiep,Cải thiện điểm số,150000,4,dang_tim_gia_su,2026-03-10
HS_EX_0056,Đỗ Hải Nam,THPT_TDN,THPT Chuyên Trần Đại Nghĩa,thpt,LOP_10,Lớp 10,thpt,KV_DN_LC,Liên Chiểu,Liên Chiểu,Đà Nẵng,trung_binh,excel,hoat_dong,2026-04-03,MON_LY,Vật lý,tu_nhien,ca_hai,Cải thiện điểm số,250000,4,dang_tim_gia_su,2026-04-03
HS_EX_0057,Bùi Ngọc Mai,THPT_VD,THPT Việt Đức,thpt,LOP_10,Lớp 10,thpt,KV_HN_TH,Tây Hồ,Tây Hồ,Hà Nội,yeu,excel,hoat_dong,2026-04-03,MON_ANH,Tiếng Anh,ngoai_ngu,ca_hai,Cải thiện điểm số,200000,2,dang_tim_gia_su,2026-03-31
HS_EX_0058,Phạm Ngọc Mai,THPT_DD,THPT Đống Đa,thpt,LOP_06,Lớp 6,thcs,KV_HN_CG,Cầu Giấy,Cầu Giấy,Hà Nội,xuat_sac,excel,hoat_dong,2026-04-03,MON_VAN,Ngữ văn,xa_hoi,online,Cải thiện điểm số,150000,3,dang_tim_gia_su,2026-03-13
HS_EX_0059,Vũ Quang Đạt,THPT_CBQ,THPT Cao Bá Quát,thpt,LOP_12,Lớp 12,thpt,KV_HN_DD,Đống Đa,Đống Đa,Hà Nội,kha,excel,hoat_dong,2026-04-03,MON_VAN,Ngữ văn,xa_hoi,truc_tiep,Cải thiện điểm số,200000,4,dang_tim_gia_su,2026-03-15
HS_EX_0060,Bùi Thái Cường,THPT_NMK,THPT Nguyễn Thị Minh Khai,thpt,LOP_12,Lớp 12,thpt,KV_HCM_Q5,Quận 5,Quận 5,Hồ Chí Minh,yeu,excel,hoat_dong,2026-04-03,MON_TOAN,Toán,tu_nhien,truc_tiep,Cải thiện điểm số,200000,2,dang_tim_gia_su,2026-03-14
HS_EX_0061,Nguyễn Xuân Thảo,THPT_LHP,THPT Chuyên Lê Hồng Phong,thpt,LOP_06,Lớp 6,thcs,KV_DN_ST,Sơn Trà,Sơn Trà,Đà Nẵng,yeu,excel,hoat_dong,2026-04-03,MON_ANH,Tiếng Anh,ngoai_ngu,truc_tiep,Cải thiện điểm số,200000,4,dang_tim_gia_su,2026-03-14
HS_EX_0062,Đặng Hải Khoa,THPT_CG,THPT Cầu Giấy,thpt,LOP_10,Lớp 10,thpt,KV_DN_LC,Liên Chiểu,Liên Chiểu,Đà Nẵng,kha,excel,hoat_dong,2026-04-03,MON_VAN,Ngữ văn,xa_hoi,ca_hai,Cải thiện điểm số,150000,4,dang_tim_gia_su,2026-03-16
HS_EX_0063,Vũ Hải Phú,THPT_NTH_HCM,THPT Nguyễn Thượng Hiền,thpt,LOP_06,Lớp 6,thcs,KV_HN_TX,Thanh Xuân,Thanh Xuân,Hà Nội,xuat_sac,excel,hoat_dong,2026-04-03,MON_TOAN,Toán,tu_nhien,truc_tiep,Cải thiện điểm số,200000,3,dang_tim_gia_su,2026-03-28
HS_EX_0064,Vũ Hồng Châu,THPT_NT_HCM,THPT Nguyễn Trãi,thpt,LOP_10,Lớp 10,thpt,KV_HCM_TP,Tân Phú,Tân Phú,Hồ Chí Minh,xuat_sac,excel,hoat_dong,2026-04-03,MON_LY,Vật lý,tu_nhien,ca_hai,Cải thiện điểm số,150000,3,dang_tim_gia_su,2026-03-30
HS_EX_0065,Lê Văn Đạt,THPT_DD,THPT Đống Đa,thpt,LOP_06,Lớp 6,thcs,KV_HN_NTL,Nam Từ Liêm,Nam Từ Liêm,Hà Nội,gioi,excel,hoat_dong,2026-04-03,MON_TOAN,Toán,tu_nhien,truc_tiep,Cải thiện điểm số,150000,2,dang_tim_gia_su,2026-03-30
HS_EX_0066,Vũ Trọng Huy,THPT_NTH_HCM,THPT Nguyễn Thượng Hiền,thpt,LOP_12,Lớp 12,thpt,KV_HCM_Q1,Quận 1,Quận 1,Hồ Chí Minh,yeu,excel,hoat_dong,2026-04-03,MON_LY,Vật lý,tu_nhien,truc_tiep,Cải thiện điểm số,150000,3,dang_tim_gia_su,2026-03-20
HS_EX_0067,Phạm Văn Kiệt,THPT_DA,THPT Đông Anh,thpt,LOP_12,Lớp 12,thpt,KV_HCM_BT,Bình Thạnh,Bình Thạnh,Hồ Chí Minh,trung_binh,excel,hoat_dong,2026-04-03,MON_TOAN,Toán,tu_nhien,truc_tiep,Cải thiện điểm số,250000,4,dang_tim_gia_su,2026-03-14
HS_EX_0068,Trần Đình Nam,THPT_CG,THPT Cầu Giấy,thpt,LOP_06,Lớp 6,thcs,KV_HCM_Q1,Quận 1,Quận 1,Hồ Chí Minh,yeu,excel,hoat_dong,2026-04-03,MON_TOAN,Toán,tu_nhien,truc_tiep,Cải thiện điểm số,200000,3,dang_tim_gia_su,2026-03-04
HS_EX_0069,Hoàng Thái Huy,THPT_NT_HCM,THPT Nguyễn Trãi,thpt,LOP_12,Lớp 12,thpt,KV_HN_BTL,Bắc Từ Liêm,Bắc Từ Liêm,Hà Nội,kha,excel,hoat_dong,2026-04-03,MON_ANH,Tiếng Anh,ngoai_ngu,online,Cải thiện điểm số,150000,3,dang_tim_gia_su,2026-03-31
HS_EX_0070,Ngô Hải Nam,THPT_LQD_HCM,THPT Lê Quý Đôn,thpt,LOP_06,Lớp 6,thcs,KV_HN_HBT,Hai Bà Trưng,Hai Bà Trưng,Hà Nội,yeu,excel,hoat_dong,2026-04-03,MON_ANH,Tiếng Anh,ngoai_ngu,online,Cải thiện điểm số,250000,3,dang_tim_gia_su,2026-03-30
HS_EX_0071,Ngô Hồng Thu,THPT_MQ,THPT Mạc Đĩnh Chi,thpt,LOP_06,Lớp 6,thcs,KV_HN_NTL,Nam Từ Liêm,Nam Từ Liêm,Hà Nội,kha,excel,hoat_dong,2026-04-03,MON_LY,Vật lý,tu_nhien,truc_tiep,Cải thiện điểm số,200000,2,dang_tim_gia_su,2026-03-07
HS_EX_0072,Đỗ Trọng Đức,THPT_HHT,THPT Hoàng Hoa Thám,thpt,LOP_09,Lớp 9,thcs,KV_HN_HD,Hà Đông,Hà Đông,Hà Nội,yeu,excel,hoat_dong,2026-04-03,MON_TOAN,Toán,tu_nhien,online,Cải thiện điểm số,150000,4,dang_tim_gia_su,2026-03-09
HS_EX_0073,Nguyễn Thái Phú,THPT_VTS,THPT Võ Thị Sáu,thpt,LOP_06,Lớp 6,thcs,KV_HCM_TP,Tân Phú,Tân Phú,Hồ Chí Minh,yeu,excel,hoat_dong,2026-04-03,MON_TOAN,Toán,tu_nhien,ca_hai,Cải thiện điểm số,150000,4,dang_tim_gia_su,2026-03-28
HS_EX_0074,Lê Thị Hân,THPT_KL,THPT Kim Liên,thpt,LOP_10,Lớp 10,thpt,KV_HN_HBT,Hai Bà Trưng,Hai Bà Trưng,Hà Nội,xuat_sac,excel,hoat_dong,2026-04-03,MON_ANH,Tiếng Anh,ngoai_ngu,online,Cải thiện điểm số,200000,4,dang_tim_gia_su,2026-03-31
HS_EX_0075,Lý Minh Huy,THPT_CBQ,THPT Cao Bá Quát,thpt,LOP_06,Lớp 6,thcs,KV_HN_BTL,Bắc Từ Liêm,Bắc Từ Liêm,Hà Nội,kha,excel,hoat_dong,2026-04-03,MON_VAN,Ngữ văn,xa_hoi,online,Cải thiện điểm số,150000,2,dang_tim_gia_su,2026-03-12
HS_EX_0076,Ngô Trọng Cường,THPT_LQD_HN,THPT Lê Quý Đôn - Đống Đa,thpt,LOP_09,Lớp 9,thcs,KV_HN_HM,Hoàng Mai,Hoàng Mai,Hà Nội,gioi,excel,hoat_dong,2026-04-03,MON_LY,Vật lý,tu_nhien,truc_tiep,Cải thiện điểm số,200000,3,dang_tim_gia_su,2026-04-02
HS_EX_0077,Nguyễn Thu Nhung,THPT_LQD_DN,THPT Chuyên Lê Quý Đôn,thpt,LOP_09,Lớp 9,thcs,KV_HCM_BT,Bình Thạnh,Bình Thạnh,Hồ Chí Minh,trung_binh,excel,hoat_dong,2026-04-03,MON_LY,Vật lý,tu_nhien,truc_tiep,Cải thiện điểm số,150000,2,dang_tim_gia_su,2026-03-15
HS_EX_0078,Lý Đình Kiệt,THPT_TD,THPT Thủ Đức,thpt,LOP_10,Lớp 10,thpt,KV_DN_TK,Thanh Khê,Thanh Khê,Đà Nẵng,trung_binh,excel,hoat_dong,2026-04-03,MON_TOAN,Toán,tu_nhien,online,Cải thiện điểm số,250000,3,dang_tim_gia_su,2026-03-16
HS_EX_0079,Bùi Thị Mai,THPT_CVA,THPT Chu Văn An,thpt,LOP_12,Lớp 12,thpt,KV_HCM_TB,Tân Bình,Tân Bình,Hồ Chí Minh,xuat_sac,excel,hoat_dong,2026-04-03,MON_LY,Vật lý,tu_nhien,ca_hai,Cải thiện điểm số,150000,2,dang_tim_gia_su,2026-03-05
HS_EX_0080,Nguyễn Hồng Thu,THPT_PCT,THPT Chuyên Phan Châu Trinh,thpt,LOP_10,Lớp 10,thpt,KV_HCM_Q8,Quận 8,Quận 8,Hồ Chí Minh,yeu,excel,hoat_dong,2026-04-03,MON_ANH,Tiếng Anh,ngoai_ngu,truc_tiep,Cải thiện điểm số,150000,4,dang_tim_gia_su,2026-03-27
HS_EX_0081,Ngô Thanh An,THPT_KL,THPT Kim Liên,thpt,LOP_10,Lớp 10,thpt,KV_HCM_Q7,Quận 7,Quận 7,Hồ Chí Minh,trung_binh,excel,hoat_dong,2026-04-03,MON_ANH,Tiếng Anh,ngoai_ngu,ca_hai,Cải thiện điểm số,150000,3,dang_tim_gia_su,2026-03-28
HS_EX_0082,Lê Văn Đạt,THPT_HHT,THPT Hoàng Hoa Thám,thpt,LOP_06,Lớp 6,thcs,KV_HCM_Q5,Quận 5,Quận 5,Hồ Chí Minh,xuat_sac,excel,hoat_dong,2026-04-03,MON_TOAN,Toán,tu_nhien,online,Cải thiện điểm số,250000,2,dang_tim_gia_su,2026-03-22
HS_EX_0083,Trần Thị Mai,THPT_CVA,THPT Chu Văn An,thpt,LOP_09,Lớp 9,thcs,KV_DN_LC,Liên Chiểu,Liên Chiểu,Đà Nẵng,kha,excel,hoat_dong,2026-04-03,MON_TOAN,Toán,tu_nhien,truc_tiep,Cải thiện điểm số,250000,4,dang_tim_gia_su,2026-03-24
HS_EX_0084,Bùi Trọng Đạt,THPT_VTS,THPT Võ Thị Sáu,thpt,LOP_09,Lớp 9,thcs,KV_HN_CG,Cầu Giấy,Cầu Giấy,Hà Nội,kha,excel,hoat_dong,2026-04-03,MON_ANH,Tiếng Anh,ngoai_ngu,ca_hai,Cải thiện điểm số,200000,2,dang_tim_gia_su,2026-03-18
HS_EX_0085,Phạm Hữu Nam,THPT_LQD_HN,THPT Lê Quý Đôn - Đống Đa,thpt,LOP_12,Lớp 12,thpt,KV_HN_HK,Hoàn Kiếm,Hoàn Kiếm,Hà Nội,trung_binh,excel,hoat_dong,2026-04-03,MON_VAN,Ngữ văn,xa_hoi,ca_hai,Cải thiện điểm số,250000,3,dang_tim_gia_su,2026-03-20
HS_EX_0086,Nguyễn Xuân Thảo,THPT_LHP,THPT Chuyên Lê Hồng Phong,thpt,LOP_06,Lớp 6,thcs,KV_HN_HM,Hoàng Mai,Hoàng Mai,Hà Nội,gioi,excel,hoat_dong,2026-04-03,MON_LY,Vật lý,tu_nhien,ca_hai,Cải thiện điểm số,200000,2,dang_tim_gia_su,2026-03-08
HS_EX_0087,Đỗ Hoàng Mai,THPT_TP_DN,THPT Trần Phú,thpt,LOP_09,Lớp 9,thcs,KV_HN_DD,Đống Đa,Đống Đa,Hà Nội,kha,excel,hoat_dong,2026-04-03,MON_TOAN,Toán,tu_nhien,truc_tiep,Cải thiện điểm số,200000,3,dang_tim_gia_su,2026-03-09
HS_EX_0088,Trần Thái Đức,THPT_ND,THPT Nguyễn Du,thpt,LOP_09,Lớp 9,thcs,KV_DN_LC,Liên Chiểu,Liên Chiểu,Đà Nẵng,kha,excel,hoat_dong,2026-04-03,MON_VAN,Ngữ văn,xa_hoi,truc_tiep,Cải thiện điểm số,150000,3,dang_tim_gia_su,2026-03-17
HS_EX_0089,Lý Hoàng Vy,THPT_AMS,THPT Chuyên Hà Nội - Amsterdam,thpt,LOP_10,Lớp 10,thpt,KV_HN_HBT,Hai Bà Trưng,Hai Bà Trưng,Hà Nội,yeu,excel,hoat_dong,2026-04-03,MON_ANH,Tiếng Anh,ngoai_ngu,ca_hai,Cải thiện điểm số,200000,4,dang_tim_gia_su,2026-03-26
HS_EX_0090,Vũ Hải Tuấn,THPT_TL,THPT Thăng Long,thpt,LOP_12,Lớp 12,thpt,KV_HCM_GV,Gò Vấp,Gò Vấp,Hồ Chí Minh,yeu,excel,hoat_dong,2026-04-03,MON_TOAN,Toán,tu_nhien,ca_hai,Cải thiện điểm số,200000,2,dang_tim_gia_su,2026-03-31
HS_EX_0091,Đặng Đức Đạt,THPT_CVD,THPT Cẩm Lệ,thpt,LOP_12,Lớp 12,thpt,KV_HCM_TP,Tân Phú,Tân Phú,Hồ Chí Minh,trung_binh,excel,hoat_dong,2026-04-03,MON_VAN,Ngữ văn,xa_hoi,online,Cải thiện điểm số,200000,2,dang_tim_gia_su,2026-04-03
HS_EX_0092,Đặng Hải Tuấn,THPT_NT_HN,THPT Nguyễn Trãi - Ba Đình,thpt,LOP_06,Lớp 6,thcs,KV_HCM_Q4,Quận 4,Quận 4,Hồ Chí Minh,yeu,excel,hoat_dong,2026-04-03,MON_ANH,Tiếng Anh,ngoai_ngu,online,Cải thiện điểm số,200000,3,dang_tim_gia_su,2026-03-08
HS_EX_0093,Phạm Thanh Thảo,THPT_NT_HCM,THPT Nguyễn Trãi,thpt,LOP_10,Lớp 10,thpt,KV_HCM_Q4,Quận 4,Quận 4,Hồ Chí Minh,kha,excel,hoat_dong,2026-04-03,MON_ANH,Tiếng Anh,ngoai_ngu,truc_tiep,Cải thiện điểm số,150000,3,dang_tim_gia_su,2026-03-25
HS_EX_0094,Ngô Hải Hùng,THPT_NH,THPT Nguyễn Hiền,thpt,LOP_12,Lớp 12,thpt,KV_HCM_TP,Tân Phú,Tân Phú,Hồ Chí Minh,xuat_sac,excel,hoat_dong,2026-04-03,MON_ANH,Tiếng Anh,ngoai_ngu,online,Cải thiện điểm số,200000,2,dang_tim_gia_su,2026-04-01
HS_EX_0095,Đỗ Văn Cường,THPT_TTT,THPT Tôn Thất Tùng,thpt,LOP_09,Lớp 9,thcs,KV_HN_HK,Hoàn Kiếm,Hoàn Kiếm,Hà Nội,yeu,excel,hoat_dong,2026-04-03,MON_LY,Vật lý,tu_nhien,online,Cải thiện điểm số,250000,2,dang_tim_gia_su,2026-03-25
HS_EX_0096,Trần Thái Phú,THPT_LQD_HCM,THPT Lê Quý Đôn,thpt,LOP_06,Lớp 6,thcs,KV_HN_LB,Long Biên,Long Biên,Hà Nội,kha,excel,hoat_dong,2026-04-03,MON_TOAN,Toán,tu_nhien,ca_hai,Cải thiện điểm số,200000,3,dang_tim_gia_su,2026-03-28
HS_EX_0097,Vũ Thái Tuấn,THPT_PCT,THPT Chuyên Phan Châu Trinh,thpt,LOP_12,Lớp 12,thpt,KV_DN_TK,Thanh Khê,Thanh Khê,Đà Nẵng,kha,excel,hoat_dong,2026-04-03,MON_VAN,Ngữ văn,xa_hoi,truc_tiep,Cải thiện điểm số,250000,2,dang_tim_gia_su,2026-03-14
HS_EX_0098,Lê Đình Nam,THPT_CVD,THPT Cẩm Lệ,thpt,LOP_06,Lớp 6,thcs,KV_HCM_PN,Phú Nhuận,Phú Nhuận,Hồ Chí Minh,kha,excel,hoat_dong,2026-04-03,MON_VAN,Ngữ văn,xa_hoi,ca_hai,Cải thiện điểm số,200000,2,dang_tim_gia_su,2026-03-22
HS_EX_0099,Hoàng Minh Khoa,THPT_VD,THPT Việt Đức,thpt,LOP_10,Lớp 10,thpt,KV_DN_HC,Hải Châu,Hải Châu,Đà Nẵng,yeu,excel,hoat_dong,2026-04-03,MON_LY,Vật lý,tu_nhien,online,Cải thiện điểm số,150000,3,dang_tim_gia_su,2026-03-21
HS_EX_0100,Nguyễn Hoàng Thảo,THPT_TPh,THPT Thái Phiên,thpt,LOP_10,Lớp 10,thpt,KV_HN_BTL,Bắc Từ Liêm,Bắc Từ Liêm,Hà Nội,kha,excel,hoat_dong,2026-04-03,MON_LY,Vật lý,tu_nhien,ca_hai,Cải thiện điểm số,250000,3,dang_tim_gia_su,2026-03-12
HS_EX_0101,Ngô Hữu Tuấn,THPT_DD,THPT Đống Đa,thpt,LOP_09,Lớp 9,thcs,KV_DN_ST,Sơn Trà,Sơn Trà,Đà Nẵng,trung_binh,excel,hoat_dong,2026-04-03,MON_VAN,Ngữ văn,xa_hoi,truc_tiep,Cải thiện điểm số,200000,4,dang_tim_gia_su,2026-03-13
HS_EX_0102,Đặng Văn Khoa,THPT_TP_DN,THPT Trần Phú,thpt,LOP_12,Lớp 12,thpt,KV_HCM_TD,Thủ Đức,Thủ Đức,Hồ Chí Minh,xuat_sac,excel,hoat_dong,2026-04-03,MON_VAN,Ngữ văn,xa_hoi,online,Cải thiện điểm số,150000,2,dang_tim_gia_su,2026-03-19
HS_EX_0103,Vũ Thanh Hân,THPT_NMK,THPT Nguyễn Thị Minh Khai,thpt,LOP_12,Lớp 12,thpt,KV_HN_BTL,Bắc Từ Liêm,Bắc Từ Liêm,Hà Nội,yeu,excel,hoat_dong,2026-04-03,MON_LY,Vật lý,tu_nhien,ca_hai,Cải thiện điểm số,150000,3,dang_tim_gia_su,2026-03-15
HS_EX_0104,Lê Bảo Hân,THPT_TP_DN,THPT Trần Phú,thpt,LOP_12,Lớp 12,thpt,KV_HCM_Q4,Quận 4,Quận 4,Hồ Chí Minh,xuat_sac,excel,hoat_dong,2026-04-03,MON_VAN,Ngữ văn,xa_hoi,online,Cải thiện điểm số,250000,3,dang_tim_gia_su,2026-03-23
HS_EX_0105,Dương Bảo Châu,THPT_MQ,THPT Mạc Đĩnh Chi,thpt,LOP_10,Lớp 10,thpt,KV_HCM_Q4,Quận 4,Quận 4,Hồ Chí Minh,gioi,excel,hoat_dong,2026-04-03,MON_TOAN,Toán,tu_nhien,ca_hai,Cải thiện điểm số,150000,2,dang_tim_gia_su,2026-03-25
HS_EX_0106,Trần Thu Mai,THPT_NHS,THPT Ngũ Hành Sơn,thpt,LOP_09,Lớp 9,thcs,KV_DN_HC,Hải Châu,Hải Châu,Đà Nẵng,gioi,excel,hoat_dong,2026-04-03,MON_LY,Vật lý,tu_nhien,online,Cải thiện điểm số,150000,4,dang_tim_gia_su,2026-03-16
HS_EX_0107,Dương Đình Đạt,THPT_AMS,THPT Chuyên Hà Nội - Amsterdam,thpt,LOP_10,Lớp 10,thpt,KV_HCM_Q3,Quận 3,Quận 3,Hồ Chí Minh,trung_binh,excel,hoat_dong,2026-04-03,MON_VAN,Ngữ văn,xa_hoi,ca_hai,Cải thiện điểm số,200000,2,dang_tim_gia_su,2026-03-05
HS_EX_0108,Nguyễn Trọng Đạt,THPT_NH,THPT Nguyễn Hiền,thpt,LOP_12,Lớp 12,thpt,KV_HN_HD,Hà Đông,Hà Đông,Hà Nội,yeu,excel,hoat_dong,2026-04-03,MON_VAN,Ngữ văn,xa_hoi,ca_hai,Cải thiện điểm số,250000,2,dang_tim_gia_su,2026-03-28
HS_EX_0109,Ngô Minh Cường,THPT_NHS,THPT Ngũ Hành Sơn,thpt,LOP_10,Lớp 10,thpt,KV_DN_LC,Liên Chiểu,Liên Chiểu,Đà Nẵng,kha,excel,hoat_dong,2026-04-03,MON_VAN,Ngữ văn,xa_hoi,truc_tiep,Cải thiện điểm số,150000,4,dang_tim_gia_su,2026-04-03
HS_EX_0110,Phạm Thị An,THPT_PDP,THPT Phan Đình Phùng,thpt,LOP_06,Lớp 6,thcs,KV_HN_LB,Long Biên,Long Biên,Hà Nội,gioi,excel,hoat_dong,2026-04-03,MON_TOAN,Toán,tu_nhien,online,Cải thiện điểm số,250000,3,dang_tim_gia_su,2026-03-09
HS_EX_0111,Đặng Ngọc Mai,THPT_DD,THPT Đống Đa,thpt,LOP_06,Lớp 6,thcs,KV_HCM_PN,Phú Nhuận,Phú Nhuận,Hồ Chí Minh,trung_binh,excel,hoat_dong,2026-04-03,MON_ANH,Tiếng Anh,ngoai_ngu,ca_hai,Cải thiện điểm số,150000,2,dang_tim_gia_su,2026-03-27
HS_EX_0112,Đặng Đức Kiệt,THPT_VTS,THPT Võ Thị Sáu,thpt,LOP_10,Lớp 10,thpt,KV_HCM_Q5,Quận 5,Quận 5,Hồ Chí Minh,yeu,excel,hoat_dong,2026-04-03,MON_LY,Vật lý,tu_nhien,ca_hai,Cải thiện điểm số,150000,2,dang_tim_gia_su,2026-03-10
HS_EX_0113,Lý Thu Trang,THPT_TTT,THPT Tôn Thất Tùng,thpt,LOP_09,Lớp 9,thcs,KV_HN_NTL,Nam Từ Liêm,Nam Từ Liêm,Hà Nội,gioi,excel,hoat_dong,2026-04-03,MON_TOAN,Toán,tu_nhien,online,Cải thiện điểm số,200000,3,dang_tim_gia_su,2026-03-08
HS_EX_0114,Hoàng Đức Khoa,THPT_DA,THPT Đông Anh,thpt,LOP_06,Lớp 6,thcs,KV_HN_BD,Ba Đình,Ba Đình,Hà Nội,gioi,excel,hoat_dong,2026-04-03,MON_ANH,Tiếng Anh,ngoai_ngu,online,Cải thiện điểm số,250000,4,dang_tim_gia_su,2026-04-01
HS_EX_0115,Dương Hải Phú,THPT_BTX,THPT Bùi Thị Xuân,thpt,LOP_09,Lớp 9,thcs,KV_HN_HM,Hoàng Mai,Hoàng Mai,Hà Nội,kha,excel,hoat_dong,2026-04-03,MON_ANH,Tiếng Anh,ngoai_ngu,truc_tiep,Cải thiện điểm số,200000,3,dang_tim_gia_su,2026-03-14
HS_EX_0116,Phạm Thái Kiệt,THPT_GD,THPT Gia Định,thpt,LOP_12,Lớp 12,thpt,KV_HCM_TD,Thủ Đức,Thủ Đức,Hồ Chí Minh,xuat_sac,excel,hoat_dong,2026-04-03,MON_ANH,Tiếng Anh,ngoai_ngu,truc_tiep,Cải thiện điểm số,200000,4,dang_tim_gia_su,2026-03-25
HS_EX_0117,Vũ Hữu Khoa,THPT_LQD_HCM,THPT Lê Quý Đôn,thpt,LOP_06,Lớp 6,thcs,KV_HCM_Q1,Quận 1,Quận 1,Hồ Chí Minh,xuat_sac,excel,hoat_dong,2026-04-03,MON_LY,Vật lý,tu_nhien,truc_tiep,Cải thiện điểm số,250000,2,dang_tim_gia_su,2026-04-03
HS_EX_0118,Đỗ Đình Đức,THPT_AMS,THPT Chuyên Hà Nội - Amsterdam,thpt,LOP_09,Lớp 9,thcs,KV_HCM_Q10,Quận 10,Quận 10,Hồ Chí Minh,xuat_sac,excel,hoat_dong,2026-04-03,MON_TOAN,Toán,tu_nhien,truc_tiep,Cải thiện điểm số,250000,4,dang_tim_gia_su,2026-03-29
HS_EX_0119,Trần Minh Kiệt,THPT_LHP,THPT Chuyên Lê Hồng Phong,thpt,LOP_06,Lớp 6,thcs,KV_HCM_Q1,Quận 1,Quận 1,Hồ Chí Minh,trung_binh,excel,hoat_dong,2026-04-03,MON_ANH,Tiếng Anh,ngoai_ngu,online,Cải thiện điểm số,200000,4,dang_tim_gia_su,2026-03-13
HS_EX_0120,Đỗ Thanh Vy,THPT_PDP,THPT Phan Đình Phùng,thpt,LOP_09,Lớp 9,thcs,KV_HCM_PN,Phú Nhuận,Phú Nhuận,Hồ Chí Minh,kha,excel,hoat_dong,2026-04-03,MON_ANH,Tiếng Anh,ngoai_ngu,online,Cải thiện điểm số,200000,3,dang_tim_gia_su,2026-03-05
HS_EX_0121,Phạm Thu Thảo,THPT_LQD_HCM,THPT Lê Quý Đôn,thpt,LOP_06,Lớp 6,thcs,KV_HN_TH,Tây Hồ,Tây Hồ,Hà Nội,yeu,excel,hoat_dong,2026-04-03,MON_TOAN,Toán,tu_nhien,online,Cải thiện điểm số,150000,3,dang_tim_gia_su,2026-03-17
HS_EX_0122,Vũ Đức Khoa,THPT_NHS,THPT Ngũ Hành Sơn,thpt,LOP_09,Lớp 9,thcs,KV_HCM_BT,Bình Thạnh,Bình Thạnh,Hồ Chí Minh,gioi,excel,hoat_dong,2026-04-03,MON_LY,Vật lý,tu_nhien,ca_hai,Cải thiện điểm số,200000,3,dang_tim_gia_su,2026-03-26
HS_EX_0123,Phạm Đức Khoa,THPT_CVD,THPT Cẩm Lệ,thpt,LOP_10,Lớp 10,thpt,KV_HCM_BT,Bình Thạnh,Bình Thạnh,Hồ Chí Minh,xuat_sac,excel,hoat_dong,2026-04-03,MON_ANH,Tiếng Anh,ngoai_ngu,truc_tiep,Cải thiện điểm số,150000,2,dang_tim_gia_su,2026-03-06
HS_EX_0124,Lý Quang Đạt,THPT_NT_HCM,THPT Nguyễn Trãi,thpt,LOP_06,Lớp 6,thcs,KV_HN_HM,Hoàng Mai,Hoàng Mai,Hà Nội,trung_binh,excel,hoat_dong,2026-04-03,MON_VAN,Ngữ văn,xa_hoi,online,Cải thiện điểm số,150000,3,dang_tim_gia_su,2026-04-03
HS_EX_0125,Phạm Bảo Hân,THPT_ND,THPT Nguyễn Du,thpt,LOP_09,Lớp 9,thcs,KV_HN_CG,Cầu Giấy,Cầu Giấy,Hà Nội,kha,excel,hoat_dong,2026-04-03,MON_VAN,Ngữ văn,xa_hoi,truc_tiep,Cải thiện điểm số,200000,3,dang_tim_gia_su,2026-03-05
HS_EX_0126,Dương Thanh Trang,THPT_LHP,THPT Chuyên Lê Hồng Phong,thpt,LOP_06,Lớp 6,thcs,KV_HN_DD,Đống Đa,Đống Đa,Hà Nội,yeu,excel,hoat_dong,2026-04-03,MON_ANH,Tiếng Anh,ngoai_ngu,ca_hai,Cải thiện điểm số,200000,3,dang_tim_gia_su,2026-03-11
HS_EX_0127,Hoàng Hữu Tuấn,THPT_ND,THPT Nguyễn Du,thpt,LOP_12,Lớp 12,thpt,KV_HCM_Q4,Quận 4,Quận 4,Hồ Chí Minh,xuat_sac,excel,hoat_dong,2026-04-03,MON_VAN,Ngữ văn,xa_hoi,online,Cải thiện điểm số,200000,4,dang_tim_gia_su,2026-03-13
HS_EX_0128,Đặng Thu Nhung,THPT_TP_HN,THPT Trần Phú - Hoàn Kiếm,thpt,LOP_06,Lớp 6,thcs,KV_DN_CL,Cẩm Lệ,Cẩm Lệ,Đà Nẵng,kha,excel,hoat_dong,2026-04-03,MON_ANH,Tiếng Anh,ngoai_ngu,online,Cải thiện điểm số,250000,4,dang_tim_gia_su,2026-03-11
HS_EX_0129,Ngô Thu Mai,THPT_KL,THPT Kim Liên,thpt,LOP_06,Lớp 6,thcs,KV_HN_DD,Đống Đa,Đống Đa,Hà Nội,trung_binh,excel,hoat_dong,2026-04-03,MON_TOAN,Toán,tu_nhien,online,Cải thiện điểm số,250000,3,dang_tim_gia_su,2026-03-29
HS_EX_0130,Vũ Thu Linh,THPT_CVD,THPT Cẩm Lệ,thpt,LOP_12,Lớp 12,thpt,KV_HN_HK,Hoàn Kiếm,Hoàn Kiếm,Hà Nội,kha,excel,hoat_dong,2026-04-03,MON_LY,Vật lý,tu_nhien,truc_tiep,Cải thiện điểm số,150000,2,dang_tim_gia_su,2026-03-23
HS_EX_0131,Bùi Hữu Phú,THPT_PDP,THPT Phan Đình Phùng,thpt,LOP_10,Lớp 10,thpt,KV_HN_LB,Long Biên,Long Biên,Hà Nội,kha,excel,hoat_dong,2026-04-03,MON_VAN,Ngữ văn,xa_hoi,truc_tiep,Cải thiện điểm số,250000,4,dang_tim_gia_su,2026-03-10
HS_EX_0132,Lê Xuân Vy,THPT_LHP,THPT Chuyên Lê Hồng Phong,thpt,LOP_12,Lớp 12,thpt,KV_DN_CL,Cẩm Lệ,Cẩm Lệ,Đà Nẵng,gioi,excel,hoat_dong,2026-04-03,MON_TOAN,Toán,tu_nhien,ca_hai,Cải thiện điểm số,200000,4,dang_tim_gia_su,2026-03-30
HS_EX_0133,Phạm Thanh Trang,THPT_ST,THPT Sơn Tây,thpt,LOP_10,Lớp 10,thpt,KV_HN_HK,Hoàn Kiếm,Hoàn Kiếm,Hà Nội,xuat_sac,excel,hoat_dong,2026-04-03,MON_TOAN,Toán,tu_nhien,truc_tiep,Cải thiện điểm số,200000,4,dang_tim_gia_su,2026-03-21
HS_EX_0134,Dương Hồng Nhung,THPT_AMS,THPT Chuyên Hà Nội - Amsterdam,thpt,LOP_09,Lớp 9,thcs,KV_DN_CL,Cẩm Lệ,Cẩm Lệ,Đà Nẵng,kha,excel,hoat_dong,2026-04-03,MON_ANH,Tiếng Anh,ngoai_ngu,ca_hai,Cải thiện điểm số,150000,4,dang_tim_gia_su,2026-03-20
HS_EX_0135,Bùi Hoàng Thu,THPT_TPh,THPT Thái Phiên,thpt,LOP_12,Lớp 12,thpt,KV_HCM_TP,Tân Phú,Tân Phú,Hồ Chí Minh,kha,excel,hoat_dong,2026-04-03,MON_VAN,Ngữ văn,xa_hoi,online,Cải thiện điểm số,150000,3,dang_tim_gia_su,2026-03-30
HS_EX_0136,Ngô Mai Mai,THPT_NT_HCM,THPT Nguyễn Trãi,thpt,LOP_06,Lớp 6,thcs,KV_HN_HD,Hà Đông,Hà Đông,Hà Nội,yeu,excel,hoat_dong,2026-04-03,MON_VAN,Ngữ văn,xa_hoi,ca_hai,Cải thiện điểm số,200000,2,dang_tim_gia_su,2026-03-14
HS_EX_0137,Vũ Thái Kiệt,THPT_NMK,THPT Nguyễn Thị Minh Khai,thpt,LOP_12,Lớp 12,thpt,KV_DN_CL,Cẩm Lệ,Cẩm Lệ,Đà Nẵng,yeu,excel,hoat_dong,2026-04-03,MON_TOAN,Toán,tu_nhien,online,Cải thiện điểm số,150000,2,dang_tim_gia_su,2026-03-27
HS_EX_0138,Vũ Ngọc Châu,THPT_PDP,THPT Phan Đình Phùng,thpt,LOP_12,Lớp 12,thpt,KV_HCM_GV,Gò Vấp,Gò Vấp,Hồ Chí Minh,gioi,excel,hoat_dong,2026-04-03,MON_VAN,Ngữ văn,xa_hoi,online,Cải thiện điểm số,250000,3,dang_tim_gia_su,2026-04-03
HS_EX_0139,Đặng Đình Khoa,THPT_LHP,THPT Chuyên Lê Hồng Phong,thpt,LOP_10,Lớp 10,thpt,KV_HN_BD,Ba Đình,Ba Đình,Hà Nội,yeu,excel,hoat_dong,2026-04-03,MON_LY,Vật lý,tu_nhien,truc_tiep,Cải thiện điểm số,150000,2,dang_tim_gia_su,2026-03-11
HS_EX_0140,Bùi Bảo An,THPT_LQD_DN,THPT Chuyên Lê Quý Đôn,thpt,LOP_06,Lớp 6,thcs,KV_HCM_Q8,Quận 8,Quận 8,Hồ Chí Minh,gioi,excel,hoat_dong,2026-04-03,MON_TOAN,Toán,tu_nhien,truc_tiep,Cải thiện điểm số,200000,4,dang_tim_gia_su,2026-03-16
HS_EX_0141,Đỗ Trọng Hùng,THPT_BTX,THPT Bùi Thị Xuân,thpt,LOP_10,Lớp 10,thpt,KV_HCM_BT,Bình Thạnh,Bình Thạnh,Hồ Chí Minh,kha,excel,hoat_dong,2026-04-03,MON_TOAN,Toán,tu_nhien,online,Cải thiện điểm số,150000,3,dang_tim_gia_su,2026-03-22
HS_EX_0142,Phạm Quang Phú,THPT_DD,THPT Đống Đa,thpt,LOP_09,Lớp 9,thcs,KV_HCM_Q8,Quận 8,Quận 8,Hồ Chí Minh,yeu,excel,hoat_dong,2026-04-03,MON_ANH,Tiếng Anh,ngoai_ngu,truc_tiep,Cải thiện điểm số,200000,3,dang_tim_gia_su,2026-04-01
HS_EX_0143,Phạm Thị Nhung,THPT_TD,THPT Thủ Đức,thpt,LOP_10,Lớp 10,thpt,KV_HCM_BT,Bình Thạnh,Bình Thạnh,Hồ Chí Minh,gioi,excel,hoat_dong,2026-04-03,MON_LY,Vật lý,tu_nhien,online,Cải thiện điểm số,200000,4,dang_tim_gia_su,2026-03-25
HS_EX_0144,Vũ Văn Đạt,THPT_TD,THPT Thủ Đức,thpt,LOP_10,Lớp 10,thpt,KV_DN_LC,Liên Chiểu,Liên Chiểu,Đà Nẵng,kha,excel,hoat_dong,2026-04-03,MON_ANH,Tiếng Anh,ngoai_ngu,ca_hai,Cải thiện điểm số,150000,4,dang_tim_gia_su,2026-03-31
HS_EX_0145,Nguyễn Thái Tuấn,THPT_NH,THPT Nguyễn Hiền,thpt,LOP_09,Lớp 9,thcs,KV_HN_HK,Hoàn Kiếm,Hoàn Kiếm,Hà Nội,kha,excel,hoat_dong,2026-04-03,MON_ANH,Tiếng Anh,ngoai_ngu,truc_tiep,Cải thiện điểm số,250000,3,dang_tim_gia_su,2026-03-08
HS_EX_0146,Vũ Hoàng Châu,THPT_CBQ,THPT Cao Bá Quát,thpt,LOP_09,Lớp 9,thcs,KV_DN_CL,Cẩm Lệ,Cẩm Lệ,Đà Nẵng,trung_binh,excel,hoat_dong,2026-04-03,MON_LY,Vật lý,tu_nhien,truc_tiep,Cải thiện điểm số,150000,3,dang_tim_gia_su,2026-03-27
HS_EX_0147,Trần Bảo Nhung,THPT_MC,THPT Marie Curie,thpt,LOP_12,Lớp 12,thpt,KV_HN_HBT,Hai Bà Trưng,Hai Bà Trưng,Hà Nội,gioi,excel,hoat_dong,2026-04-03,MON_LY,Vật lý,tu_nhien,online,Cải thiện điểm số,250000,3,dang_tim_gia_su,2026-03-31
HS_EX_0148,Lê Xuân Vy,THPT_NTH_HCM,THPT Nguyễn Thượng Hiền,thpt,LOP_10,Lớp 10,thpt,KV_HCM_Q10,Quận 10,Quận 10,Hồ Chí Minh,kha,excel,hoat_dong,2026-04-03,MON_LY,Vật lý,tu_nhien,online,Cải thiện điểm số,150000,3,dang_tim_gia_su,2026-03-06
HS_EX_0149,Lý Hữu Kiệt,THPT_OIK,THPT Ông Ích Khiêm,thpt,LOP_12,Lớp 12,thpt,KV_HCM_TP,Tân Phú,Tân Phú,Hồ Chí Minh,kha,excel,hoat_dong,2026-04-03,MON_LY,Vật lý,tu_nhien,truc_tiep,Cải thiện điểm số,150000,3,dang_tim_gia_su,2026-04-03
HS_EX_0150,Hoàng Hải Kiệt,THPT_PN,THPT Phú Nhuận,thpt,LOP_10,Lớp 10,thpt,KV_HN_LB,Long Biên,Long Biên,Hà Nội,kha,excel,hoat_dong,2026-04-03,MON_VAN,Ngữ văn,xa_hoi,truc_tiep,Cải thiện điểm số,250000,3,dang_tim_gia_su,2026-03-04
HS_EX_0151,Lê Mai An,THPT_NT_HCM,THPT Nguyễn Trãi,thpt,LOP_09,Lớp 9,thcs,KV_HCM_TB,Tân Bình,Tân Bình,Hồ Chí Minh,yeu,excel,hoat_dong,2026-04-03,MON_ANH,Tiếng Anh,ngoai_ngu,truc_tiep,Cải thiện điểm số,250000,2,dang_tim_gia_su,2026-03-13
HS_EX_0152,Bùi Thị Thảo,THPT_LQD_HN,THPT Lê Quý Đôn - Đống Đa,thpt,LOP_12,Lớp 12,thpt,KV_DN_ST,Sơn Trà,Sơn Trà,Đà Nẵng,trung_binh,excel,hoat_dong,2026-04-03,MON_ANH,Tiếng Anh,ngoai_ngu,ca_hai,Cải thiện điểm số,200000,3,dang_tim_gia_su,2026-03-14
HS_EX_0153,Đỗ Trọng Khoa,THPT_TPh,THPT Thái Phiên,thpt,LOP_06,Lớp 6,thcs,KV_HN_BD,Ba Đình,Ba Đình,Hà Nội,xuat_sac,excel,hoat_dong,2026-04-03,MON_TOAN,Toán,tu_nhien,ca_hai,Cải thiện điểm số,150000,3,dang_tim_gia_su,2026-03-26
HS_EX_0154,Bùi Hữu Tuấn,THPT_MQ,THPT Mạc Đĩnh Chi,thpt,LOP_09,Lớp 9,thcs,KV_HN_HM,Hoàng Mai,Hoàng Mai,Hà Nội,trung_binh,excel,hoat_dong,2026-04-03,MON_VAN,Ngữ văn,xa_hoi,online,Cải thiện điểm số,200000,3,dang_tim_gia_su,2026-03-13
HS_EX_0155,Lê Hoàng Thu,THPT_TP_DN,THPT Trần Phú,thpt,LOP_06,Lớp 6,thcs,KV_HN_LB,Long Biên,Long Biên,Hà Nội,xuat_sac,excel,hoat_dong,2026-04-03,MON_LY,Vật lý,tu_nhien,ca_hai,Cải thiện điểm số,250000,3,dang_tim_gia_su,2026-04-02
HS_EX_0156,Đỗ Minh Kiệt,THPT_CBQ,THPT Cao Bá Quát,thpt,LOP_10,Lớp 10,thpt,KV_HCM_Q3,Quận 3,Quận 3,Hồ Chí Minh,gioi,excel,hoat_dong,2026-04-03,MON_VAN,Ngữ văn,xa_hoi,ca_hai,Cải thiện điểm số,250000,2,dang_tim_gia_su,2026-03-14
HS_EX_0157,Hoàng Hoàng Hân,THPT_TL,THPT Thăng Long,thpt,LOP_10,Lớp 10,thpt,KV_HN_LB,Long Biên,Long Biên,Hà Nội,kha,excel,hoat_dong,2026-04-03,MON_LY,Vật lý,tu_nhien,truc_tiep,Cải thiện điểm số,250000,4,dang_tim_gia_su,2026-03-08
HS_EX_0158,Đặng Thu Nhung,THPT_NVT,THPT Nguyễn Văn Trỗi,thpt,LOP_10,Lớp 10,thpt,KV_HCM_Q4,Quận 4,Quận 4,Hồ Chí Minh,xuat_sac,excel,hoat_dong,2026-04-03,MON_VAN,Ngữ văn,xa_hoi,truc_tiep,Cải thiện điểm số,200000,3,dang_tim_gia_su,2026-03-20
HS_EX_0159,Phạm Bảo Thu,THPT_LQD_HN,THPT Lê Quý Đôn - Đống Đa,thpt,LOP_06,Lớp 6,thcs,KV_HCM_TD,Thủ Đức,Thủ Đức,Hồ Chí Minh,trung_binh,excel,hoat_dong,2026-04-03,MON_ANH,Tiếng Anh,ngoai_ngu,truc_tiep,Cải thiện điểm số,200000,2,dang_tim_gia_su,2026-03-20
HS_EX_0160,Trần Thị Hân,THPT_NHS,THPT Ngũ Hành Sơn,thpt,LOP_09,Lớp 9,thcs,KV_DN_HC,Hải Châu,Hải Châu,Đà Nẵng,trung_binh,excel,hoat_dong,2026-04-03,MON_VAN,Ngữ văn,xa_hoi,online,Cải thiện điểm số,150000,3,dang_tim_gia_su,2026-03-06
HS_EX_0161,Bùi Thu Linh,THPT_ND,THPT Nguyễn Du,thpt,LOP_06,Lớp 6,thcs,KV_HCM_TD,Thủ Đức,Thủ Đức,Hồ Chí Minh,trung_binh,excel,hoat_dong,2026-04-03,MON_LY,Vật lý,tu_nhien,ca_hai,Cải thiện điểm số,200000,3,dang_tim_gia_su,2026-03-19
HS_EX_0162,Nguyễn Xuân Mai,THPT_LQD_HCM,THPT Lê Quý Đôn,thpt,LOP_12,Lớp 12,thpt,KV_HCM_PN,Phú Nhuận,Phú Nhuận,Hồ Chí Minh,gioi,excel,hoat_dong,2026-04-03,MON_TOAN,Toán,tu_nhien,online,Cải thiện điểm số,150000,2,dang_tim_gia_su,2026-03-24
HS_EX_0163,Vũ Văn Phú,THPT_VD,THPT Việt Đức,thpt,LOP_10,Lớp 10,thpt,KV_HN_HBT,Hai Bà Trưng,Hai Bà Trưng,Hà Nội,xuat_sac,excel,hoat_dong,2026-04-03,MON_VAN,Ngữ văn,xa_hoi,ca_hai,Cải thiện điểm số,200000,3,dang_tim_gia_su,2026-03-21
HS_EX_0164,Đỗ Bảo Vy,THPT_GD,THPT Gia Định,thpt,LOP_09,Lớp 9,thcs,KV_HCM_Q4,Quận 4,Quận 4,Hồ Chí Minh,xuat_sac,excel,hoat_dong,2026-04-03,MON_ANH,Tiếng Anh,ngoai_ngu,online,Cải thiện điểm số,150000,4,dang_tim_gia_su,2026-03-06
HS_EX_0165,Đỗ Thái Kiệt,THPT_TPh,THPT Thái Phiên,thpt,LOP_12,Lớp 12,thpt,KV_HN_NTL,Nam Từ Liêm,Nam Từ Liêm,Hà Nội,kha,excel,hoat_dong,2026-04-03,MON_VAN,Ngữ văn,xa_hoi,truc_tiep,Cải thiện điểm số,200000,4,dang_tim_gia_su,2026-04-01
HS_EX_0166,Nguyễn Đức Huy,THPT_DA,THPT Đông Anh,thpt,LOP_06,Lớp 6,thcs,KV_DN_TK,Thanh Khê,Thanh Khê,Đà Nẵng,kha,excel,hoat_dong,2026-04-03,MON_LY,Vật lý,tu_nhien,truc_tiep,Cải thiện điểm số,150000,4,dang_tim_gia_su,2026-03-07
HS_EX_0167,Hoàng Minh Huy,THPT_LQD_HN,THPT Lê Quý Đôn - Đống Đa,thpt,LOP_06,Lớp 6,thcs,KV_HCM_Q7,Quận 7,Quận 7,Hồ Chí Minh,xuat_sac,excel,hoat_dong,2026-04-03,MON_VAN,Ngữ văn,xa_hoi,truc_tiep,Cải thiện điểm số,200000,4,dang_tim_gia_su,2026-03-16
HS_EX_0168,Lý Thu An,THPT_TL,THPT Thăng Long,thpt,LOP_09,Lớp 9,thcs,KV_HCM_PN,Phú Nhuận,Phú Nhuận,Hồ Chí Minh,gioi,excel,hoat_dong,2026-04-03,MON_VAN,Ngữ văn,xa_hoi,truc_tiep,Cải thiện điểm số,200000,4,dang_tim_gia_su,2026-03-11
HS_EX_0169,Lê Xuân Hân,THPT_LHP,THPT Chuyên Lê Hồng Phong,thpt,LOP_06,Lớp 6,thcs,KV_HCM_Q8,Quận 8,Quận 8,Hồ Chí Minh,kha,excel,hoat_dong,2026-04-03,MON_VAN,Ngữ văn,xa_hoi,online,Cải thiện điểm số,250000,4,dang_tim_gia_su,2026-03-11
HS_EX_0170,Ngô Trọng Hùng,THPT_AMS,THPT Chuyên Hà Nội - Amsterdam,thpt,LOP_10,Lớp 10,thpt,KV_HN_DD,Đống Đa,Đống Đa,Hà Nội,trung_binh,excel,hoat_dong,2026-04-03,MON_TOAN,Toán,tu_nhien,truc_tiep,Cải thiện điểm số,250000,2,dang_tim_gia_su,2026-03-11
HS_EX_0171,Dương Ngọc Mai,THPT_GD,THPT Gia Định,thpt,LOP_06,Lớp 6,thcs,KV_HCM_TP,Tân Phú,Tân Phú,Hồ Chí Minh,kha,excel,hoat_dong,2026-04-03,MON_VAN,Ngữ văn,xa_hoi,truc_tiep,Cải thiện điểm số,250000,2,dang_tim_gia_su,2026-03-24
HS_EX_0172,Ngô Văn Nam,THPT_TPh,THPT Thái Phiên,thpt,LOP_12,Lớp 12,thpt,KV_HN_HD,Hà Đông,Hà Đông,Hà Nội,yeu,excel,hoat_dong,2026-04-03,MON_ANH,Tiếng Anh,ngoai_ngu,truc_tiep,Cải thiện điểm số,250000,3,dang_tim_gia_su,2026-03-12
HS_EX_0173,Đặng Hồng Hân,THPT_BTX,THPT Bùi Thị Xuân,thpt,LOP_10,Lớp 10,thpt,KV_HN_LB,Long Biên,Long Biên,Hà Nội,kha,excel,hoat_dong,2026-04-03,MON_VAN,Ngữ văn,xa_hoi,ca_hai,Cải thiện điểm số,150000,4,dang_tim_gia_su,2026-04-03
HS_EX_0174,Hoàng Văn Tuấn,THPT_DD,THPT Đống Đa,thpt,LOP_10,Lớp 10,thpt,KV_HCM_TD,Thủ Đức,Thủ Đức,Hồ Chí Minh,xuat_sac,excel,hoat_dong,2026-04-03,MON_TOAN,Toán,tu_nhien,online,Cải thiện điểm số,150000,3,dang_tim_gia_su,2026-03-20
HS_EX_0175,Lý Hồng Hân,THPT_NH,THPT Nguyễn Hiền,thpt,LOP_10,Lớp 10,thpt,KV_HCM_Q7,Quận 7,Quận 7,Hồ Chí Minh,xuat_sac,excel,hoat_dong,2026-04-03,MON_LY,Vật lý,tu_nhien,online,Cải thiện điểm số,250000,3,dang_tim_gia_su,2026-03-21
HS_EX_0176,Đặng Xuân Linh,THPT_PN,THPT Phú Nhuận,thpt,LOP_09,Lớp 9,thcs,KV_HCM_Q1,Quận 1,Quận 1,Hồ Chí Minh,xuat_sac,excel,hoat_dong,2026-04-03,MON_ANH,Tiếng Anh,ngoai_ngu,ca_hai,Cải thiện điểm số,150000,2,dang_tim_gia_su,2026-03-11
HS_EX_0177,Ngô Hoàng Hân,THPT_YH,THPT Yên Hòa,thpt,LOP_09,Lớp 9,thcs,KV_HCM_Q4,Quận 4,Quận 4,Hồ Chí Minh,gioi,excel,hoat_dong,2026-04-03,MON_LY,Vật lý,tu_nhien,online,Cải thiện điểm số,150000,4,dang_tim_gia_su,2026-04-01
HS_EX_0178,Bùi Hải Phú,THPT_DD,THPT Đống Đa,thpt,LOP_06,Lớp 6,thcs,KV_HN_NTL,Nam Từ Liêm,Nam Từ Liêm,Hà Nội,kha,excel,hoat_dong,2026-04-03,MON_LY,Vật lý,tu_nhien,truc_tiep,Cải thiện điểm số,150000,3,dang_tim_gia_su,2026-03-25
HS_EX_0179,Lý Văn Hùng,THPT_TTT,THPT Tôn Thất Tùng,thpt,LOP_10,Lớp 10,thpt,KV_HN_LB,Long Biên,Long Biên,Hà Nội,xuat_sac,excel,hoat_dong,2026-04-03,MON_TOAN,Toán,tu_nhien,ca_hai,Cải thiện điểm số,150000,2,dang_tim_gia_su,2026-04-02
HS_EX_0180,Lê Hữu Nam,THPT_CVD,THPT Cẩm Lệ,thpt,LOP_12,Lớp 12,thpt,KV_HCM_Q5,Quận 5,Quận 5,Hồ Chí Minh,yeu,excel,hoat_dong,2026-04-03,MON_LY,Vật lý,tu_nhien,truc_tiep,Cải thiện điểm số,200000,2,dang_tim_gia_su,2026-03-16
HS_EX_0181,Dương Quang Kiệt,THPT_TTT,THPT Tôn Thất Tùng,thpt,LOP_09,Lớp 9,thcs,KV_HN_DD,Đống Đa,Đống Đa,Hà Nội,trung_binh,excel,hoat_dong,2026-04-03,MON_LY,Vật lý,tu_nhien,online,Cải thiện điểm số,150000,4,dang_tim_gia_su,2026-03-27
HS_EX_0182,Nguyễn Minh Huy,THPT_CVD,THPT Cẩm Lệ,thpt,LOP_10,Lớp 10,thpt,KV_HCM_Q1,Quận 1,Quận 1,Hồ Chí Minh,yeu,excel,hoat_dong,2026-04-03,MON_LY,Vật lý,tu_nhien,ca_hai,Cải thiện điểm số,250000,3,dang_tim_gia_su,2026-03-23
HS_EX_0183,Hoàng Xuân Hân,THPT_LHP,THPT Chuyên Lê Hồng Phong,thpt,LOP_09,Lớp 9,thcs,KV_DN_TK,Thanh Khê,Thanh Khê,Đà Nẵng,kha,excel,hoat_dong,2026-04-03,MON_TOAN,Toán,tu_nhien,online,Cải thiện điểm số,150000,3,dang_tim_gia_su,2026-03-18
HS_EX_0184,Nguyễn Đức Phú,THPT_NT_HN,THPT Nguyễn Trãi - Ba Đình,thpt,LOP_06,Lớp 6,thcs,KV_HCM_GV,Gò Vấp,Gò Vấp,Hồ Chí Minh,kha,excel,hoat_dong,2026-04-03,MON_TOAN,Toán,tu_nhien,truc_tiep,Cải thiện điểm số,150000,4,dang_tim_gia_su,2026-03-27
HS_EX_0185,Bùi Mai Nhung,THPT_OIK,THPT Ông Ích Khiêm,thpt,LOP_06,Lớp 6,thcs,KV_HCM_Q1,Quận 1,Quận 1,Hồ Chí Minh,trung_binh,excel,hoat_dong,2026-04-03,MON_VAN,Ngữ văn,xa_hoi,ca_hai,Cải thiện điểm số,200000,3,dang_tim_gia_su,2026-03-05
HS_EX_0186,Hoàng Trọng Tuấn,THPT_MQ,THPT Mạc Đĩnh Chi,thpt,LOP_06,Lớp 6,thcs,KV_HCM_Q10,Quận 10,Quận 10,Hồ Chí Minh,xuat_sac,excel,hoat_dong,2026-04-03,MON_TOAN,Toán,tu_nhien,truc_tiep,Cải thiện điểm số,150000,4,dang_tim_gia_su,2026-03-28
HS_EX_0187,Đặng Trọng Phú,THPT_LHP,THPT Chuyên Lê Hồng Phong,thpt,LOP_06,Lớp 6,thcs,KV_HCM_Q5,Quận 5,Quận 5,Hồ Chí Minh,yeu,excel,hoat_dong,2026-04-03,MON_TOAN,Toán,tu_nhien,ca_hai,Cải thiện điểm số,150000,2,dang_tim_gia_su,2026-04-03
HS_EX_0188,Hoàng Hải Kiệt,THPT_CG,THPT Cầu Giấy,thpt,LOP_12,Lớp 12,thpt,KV_HN_BD,Ba Đình,Ba Đình,Hà Nội,yeu,excel,hoat_dong,2026-04-03,MON_TOAN,Toán,tu_nhien,ca_hai,Cải thiện điểm số,250000,3,dang_tim_gia_su,2026-04-03
HS_EX_0189,Bùi Văn Tuấn,THPT_LQD_DN,THPT Chuyên Lê Quý Đôn,thpt,LOP_09,Lớp 9,thcs,KV_HN_HM,Hoàng Mai,Hoàng Mai,Hà Nội,trung_binh,excel,hoat_dong,2026-04-03,MON_ANH,Tiếng Anh,ngoai_ngu,truc_tiep,Cải thiện điểm số,200000,4,dang_tim_gia_su,2026-03-23
HS_EX_0190,Lê Mai Thảo,THPT_KL,THPT Kim Liên,thpt,LOP_09,Lớp 9,thcs,KV_HCM_TB,Tân Bình,Tân Bình,Hồ Chí Minh,gioi,excel,hoat_dong,2026-04-03,MON_LY,Vật lý,tu_nhien,truc_tiep,Cải thiện điểm số,150000,3,dang_tim_gia_su,2026-03-18
HS_EX_0191,Đỗ Thị Châu,THPT_ST,THPT Sơn Tây,thpt,LOP_10,Lớp 10,thpt,KV_HN_NTL,Nam Từ Liêm,Nam Từ Liêm,Hà Nội,trung_binh,excel,hoat_dong,2026-04-03,MON_VAN,Ngữ văn,xa_hoi,online,Cải thiện điểm số,150000,2,dang_tim_gia_su,2026-03-28
HS_EX_0192,Đặng Minh Tuấn,THPT_TTT,THPT Tôn Thất Tùng,thpt,LOP_12,Lớp 12,thpt,KV_HN_TH,Tây Hồ,Tây Hồ,Hà Nội,yeu,excel,hoat_dong,2026-04-03,MON_LY,Vật lý,tu_nhien,truc_tiep,Cải thiện điểm số,150000,2,dang_tim_gia_su,2026-03-29
HS_EX_0193,Lê Hữu Tuấn,THPT_CBQ,THPT Cao Bá Quát,thpt,LOP_10,Lớp 10,thpt,KV_HCM_Q8,Quận 8,Quận 8,Hồ Chí Minh,kha,excel,hoat_dong,2026-04-03,MON_VAN,Ngữ văn,xa_hoi,online,Cải thiện điểm số,150000,3,dang_tim_gia_su,2026-03-24
HS_EX_0194,Dương Văn Kiệt,THPT_BTX,THPT Bùi Thị Xuân,thpt,LOP_10,Lớp 10,thpt,KV_HN_NTL,Nam Từ Liêm,Nam Từ Liêm,Hà Nội,gioi,excel,hoat_dong,2026-04-03,MON_LY,Vật lý,tu_nhien,online,Cải thiện điểm số,200000,2,dang_tim_gia_su,2026-03-22
HS_EX_0195,Đỗ Thị An,THPT_LHP,THPT Chuyên Lê Hồng Phong,thpt,LOP_10,Lớp 10,thpt,KV_HN_LB,Long Biên,Long Biên,Hà Nội,yeu,excel,hoat_dong,2026-04-03,MON_VAN,Ngữ văn,xa_hoi,ca_hai,Cải thiện điểm số,250000,3,dang_tim_gia_su,2026-03-10
HS_EX_0196,Phạm Đình Đức,THPT_MQ,THPT Mạc Đĩnh Chi,thpt,LOP_09,Lớp 9,thcs,KV_HN_HBT,Hai Bà Trưng,Hai Bà Trưng,Hà Nội,kha,excel,hoat_dong,2026-04-03,MON_VAN,Ngữ văn,xa_hoi,truc_tiep,Cải thiện điểm số,250000,2,dang_tim_gia_su,2026-03-14
HS_EX_0197,Hoàng Văn Nam,THPT_NHS,THPT Ngũ Hành Sơn,thpt,LOP_09,Lớp 9,thcs,KV_HCM_TB,Tân Bình,Tân Bình,Hồ Chí Minh,kha,excel,hoat_dong,2026-04-03,MON_LY,Vật lý,tu_nhien,truc_tiep,Cải thiện điểm số,250000,2,dang_tim_gia_su,2026-03-21
HS_EX_0198,Trần Hoàng Trang,THPT_YH,THPT Yên Hòa,thpt,LOP_10,Lớp 10,thpt,KV_DN_HC,Hải Châu,Hải Châu,Đà Nẵng,kha,excel,hoat_dong,2026-04-03,MON_ANH,Tiếng Anh,ngoai_ngu,truc_tiep,Cải thiện điểm số,250000,4,dang_tim_gia_su,2026-03-04
HS_EX_0199,Lê Hữu Huy,THPT_DD,THPT Đống Đa,thpt,LOP_06,Lớp 6,thcs,KV_HN_TH,Tây Hồ,Tây Hồ,Hà Nội,trung_binh,excel,hoat_dong,2026-04-03,MON_TOAN,Toán,tu_nhien,truc_tiep,Cải thiện điểm số,150000,3,dang_tim_gia_su,2026-03-26
HS_EX_0200,Vũ Hồng Trang,THPT_CBQ,THPT Cao Bá Quát,thpt,LOP_09,Lớp 9,thcs,KV_HN_LB,Long Biên,Long Biên,Hà Nội,gioi,excel,hoat_dong,2026-04-03,MON_TOAN,Toán,tu_nhien,online,Cải thiện điểm số,250000,3,dang_tim_gia_su,2026-03-27
HS_EX_0201,Trần Ngọc Thảo,THPT_NT_HN,THPT Nguyễn Trãi - Ba Đình,thpt,LOP_12,Lớp 12,thpt,KV_HCM_Q1,Quận 1,Quận 1,Hồ Chí Minh,trung_binh,excel,hoat_dong,2026-04-03,MON_LY,Vật lý,tu_nhien,truc_tiep,Cải thiện điểm số,250000,3,dang_tim_gia_su,2026-03-07
HS_EX_0202,Lê Minh Phú,THPT_MC,THPT Marie Curie,thpt,LOP_09,Lớp 9,thcs,KV_DN_HC,Hải Châu,Hải Châu,Đà Nẵng,trung_binh,excel,hoat_dong,2026-04-03,MON_LY,Vật lý,tu_nhien,truc_tiep,Cải thiện điểm số,200000,2,dang_tim_gia_su,2026-03-04
HS_EX_0203,Đặng Hồng Mai,THPT_NH,THPT Nguyễn Hiền,thpt,LOP_06,Lớp 6,thcs,KV_HN_TH,Tây Hồ,Tây Hồ,Hà Nội,yeu,excel,hoat_dong,2026-04-03,MON_ANH,Tiếng Anh,ngoai_ngu,truc_tiep,Cải thiện điểm số,250000,3,dang_tim_gia_su,2026-04-03
HS_EX_0204,Đỗ Đức Đạt,THPT_CG,THPT Cầu Giấy,thpt,LOP_06,Lớp 6,thcs,KV_DN_CL,Cẩm Lệ,Cẩm Lệ,Đà Nẵng,yeu,excel,hoat_dong,2026-04-03,MON_LY,Vật lý,tu_nhien,online,Cải thiện điểm số,200000,2,dang_tim_gia_su,2026-03-05
HS_EX_0205,Hoàng Minh Đạt,THPT_LHP,THPT Chuyên Lê Hồng Phong,thpt,LOP_09,Lớp 9,thcs,KV_HN_CG,Cầu Giấy,Cầu Giấy,Hà Nội,kha,excel,hoat_dong,2026-04-03,MON_VAN,Ngữ văn,xa_hoi,online,Cải thiện điểm số,150000,3,dang_tim_gia_su,2026-03-19
HS_EX_0206,Dương Ngọc Trang,THPT_CVA,THPT Chu Văn An,thpt,LOP_10,Lớp 10,thpt,KV_HN_TX,Thanh Xuân,Thanh Xuân,Hà Nội,yeu,excel,hoat_dong,2026-04-03,MON_ANH,Tiếng Anh,ngoai_ngu,online,Cải thiện điểm số,250000,2,dang_tim_gia_su,2026-03-12
HS_EX_0207,Đỗ Minh Tuấn,THPT_YH,THPT Yên Hòa,thpt,LOP_09,Lớp 9,thcs,KV_HN_HM,Hoàng Mai,Hoàng Mai,Hà Nội,gioi,excel,hoat_dong,2026-04-03,MON_TOAN,Toán,tu_nhien,truc_tiep,Cải thiện điểm số,250000,4,dang_tim_gia_su,2026-03-15
HS_EX_0208,Trần Bảo Thảo,THPT_NT_HCM,THPT Nguyễn Trãi,thpt,LOP_09,Lớp 9,thcs,KV_HCM_Q5,Quận 5,Quận 5,Hồ Chí Minh,kha,excel,hoat_dong,2026-04-03,MON_ANH,Tiếng Anh,ngoai_ngu,ca_hai,Cải thiện điểm số,200000,4,dang_tim_gia_su,2026-03-05
HS_EX_0209,Lê Thanh Nhung,THPT_PN,THPT Phú Nhuận,thpt,LOP_06,Lớp 6,thcs,KV_HN_DD,Đống Đa,Đống Đa,Hà Nội,xuat_sac,excel,hoat_dong,2026-04-03,MON_LY,Vật lý,tu_nhien,truc_tiep,Cải thiện điểm số,150000,4,dang_tim_gia_su,2026-03-30
HS_EX_0210,Phạm Quang Khoa,THPT_PDP,THPT Phan Đình Phùng,thpt,LOP_09,Lớp 9,thcs,KV_DN_HC,Hải Châu,Hải Châu,Đà Nẵng,yeu,excel,hoat_dong,2026-04-03,MON_ANH,Tiếng Anh,ngoai_ngu,ca_hai,Cải thiện điểm số,150000,4,dang_tim_gia_su,2026-03-04
HS_EX_0211,Vũ Thu Thu,THPT_NTH_HCM,THPT Nguyễn Thượng Hiền,thpt,LOP_06,Lớp 6,thcs,KV_HCM_Q7,Quận 7,Quận 7,Hồ Chí Minh,xuat_sac,excel,hoat_dong,2026-04-03,MON_VAN,Ngữ văn,xa_hoi,online,Cải thiện điểm số,150000,3,dang_tim_gia_su,2026-03-04
HS_EX_0212,Ngô Đức Huy,THPT_NT_HCM,THPT Nguyễn Trãi,thpt,LOP_12,Lớp 12,thpt,KV_HCM_Q3,Quận 3,Quận 3,Hồ Chí Minh,gioi,excel,hoat_dong,2026-04-03,MON_VAN,Ngữ văn,xa_hoi,truc_tiep,Cải thiện điểm số,150000,3,dang_tim_gia_su,2026-03-17
HS_EX_0213,Lý Thu Nhung,THPT_PN,THPT Phú Nhuận,thpt,LOP_12,Lớp 12,thpt,KV_HCM_Q8,Quận 8,Quận 8,Hồ Chí Minh,kha,excel,hoat_dong,2026-04-03,MON_VAN,Ngữ văn,xa_hoi,truc_tiep,Cải thiện điểm số,200000,2,dang_tim_gia_su,2026-03-04
HS_EX_0214,Hoàng Hữu Phú,THPT_LHP,THPT Chuyên Lê Hồng Phong,thpt,LOP_09,Lớp 9,thcs,KV_DN_TK,Thanh Khê,Thanh Khê,Đà Nẵng,xuat_sac,excel,hoat_dong,2026-04-03,MON_TOAN,Toán,tu_nhien,truc_tiep,Cải thiện điểm số,150000,3,dang_tim_gia_su,2026-03-06
HS_EX_0215,Bùi Thanh Thảo,THPT_DA,THPT Đông Anh,thpt,LOP_09,Lớp 9,thcs,KV_HCM_TB,Tân Bình,Tân Bình,Hồ Chí Minh,yeu,excel,hoat_dong,2026-04-03,MON_ANH,Tiếng Anh,ngoai_ngu,ca_hai,Cải thiện điểm số,250000,3,dang_tim_gia_su,2026-03-05
HS_EX_0216,Vũ Hoàng Linh,THPT_DA,THPT Đông Anh,thpt,LOP_06,Lớp 6,thcs,KV_HCM_Q1,Quận 1,Quận 1,Hồ Chí Minh,trung_binh,excel,hoat_dong,2026-04-03,MON_TOAN,Toán,tu_nhien,online,Cải thiện điểm số,250000,4,dang_tim_gia_su,2026-03-22
HS_EX_0217,Đỗ Thu Vy,THPT_TTT,THPT Tôn Thất Tùng,thpt,LOP_09,Lớp 9,thcs,KV_DN_ST,Sơn Trà,Sơn Trà,Đà Nẵng,yeu,excel,hoat_dong,2026-04-03,MON_ANH,Tiếng Anh,ngoai_ngu,online,Cải thiện điểm số,150000,4,dang_tim_gia_su,2026-03-24
HS_EX_0218,Bùi Bảo Hân,THPT_TD,THPT Thủ Đức,thpt,LOP_10,Lớp 10,thpt,KV_HCM_TB,Tân Bình,Tân Bình,Hồ Chí Minh,trung_binh,excel,hoat_dong,2026-04-03,MON_TOAN,Toán,tu_nhien,ca_hai,Cải thiện điểm số,250000,3,dang_tim_gia_su,2026-03-21
HS_EX_0219,Vũ Xuân Vy,THPT_KL,THPT Kim Liên,thpt,LOP_09,Lớp 9,thcs,KV_HN_TH,Tây Hồ,Tây Hồ,Hà Nội,xuat_sac,excel,hoat_dong,2026-04-03,MON_VAN,Ngữ văn,xa_hoi,online,Cải thiện điểm số,150000,2,dang_tim_gia_su,2026-03-07
HS_EX_0220,Dương Xuân Nhung,THPT_NT_HCM,THPT Nguyễn Trãi,thpt,LOP_10,Lớp 10,thpt,KV_HN_HBT,Hai Bà Trưng,Hai Bà Trưng,Hà Nội,trung_binh,excel,hoat_dong,2026-04-03,MON_LY,Vật lý,tu_nhien,online,Cải thiện điểm số,250000,3,dang_tim_gia_su,2026-03-30
HS_EX_0221,Dương Trọng Cường,THPT_NTH_HCM,THPT Nguyễn Thượng Hiền,thpt,LOP_10,Lớp 10,thpt,KV_HCM_TD,Thủ Đức,Thủ Đức,Hồ Chí Minh,trung_binh,excel,hoat_dong,2026-04-03,MON_ANH,Tiếng Anh,ngoai_ngu,truc_tiep,Cải thiện điểm số,200000,2,dang_tim_gia_su,2026-03-05
HS_EX_0222,Vũ Hoàng Mai,THPT_LQD_DN,THPT Chuyên Lê Quý Đôn,thpt,LOP_06,Lớp 6,thcs,KV_DN_LC,Liên Chiểu,Liên Chiểu,Đà Nẵng,trung_binh,excel,hoat_dong,2026-04-03,MON_ANH,Tiếng Anh,ngoai_ngu,online,Cải thiện điểm số,250000,4,dang_tim_gia_su,2026-03-29
HS_EX_0223,Lý Hữu Đạt,THPT_ND,THPT Nguyễn Du,thpt,LOP_09,Lớp 9,thcs,KV_HCM_Q4,Quận 4,Quận 4,Hồ Chí Minh,trung_binh,excel,hoat_dong,2026-04-03,MON_LY,Vật lý,tu_nhien,online,Cải thiện điểm số,250000,4,dang_tim_gia_su,2026-03-13
HS_EX_0224,Vũ Bảo Trang,THPT_TD,THPT Thủ Đức,thpt,LOP_12,Lớp 12,thpt,KV_HCM_Q8,Quận 8,Quận 8,Hồ Chí Minh,yeu,excel,hoat_dong,2026-04-03,MON_TOAN,Toán,tu_nhien,online,Cải thiện điểm số,250000,4,dang_tim_gia_su,2026-03-10
HS_EX_0225,Lê Mai Trang,THPT_NT_HCM,THPT Nguyễn Trãi,thpt,LOP_09,Lớp 9,thcs,KV_HCM_Q3,Quận 3,Quận 3,Hồ Chí Minh,trung_binh,excel,hoat_dong,2026-04-03,MON_VAN,Ngữ văn,xa_hoi,ca_hai,Cải thiện điểm số,150000,4,dang_tim_gia_su,2026-03-21
HS_EX_0226,Vũ Thái Kiệt,THPT_TP_HN,THPT Trần Phú - Hoàn Kiếm,thpt,LOP_06,Lớp 6,thcs,KV_HN_TX,Thanh Xuân,Thanh Xuân,Hà Nội,xuat_sac,excel,hoat_dong,2026-04-03,MON_LY,Vật lý,tu_nhien,ca_hai,Cải thiện điểm số,250000,2,dang_tim_gia_su,2026-03-16
HS_EX_0227,Ngô Thái Cường,THPT_VTS,THPT Võ Thị Sáu,thpt,LOP_10,Lớp 10,thpt,KV_HN_TH,Tây Hồ,Tây Hồ,Hà Nội,kha,excel,hoat_dong,2026-04-03,MON_TOAN,Toán,tu_nhien,truc_tiep,Cải thiện điểm số,250000,4,dang_tim_gia_su,2026-03-16
HS_EX_0228,Phạm Bảo An,THPT_KL,THPT Kim Liên,thpt,LOP_10,Lớp 10,thpt,KV_HCM_Q4,Quận 4,Quận 4,Hồ Chí Minh,xuat_sac,excel,hoat_dong,2026-04-03,MON_TOAN,Toán,tu_nhien,truc_tiep,Cải thiện điểm số,200000,3,dang_tim_gia_su,2026-03-21
HS_EX_0229,Lê Hữu Đạt,THPT_LHP,THPT Chuyên Lê Hồng Phong,thpt,LOP_10,Lớp 10,thpt,KV_HN_CG,Cầu Giấy,Cầu Giấy,Hà Nội,xuat_sac,excel,hoat_dong,2026-04-03,MON_ANH,Tiếng Anh,ngoai_ngu,online,Cải thiện điểm số,150000,3,dang_tim_gia_su,2026-03-05
HS_EX_0230,Hoàng Hải Cường,THPT_TPh,THPT Thái Phiên,thpt,LOP_09,Lớp 9,thcs,KV_DN_LC,Liên Chiểu,Liên Chiểu,Đà Nẵng,xuat_sac,excel,hoat_dong,2026-04-03,MON_TOAN,Toán,tu_nhien,ca_hai,Cải thiện điểm số,250000,3,dang_tim_gia_su,2026-03-27
HS_EX_0231,Nguyễn Trọng Cường,THPT_NMK,THPT Nguyễn Thị Minh Khai,thpt,LOP_09,Lớp 9,thcs,KV_HCM_BT,Bình Thạnh,Bình Thạnh,Hồ Chí Minh,gioi,excel,hoat_dong,2026-04-03,MON_ANH,Tiếng Anh,ngoai_ngu,truc_tiep,Cải thiện điểm số,150000,3,dang_tim_gia_su,2026-03-22
HS_EX_0232,Nguyễn Mai Mai,THPT_TD,THPT Thủ Đức,thpt,LOP_06,Lớp 6,thcs,KV_DN_CL,Cẩm Lệ,Cẩm Lệ,Đà Nẵng,gioi,excel,hoat_dong,2026-04-03,MON_LY,Vật lý,tu_nhien,online,Cải thiện điểm số,150000,3,dang_tim_gia_su,2026-03-12
HS_EX_0233,Đặng Trọng Huy,THPT_TP_HN,THPT Trần Phú - Hoàn Kiếm,thpt,LOP_10,Lớp 10,thpt,KV_DN_HC,Hải Châu,Hải Châu,Đà Nẵng,trung_binh,excel,hoat_dong,2026-04-03,MON_TOAN,Toán,tu_nhien,ca_hai,Cải thiện điểm số,250000,4,dang_tim_gia_su,2026-03-17
HS_EX_0234,Trần Hữu Huy,THPT_ST,THPT Sơn Tây,thpt,LOP_10,Lớp 10,thpt,KV_HN_HM,Hoàng Mai,Hoàng Mai,Hà Nội,yeu,excel,hoat_dong,2026-04-03,MON_LY,Vật lý,tu_nhien,ca_hai,Cải thiện điểm số,150000,2,dang_tim_gia_su,2026-03-14
HS_EX_0235,Dương Văn Phú,THPT_CBQ,THPT Cao Bá Quát,thpt,LOP_12,Lớp 12,thpt,KV_HN_LB,Long Biên,Long Biên,Hà Nội,gioi,excel,hoat_dong,2026-04-03,MON_TOAN,Toán,tu_nhien,ca_hai,Cải thiện điểm số,150000,4,dang_tim_gia_su,2026-03-15
HS_EX_0236,Đặng Thị Thu,THPT_PN,THPT Phú Nhuận,thpt,LOP_06,Lớp 6,thcs,KV_DN_ST,Sơn Trà,Sơn Trà,Đà Nẵng,yeu,excel,hoat_dong,2026-04-03,MON_LY,Vật lý,tu_nhien,online,Cải thiện điểm số,250000,3,dang_tim_gia_su,2026-03-19
HS_EX_0237,Nguyễn Mai Châu,THPT_OIK,THPT Ông Ích Khiêm,thpt,LOP_10,Lớp 10,thpt,KV_HN_BTL,Bắc Từ Liêm,Bắc Từ Liêm,Hà Nội,yeu,excel,hoat_dong,2026-04-03,MON_LY,Vật lý,tu_nhien,truc_tiep,Cải thiện điểm số,250000,2,dang_tim_gia_su,2026-03-16
HS_EX_0238,Lý Hữu Đạt,THPT_MQ,THPT Mạc Đĩnh Chi,thpt,LOP_09,Lớp 9,thcs,KV_DN_HC,Hải Châu,Hải Châu,Đà Nẵng,yeu,excel,hoat_dong,2026-04-03,MON_TOAN,Toán,tu_nhien,online,Cải thiện điểm số,200000,4,dang_tim_gia_su,2026-03-30
HS_EX_0239,Vũ Thái Đạt,THPT_LQD_DN,THPT Chuyên Lê Quý Đôn,thpt,LOP_10,Lớp 10,thpt,KV_HN_BD,Ba Đình,Ba Đình,Hà Nội,xuat_sac,excel,hoat_dong,2026-04-03,MON_LY,Vật lý,tu_nhien,ca_hai,Cải thiện điểm số,200000,2,dang_tim_gia_su,2026-03-23
HS_EX_0240,Vũ Hải Đạt,THPT_CVD,THPT Cẩm Lệ,thpt,LOP_06,Lớp 6,thcs,KV_DN_LC,Liên Chiểu,Liên Chiểu,Đà Nẵng,kha,excel,hoat_dong,2026-04-03,MON_VAN,Ngữ văn,xa_hoi,ca_hai,Cải thiện điểm số,200000,4,dang_tim_gia_su,2026-03-04
HS_EX_0241,Ngô Đức Đức,THPT_HHT,THPT Hoàng Hoa Thám,thpt,LOP_09,Lớp 9,thcs,KV_HN_TX,Thanh Xuân,Thanh Xuân,Hà Nội,trung_binh,excel,hoat_dong,2026-04-03,MON_VAN,Ngữ văn,xa_hoi,online,Cải thiện điểm số,200000,4,dang_tim_gia_su,2026-03-10
HS_EX_0242,Bùi Minh Tuấn,THPT_VD,THPT Việt Đức,thpt,LOP_06,Lớp 6,thcs,KV_DN_CL,Cẩm Lệ,Cẩm Lệ,Đà Nẵng,kha,excel,hoat_dong,2026-04-03,MON_TOAN,Toán,tu_nhien,truc_tiep,Cải thiện điểm số,250000,3,dang_tim_gia_su,2026-03-18
HS_EX_0243,Phạm Văn Kiệt,THPT_PDP,THPT Phan Đình Phùng,thpt,LOP_10,Lớp 10,thpt,KV_HN_LB,Long Biên,Long Biên,Hà Nội,gioi,excel,hoat_dong,2026-04-03,MON_LY,Vật lý,tu_nhien,truc_tiep,Cải thiện điểm số,150000,3,dang_tim_gia_su,2026-03-22
HS_EX_0244,Lê Quang Đạt,THPT_TD,THPT Thủ Đức,thpt,LOP_12,Lớp 12,thpt,KV_HCM_Q10,Quận 10,Quận 10,Hồ Chí Minh,trung_binh,excel,hoat_dong,2026-04-03,MON_VAN,Ngữ văn,xa_hoi,ca_hai,Cải thiện điểm số,250000,4,dang_tim_gia_su,2026-03-23
HS_EX_0245,Nguyễn Quang Huy,THPT_ST,THPT Sơn Tây,thpt,LOP_06,Lớp 6,thcs,KV_HCM_Q3,Quận 3,Quận 3,Hồ Chí Minh,trung_binh,excel,hoat_dong,2026-04-03,MON_VAN,Ngữ văn,xa_hoi,online,Cải thiện điểm số,200000,3,dang_tim_gia_su,2026-03-09
HS_EX_0246,Hoàng Bảo Trang,THPT_AMS,THPT Chuyên Hà Nội - Amsterdam,thpt,LOP_09,Lớp 9,thcs,KV_HCM_Q3,Quận 3,Quận 3,Hồ Chí Minh,xuat_sac,excel,hoat_dong,2026-04-03,MON_ANH,Tiếng Anh,ngoai_ngu,ca_hai,Cải thiện điểm số,200000,2,dang_tim_gia_su,2026-03-19
HS_EX_0247,Lý Đức Khoa,THPT_PCT,THPT Chuyên Phan Châu Trinh,thpt,LOP_09,Lớp 9,thcs,KV_HN_HD,Hà Đông,Hà Đông,Hà Nội,yeu,excel,hoat_dong,2026-04-03,MON_ANH,Tiếng Anh,ngoai_ngu,truc_tiep,Cải thiện điểm số,200000,2,dang_tim_gia_su,2026-03-09
HS_EX_0248,Trần Hồng Vy,THPT_MC,THPT Marie Curie,thpt,LOP_06,Lớp 6,thcs,KV_HN_HD,Hà Đông,Hà Đông,Hà Nội,gioi,excel,hoat_dong,2026-04-03,MON_TOAN,Toán,tu_nhien,truc_tiep,Cải thiện điểm số,250000,4,dang_tim_gia_su,2026-03-05
HS_EX_0249,Nguyễn Hải Huy,THPT_PDP,THPT Phan Đình Phùng,thpt,LOP_06,Lớp 6,thcs,KV_HN_TH,Tây Hồ,Tây Hồ,Hà Nội,trung_binh,excel,hoat_dong,2026-04-03,MON_LY,Vật lý,tu_nhien,ca_hai,Cải thiện điểm số,250000,4,dang_tim_gia_su,2026-03-20
HS_EX_0250,Lý Đức Nam,THPT_DD,THPT Đống Đa,thpt,LOP_12,Lớp 12,thpt,KV_HCM_TB,Tân Bình,Tân Bình,Hồ Chí Minh,xuat_sac,excel,hoat_dong,2026-04-03,MON_ANH,Tiếng Anh,ngoai_ngu,truc_tiep,Cải thiện điểm số,150000,3,dang_tim_gia_su,2026-03-21
HS_EX_0251,Ngô Ngọc Vy,THPT_TP_DN,THPT Trần Phú,thpt,LOP_06,Lớp 6,thcs,KV_HN_LB,Long Biên,Long Biên,Hà Nội,yeu,excel,hoat_dong,2026-04-03,MON_ANH,Tiếng Anh,ngoai_ngu,truc_tiep,Cải thiện điểm số,200000,3,dang_tim_gia_su,2026-03-04
HS_EX_0252,Lý Đình Nam,THPT_CVA,THPT Chu Văn An,thpt,LOP_12,Lớp 12,thpt,KV_HN_LB,Long Biên,Long Biên,Hà Nội,yeu,excel,hoat_dong,2026-04-03,MON_TOAN,Toán,tu_nhien,online,Cải thiện điểm số,250000,4,dang_tim_gia_su,2026-04-01
HS_EX_0253,Nguyễn Thanh Thu,THPT_ND,THPT Nguyễn Du,thpt,LOP_09,Lớp 9,thcs,KV_HCM_GV,Gò Vấp,Gò Vấp,Hồ Chí Minh,xuat_sac,excel,hoat_dong,2026-04-03,MON_TOAN,Toán,tu_nhien,online,Cải thiện điểm số,250000,2,dang_tim_gia_su,2026-04-03
HS_EX_0254,Đỗ Thanh An,THPT_NHS,THPT Ngũ Hành Sơn,thpt,LOP_12,Lớp 12,thpt,KV_HCM_BT,Bình Thạnh,Bình Thạnh,Hồ Chí Minh,gioi,excel,hoat_dong,2026-04-03,MON_LY,Vật lý,tu_nhien,online,Cải thiện điểm số,150000,3,dang_tim_gia_su,2026-03-06
HS_EX_0255,Trần Thu An,THPT_MQ,THPT Mạc Đĩnh Chi,thpt,LOP_10,Lớp 10,thpt,KV_HCM_BT,Bình Thạnh,Bình Thạnh,Hồ Chí Minh,kha,excel,hoat_dong,2026-04-03,MON_TOAN,Toán,tu_nhien,truc_tiep,Cải thiện điểm số,150000,2,dang_tim_gia_su,2026-03-31
HS_EX_0256,Đỗ Hoàng Mai,THPT_CG,THPT Cầu Giấy,thpt,LOP_09,Lớp 9,thcs,KV_HN_CG,Cầu Giấy,Cầu Giấy,Hà Nội,yeu,excel,hoat_dong,2026-04-03,MON_LY,Vật lý,tu_nhien,ca_hai,Cải thiện điểm số,200000,4,dang_tim_gia_su,2026-03-11
HS_EX_0257,Vũ Đình Nam,THPT_LQD_DN,THPT Chuyên Lê Quý Đôn,thpt,LOP_10,Lớp 10,thpt,KV_HCM_TP,Tân Phú,Tân Phú,Hồ Chí Minh,yeu,excel,hoat_dong,2026-04-03,MON_TOAN,Toán,tu_nhien,online,Cải thiện điểm số,150000,4,dang_tim_gia_su,2026-03-17
HS_EX_0258,Nguyễn Trọng Hùng,THPT_TDN,THPT Chuyên Trần Đại Nghĩa,thpt,LOP_09,Lớp 9,thcs,KV_HCM_Q5,Quận 5,Quận 5,Hồ Chí Minh,kha,excel,hoat_dong,2026-04-03,MON_TOAN,Toán,tu_nhien,online,Cải thiện điểm số,150000,2,dang_tim_gia_su,2026-03-10
HS_EX_0259,Hoàng Ngọc Trang,THPT_CBQ,THPT Cao Bá Quát,thpt,LOP_09,Lớp 9,thcs,KV_HN_TH,Tây Hồ,Tây Hồ,Hà Nội,xuat_sac,excel,hoat_dong,2026-04-03,MON_TOAN,Toán,tu_nhien,ca_hai,Cải thiện điểm số,250000,2,dang_tim_gia_su,2026-03-23
HS_EX_0260,Đỗ Mai Thảo,THPT_BTX,THPT Bùi Thị Xuân,thpt,LOP_10,Lớp 10,thpt,KV_HN_DD,Đống Đa,Đống Đa,Hà Nội,kha,excel,hoat_dong,2026-04-03,MON_ANH,Tiếng Anh,ngoai_ngu,ca_hai,Cải thiện điểm số,200000,2,dang_tim_gia_su,2026-03-26
HS_EX_0261,Trần Văn Huy,THPT_AMS,THPT Chuyên Hà Nội - Amsterdam,thpt,LOP_12,Lớp 12,thpt,KV_DN_TK,Thanh Khê,Thanh Khê,Đà Nẵng,trung_binh,excel,hoat_dong,2026-04-03,MON_LY,Vật lý,tu_nhien,ca_hai,Cải thiện điểm số,250000,2,dang_tim_gia_su,2026-03-11
HS_EX_0262,Bùi Mai An,THPT_CG,THPT Cầu Giấy,thpt,LOP_10,Lớp 10,thpt,KV_HN_LB,Long Biên,Long Biên,Hà Nội,gioi,excel,hoat_dong,2026-04-03,MON_TOAN,Toán,tu_nhien,online,Cải thiện điểm số,150000,3,dang_tim_gia_su,2026-03-17
HS_EX_0263,Đặng Hoàng Hân,THPT_CBQ,THPT Cao Bá Quát,thpt,LOP_09,Lớp 9,thcs,KV_HCM_Q8,Quận 8,Quận 8,Hồ Chí Minh,gioi,excel,hoat_dong,2026-04-03,MON_LY,Vật lý,tu_nhien,online,Cải thiện điểm số,250000,2,dang_tim_gia_su,2026-03-28
HS_EX_0264,Đỗ Minh Nam,THPT_TP_DN,THPT Trần Phú,thpt,LOP_09,Lớp 9,thcs,KV_DN_TK,Thanh Khê,Thanh Khê,Đà Nẵng,gioi,excel,hoat_dong,2026-04-03,MON_ANH,Tiếng Anh,ngoai_ngu,ca_hai,Cải thiện điểm số,250000,4,dang_tim_gia_su,2026-03-27
HS_EX_0265,Bùi Thái Kiệt,THPT_LQD_HN,THPT Lê Quý Đôn - Đống Đa,thpt,LOP_12,Lớp 12,thpt,KV_DN_NHS,Ngũ Hành Sơn,Ngũ Hành Sơn,Đà Nẵng,yeu,excel,hoat_dong,2026-04-03,MON_VAN,Ngữ văn,xa_hoi,online,Cải thiện điểm số,150000,3,dang_tim_gia_su,2026-03-21
HS_EX_0266,Lý Xuân Nhung,THPT_NT_HCM,THPT Nguyễn Trãi,thpt,LOP_06,Lớp 6,thcs,KV_DN_NHS,Ngũ Hành Sơn,Ngũ Hành Sơn,Đà Nẵng,xuat_sac,excel,hoat_dong,2026-04-03,MON_TOAN,Toán,tu_nhien,ca_hai,Cải thiện điểm số,250000,4,dang_tim_gia_su,2026-03-31
HS_EX_0267,Nguyễn Hữu Đạt,THPT_MC,THPT Marie Curie,thpt,LOP_12,Lớp 12,thpt,KV_HN_LB,Long Biên,Long Biên,Hà Nội,trung_binh,excel,hoat_dong,2026-04-03,MON_TOAN,Toán,tu_nhien,truc_tiep,Cải thiện điểm số,150000,2,dang_tim_gia_su,2026-04-03
HS_EX_0268,Đỗ Ngọc Trang,THPT_KL,THPT Kim Liên,thpt,LOP_12,Lớp 12,thpt,KV_HCM_Q7,Quận 7,Quận 7,Hồ Chí Minh,gioi,excel,hoat_dong,2026-04-03,MON_ANH,Tiếng Anh,ngoai_ngu,truc_tiep,Cải thiện điểm số,150000,3,dang_tim_gia_su,2026-03-20
HS_EX_0269,Trần Hoàng Linh,THPT_ST,THPT Sơn Tây,thpt,LOP_12,Lớp 12,thpt,KV_DN_LC,Liên Chiểu,Liên Chiểu,Đà Nẵng,yeu,excel,hoat_dong,2026-04-03,MON_ANH,Tiếng Anh,ngoai_ngu,ca_hai,Cải thiện điểm số,150000,3,dang_tim_gia_su,2026-03-28
HS_EX_0270,Bùi Hoàng An,THPT_TDN,THPT Chuyên Trần Đại Nghĩa,thpt,LOP_09,Lớp 9,thcs,KV_HCM_Q3,Quận 3,Quận 3,Hồ Chí Minh,yeu,excel,hoat_dong,2026-04-03,MON_LY,Vật lý,tu_nhien,online,Cải thiện điểm số,250000,4,dang_tim_gia_su,2026-03-21
HS_EX_0271,Phạm Bảo Vy,THPT_VTS,THPT Võ Thị Sáu,thpt,LOP_10,Lớp 10,thpt,KV_HN_BTL,Bắc Từ Liêm,Bắc Từ Liêm,Hà Nội,kha,excel,hoat_dong,2026-04-03,MON_VAN,Ngữ văn,xa_hoi,truc_tiep,Cải thiện điểm số,200000,2,dang_tim_gia_su,2026-03-08
HS_EX_0272,Hoàng Đức Khoa,THPT_NHS,THPT Ngũ Hành Sơn,thpt,LOP_12,Lớp 12,thpt,KV_HN_CG,Cầu Giấy,Cầu Giấy,Hà Nội,trung_binh,excel,hoat_dong,2026-04-03,MON_VAN,Ngữ văn,xa_hoi,truc_tiep,Cải thiện điểm số,250000,4,dang_tim_gia_su,2026-03-05
HS_EX_0273,Trần Hoàng Vy,THPT_HHT,THPT Hoàng Hoa Thám,thpt,LOP_10,Lớp 10,thpt,KV_HN_HM,Hoàng Mai,Hoàng Mai,Hà Nội,gioi,excel,hoat_dong,2026-04-03,MON_VAN,Ngữ văn,xa_hoi,ca_hai,Cải thiện điểm số,200000,3,dang_tim_gia_su,2026-03-14
HS_EX_0274,Nguyễn Hồng Mai,THPT_OIK,THPT Ông Ích Khiêm,thpt,LOP_06,Lớp 6,thcs,KV_HN_NTL,Nam Từ Liêm,Nam Từ Liêm,Hà Nội,kha,excel,hoat_dong,2026-04-03,MON_VAN,Ngữ văn,xa_hoi,truc_tiep,Cải thiện điểm số,250000,3,dang_tim_gia_su,2026-03-28
HS_EX_0275,Đặng Xuân Thảo,THPT_VTS,THPT Võ Thị Sáu,thpt,LOP_10,Lớp 10,thpt,KV_HCM_Q3,Quận 3,Quận 3,Hồ Chí Minh,xuat_sac,excel,hoat_dong,2026-04-03,MON_LY,Vật lý,tu_nhien,truc_tiep,Cải thiện điểm số,200000,3,dang_tim_gia_su,2026-04-03
HS_EX_0276,Đỗ Trọng Nam,THPT_PCT,THPT Chuyên Phan Châu Trinh,thpt,LOP_06,Lớp 6,thcs,KV_DN_LC,Liên Chiểu,Liên Chiểu,Đà Nẵng,xuat_sac,excel,hoat_dong,2026-04-03,MON_LY,Vật lý,tu_nhien,online,Cải thiện điểm số,250000,3,dang_tim_gia_su,2026-03-06
HS_EX_0277,Nguyễn Đình Phú,THPT_TP_HN,THPT Trần Phú - Hoàn Kiếm,thpt,LOP_06,Lớp 6,thcs,KV_HCM_TB,Tân Bình,Tân Bình,Hồ Chí Minh,trung_binh,excel,hoat_dong,2026-04-03,MON_VAN,Ngữ văn,xa_hoi,online,Cải thiện điểm số,150000,4,dang_tim_gia_su,2026-03-07
HS_EX_0278,Đỗ Ngọc Nhung,THPT_LHP,THPT Chuyên Lê Hồng Phong,thpt,LOP_10,Lớp 10,thpt,KV_HCM_Q5,Quận 5,Quận 5,Hồ Chí Minh,trung_binh,excel,hoat_dong,2026-04-03,MON_LY,Vật lý,tu_nhien,ca_hai,Cải thiện điểm số,150000,2,dang_tim_gia_su,2026-03-15
HS_EX_0279,Bùi Minh Huy,THPT_YH,THPT Yên Hòa,thpt,LOP_06,Lớp 6,thcs,KV_HN_TX,Thanh Xuân,Thanh Xuân,Hà Nội,gioi,excel,hoat_dong,2026-04-03,MON_VAN,Ngữ văn,xa_hoi,online,Cải thiện điểm số,250000,3,dang_tim_gia_su,2026-03-10
HS_EX_0280,Nguyễn Mai Thảo,THPT_TP_DN,THPT Trần Phú,thpt,LOP_09,Lớp 9,thcs,KV_HN_BD,Ba Đình,Ba Đình,Hà Nội,xuat_sac,excel,hoat_dong,2026-04-03,MON_TOAN,Toán,tu_nhien,ca_hai,Cải thiện điểm số,150000,2,dang_tim_gia_su,2026-03-09
HS_EX_0281,Đặng Trọng Nam,THPT_PDP,THPT Phan Đình Phùng,thpt,LOP_06,Lớp 6,thcs,KV_DN_LC,Liên Chiểu,Liên Chiểu,Đà Nẵng,kha,excel,hoat_dong,2026-04-03,MON_VAN,Ngữ văn,xa_hoi,ca_hai,Cải thiện điểm số,250000,2,dang_tim_gia_su,2026-03-22
HS_EX_0282,Vũ Bảo Nhung,THPT_NHS,THPT Ngũ Hành Sơn,thpt,LOP_09,Lớp 9,thcs,KV_HCM_Q7,Quận 7,Quận 7,Hồ Chí Minh,yeu,excel,hoat_dong,2026-04-03,MON_TOAN,Toán,tu_nhien,online,Cải thiện điểm số,250000,4,dang_tim_gia_su,2026-03-08
HS_EX_0283,Dương Mai Hân,THPT_LQD_HN,THPT Lê Quý Đôn - Đống Đa,thpt,LOP_12,Lớp 12,thpt,KV_HCM_GV,Gò Vấp,Gò Vấp,Hồ Chí Minh,gioi,excel,hoat_dong,2026-04-03,MON_TOAN,Toán,tu_nhien,ca_hai,Cải thiện điểm số,250000,3,dang_tim_gia_su,2026-03-17
HS_EX_0284,Lý Mai Trang,THPT_CVD,THPT Cẩm Lệ,thpt,LOP_09,Lớp 9,thcs,KV_HCM_Q7,Quận 7,Quận 7,Hồ Chí Minh,kha,excel,hoat_dong,2026-04-03,MON_VAN,Ngữ văn,xa_hoi,truc_tiep,Cải thiện điểm số,250000,2,dang_tim_gia_su,2026-03-20
HS_EX_0285,Phạm Hữu Khoa,THPT_TTT,THPT Tôn Thất Tùng,thpt,LOP_09,Lớp 9,thcs,KV_HN_LB,Long Biên,Long Biên,Hà Nội,trung_binh,excel,hoat_dong,2026-04-03,MON_ANH,Tiếng Anh,ngoai_ngu,ca_hai,Cải thiện điểm số,150000,4,dang_tim_gia_su,2026-03-06
HS_EX_0286,Bùi Quang Nam,THPT_ST,THPT Sơn Tây,thpt,LOP_06,Lớp 6,thcs,KV_HCM_Q3,Quận 3,Quận 3,Hồ Chí Minh,trung_binh,excel,hoat_dong,2026-04-03,MON_VAN,Ngữ văn,xa_hoi,ca_hai,Cải thiện điểm số,250000,3,dang_tim_gia_su,2026-03-26
HS_EX_0287,Ngô Thanh Vy,THPT_KL,THPT Kim Liên,thpt,LOP_10,Lớp 10,thpt,KV_DN_NHS,Ngũ Hành Sơn,Ngũ Hành Sơn,Đà Nẵng,xuat_sac,excel,hoat_dong,2026-04-03,MON_LY,Vật lý,tu_nhien,truc_tiep,Cải thiện điểm số,200000,3,dang_tim_gia_su,2026-03-15
HS_EX_0288,Trần Thái Khoa,THPT_NVT,THPT Nguyễn Văn Trỗi,thpt,LOP_12,Lớp 12,thpt,KV_DN_NHS,Ngũ Hành Sơn,Ngũ Hành Sơn,Đà Nẵng,trung_binh,excel,hoat_dong,2026-04-03,MON_VAN,Ngữ văn,xa_hoi,truc_tiep,Cải thiện điểm số,150000,2,dang_tim_gia_su,2026-04-03
HS_EX_0289,Trần Bảo Thu,THPT_KL,THPT Kim Liên,thpt,LOP_10,Lớp 10,thpt,KV_HCM_BT,Bình Thạnh,Bình Thạnh,Hồ Chí Minh,kha,excel,hoat_dong,2026-04-03,MON_TOAN,Toán,tu_nhien,online,Cải thiện điểm số,150000,2,dang_tim_gia_su,2026-03-16
HS_EX_0290,Đặng Thái Tuấn,THPT_LQD_HN,THPT Lê Quý Đôn - Đống Đa,thpt,LOP_12,Lớp 12,thpt,KV_HN_BTL,Bắc Từ Liêm,Bắc Từ Liêm,Hà Nội,yeu,excel,hoat_dong,2026-04-03,MON_TOAN,Toán,tu_nhien,online,Cải thiện điểm số,150000,4,dang_tim_gia_su,2026-03-07
HS_EX_0291,Bùi Thị Vy,THPT_DA,THPT Đông Anh,thpt,LOP_06,Lớp 6,thcs,KV_HCM_TD,Thủ Đức,Thủ Đức,Hồ Chí Minh,xuat_sac,excel,hoat_dong,2026-04-03,MON_TOAN,Toán,tu_nhien,online,Cải thiện điểm số,150000,3,dang_tim_gia_su,2026-03-15
HS_EX_0292,Bùi Hoàng An,THPT_MC,THPT Marie Curie,thpt,LOP_12,Lớp 12,thpt,KV_HCM_Q5,Quận 5,Quận 5,Hồ Chí Minh,xuat_sac,excel,hoat_dong,2026-04-03,MON_LY,Vật lý,tu_nhien,truc_tiep,Cải thiện điểm số,200000,4,dang_tim_gia_su,2026-03-09
HS_EX_0293,Nguyễn Thanh Vy,THPT_VTS,THPT Võ Thị Sáu,thpt,LOP_09,Lớp 9,thcs,KV_DN_HC,Hải Châu,Hải Châu,Đà Nẵng,kha,excel,hoat_dong,2026-04-03,MON_ANH,Tiếng Anh,ngoai_ngu,truc_tiep,Cải thiện điểm số,150000,3,dang_tim_gia_su,2026-03-12
HS_EX_0294,Phạm Thị An,THPT_CVA,THPT Chu Văn An,thpt,LOP_06,Lớp 6,thcs,KV_HCM_PN,Phú Nhuận,Phú Nhuận,Hồ Chí Minh,gioi,excel,hoat_dong,2026-04-03,MON_VAN,Ngữ văn,xa_hoi,online,Cải thiện điểm số,250000,4,dang_tim_gia_su,2026-03-27
HS_EX_0295,Ngô Trọng Huy,THPT_NTH_HCM,THPT Nguyễn Thượng Hiền,thpt,LOP_12,Lớp 12,thpt,KV_HCM_Q8,Quận 8,Quận 8,Hồ Chí Minh,yeu,excel,hoat_dong,2026-04-03,MON_VAN,Ngữ văn,xa_hoi,online,Cải thiện điểm số,250000,3,dang_tim_gia_su,2026-03-05
HS_EX_0296,Lê Minh Kiệt,THPT_ND,THPT Nguyễn Du,thpt,LOP_12,Lớp 12,thpt,KV_HN_CG,Cầu Giấy,Cầu Giấy,Hà Nội,trung_binh,excel,hoat_dong,2026-04-03,MON_TOAN,Toán,tu_nhien,ca_hai,Cải thiện điểm số,200000,4,dang_tim_gia_su,2026-03-23
HS_EX_0297,Bùi Văn Đức,THPT_TPh,THPT Thái Phiên,thpt,LOP_10,Lớp 10,thpt,KV_HCM_Q7,Quận 7,Quận 7,Hồ Chí Minh,xuat_sac,excel,hoat_dong,2026-04-03,MON_ANH,Tiếng Anh,ngoai_ngu,truc_tiep,Cải thiện điểm số,250000,4,dang_tim_gia_su,2026-03-07
HS_EX_0298,Vũ Văn Cường,THPT_BTX,THPT Bùi Thị Xuân,thpt,LOP_06,Lớp 6,thcs,KV_HN_TH,Tây Hồ,Tây Hồ,Hà Nội,trung_binh,excel,hoat_dong,2026-04-03,MON_LY,Vật lý,tu_nhien,online,Cải thiện điểm số,250000,3,dang_tim_gia_su,2026-03-12
HS_EX_0299,Dương Thu Hân,THPT_MQ,THPT Mạc Đĩnh Chi,thpt,LOP_06,Lớp 6,thcs,KV_HN_TH,Tây Hồ,Tây Hồ,Hà Nội,gioi,excel,hoat_dong,2026-04-03,MON_LY,Vật lý,tu_nhien,ca_hai,Cải thiện điểm số,250000,2,dang_tim_gia_su,2026-03-09
HS_EX_0300,Đặng Thị Mai,THPT_PCT,THPT Chuyên Phan Châu Trinh,thpt,LOP_06,Lớp 6,thcs,KV_HN_HK,Hoàn Kiếm,Hoàn Kiếm,Hà Nội,yeu,excel,hoat_dong,2026-04-03,MON_ANH,Tiếng Anh,ngoai_ngu,ca_hai,Cải thiện điểm số,200000,4,dang_tim_gia_su,2026-03-30
HS_EX_0301,Lý Văn Hùng,THPT_DD,THPT Đống Đa,thpt,LOP_09,Lớp 9,thcs,KV_HCM_TB,Tân Bình,Tân Bình,Hồ Chí Minh,gioi,excel,hoat_dong,2026-04-03,MON_VAN,Ngữ văn,xa_hoi,online,Cải thiện điểm số,250000,4,dang_tim_gia_su,2026-03-12
HS_EX_0302,Bùi Thanh Trang,THPT_YH,THPT Yên Hòa,thpt,LOP_10,Lớp 10,thpt,KV_DN_HC,Hải Châu,Hải Châu,Đà Nẵng,yeu,excel,hoat_dong,2026-04-03,MON_LY,Vật lý,tu_nhien,online,Cải thiện điểm số,200000,2,dang_tim_gia_su,2026-03-15
HS_EX_0303,Đỗ Hải Đạt,THPT_NTH_HCM,THPT Nguyễn Thượng Hiền,thpt,LOP_06,Lớp 6,thcs,KV_HN_TH,Tây Hồ,Tây Hồ,Hà Nội,gioi,excel,hoat_dong,2026-04-03,MON_TOAN,Toán,tu_nhien,online,Cải thiện điểm số,150000,4,dang_tim_gia_su,2026-03-27
HS_EX_0304,Lê Văn Cường,THPT_NT_HCM,THPT Nguyễn Trãi,thpt,LOP_06,Lớp 6,thcs,KV_HCM_Q3,Quận 3,Quận 3,Hồ Chí Minh,xuat_sac,excel,hoat_dong,2026-04-03,MON_VAN,Ngữ văn,xa_hoi,ca_hai,Cải thiện điểm số,250000,4,dang_tim_gia_su,2026-03-20
HS_EX_0305,Hoàng Hồng Trang,THPT_TP_HN,THPT Trần Phú - Hoàn Kiếm,thpt,LOP_06,Lớp 6,thcs,KV_HN_TH,Tây Hồ,Tây Hồ,Hà Nội,xuat_sac,excel,hoat_dong,2026-04-03,MON_ANH,Tiếng Anh,ngoai_ngu,ca_hai,Cải thiện điểm số,200000,4,dang_tim_gia_su,2026-03-14
HS_EX_0306,Phạm Đức Đức,THPT_NTH_HCM,THPT Nguyễn Thượng Hiền,thpt,LOP_12,Lớp 12,thpt,KV_HCM_TD,Thủ Đức,Thủ Đức,Hồ Chí Minh,trung_binh,excel,hoat_dong,2026-04-03,MON_TOAN,Toán,tu_nhien,ca_hai,Cải thiện điểm số,200000,3,dang_tim_gia_su,2026-03-04
HS_EX_0307,Trần Hữu Nam,THPT_VTS,THPT Võ Thị Sáu,thpt,LOP_06,Lớp 6,thcs,KV_HN_BD,Ba Đình,Ba Đình,Hà Nội,kha,excel,hoat_dong,2026-04-03,MON_TOAN,Toán,tu_nhien,ca_hai,Cải thiện điểm số,250000,4,dang_tim_gia_su,2026-03-10
HS_EX_0308,Phạm Mai Nhung,THPT_LHP,THPT Chuyên Lê Hồng Phong,thpt,LOP_09,Lớp 9,thcs,KV_HN_HK,Hoàn Kiếm,Hoàn Kiếm,Hà Nội,kha,excel,hoat_dong,2026-04-03,MON_VAN,Ngữ văn,xa_hoi,online,Cải thiện điểm số,200000,2,dang_tim_gia_su,2026-03-12
HS_EX_0309,Lê Văn Phú,THPT_DD,THPT Đống Đa,thpt,LOP_06,Lớp 6,thcs,KV_DN_LC,Liên Chiểu,Liên Chiểu,Đà Nẵng,trung_binh,excel,hoat_dong,2026-04-03,MON_TOAN,Toán,tu_nhien,truc_tiep,Cải thiện điểm số,200000,4,dang_tim_gia_su,2026-03-21
HS_EX_0310,Dương Hải Phú,THPT_VTS,THPT Võ Thị Sáu,thpt,LOP_06,Lớp 6,thcs,KV_HN_HK,Hoàn Kiếm,Hoàn Kiếm,Hà Nội,xuat_sac,excel,hoat_dong,2026-04-03,MON_VAN,Ngữ văn,xa_hoi,online,Cải thiện điểm số,150000,2,dang_tim_gia_su,2026-03-18
HS_EX_0311,Ngô Đức Hùng,THPT_OIK,THPT Ông Ích Khiêm,thpt,LOP_12,Lớp 12,thpt,KV_HN_HK,Hoàn Kiếm,Hoàn Kiếm,Hà Nội,gioi,excel,hoat_dong,2026-04-03,MON_LY,Vật lý,tu_nhien,ca_hai,Cải thiện điểm số,150000,3,dang_tim_gia_su,2026-03-11
HS_EX_0312,Trần Mai Trang,THPT_NTH_HCM,THPT Nguyễn Thượng Hiền,thpt,LOP_06,Lớp 6,thcs,KV_HN_BTL,Bắc Từ Liêm,Bắc Từ Liêm,Hà Nội,gioi,excel,hoat_dong,2026-04-03,MON_LY,Vật lý,tu_nhien,truc_tiep,Cải thiện điểm số,200000,4,dang_tim_gia_su,2026-03-18
HS_EX_0313,Hoàng Đức Hùng,THPT_LQD_HN,THPT Lê Quý Đôn - Đống Đa,thpt,LOP_12,Lớp 12,thpt,KV_HN_DD,Đống Đa,Đống Đa,Hà Nội,yeu,excel,hoat_dong,2026-04-03,MON_TOAN,Toán,tu_nhien,ca_hai,Cải thiện điểm số,150000,3,dang_tim_gia_su,2026-03-28
HS_EX_0314,Bùi Minh Hùng,THPT_NH,THPT Nguyễn Hiền,thpt,LOP_09,Lớp 9,thcs,KV_HN_NTL,Nam Từ Liêm,Nam Từ Liêm,Hà Nội,yeu,excel,hoat_dong,2026-04-03,MON_LY,Vật lý,tu_nhien,online,Cải thiện điểm số,250000,2,dang_tim_gia_su,2026-03-09
HS_EX_0315,Nguyễn Thu Châu,THPT_NTH_HCM,THPT Nguyễn Thượng Hiền,thpt,LOP_12,Lớp 12,thpt,KV_HCM_Q5,Quận 5,Quận 5,Hồ Chí Minh,kha,excel,hoat_dong,2026-04-03,MON_ANH,Tiếng Anh,ngoai_ngu,ca_hai,Cải thiện điểm số,250000,3,dang_tim_gia_su,2026-03-10
HS_EX_0316,Đỗ Trọng Tuấn,THPT_LHP,THPT Chuyên Lê Hồng Phong,thpt,LOP_12,Lớp 12,thpt,KV_HN_HM,Hoàng Mai,Hoàng Mai,Hà Nội,kha,excel,hoat_dong,2026-04-03,MON_ANH,Tiếng Anh,ngoai_ngu,online,Cải thiện điểm số,250000,4,dang_tim_gia_su,2026-03-24
HS_EX_0317,Đặng Hữu Nam,THPT_TPh,THPT Thái Phiên,thpt,LOP_06,Lớp 6,thcs,KV_HCM_TP,Tân Phú,Tân Phú,Hồ Chí Minh,xuat_sac,excel,hoat_dong,2026-04-03,MON_ANH,Tiếng Anh,ngoai_ngu,ca_hai,Cải thiện điểm số,200000,2,dang_tim_gia_su,2026-03-22
HS_EX_0318,Ngô Thái Đức,THPT_TD,THPT Thủ Đức,thpt,LOP_12,Lớp 12,thpt,KV_HCM_BT,Bình Thạnh,Bình Thạnh,Hồ Chí Minh,kha,excel,hoat_dong,2026-04-03,MON_VAN,Ngữ văn,xa_hoi,truc_tiep,Cải thiện điểm số,250000,2,dang_tim_gia_su,2026-03-08
HS_EX_0319,Hoàng Mai An,THPT_TP_DN,THPT Trần Phú,thpt,LOP_09,Lớp 9,thcs,KV_HCM_GV,Gò Vấp,Gò Vấp,Hồ Chí Minh,trung_binh,excel,hoat_dong,2026-04-03,MON_ANH,Tiếng Anh,ngoai_ngu,ca_hai,Cải thiện điểm số,200000,2,dang_tim_gia_su,2026-03-22
HS_EX_0320,Ngô Ngọc Châu,THPT_PDP,THPT Phan Đình Phùng,thpt,LOP_09,Lớp 9,thcs,KV_HN_DD,Đống Đa,Đống Đa,Hà Nội,xuat_sac,excel,hoat_dong,2026-04-03,MON_LY,Vật lý,tu_nhien,ca_hai,Cải thiện điểm số,150000,3,dang_tim_gia_su,2026-03-27
HS_EX_0321,Ngô Hoàng Hân,THPT_LQD_HCM,THPT Lê Quý Đôn,thpt,LOP_12,Lớp 12,thpt,KV_HCM_Q8,Quận 8,Quận 8,Hồ Chí Minh,yeu,excel,hoat_dong,2026-04-03,MON_TOAN,Toán,tu_nhien,truc_tiep,Cải thiện điểm số,200000,3,dang_tim_gia_su,2026-03-16
HS_EX_0322,Lê Bảo An,THPT_BTX,THPT Bùi Thị Xuân,thpt,LOP_09,Lớp 9,thcs,KV_HN_TX,Thanh Xuân,Thanh Xuân,Hà Nội,kha,excel,hoat_dong,2026-04-03,MON_ANH,Tiếng Anh,ngoai_ngu,ca_hai,Cải thiện điểm số,150000,4,dang_tim_gia_su,2026-03-20
HS_EX_0323,Trần Thái Kiệt,THPT_DA,THPT Đông Anh,thpt,LOP_09,Lớp 9,thcs,KV_DN_NHS,Ngũ Hành Sơn,Ngũ Hành Sơn,Đà Nẵng,gioi,excel,hoat_dong,2026-04-03,MON_LY,Vật lý,tu_nhien,online,Cải thiện điểm số,200000,4,dang_tim_gia_su,2026-03-09
HS_EX_0324,Đặng Thu Thảo,THPT_LQD_DN,THPT Chuyên Lê Quý Đôn,thpt,LOP_12,Lớp 12,thpt,KV_DN_ST,Sơn Trà,Sơn Trà,Đà Nẵng,yeu,excel,hoat_dong,2026-04-03,MON_TOAN,Toán,tu_nhien,ca_hai,Cải thiện điểm số,200000,3,dang_tim_gia_su,2026-03-22
HS_EX_0325,Ngô Đình Hùng,THPT_NHS,THPT Ngũ Hành Sơn,thpt,LOP_10,Lớp 10,thpt,KV_HCM_BT,Bình Thạnh,Bình Thạnh,Hồ Chí Minh,kha,excel,hoat_dong,2026-04-03,MON_VAN,Ngữ văn,xa_hoi,online,Cải thiện điểm số,200000,3,dang_tim_gia_su,2026-03-10
HS_EX_0326,Dương Thu Hân,THPT_LQD_HN,THPT Lê Quý Đôn - Đống Đa,thpt,LOP_09,Lớp 9,thcs,KV_HN_LB,Long Biên,Long Biên,Hà Nội,xuat_sac,excel,hoat_dong,2026-04-03,MON_TOAN,Toán,tu_nhien,ca_hai,Cải thiện điểm số,250000,2,dang_tim_gia_su,2026-03-08
HS_EX_0327,Vũ Thanh Thu,THPT_VTS,THPT Võ Thị Sáu,thpt,LOP_10,Lớp 10,thpt,KV_HCM_TP,Tân Phú,Tân Phú,Hồ Chí Minh,trung_binh,excel,hoat_dong,2026-04-03,MON_LY,Vật lý,tu_nhien,ca_hai,Cải thiện điểm số,150000,2,dang_tim_gia_su,2026-03-30
HS_EX_0328,Nguyễn Quang Hùng,THPT_LQD_DN,THPT Chuyên Lê Quý Đôn,thpt,LOP_06,Lớp 6,thcs,KV_HCM_PN,Phú Nhuận,Phú Nhuận,Hồ Chí Minh,xuat_sac,excel,hoat_dong,2026-04-03,MON_ANH,Tiếng Anh,ngoai_ngu,online,Cải thiện điểm số,200000,2,dang_tim_gia_su,2026-03-24
HS_EX_0329,Trần Hoàng Vy,THPT_NTH_HCM,THPT Nguyễn Thượng Hiền,thpt,LOP_10,Lớp 10,thpt,KV_HCM_Q8,Quận 8,Quận 8,Hồ Chí Minh,yeu,excel,hoat_dong,2026-04-03,MON_VAN,Ngữ văn,xa_hoi,truc_tiep,Cải thiện điểm số,150000,3,dang_tim_gia_su,2026-03-30
HS_EX_0330,Lý Hải Nam,THPT_ND,THPT Nguyễn Du,thpt,LOP_10,Lớp 10,thpt,KV_DN_CL,Cẩm Lệ,Cẩm Lệ,Đà Nẵng,xuat_sac,excel,hoat_dong,2026-04-03,MON_ANH,Tiếng Anh,ngoai_ngu,ca_hai,Cải thiện điểm số,150000,3,dang_tim_gia_su,2026-03-15
HS_EX_0331,Phạm Thu Châu,THPT_TDN,THPT Chuyên Trần Đại Nghĩa,thpt,LOP_10,Lớp 10,thpt,KV_HCM_Q7,Quận 7,Quận 7,Hồ Chí Minh,trung_binh,excel,hoat_dong,2026-04-03,MON_VAN,Ngữ văn,xa_hoi,online,Cải thiện điểm số,150000,4,dang_tim_gia_su,2026-03-05
HS_EX_0332,Hoàng Thanh Hân,THPT_AMS,THPT Chuyên Hà Nội - Amsterdam,thpt,LOP_06,Lớp 6,thcs,KV_HCM_PN,Phú Nhuận,Phú Nhuận,Hồ Chí Minh,xuat_sac,excel,hoat_dong,2026-04-03,MON_TOAN,Toán,tu_nhien,truc_tiep,Cải thiện điểm số,250000,4,dang_tim_gia_su,2026-03-06
HS_EX_0333,Ngô Đình Kiệt,THPT_NTH_HCM,THPT Nguyễn Thượng Hiền,thpt,LOP_10,Lớp 10,thpt,KV_HCM_Q10,Quận 10,Quận 10,Hồ Chí Minh,yeu,excel,hoat_dong,2026-04-03,MON_VAN,Ngữ văn,xa_hoi,truc_tiep,Cải thiện điểm số,150000,4,dang_tim_gia_su,2026-03-05
HS_EX_0334,Trần Thanh Mai,THPT_TDN,THPT Chuyên Trần Đại Nghĩa,thpt,LOP_06,Lớp 6,thcs,KV_HCM_Q8,Quận 8,Quận 8,Hồ Chí Minh,kha,excel,hoat_dong,2026-04-03,MON_LY,Vật lý,tu_nhien,ca_hai,Cải thiện điểm số,200000,2,dang_tim_gia_su,2026-03-09
HS_EX_0335,Bùi Đức Cường,THPT_PN,THPT Phú Nhuận,thpt,LOP_06,Lớp 6,thcs,KV_HCM_Q7,Quận 7,Quận 7,Hồ Chí Minh,gioi,excel,hoat_dong,2026-04-03,MON_LY,Vật lý,tu_nhien,online,Cải thiện điểm số,200000,3,dang_tim_gia_su,2026-03-13
HS_EX_0336,Đặng Bảo Thu,THPT_AMS,THPT Chuyên Hà Nội - Amsterdam,thpt,LOP_09,Lớp 9,thcs,KV_HN_BTL,Bắc Từ Liêm,Bắc Từ Liêm,Hà Nội,xuat_sac,excel,hoat_dong,2026-04-03,MON_LY,Vật lý,tu_nhien,ca_hai,Cải thiện điểm số,200000,4,dang_tim_gia_su,2026-03-10
HS_EX_0337,Dương Xuân Thu,THPT_ND,THPT Nguyễn Du,thpt,LOP_10,Lớp 10,thpt,KV_HN_BD,Ba Đình,Ba Đình,Hà Nội,xuat_sac,excel,hoat_dong,2026-04-03,MON_TOAN,Toán,tu_nhien,online,Cải thiện điểm số,250000,2,dang_tim_gia_su,2026-03-18
HS_EX_0338,Hoàng Ngọc Mai,THPT_CBQ,THPT Cao Bá Quát,thpt,LOP_10,Lớp 10,thpt,KV_HCM_PN,Phú Nhuận,Phú Nhuận,Hồ Chí Minh,kha,excel,hoat_dong,2026-04-03,MON_ANH,Tiếng Anh,ngoai_ngu,ca_hai,Cải thiện điểm số,250000,4,dang_tim_gia_su,2026-03-16
HS_EX_0339,Lý Hữu Cường,THPT_VD,THPT Việt Đức,thpt,LOP_06,Lớp 6,thcs,KV_DN_ST,Sơn Trà,Sơn Trà,Đà Nẵng,gioi,excel,hoat_dong,2026-04-03,MON_VAN,Ngữ văn,xa_hoi,ca_hai,Cải thiện điểm số,200000,2,dang_tim_gia_su,2026-03-07
HS_EX_0340,Trần Bảo Linh,THPT_NH,THPT Nguyễn Hiền,thpt,LOP_10,Lớp 10,thpt,KV_HN_HD,Hà Đông,Hà Đông,Hà Nội,gioi,excel,hoat_dong,2026-04-03,MON_LY,Vật lý,tu_nhien,ca_hai,Cải thiện điểm số,150000,4,dang_tim_gia_su,2026-03-04
HS_EX_0341,Ngô Xuân An,THPT_DD,THPT Đống Đa,thpt,LOP_09,Lớp 9,thcs,KV_HN_TX,Thanh Xuân,Thanh Xuân,Hà Nội,xuat_sac,excel,hoat_dong,2026-04-03,MON_VAN,Ngữ văn,xa_hoi,ca_hai,Cải thiện điểm số,150000,2,dang_tim_gia_su,2026-03-30
HS_EX_0342,Đặng Mai Linh,THPT_LQD_HCM,THPT Lê Quý Đôn,thpt,LOP_06,Lớp 6,thcs,KV_HCM_Q4,Quận 4,Quận 4,Hồ Chí Minh,gioi,excel,hoat_dong,2026-04-03,MON_ANH,Tiếng Anh,ngoai_ngu,truc_tiep,Cải thiện điểm số,150000,4,dang_tim_gia_su,2026-03-06
HS_EX_0343,Vũ Mai Trang,THPT_CVA,THPT Chu Văn An,thpt,LOP_06,Lớp 6,thcs,KV_HCM_Q10,Quận 10,Quận 10,Hồ Chí Minh,yeu,excel,hoat_dong,2026-04-03,MON_ANH,Tiếng Anh,ngoai_ngu,online,Cải thiện điểm số,250000,4,dang_tim_gia_su,2026-03-30
HS_EX_0344,Vũ Bảo Châu,THPT_NTH_HCM,THPT Nguyễn Thượng Hiền,thpt,LOP_12,Lớp 12,thpt,KV_HN_HBT,Hai Bà Trưng,Hai Bà Trưng,Hà Nội,yeu,excel,hoat_dong,2026-04-03,MON_ANH,Tiếng Anh,ngoai_ngu,ca_hai,Cải thiện điểm số,250000,2,dang_tim_gia_su,2026-03-24
HS_EX_0345,Phạm Trọng Huy,THPT_VD,THPT Việt Đức,thpt,LOP_06,Lớp 6,thcs,KV_HCM_PN,Phú Nhuận,Phú Nhuận,Hồ Chí Minh,kha,excel,hoat_dong,2026-04-03,MON_TOAN,Toán,tu_nhien,truc_tiep,Cải thiện điểm số,200000,3,dang_tim_gia_su,2026-04-01
HS_EX_0346,Ngô Hải Khoa,THPT_BTX,THPT Bùi Thị Xuân,thpt,LOP_10,Lớp 10,thpt,KV_HCM_Q4,Quận 4,Quận 4,Hồ Chí Minh,gioi,excel,hoat_dong,2026-04-03,MON_TOAN,Toán,tu_nhien,ca_hai,Cải thiện điểm số,200000,4,dang_tim_gia_su,2026-04-01
HS_EX_0347,Hoàng Thị Hân,THPT_TPh,THPT Thái Phiên,thpt,LOP_10,Lớp 10,thpt,KV_HCM_TB,Tân Bình,Tân Bình,Hồ Chí Minh,trung_binh,excel,hoat_dong,2026-04-03,MON_VAN,Ngữ văn,xa_hoi,online,Cải thiện điểm số,150000,2,dang_tim_gia_su,2026-03-23
HS_EX_0348,Ngô Thanh Mai,THPT_NT_HN,THPT Nguyễn Trãi - Ba Đình,thpt,LOP_06,Lớp 6,thcs,KV_HN_TH,Tây Hồ,Tây Hồ,Hà Nội,gioi,excel,hoat_dong,2026-04-03,MON_ANH,Tiếng Anh,ngoai_ngu,truc_tiep,Cải thiện điểm số,200000,2,dang_tim_gia_su,2026-03-28
HS_EX_0349,Phạm Trọng Tuấn,THPT_YH,THPT Yên Hòa,thpt,LOP_09,Lớp 9,thcs,KV_HN_TH,Tây Hồ,Tây Hồ,Hà Nội,gioi,excel,hoat_dong,2026-04-03,MON_LY,Vật lý,tu_nhien,ca_hai,Cải thiện điểm số,200000,3,dang_tim_gia_su,2026-03-04
HS_EX_0350,Phạm Thị Mai,THPT_LQD_HN,THPT Lê Quý Đôn - Đống Đa,thpt,LOP_06,Lớp 6,thcs,KV_HCM_TB,Tân Bình,Tân Bình,Hồ Chí Minh,xuat_sac,excel,hoat_dong,2026-04-03,MON_ANH,Tiếng Anh,ngoai_ngu,online,Cải thiện điểm số,150000,4,dang_tim_gia_su,2026-03-11
HS_EX_0351,Hoàng Đức Phú,THPT_CBQ,THPT Cao Bá Quát,thpt,LOP_12,Lớp 12,thpt,KV_HN_BD,Ba Đình,Ba Đình,Hà Nội,gioi,excel,hoat_dong,2026-04-03,MON_ANH,Tiếng Anh,ngoai_ngu,online,Cải thiện điểm số,150000,3,dang_tim_gia_su,2026-03-11
HS_EX_0352,Lý Trọng Kiệt,THPT_NT_HCM,THPT Nguyễn Trãi,thpt,LOP_06,Lớp 6,thcs,KV_DN_HC,Hải Châu,Hải Châu,Đà Nẵng,yeu,excel,hoat_dong,2026-04-03,MON_TOAN,Toán,tu_nhien,truc_tiep,Cải thiện điểm số,150000,4,dang_tim_gia_su,2026-03-26
HS_EX_0353,Phạm Bảo An,THPT_NMK,THPT Nguyễn Thị Minh Khai,thpt,LOP_06,Lớp 6,thcs,KV_HN_LB,Long Biên,Long Biên,Hà Nội,xuat_sac,excel,hoat_dong,2026-04-03,MON_ANH,Tiếng Anh,ngoai_ngu,truc_tiep,Cải thiện điểm số,200000,3,dang_tim_gia_su,2026-03-08
HS_EX_0354,Hoàng Minh Phú,THPT_PCT,THPT Chuyên Phan Châu Trinh,thpt,LOP_06,Lớp 6,thcs,KV_HCM_Q8,Quận 8,Quận 8,Hồ Chí Minh,yeu,excel,hoat_dong,2026-04-03,MON_LY,Vật lý,tu_nhien,online,Cải thiện điểm số,200000,2,dang_tim_gia_su,2026-03-30
HS_EX_0355,Lý Đình Phú,THPT_TL,THPT Thăng Long,thpt,LOP_09,Lớp 9,thcs,KV_DN_LC,Liên Chiểu,Liên Chiểu,Đà Nẵng,gioi,excel,hoat_dong,2026-04-03,MON_VAN,Ngữ văn,xa_hoi,truc_tiep,Cải thiện điểm số,200000,2,dang_tim_gia_su,2026-03-13
HS_EX_0356,Hoàng Trọng Đạt,THPT_MC,THPT Marie Curie,thpt,LOP_06,Lớp 6,thcs,KV_HN_HBT,Hai Bà Trưng,Hai Bà Trưng,Hà Nội,kha,excel,hoat_dong,2026-04-03,MON_LY,Vật lý,tu_nhien,ca_hai,Cải thiện điểm số,150000,4,dang_tim_gia_su,2026-03-13
HS_EX_0357,Lê Văn Khoa,THPT_LQD_HCM,THPT Lê Quý Đôn,thpt,LOP_06,Lớp 6,thcs,KV_DN_LC,Liên Chiểu,Liên Chiểu,Đà Nẵng,kha,excel,hoat_dong,2026-04-03,MON_LY,Vật lý,tu_nhien,ca_hai,Cải thiện điểm số,250000,3,dang_tim_gia_su,2026-03-08
HS_EX_0358,Bùi Thu Hân,THPT_KL,THPT Kim Liên,thpt,LOP_06,Lớp 6,thcs,KV_HCM_Q8,Quận 8,Quận 8,Hồ Chí Minh,kha,excel,hoat_dong,2026-04-03,MON_TOAN,Toán,tu_nhien,online,Cải thiện điểm số,200000,4,dang_tim_gia_su,2026-03-17
HS_EX_0359,Hoàng Minh Nam,THPT_LQD_HN,THPT Lê Quý Đôn - Đống Đa,thpt,LOP_12,Lớp 12,thpt,KV_HN_TX,Thanh Xuân,Thanh Xuân,Hà Nội,gioi,excel,hoat_dong,2026-04-03,MON_TOAN,Toán,tu_nhien,truc_tiep,Cải thiện điểm số,250000,3,dang_tim_gia_su,2026-04-02
HS_EX_0360,Đặng Hải Nam,THPT_MC,THPT Marie Curie,thpt,LOP_10,Lớp 10,thpt,KV_DN_LC,Liên Chiểu,Liên Chiểu,Đà Nẵng,xuat_sac,excel,hoat_dong,2026-04-03,MON_TOAN,Toán,tu_nhien,online,Cải thiện điểm số,200000,3,dang_tim_gia_su,2026-03-21
HS_EX_0361,Vũ Mai Thu,THPT_AMS,THPT Chuyên Hà Nội - Amsterdam,thpt,LOP_12,Lớp 12,thpt,KV_HCM_Q10,Quận 10,Quận 10,Hồ Chí Minh,gioi,excel,hoat_dong,2026-04-03,MON_TOAN,Toán,tu_nhien,ca_hai,Cải thiện điểm số,200000,4,dang_tim_gia_su,2026-04-02
HS_EX_0362,Lê Hải Huy,THPT_CG,THPT Cầu Giấy,thpt,LOP_12,Lớp 12,thpt,KV_HCM_Q10,Quận 10,Quận 10,Hồ Chí Minh,gioi,excel,hoat_dong,2026-04-03,MON_VAN,Ngữ văn,xa_hoi,online,Cải thiện điểm số,250000,2,dang_tim_gia_su,2026-03-07
HS_EX_0363,Hoàng Đình Đạt,THPT_ND,THPT Nguyễn Du,thpt,LOP_06,Lớp 6,thcs,KV_HN_CG,Cầu Giấy,Cầu Giấy,Hà Nội,xuat_sac,excel,hoat_dong,2026-04-03,MON_ANH,Tiếng Anh,ngoai_ngu,online,Cải thiện điểm số,200000,2,dang_tim_gia_su,2026-03-14
HS_EX_0364,Dương Thị Thảo,THPT_BTX,THPT Bùi Thị Xuân,thpt,LOP_06,Lớp 6,thcs,KV_HCM_BT,Bình Thạnh,Bình Thạnh,Hồ Chí Minh,trung_binh,excel,hoat_dong,2026-04-03,MON_VAN,Ngữ văn,xa_hoi,online,Cải thiện điểm số,250000,2,dang_tim_gia_su,2026-03-15
HS_EX_0365,Nguyễn Thị Thảo,THPT_TL,THPT Thăng Long,thpt,LOP_06,Lớp 6,thcs,KV_HCM_TB,Tân Bình,Tân Bình,Hồ Chí Minh,kha,excel,hoat_dong,2026-04-03,MON_ANH,Tiếng Anh,ngoai_ngu,online,Cải thiện điểm số,250000,2,dang_tim_gia_su,2026-03-21
HS_EX_0366,Đỗ Hữu Tuấn,THPT_TP_DN,THPT Trần Phú,thpt,LOP_09,Lớp 9,thcs,KV_HN_BD,Ba Đình,Ba Đình,Hà Nội,gioi,excel,hoat_dong,2026-04-03,MON_TOAN,Toán,tu_nhien,truc_tiep,Cải thiện điểm số,200000,4,dang_tim_gia_su,2026-03-28
HS_EX_0367,Phạm Văn Phú,THPT_CG,THPT Cầu Giấy,thpt,LOP_10,Lớp 10,thpt,KV_HN_TX,Thanh Xuân,Thanh Xuân,Hà Nội,trung_binh,excel,hoat_dong,2026-04-03,MON_LY,Vật lý,tu_nhien,ca_hai,Cải thiện điểm số,250000,3,dang_tim_gia_su,2026-03-19
HS_EX_0368,Dương Hải Tuấn,THPT_TTT,THPT Tôn Thất Tùng,thpt,LOP_06,Lớp 6,thcs,KV_DN_LC,Liên Chiểu,Liên Chiểu,Đà Nẵng,yeu,excel,hoat_dong,2026-04-03,MON_ANH,Tiếng Anh,ngoai_ngu,online,Cải thiện điểm số,200000,3,dang_tim_gia_su,2026-03-09
HS_EX_0369,Trần Bảo Mai,THPT_DA,THPT Đông Anh,thpt,LOP_10,Lớp 10,thpt,KV_HN_HD,Hà Đông,Hà Đông,Hà Nội,gioi,excel,hoat_dong,2026-04-03,MON_LY,Vật lý,tu_nhien,ca_hai,Cải thiện điểm số,150000,3,dang_tim_gia_su,2026-04-02
HS_EX_0370,Nguyễn Minh Hùng,THPT_LHP,THPT Chuyên Lê Hồng Phong,thpt,LOP_09,Lớp 9,thcs,KV_HCM_GV,Gò Vấp,Gò Vấp,Hồ Chí Minh,trung_binh,excel,hoat_dong,2026-04-03,MON_LY,Vật lý,tu_nhien,truc_tiep,Cải thiện điểm số,200000,4,dang_tim_gia_su,2026-03-11
HS_EX_0371,Đỗ Thu Hân,THPT_NT_HN,THPT Nguyễn Trãi - Ba Đình,thpt,LOP_12,Lớp 12,thpt,KV_HCM_Q3,Quận 3,Quận 3,Hồ Chí Minh,xuat_sac,excel,hoat_dong,2026-04-03,MON_ANH,Tiếng Anh,ngoai_ngu,ca_hai,Cải thiện điểm số,200000,4,dang_tim_gia_su,2026-03-09
HS_EX_0372,Nguyễn Bảo Hân,THPT_PCT,THPT Chuyên Phan Châu Trinh,thpt,LOP_09,Lớp 9,thcs,KV_HN_BTL,Bắc Từ Liêm,Bắc Từ Liêm,Hà Nội,xuat_sac,excel,hoat_dong,2026-04-03,MON_VAN,Ngữ văn,xa_hoi,truc_tiep,Cải thiện điểm số,200000,2,dang_tim_gia_su,2026-04-03
HS_EX_0373,Lê Hải Khoa,THPT_NMK,THPT Nguyễn Thị Minh Khai,thpt,LOP_10,Lớp 10,thpt,KV_HCM_Q10,Quận 10,Quận 10,Hồ Chí Minh,xuat_sac,excel,hoat_dong,2026-04-03,MON_TOAN,Toán,tu_nhien,truc_tiep,Cải thiện điểm số,200000,2,dang_tim_gia_su,2026-03-17
HS_EX_0374,Nguyễn Hải Huy,THPT_GD,THPT Gia Định,thpt,LOP_10,Lớp 10,thpt,KV_HN_TH,Tây Hồ,Tây Hồ,Hà Nội,gioi,excel,hoat_dong,2026-04-03,MON_ANH,Tiếng Anh,ngoai_ngu,truc_tiep,Cải thiện điểm số,200000,3,dang_tim_gia_su,2026-03-10
HS_EX_0375,Đỗ Minh Đạt,THPT_NHS,THPT Ngũ Hành Sơn,thpt,LOP_12,Lớp 12,thpt,KV_HCM_GV,Gò Vấp,Gò Vấp,Hồ Chí Minh,trung_binh,excel,hoat_dong,2026-04-03,MON_VAN,Ngữ văn,xa_hoi,online,Cải thiện điểm số,250000,4,dang_tim_gia_su,2026-03-13
HS_EX_0376,Dương Thái Nam,THPT_CVA,THPT Chu Văn An,thpt,LOP_06,Lớp 6,thcs,KV_DN_CL,Cẩm Lệ,Cẩm Lệ,Đà Nẵng,gioi,excel,hoat_dong,2026-04-03,MON_ANH,Tiếng Anh,ngoai_ngu,ca_hai,Cải thiện điểm số,150000,4,dang_tim_gia_su,2026-03-24
HS_EX_0377,Hoàng Hải Kiệt,THPT_VTS,THPT Võ Thị Sáu,thpt,LOP_06,Lớp 6,thcs,KV_HN_HBT,Hai Bà Trưng,Hai Bà Trưng,Hà Nội,kha,excel,hoat_dong,2026-04-03,MON_ANH,Tiếng Anh,ngoai_ngu,online,Cải thiện điểm số,250000,2,dang_tim_gia_su,2026-03-26
HS_EX_0378,Dương Hải Đức,THPT_TTT,THPT Tôn Thất Tùng,thpt,LOP_10,Lớp 10,thpt,KV_DN_ST,Sơn Trà,Sơn Trà,Đà Nẵng,kha,excel,hoat_dong,2026-04-03,MON_ANH,Tiếng Anh,ngoai_ngu,ca_hai,Cải thiện điểm số,250000,2,dang_tim_gia_su,2026-03-29
HS_EX_0379,Ngô Trọng Đức,THPT_TPh,THPT Thái Phiên,thpt,LOP_09,Lớp 9,thcs,KV_HCM_TD,Thủ Đức,Thủ Đức,Hồ Chí Minh,yeu,excel,hoat_dong,2026-04-03,MON_VAN,Ngữ văn,xa_hoi,ca_hai,Cải thiện điểm số,200000,2,dang_tim_gia_su,2026-03-10
HS_EX_0380,Lý Đình Khoa,THPT_MC,THPT Marie Curie,thpt,LOP_12,Lớp 12,thpt,KV_HCM_Q10,Quận 10,Quận 10,Hồ Chí Minh,gioi,excel,hoat_dong,2026-04-03,MON_ANH,Tiếng Anh,ngoai_ngu,ca_hai,Cải thiện điểm số,250000,2,dang_tim_gia_su,2026-04-01
HS_EX_0381,Vũ Xuân Châu,THPT_NH,THPT Nguyễn Hiền,thpt,LOP_06,Lớp 6,thcs,KV_HCM_Q1,Quận 1,Quận 1,Hồ Chí Minh,gioi,excel,hoat_dong,2026-04-03,MON_TOAN,Toán,tu_nhien,truc_tiep,Cải thiện điểm số,150000,4,dang_tim_gia_su,2026-03-15
HS_EX_0382,Dương Ngọc An,THPT_KL,THPT Kim Liên,thpt,LOP_09,Lớp 9,thcs,KV_HCM_TD,Thủ Đức,Thủ Đức,Hồ Chí Minh,kha,excel,hoat_dong,2026-04-03,MON_ANH,Tiếng Anh,ngoai_ngu,online,Cải thiện điểm số,250000,2,dang_tim_gia_su,2026-03-10
HS_EX_0383,Phạm Xuân Nhung,THPT_NHS,THPT Ngũ Hành Sơn,thpt,LOP_10,Lớp 10,thpt,KV_HN_CG,Cầu Giấy,Cầu Giấy,Hà Nội,xuat_sac,excel,hoat_dong,2026-04-03,MON_TOAN,Toán,tu_nhien,ca_hai,Cải thiện điểm số,150000,4,dang_tim_gia_su,2026-03-23
HS_EX_0384,Lý Trọng Nam,THPT_CVA,THPT Chu Văn An,thpt,LOP_09,Lớp 9,thcs,KV_HN_LB,Long Biên,Long Biên,Hà Nội,yeu,excel,hoat_dong,2026-04-03,MON_ANH,Tiếng Anh,ngoai_ngu,truc_tiep,Cải thiện điểm số,250000,4,dang_tim_gia_su,2026-03-13
HS_EX_0385,Lê Bảo Hân,THPT_MQ,THPT Mạc Đĩnh Chi,thpt,LOP_12,Lớp 12,thpt,KV_DN_LC,Liên Chiểu,Liên Chiểu,Đà Nẵng,yeu,excel,hoat_dong,2026-04-03,MON_ANH,Tiếng Anh,ngoai_ngu,truc_tiep,Cải thiện điểm số,200000,3,dang_tim_gia_su,2026-03-21
HS_EX_0386,Trần Đức Đức,THPT_TPh,THPT Thái Phiên,thpt,LOP_06,Lớp 6,thcs,KV_HCM_Q3,Quận 3,Quận 3,Hồ Chí Minh,trung_binh,excel,hoat_dong,2026-04-03,MON_TOAN,Toán,tu_nhien,online,Cải thiện điểm số,250000,3,dang_tim_gia_su,2026-03-21
HS_EX_0387,Trần Ngọc Hân,THPT_PN,THPT Phú Nhuận,thpt,LOP_06,Lớp 6,thcs,KV_HCM_Q7,Quận 7,Quận 7,Hồ Chí Minh,gioi,excel,hoat_dong,2026-04-03,MON_LY,Vật lý,tu_nhien,online,Cải thiện điểm số,150000,4,dang_tim_gia_su,2026-03-12
HS_EX_0388,Vũ Thị Mai,THPT_TP_DN,THPT Trần Phú,thpt,LOP_12,Lớp 12,thpt,KV_DN_CL,Cẩm Lệ,Cẩm Lệ,Đà Nẵng,gioi,excel,hoat_dong,2026-04-03,MON_TOAN,Toán,tu_nhien,ca_hai,Cải thiện điểm số,150000,2,dang_tim_gia_su,2026-03-09
HS_EX_0389,Nguyễn Đức Phú,THPT_PDP,THPT Phan Đình Phùng,thpt,LOP_09,Lớp 9,thcs,KV_HCM_BT,Bình Thạnh,Bình Thạnh,Hồ Chí Minh,xuat_sac,excel,hoat_dong,2026-04-03,MON_ANH,Tiếng Anh,ngoai_ngu,ca_hai,Cải thiện điểm số,200000,2,dang_tim_gia_su,2026-03-24
HS_EX_0390,Dương Hồng Mai,THPT_LQD_HN,THPT Lê Quý Đôn - Đống Đa,thpt,LOP_09,Lớp 9,thcs,KV_HN_HD,Hà Đông,Hà Đông,Hà Nội,xuat_sac,excel,hoat_dong,2026-04-03,MON_VAN,Ngữ văn,xa_hoi,truc_tiep,Cải thiện điểm số,150000,2,dang_tim_gia_su,2026-03-24
HS_EX_0391,Phạm Bảo Thảo,THPT_MC,THPT Marie Curie,thpt,LOP_06,Lớp 6,thcs,KV_HN_DD,Đống Đa,Đống Đa,Hà Nội,kha,excel,hoat_dong,2026-04-03,MON_TOAN,Toán,tu_nhien,truc_tiep,Cải thiện điểm số,200000,4,dang_tim_gia_su,2026-03-08
HS_EX_0392,Phạm Đức Hùng,THPT_PDP,THPT Phan Đình Phùng,thpt,LOP_10,Lớp 10,thpt,KV_DN_TK,Thanh Khê,Thanh Khê,Đà Nẵng,gioi,excel,hoat_dong,2026-04-03,MON_LY,Vật lý,tu_nhien,online,Cải thiện điểm số,200000,2,dang_tim_gia_su,2026-03-26
HS_EX_0393,Trần Văn Nam,THPT_CVD,THPT Cẩm Lệ,thpt,LOP_10,Lớp 10,thpt,KV_HN_TX,Thanh Xuân,Thanh Xuân,Hà Nội,xuat_sac,excel,hoat_dong,2026-04-03,MON_TOAN,Toán,tu_nhien,ca_hai,Cải thiện điểm số,150000,4,dang_tim_gia_su,2026-04-01
HS_EX_0394,Trần Thái Cường,THPT_AMS,THPT Chuyên Hà Nội - Amsterdam,thpt,LOP_09,Lớp 9,thcs,KV_HCM_Q1,Quận 1,Quận 1,Hồ Chí Minh,yeu,excel,hoat_dong,2026-04-03,MON_LY,Vật lý,tu_nhien,online,Cải thiện điểm số,250000,4,dang_tim_gia_su,2026-03-11
HS_EX_0395,Trần Quang Đạt,THPT_CG,THPT Cầu Giấy,thpt,LOP_12,Lớp 12,thpt,KV_HCM_Q8,Quận 8,Quận 8,Hồ Chí Minh,xuat_sac,excel,hoat_dong,2026-04-03,MON_ANH,Tiếng Anh,ngoai_ngu,ca_hai,Cải thiện điểm số,250000,3,dang_tim_gia_su,2026-03-10
HS_EX_0396,Ngô Hồng Linh,THPT_BTX,THPT Bùi Thị Xuân,thpt,LOP_10,Lớp 10,thpt,KV_DN_HC,Hải Châu,Hải Châu,Đà Nẵng,kha,excel,hoat_dong,2026-04-03,MON_TOAN,Toán,tu_nhien,online,Cải thiện điểm số,250000,4,dang_tim_gia_su,2026-03-09
HS_EX_0397,Đặng Hải Hùng,THPT_NHS,THPT Ngũ Hành Sơn,thpt,LOP_10,Lớp 10,thpt,KV_HN_LB,Long Biên,Long Biên,Hà Nội,trung_binh,excel,hoat_dong,2026-04-03,MON_TOAN,Toán,tu_nhien,truc_tiep,Cải thiện điểm số,200000,2,dang_tim_gia_su,2026-03-04
HS_EX_0398,Ngô Ngọc An,THPT_BTX,THPT Bùi Thị Xuân,thpt,LOP_09,Lớp 9,thcs,KV_HCM_Q1,Quận 1,Quận 1,Hồ Chí Minh,yeu,excel,hoat_dong,2026-04-03,MON_TOAN,Toán,tu_nhien,truc_tiep,Cải thiện điểm số,200000,4,dang_tim_gia_su,2026-03-26
HS_EX_0399,Ngô Hải Tuấn,THPT_LQD_HN,THPT Lê Quý Đôn - Đống Đa,thpt,LOP_09,Lớp 9,thcs,KV_HCM_Q4,Quận 4,Quận 4,Hồ Chí Minh,xuat_sac,excel,hoat_dong,2026-04-03,MON_VAN,Ngữ văn,xa_hoi,ca_hai,Cải thiện điểm số,150000,2,dang_tim_gia_su,2026-03-14
HS_EX_0400,Phạm Thanh Thảo,THPT_NHS,THPT Ngũ Hành Sơn,thpt,LOP_09,Lớp 9,thcs,KV_HCM_TB,Tân Bình,Tân Bình,Hồ Chí Minh,kha,excel,hoat_dong,2026-04-03,MON_LY,Vật lý,tu_nhien,online,Cải thiện điểm số,250000,4,dang_tim_gia_su,2026-03-28
HS_EX_0401,Đặng Ngọc Trang,THPT_CVD,THPT Cẩm Lệ,thpt,LOP_06,Lớp 6,thcs,KV_HCM_Q4,Quận 4,Quận 4,Hồ Chí Minh,yeu,excel,hoat_dong,2026-04-03,MON_LY,Vật lý,tu_nhien,truc_tiep,Cải thiện điểm số,200000,4,dang_tim_gia_su,2026-03-06
HS_EX_0402,Ngô Thu Thu,THPT_TDN,THPT Chuyên Trần Đại Nghĩa,thpt,LOP_12,Lớp 12,thpt,KV_HCM_Q3,Quận 3,Quận 3,Hồ Chí Minh,xuat_sac,excel,hoat_dong,2026-04-03,MON_VAN,Ngữ văn,xa_hoi,truc_tiep,Cải thiện điểm số,250000,4,dang_tim_gia_su,2026-03-29
HS_EX_0403,Bùi Trọng Nam,THPT_YH,THPT Yên Hòa,thpt,LOP_12,Lớp 12,thpt,KV_DN_ST,Sơn Trà,Sơn Trà,Đà Nẵng,xuat_sac,excel,hoat_dong,2026-04-03,MON_ANH,Tiếng Anh,ngoai_ngu,ca_hai,Cải thiện điểm số,150000,2,dang_tim_gia_su,2026-03-25
HS_EX_0404,Lê Văn Hùng,THPT_KL,THPT Kim Liên,thpt,LOP_12,Lớp 12,thpt,KV_HN_HBT,Hai Bà Trưng,Hai Bà Trưng,Hà Nội,trung_binh,excel,hoat_dong,2026-04-03,MON_TOAN,Toán,tu_nhien,ca_hai,Cải thiện điểm số,150000,2,dang_tim_gia_su,2026-03-08
HS_EX_0405,Lê Văn Nam,THPT_LQD_DN,THPT Chuyên Lê Quý Đôn,thpt,LOP_12,Lớp 12,thpt,KV_HN_NTL,Nam Từ Liêm,Nam Từ Liêm,Hà Nội,gioi,excel,hoat_dong,2026-04-03,MON_LY,Vật lý,tu_nhien,online,Cải thiện điểm số,250000,2,dang_tim_gia_su,2026-03-26
HS_EX_0406,Dương Hoàng Châu,THPT_TTT,THPT Tôn Thất Tùng,thpt,LOP_10,Lớp 10,thpt,KV_HN_TX,Thanh Xuân,Thanh Xuân,Hà Nội,kha,excel,hoat_dong,2026-04-03,MON_ANH,Tiếng Anh,ngoai_ngu,online,Cải thiện điểm số,150000,3,dang_tim_gia_su,2026-03-26
HS_EX_0407,Bùi Hồng Hân,THPT_TP_DN,THPT Trần Phú,thpt,LOP_09,Lớp 9,thcs,KV_HN_CG,Cầu Giấy,Cầu Giấy,Hà Nội,trung_binh,excel,hoat_dong,2026-04-03,MON_ANH,Tiếng Anh,ngoai_ngu,ca_hai,Cải thiện điểm số,150000,3,dang_tim_gia_su,2026-03-22
HS_EX_0408,Hoàng Hải Đức,THPT_TL,THPT Thăng Long,thpt,LOP_10,Lớp 10,thpt,KV_HCM_Q4,Quận 4,Quận 4,Hồ Chí Minh,kha,excel,hoat_dong,2026-04-03,MON_VAN,Ngữ văn,xa_hoi,online,Cải thiện điểm số,250000,2,dang_tim_gia_su,2026-03-29
HS_EX_0409,Bùi Thanh Hân,THPT_TDN,THPT Chuyên Trần Đại Nghĩa,thpt,LOP_12,Lớp 12,thpt,KV_HCM_Q5,Quận 5,Quận 5,Hồ Chí Minh,gioi,excel,hoat_dong,2026-04-03,MON_ANH,Tiếng Anh,ngoai_ngu,online,Cải thiện điểm số,250000,2,dang_tim_gia_su,2026-03-06
HS_EX_0410,Đặng Thị An,THPT_LQD_HCM,THPT Lê Quý Đôn,thpt,LOP_10,Lớp 10,thpt,KV_HCM_Q8,Quận 8,Quận 8,Hồ Chí Minh,gioi,excel,hoat_dong,2026-04-03,MON_ANH,Tiếng Anh,ngoai_ngu,ca_hai,Cải thiện điểm số,200000,3,dang_tim_gia_su,2026-03-30
HS_EX_0411,Ngô Đức Đạt,THPT_NT_HCM,THPT Nguyễn Trãi,thpt,LOP_10,Lớp 10,thpt,KV_HN_TH,Tây Hồ,Tây Hồ,Hà Nội,gioi,excel,hoat_dong,2026-04-03,MON_LY,Vật lý,tu_nhien,ca_hai,Cải thiện điểm số,150000,2,dang_tim_gia_su,2026-03-14
HS_EX_0412,Trần Ngọc Linh,THPT_ST,THPT Sơn Tây,thpt,LOP_10,Lớp 10,thpt,KV_HN_HD,Hà Đông,Hà Đông,Hà Nội,kha,excel,hoat_dong,2026-04-03,MON_TOAN,Toán,tu_nhien,truc_tiep,Cải thiện điểm số,150000,2,dang_tim_gia_su,2026-03-24
HS_EX_0413,Bùi Thu Vy,THPT_YH,THPT Yên Hòa,thpt,LOP_10,Lớp 10,thpt,KV_HCM_PN,Phú Nhuận,Phú Nhuận,Hồ Chí Minh,xuat_sac,excel,hoat_dong,2026-04-03,MON_TOAN,Toán,tu_nhien,online,Cải thiện điểm số,150000,2,dang_tim_gia_su,2026-03-31
HS_EX_0414,Trần Thu Hân,THPT_NHS,THPT Ngũ Hành Sơn,thpt,LOP_06,Lớp 6,thcs,KV_HCM_GV,Gò Vấp,Gò Vấp,Hồ Chí Minh,xuat_sac,excel,hoat_dong,2026-04-03,MON_VAN,Ngữ văn,xa_hoi,ca_hai,Cải thiện điểm số,250000,3,dang_tim_gia_su,2026-03-15
HS_EX_0415,Trần Hữu Hùng,THPT_TP_HN,THPT Trần Phú - Hoàn Kiếm,thpt,LOP_06,Lớp 6,thcs,KV_HCM_Q3,Quận 3,Quận 3,Hồ Chí Minh,yeu,excel,hoat_dong,2026-04-03,MON_ANH,Tiếng Anh,ngoai_ngu,ca_hai,Cải thiện điểm số,250000,3,dang_tim_gia_su,2026-03-08
HS_EX_0416,Lý Đình Khoa,THPT_MQ,THPT Mạc Đĩnh Chi,thpt,LOP_06,Lớp 6,thcs,KV_HN_HD,Hà Đông,Hà Đông,Hà Nội,gioi,excel,hoat_dong,2026-04-03,MON_ANH,Tiếng Anh,ngoai_ngu,ca_hai,Cải thiện điểm số,150000,3,dang_tim_gia_su,2026-04-01
HS_EX_0417,Vũ Thanh Vy,THPT_VD,THPT Việt Đức,thpt,LOP_06,Lớp 6,thcs,KV_HCM_Q10,Quận 10,Quận 10,Hồ Chí Minh,kha,excel,hoat_dong,2026-04-03,MON_VAN,Ngữ văn,xa_hoi,online,Cải thiện điểm số,200000,4,dang_tim_gia_su,2026-03-19
HS_EX_0418,Lê Minh Tuấn,THPT_PDP,THPT Phan Đình Phùng,thpt,LOP_09,Lớp 9,thcs,KV_DN_HC,Hải Châu,Hải Châu,Đà Nẵng,trung_binh,excel,hoat_dong,2026-04-03,MON_TOAN,Toán,tu_nhien,truc_tiep,Cải thiện điểm số,200000,3,dang_tim_gia_su,2026-03-23
HS_EX_0419,Phạm Thu Châu,THPT_MC,THPT Marie Curie,thpt,LOP_06,Lớp 6,thcs,KV_HN_BTL,Bắc Từ Liêm,Bắc Từ Liêm,Hà Nội,trung_binh,excel,hoat_dong,2026-04-03,MON_VAN,Ngữ văn,xa_hoi,ca_hai,Cải thiện điểm số,150000,3,dang_tim_gia_su,2026-03-14
HS_EX_0420,Nguyễn Thị Châu,THPT_LHP,THPT Chuyên Lê Hồng Phong,thpt,LOP_12,Lớp 12,thpt,KV_DN_ST,Sơn Trà,Sơn Trà,Đà Nẵng,xuat_sac,excel,hoat_dong,2026-04-03,MON_TOAN,Toán,tu_nhien,ca_hai,Cải thiện điểm số,150000,4,dang_tim_gia_su,2026-03-04
HS_EX_0421,Vũ Hoàng Thu,THPT_PN,THPT Phú Nhuận,thpt,LOP_12,Lớp 12,thpt,KV_HN_CG,Cầu Giấy,Cầu Giấy,Hà Nội,trung_binh,excel,hoat_dong,2026-04-03,MON_LY,Vật lý,tu_nhien,online,Cải thiện điểm số,250000,4,dang_tim_gia_su,2026-03-07
HS_EX_0422,Vũ Thái Khoa,THPT_DA,THPT Đông Anh,thpt,LOP_10,Lớp 10,thpt,KV_DN_ST,Sơn Trà,Sơn Trà,Đà Nẵng,gioi,excel,hoat_dong,2026-04-03,MON_ANH,Tiếng Anh,ngoai_ngu,ca_hai,Cải thiện điểm số,150000,3,dang_tim_gia_su,2026-03-30
HS_EX_0423,Vũ Hải Huy,THPT_TDN,THPT Chuyên Trần Đại Nghĩa,thpt,LOP_06,Lớp 6,thcs,KV_HN_HM,Hoàng Mai,Hoàng Mai,Hà Nội,gioi,excel,hoat_dong,2026-04-03,MON_VAN,Ngữ văn,xa_hoi,online,Cải thiện điểm số,250000,4,dang_tim_gia_su,2026-03-30
HS_EX_0424,Đỗ Thái Tuấn,THPT_YH,THPT Yên Hòa,thpt,LOP_06,Lớp 6,thcs,KV_HN_LB,Long Biên,Long Biên,Hà Nội,trung_binh,excel,hoat_dong,2026-04-03,MON_ANH,Tiếng Anh,ngoai_ngu,ca_hai,Cải thiện điểm số,150000,4,dang_tim_gia_su,2026-03-04
HS_EX_0425,Nguyễn Trọng Hùng,THPT_DA,THPT Đông Anh,thpt,LOP_10,Lớp 10,thpt,KV_HCM_TB,Tân Bình,Tân Bình,Hồ Chí Minh,trung_binh,excel,hoat_dong,2026-04-03,MON_LY,Vật lý,tu_nhien,truc_tiep,Cải thiện điểm số,150000,4,dang_tim_gia_su,2026-03-13
HS_EX_0426,Trần Ngọc An,THPT_LQD_HCM,THPT Lê Quý Đôn,thpt,LOP_10,Lớp 10,thpt,KV_DN_ST,Sơn Trà,Sơn Trà,Đà Nẵng,xuat_sac,excel,hoat_dong,2026-04-03,MON_VAN,Ngữ văn,xa_hoi,ca_hai,Cải thiện điểm số,250000,3,dang_tim_gia_su,2026-03-14
HS_EX_0427,Trần Thu Thu,THPT_NVT,THPT Nguyễn Văn Trỗi,thpt,LOP_06,Lớp 6,thcs,KV_HN_HBT,Hai Bà Trưng,Hai Bà Trưng,Hà Nội,kha,excel,hoat_dong,2026-04-03,MON_LY,Vật lý,tu_nhien,online,Cải thiện điểm số,150000,3,dang_tim_gia_su,2026-03-24
HS_EX_0428,Đỗ Quang Đạt,THPT_NT_HCM,THPT Nguyễn Trãi,thpt,LOP_06,Lớp 6,thcs,KV_HCM_GV,Gò Vấp,Gò Vấp,Hồ Chí Minh,gioi,excel,hoat_dong,2026-04-03,MON_ANH,Tiếng Anh,ngoai_ngu,online,Cải thiện điểm số,200000,3,dang_tim_gia_su,2026-03-30
HS_EX_0429,Vũ Thanh Thảo,THPT_LHP,THPT Chuyên Lê Hồng Phong,thpt,LOP_09,Lớp 9,thcs,KV_HN_HD,Hà Đông,Hà Đông,Hà Nội,kha,excel,hoat_dong,2026-04-03,MON_TOAN,Toán,tu_nhien,online,Cải thiện điểm số,250000,2,dang_tim_gia_su,2026-03-27
HS_EX_0430,Trần Hữu Đức,THPT_TP_DN,THPT Trần Phú,thpt,LOP_10,Lớp 10,thpt,KV_HCM_BT,Bình Thạnh,Bình Thạnh,Hồ Chí Minh,trung_binh,excel,hoat_dong,2026-04-03,MON_ANH,Tiếng Anh,ngoai_ngu,truc_tiep,Cải thiện điểm số,200000,3,dang_tim_gia_su,2026-03-20
HS_EX_0431,Hoàng Thị Linh,THPT_DD,THPT Đống Đa,thpt,LOP_10,Lớp 10,thpt,KV_HCM_GV,Gò Vấp,Gò Vấp,Hồ Chí Minh,trung_binh,excel,hoat_dong,2026-04-03,MON_TOAN,Toán,tu_nhien,online,Cải thiện điểm số,150000,2,dang_tim_gia_su,2026-03-28
HS_EX_0432,Lý Văn Kiệt,THPT_LQD_HCM,THPT Lê Quý Đôn,thpt,LOP_09,Lớp 9,thcs,KV_HN_CG,Cầu Giấy,Cầu Giấy,Hà Nội,xuat_sac,excel,hoat_dong,2026-04-03,MON_TOAN,Toán,tu_nhien,truc_tiep,Cải thiện điểm số,200000,2,dang_tim_gia_su,2026-03-11
HS_EX_0433,Đỗ Đức Đức,THPT_CG,THPT Cầu Giấy,thpt,LOP_12,Lớp 12,thpt,KV_HCM_BT,Bình Thạnh,Bình Thạnh,Hồ Chí Minh,kha,excel,hoat_dong,2026-04-03,MON_VAN,Ngữ văn,xa_hoi,truc_tiep,Cải thiện điểm số,150000,4,dang_tim_gia_su,2026-03-10
HS_EX_0434,Lê Hồng An,THPT_NVT,THPT Nguyễn Văn Trỗi,thpt,LOP_06,Lớp 6,thcs,KV_DN_LC,Liên Chiểu,Liên Chiểu,Đà Nẵng,xuat_sac,excel,hoat_dong,2026-04-03,MON_VAN,Ngữ văn,xa_hoi,truc_tiep,Cải thiện điểm số,250000,2,dang_tim_gia_su,2026-03-07
HS_EX_0435,Lý Hải Đạt,THPT_ST,THPT Sơn Tây,thpt,LOP_12,Lớp 12,thpt,KV_HN_HBT,Hai Bà Trưng,Hai Bà Trưng,Hà Nội,xuat_sac,excel,hoat_dong,2026-04-03,MON_LY,Vật lý,tu_nhien,online,Cải thiện điểm số,150000,4,dang_tim_gia_su,2026-04-03
HS_EX_0436,Đỗ Hữu Đức,THPT_PN,THPT Phú Nhuận,thpt,LOP_12,Lớp 12,thpt,KV_HN_TX,Thanh Xuân,Thanh Xuân,Hà Nội,trung_binh,excel,hoat_dong,2026-04-03,MON_TOAN,Toán,tu_nhien,truc_tiep,Cải thiện điểm số,200000,4,dang_tim_gia_su,2026-03-25
HS_EX_0437,Đỗ Thanh Trang,THPT_LQD_HCM,THPT Lê Quý Đôn,thpt,LOP_09,Lớp 9,thcs,KV_HN_BD,Ba Đình,Ba Đình,Hà Nội,yeu,excel,hoat_dong,2026-04-03,MON_VAN,Ngữ văn,xa_hoi,truc_tiep,Cải thiện điểm số,150000,3,dang_tim_gia_su,2026-03-31
HS_EX_0438,Lý Thái Nam,THPT_PN,THPT Phú Nhuận,thpt,LOP_09,Lớp 9,thcs,KV_HCM_Q8,Quận 8,Quận 8,Hồ Chí Minh,xuat_sac,excel,hoat_dong,2026-04-03,MON_LY,Vật lý,tu_nhien,truc_tiep,Cải thiện điểm số,250000,3,dang_tim_gia_su,2026-03-17
HS_EX_0439,Hoàng Ngọc Thu,THPT_HHT,THPT Hoàng Hoa Thám,thpt,LOP_10,Lớp 10,thpt,KV_HCM_Q10,Quận 10,Quận 10,Hồ Chí Minh,gioi,excel,hoat_dong,2026-04-03,MON_ANH,Tiếng Anh,ngoai_ngu,truc_tiep,Cải thiện điểm số,250000,3,dang_tim_gia_su,2026-03-13
HS_EX_0440,Đặng Thị Thu,THPT_CBQ,THPT Cao Bá Quát,thpt,LOP_09,Lớp 9,thcs,KV_HCM_TD,Thủ Đức,Thủ Đức,Hồ Chí Minh,yeu,excel,hoat_dong,2026-04-03,MON_ANH,Tiếng Anh,ngoai_ngu,ca_hai,Cải thiện điểm số,150000,3,dang_tim_gia_su,2026-03-08
HS_EX_0441,Đỗ Thị Mai,THPT_LQD_DN,THPT Chuyên Lê Quý Đôn,thpt,LOP_12,Lớp 12,thpt,KV_DN_NHS,Ngũ Hành Sơn,Ngũ Hành Sơn,Đà Nẵng,xuat_sac,excel,hoat_dong,2026-04-03,MON_TOAN,Toán,tu_nhien,truc_tiep,Cải thiện điểm số,200000,2,dang_tim_gia_su,2026-03-19
HS_EX_0442,Đỗ Bảo Nhung,THPT_LHP,THPT Chuyên Lê Hồng Phong,thpt,LOP_10,Lớp 10,thpt,KV_HN_BD,Ba Đình,Ba Đình,Hà Nội,gioi,excel,hoat_dong,2026-04-03,MON_LY,Vật lý,tu_nhien,ca_hai,Cải thiện điểm số,200000,2,dang_tim_gia_su,2026-03-10
HS_EX_0443,Bùi Văn Khoa,THPT_LHP,THPT Chuyên Lê Hồng Phong,thpt,LOP_09,Lớp 9,thcs,KV_DN_LC,Liên Chiểu,Liên Chiểu,Đà Nẵng,xuat_sac,excel,hoat_dong,2026-04-03,MON_TOAN,Toán,tu_nhien,truc_tiep,Cải thiện điểm số,200000,3,dang_tim_gia_su,2026-04-03
HS_EX_0444,Dương Đình Đạt,THPT_CG,THPT Cầu Giấy,thpt,LOP_12,Lớp 12,thpt,KV_HCM_Q5,Quận 5,Quận 5,Hồ Chí Minh,xuat_sac,excel,hoat_dong,2026-04-03,MON_LY,Vật lý,tu_nhien,ca_hai,Cải thiện điểm số,150000,2,dang_tim_gia_su,2026-03-24
HS_EX_0445,Phạm Hữu Cường,THPT_KL,THPT Kim Liên,thpt,LOP_06,Lớp 6,thcs,KV_HCM_Q3,Quận 3,Quận 3,Hồ Chí Minh,kha,excel,hoat_dong,2026-04-03,MON_VAN,Ngữ văn,xa_hoi,ca_hai,Cải thiện điểm số,250000,2,dang_tim_gia_su,2026-03-15
HS_EX_0446,Trần Bảo Linh,THPT_PN,THPT Phú Nhuận,thpt,LOP_10,Lớp 10,thpt,KV_HN_HK,Hoàn Kiếm,Hoàn Kiếm,Hà Nội,gioi,excel,hoat_dong,2026-04-03,MON_TOAN,Toán,tu_nhien,truc_tiep,Cải thiện điểm số,200000,3,dang_tim_gia_su,2026-03-21
HS_EX_0447,Lê Hữu Hùng,THPT_TP_HN,THPT Trần Phú - Hoàn Kiếm,thpt,LOP_09,Lớp 9,thcs,KV_HN_HBT,Hai Bà Trưng,Hai Bà Trưng,Hà Nội,xuat_sac,excel,hoat_dong,2026-04-03,MON_LY,Vật lý,tu_nhien,truc_tiep,Cải thiện điểm số,250000,3,dang_tim_gia_su,2026-03-04
HS_EX_0448,Vũ Đức Phú,THPT_CBQ,THPT Cao Bá Quát,thpt,LOP_12,Lớp 12,thpt,KV_HCM_TP,Tân Phú,Tân Phú,Hồ Chí Minh,kha,excel,hoat_dong,2026-04-03,MON_VAN,Ngữ văn,xa_hoi,online,Cải thiện điểm số,200000,2,dang_tim_gia_su,2026-03-25
HS_EX_0449,Dương Hoàng Hân,THPT_KL,THPT Kim Liên,thpt,LOP_10,Lớp 10,thpt,KV_DN_LC,Liên Chiểu,Liên Chiểu,Đà Nẵng,trung_binh,excel,hoat_dong,2026-04-03,MON_LY,Vật lý,tu_nhien,ca_hai,Cải thiện điểm số,150000,2,dang_tim_gia_su,2026-03-22
HS_EX_0450,Đỗ Đình Đức,THPT_LQD_DN,THPT Chuyên Lê Quý Đôn,thpt,LOP_06,Lớp 6,thcs,KV_DN_CL,Cẩm Lệ,Cẩm Lệ,Đà Nẵng,trung_binh,excel,hoat_dong,2026-04-03,MON_LY,Vật lý,tu_nhien,online,Cải thiện điểm số,150000,2,dang_tim_gia_su,2026-03-25
HS_EX_0451,Vũ Thanh Mai,THPT_DA,THPT Đông Anh,thpt,LOP_10,Lớp 10,thpt,KV_HCM_TP,Tân Phú,Tân Phú,Hồ Chí Minh,gioi,excel,hoat_dong,2026-04-03,MON_LY,Vật lý,tu_nhien,truc_tiep,Cải thiện điểm số,250000,4,dang_tim_gia_su,2026-03-14
HS_EX_0452,Vũ Văn Khoa,THPT_TP_HN,THPT Trần Phú - Hoàn Kiếm,thpt,LOP_10,Lớp 10,thpt,KV_HN_BD,Ba Đình,Ba Đình,Hà Nội,xuat_sac,excel,hoat_dong,2026-04-03,MON_TOAN,Toán,tu_nhien,ca_hai,Cải thiện điểm số,150000,2,dang_tim_gia_su,2026-03-08
HS_EX_0453,Nguyễn Văn Khoa,THPT_NMK,THPT Nguyễn Thị Minh Khai,thpt,LOP_10,Lớp 10,thpt,KV_DN_HC,Hải Châu,Hải Châu,Đà Nẵng,gioi,excel,hoat_dong,2026-04-03,MON_VAN,Ngữ văn,xa_hoi,online,Cải thiện điểm số,200000,4,dang_tim_gia_su,2026-03-30
HS_EX_0454,Hoàng Trọng Hùng,THPT_DD,THPT Đống Đa,thpt,LOP_10,Lớp 10,thpt,KV_HCM_BT,Bình Thạnh,Bình Thạnh,Hồ Chí Minh,kha,excel,hoat_dong,2026-04-03,MON_TOAN,Toán,tu_nhien,truc_tiep,Cải thiện điểm số,250000,4,dang_tim_gia_su,2026-03-30
HS_EX_0455,Lý Thái Huy,THPT_HHT,THPT Hoàng Hoa Thám,thpt,LOP_10,Lớp 10,thpt,KV_HCM_Q3,Quận 3,Quận 3,Hồ Chí Minh,xuat_sac,excel,hoat_dong,2026-04-03,MON_VAN,Ngữ văn,xa_hoi,ca_hai,Cải thiện điểm số,150000,4,dang_tim_gia_su,2026-03-21
HS_EX_0456,Dương Thị Châu,THPT_NVT,THPT Nguyễn Văn Trỗi,thpt,LOP_06,Lớp 6,thcs,KV_HN_NTL,Nam Từ Liêm,Nam Từ Liêm,Hà Nội,xuat_sac,excel,hoat_dong,2026-04-03,MON_VAN,Ngữ văn,xa_hoi,online,Cải thiện điểm số,150000,2,dang_tim_gia_su,2026-03-31
HS_EX_0457,Lê Văn Đạt,THPT_TP_HN,THPT Trần Phú - Hoàn Kiếm,thpt,LOP_12,Lớp 12,thpt,KV_HCM_TB,Tân Bình,Tân Bình,Hồ Chí Minh,xuat_sac,excel,hoat_dong,2026-04-03,MON_VAN,Ngữ văn,xa_hoi,truc_tiep,Cải thiện điểm số,200000,3,dang_tim_gia_su,2026-03-07
HS_EX_0458,Lý Hải Khoa,THPT_ST,THPT Sơn Tây,thpt,LOP_12,Lớp 12,thpt,KV_HCM_BT,Bình Thạnh,Bình Thạnh,Hồ Chí Minh,yeu,excel,hoat_dong,2026-04-03,MON_LY,Vật lý,tu_nhien,truc_tiep,Cải thiện điểm số,200000,2,dang_tim_gia_su,2026-03-08
HS_EX_0459,Lê Hải Cường,THPT_AMS,THPT Chuyên Hà Nội - Amsterdam,thpt,LOP_10,Lớp 10,thpt,KV_HCM_Q3,Quận 3,Quận 3,Hồ Chí Minh,xuat_sac,excel,hoat_dong,2026-04-03,MON_LY,Vật lý,tu_nhien,truc_tiep,Cải thiện điểm số,150000,3,dang_tim_gia_su,2026-03-17
HS_EX_0460,Bùi Thái Đạt,THPT_NH,THPT Nguyễn Hiền,thpt,LOP_06,Lớp 6,thcs,KV_HN_LB,Long Biên,Long Biên,Hà Nội,kha,excel,hoat_dong,2026-04-03,MON_VAN,Ngữ văn,xa_hoi,online,Cải thiện điểm số,150000,3,dang_tim_gia_su,2026-03-29
HS_EX_0461,Ngô Minh Phú,THPT_ND,THPT Nguyễn Du,thpt,LOP_06,Lớp 6,thcs,KV_HN_HM,Hoàng Mai,Hoàng Mai,Hà Nội,yeu,excel,hoat_dong,2026-04-03,MON_TOAN,Toán,tu_nhien,ca_hai,Cải thiện điểm số,250000,2,dang_tim_gia_su,2026-03-24
HS_EX_0462,Ngô Hải Đức,THPT_ND,THPT Nguyễn Du,thpt,LOP_12,Lớp 12,thpt,KV_DN_LC,Liên Chiểu,Liên Chiểu,Đà Nẵng,xuat_sac,excel,hoat_dong,2026-04-03,MON_TOAN,Toán,tu_nhien,online,Cải thiện điểm số,150000,2,dang_tim_gia_su,2026-03-13
HS_EX_0463,Trần Bảo Nhung,THPT_NMK,THPT Nguyễn Thị Minh Khai,thpt,LOP_09,Lớp 9,thcs,KV_HN_HM,Hoàng Mai,Hoàng Mai,Hà Nội,trung_binh,excel,hoat_dong,2026-04-03,MON_VAN,Ngữ văn,xa_hoi,truc_tiep,Cải thiện điểm số,200000,4,dang_tim_gia_su,2026-03-21
HS_EX_0464,Ngô Trọng Nam,THPT_MQ,THPT Mạc Đĩnh Chi,thpt,LOP_12,Lớp 12,thpt,KV_HCM_Q8,Quận 8,Quận 8,Hồ Chí Minh,trung_binh,excel,hoat_dong,2026-04-03,MON_LY,Vật lý,tu_nhien,ca_hai,Cải thiện điểm số,150000,2,dang_tim_gia_su,2026-04-03
HS_EX_0465,Lê Quang Đạt,THPT_CVA,THPT Chu Văn An,thpt,LOP_10,Lớp 10,thpt,KV_DN_ST,Sơn Trà,Sơn Trà,Đà Nẵng,kha,excel,hoat_dong,2026-04-03,MON_VAN,Ngữ văn,xa_hoi,ca_hai,Cải thiện điểm số,200000,3,dang_tim_gia_su,2026-03-21
HS_EX_0466,Bùi Trọng Đức,THPT_TP_DN,THPT Trần Phú,thpt,LOP_12,Lớp 12,thpt,KV_HCM_Q7,Quận 7,Quận 7,Hồ Chí Minh,xuat_sac,excel,hoat_dong,2026-04-03,MON_VAN,Ngữ văn,xa_hoi,ca_hai,Cải thiện điểm số,250000,2,dang_tim_gia_su,2026-03-29
HS_EX_0467,Lý Hải Kiệt,THPT_VD,THPT Việt Đức,thpt,LOP_10,Lớp 10,thpt,KV_HCM_Q10,Quận 10,Quận 10,Hồ Chí Minh,gioi,excel,hoat_dong,2026-04-03,MON_VAN,Ngữ văn,xa_hoi,truc_tiep,Cải thiện điểm số,250000,2,dang_tim_gia_su,2026-04-03
HS_EX_0468,Bùi Đức Tuấn,THPT_TP_DN,THPT Trần Phú,thpt,LOP_06,Lớp 6,thcs,KV_HN_NTL,Nam Từ Liêm,Nam Từ Liêm,Hà Nội,xuat_sac,excel,hoat_dong,2026-04-03,MON_VAN,Ngữ văn,xa_hoi,truc_tiep,Cải thiện điểm số,250000,3,dang_tim_gia_su,2026-03-19
HS_EX_0469,Trần Xuân Nhung,THPT_NT_HN,THPT Nguyễn Trãi - Ba Đình,thpt,LOP_10,Lớp 10,thpt,KV_DN_NHS,Ngũ Hành Sơn,Ngũ Hành Sơn,Đà Nẵng,trung_binh,excel,hoat_dong,2026-04-03,MON_ANH,Tiếng Anh,ngoai_ngu,truc_tiep,Cải thiện điểm số,250000,2,dang_tim_gia_su,2026-03-30
HS_EX_0470,Bùi Hải Khoa,THPT_VTS,THPT Võ Thị Sáu,thpt,LOP_09,Lớp 9,thcs,KV_HCM_Q5,Quận 5,Quận 5,Hồ Chí Minh,trung_binh,excel,hoat_dong,2026-04-03,MON_LY,Vật lý,tu_nhien,truc_tiep,Cải thiện điểm số,250000,3,dang_tim_gia_su,2026-03-09
HS_EX_0471,Hoàng Hồng Hân,THPT_TPh,THPT Thái Phiên,thpt,LOP_10,Lớp 10,thpt,KV_DN_TK,Thanh Khê,Thanh Khê,Đà Nẵng,kha,excel,hoat_dong,2026-04-03,MON_VAN,Ngữ văn,xa_hoi,truc_tiep,Cải thiện điểm số,250000,4,dang_tim_gia_su,2026-03-15
HS_EX_0472,Lê Thanh Vy,THPT_ND,THPT Nguyễn Du,thpt,LOP_09,Lớp 9,thcs,KV_DN_TK,Thanh Khê,Thanh Khê,Đà Nẵng,yeu,excel,hoat_dong,2026-04-03,MON_VAN,Ngữ văn,xa_hoi,online,Cải thiện điểm số,150000,4,dang_tim_gia_su,2026-03-19
HS_EX_0473,Nguyễn Thanh Mai,THPT_DA,THPT Đông Anh,thpt,LOP_06,Lớp 6,thcs,KV_HCM_Q5,Quận 5,Quận 5,Hồ Chí Minh,gioi,excel,hoat_dong,2026-04-03,MON_TOAN,Toán,tu_nhien,ca_hai,Cải thiện điểm số,150000,3,dang_tim_gia_su,2026-03-16
HS_EX_0474,Lê Hồng Thu,THPT_NT_HCM,THPT Nguyễn Trãi,thpt,LOP_09,Lớp 9,thcs,KV_HN_HBT,Hai Bà Trưng,Hai Bà Trưng,Hà Nội,yeu,excel,hoat_dong,2026-04-03,MON_VAN,Ngữ văn,xa_hoi,truc_tiep,Cải thiện điểm số,250000,3,dang_tim_gia_su,2026-03-16
HS_EX_0475,Ngô Ngọc Trang,THPT_NTH_HCM,THPT Nguyễn Thượng Hiền,thpt,LOP_09,Lớp 9,thcs,KV_HCM_TD,Thủ Đức,Thủ Đức,Hồ Chí Minh,xuat_sac,excel,hoat_dong,2026-04-03,MON_LY,Vật lý,tu_nhien,truc_tiep,Cải thiện điểm số,150000,4,dang_tim_gia_su,2026-03-21
HS_EX_0476,Hoàng Hồng Thu,THPT_DA,THPT Đông Anh,thpt,LOP_09,Lớp 9,thcs,KV_DN_ST,Sơn Trà,Sơn Trà,Đà Nẵng,trung_binh,excel,hoat_dong,2026-04-03,MON_ANH,Tiếng Anh,ngoai_ngu,truc_tiep,Cải thiện điểm số,150000,3,dang_tim_gia_su,2026-03-13
HS_EX_0477,Nguyễn Thái Nam,THPT_MC,THPT Marie Curie,thpt,LOP_06,Lớp 6,thcs,KV_DN_HC,Hải Châu,Hải Châu,Đà Nẵng,xuat_sac,excel,hoat_dong,2026-04-03,MON_LY,Vật lý,tu_nhien,truc_tiep,Cải thiện điểm số,250000,3,dang_tim_gia_su,2026-03-11
HS_EX_0478,Lý Ngọc Thu,THPT_PDP,THPT Phan Đình Phùng,thpt,LOP_10,Lớp 10,thpt,KV_HN_HBT,Hai Bà Trưng,Hai Bà Trưng,Hà Nội,yeu,excel,hoat_dong,2026-04-03,MON_VAN,Ngữ văn,xa_hoi,ca_hai,Cải thiện điểm số,250000,4,dang_tim_gia_su,2026-03-12
HS_EX_0479,Phạm Thu Nhung,THPT_NMK,THPT Nguyễn Thị Minh Khai,thpt,LOP_06,Lớp 6,thcs,KV_HCM_Q10,Quận 10,Quận 10,Hồ Chí Minh,trung_binh,excel,hoat_dong,2026-04-03,MON_LY,Vật lý,tu_nhien,online,Cải thiện điểm số,150000,2,dang_tim_gia_su,2026-03-06
HS_EX_0480,Nguyễn Minh Khoa,THPT_AMS,THPT Chuyên Hà Nội - Amsterdam,thpt,LOP_06,Lớp 6,thcs,KV_HN_DD,Đống Đa,Đống Đa,Hà Nội,yeu,excel,hoat_dong,2026-04-03,MON_TOAN,Toán,tu_nhien,ca_hai,Cải thiện điểm số,150000,3,dang_tim_gia_su,2026-03-19
HS_EX_0481,Trần Hữu Kiệt,THPT_MC,THPT Marie Curie,thpt,LOP_12,Lớp 12,thpt,KV_DN_LC,Liên Chiểu,Liên Chiểu,Đà Nẵng,yeu,excel,hoat_dong,2026-04-03,MON_ANH,Tiếng Anh,ngoai_ngu,truc_tiep,Cải thiện điểm số,250000,4,dang_tim_gia_su,2026-03-26
HS_EX_0482,Lê Quang Huy,THPT_DD,THPT Đống Đa,thpt,LOP_06,Lớp 6,thcs,KV_HN_HBT,Hai Bà Trưng,Hai Bà Trưng,Hà Nội,kha,excel,hoat_dong,2026-04-03,MON_TOAN,Toán,tu_nhien,truc_tiep,Cải thiện điểm số,250000,2,dang_tim_gia_su,2026-03-14
HS_EX_0483,Đỗ Thị Hân,THPT_ST,THPT Sơn Tây,thpt,LOP_09,Lớp 9,thcs,KV_HCM_TP,Tân Phú,Tân Phú,Hồ Chí Minh,xuat_sac,excel,hoat_dong,2026-04-03,MON_VAN,Ngữ văn,xa_hoi,truc_tiep,Cải thiện điểm số,250000,2,dang_tim_gia_su,2026-03-26
HS_EX_0484,Phạm Thị Linh,THPT_TP_DN,THPT Trần Phú,thpt,LOP_10,Lớp 10,thpt,KV_HCM_Q4,Quận 4,Quận 4,Hồ Chí Minh,trung_binh,excel,hoat_dong,2026-04-03,MON_LY,Vật lý,tu_nhien,truc_tiep,Cải thiện điểm số,250000,3,dang_tim_gia_su,2026-03-26
HS_EX_0485,Lý Hữu Kiệt,THPT_CBQ,THPT Cao Bá Quát,thpt,LOP_09,Lớp 9,thcs,KV_HCM_Q3,Quận 3,Quận 3,Hồ Chí Minh,xuat_sac,excel,hoat_dong,2026-04-03,MON_LY,Vật lý,tu_nhien,online,Cải thiện điểm số,200000,2,dang_tim_gia_su,2026-03-15
HS_EX_0486,Đỗ Thu Mai,THPT_KL,THPT Kim Liên,thpt,LOP_06,Lớp 6,thcs,KV_DN_LC,Liên Chiểu,Liên Chiểu,Đà Nẵng,gioi,excel,hoat_dong,2026-04-03,MON_ANH,Tiếng Anh,ngoai_ngu,truc_tiep,Cải thiện điểm số,150000,3,dang_tim_gia_su,2026-03-28
HS_EX_0487,Phạm Đức Khoa,THPT_CVD,THPT Cẩm Lệ,thpt,LOP_09,Lớp 9,thcs,KV_HN_DD,Đống Đa,Đống Đa,Hà Nội,gioi,excel,hoat_dong,2026-04-03,MON_LY,Vật lý,tu_nhien,truc_tiep,Cải thiện điểm số,250000,4,dang_tim_gia_su,2026-03-19
HS_EX_0488,Bùi Hoàng Hân,THPT_TL,THPT Thăng Long,thpt,LOP_12,Lớp 12,thpt,KV_HN_NTL,Nam Từ Liêm,Nam Từ Liêm,Hà Nội,gioi,excel,hoat_dong,2026-04-03,MON_TOAN,Toán,tu_nhien,ca_hai,Cải thiện điểm số,200000,3,dang_tim_gia_su,2026-03-10
HS_EX_0489,Bùi Đức Huy,THPT_NVT,THPT Nguyễn Văn Trỗi,thpt,LOP_09,Lớp 9,thcs,KV_HCM_Q10,Quận 10,Quận 10,Hồ Chí Minh,kha,excel,hoat_dong,2026-04-03,MON_ANH,Tiếng Anh,ngoai_ngu,online,Cải thiện điểm số,250000,3,dang_tim_gia_su,2026-03-25
HS_EX_0490,Ngô Hữu Đức,THPT_TPh,THPT Thái Phiên,thpt,LOP_09,Lớp 9,thcs,KV_HN_BD,Ba Đình,Ba Đình,Hà Nội,gioi,excel,hoat_dong,2026-04-03,MON_VAN,Ngữ văn,xa_hoi,truc_tiep,Cải thiện điểm số,150000,4,dang_tim_gia_su,2026-03-16
HS_EX_0491,Lý Bảo Nhung,THPT_PN,THPT Phú Nhuận,thpt,LOP_12,Lớp 12,thpt,KV_HCM_PN,Phú Nhuận,Phú Nhuận,Hồ Chí Minh,trung_binh,excel,hoat_dong,2026-04-03,MON_ANH,Tiếng Anh,ngoai_ngu,online,Cải thiện điểm số,200000,2,dang_tim_gia_su,2026-03-30
HS_EX_0492,Vũ Quang Huy,THPT_DD,THPT Đống Đa,thpt,LOP_12,Lớp 12,thpt,KV_HCM_Q1,Quận 1,Quận 1,Hồ Chí Minh,kha,excel,hoat_dong,2026-04-03,MON_ANH,Tiếng Anh,ngoai_ngu,truc_tiep,Cải thiện điểm số,150000,2,dang_tim_gia_su,2026-03-17
HS_EX_0493,Bùi Hồng Nhung,THPT_PN,THPT Phú Nhuận,thpt,LOP_09,Lớp 9,thcs,KV_HN_HBT,Hai Bà Trưng,Hai Bà Trưng,Hà Nội,trung_binh,excel,hoat_dong,2026-04-03,MON_VAN,Ngữ văn,xa_hoi,ca_hai,Cải thiện điểm số,150000,4,dang_tim_gia_su,2026-03-30
HS_EX_0494,Lý Trọng Hùng,THPT_VD,THPT Việt Đức,thpt,LOP_09,Lớp 9,thcs,KV_HN_TH,Tây Hồ,Tây Hồ,Hà Nội,trung_binh,excel,hoat_dong,2026-04-03,MON_ANH,Tiếng Anh,ngoai_ngu,truc_tiep,Cải thiện điểm số,150000,2,dang_tim_gia_su,2026-03-16
HS_EX_0495,Hoàng Hải Đức,THPT_NMK,THPT Nguyễn Thị Minh Khai,thpt,LOP_09,Lớp 9,thcs,KV_DN_CL,Cẩm Lệ,Cẩm Lệ,Đà Nẵng,gioi,excel,hoat_dong,2026-04-03,MON_VAN,Ngữ văn,xa_hoi,ca_hai,Cải thiện điểm số,150000,2,dang_tim_gia_su,2026-03-18
HS_EX_0496,Lý Hồng Nhung,THPT_ST,THPT Sơn Tây,thpt,LOP_10,Lớp 10,thpt,KV_DN_HC,Hải Châu,Hải Châu,Đà Nẵng,yeu,excel,hoat_dong,2026-04-03,MON_VAN,Ngữ văn,xa_hoi,online,Cải thiện điểm số,200000,4,dang_tim_gia_su,2026-03-20
HS_EX_0497,Lê Ngọc Mai,THPT_NHS,THPT Ngũ Hành Sơn,thpt,LOP_06,Lớp 6,thcs,KV_HN_HBT,Hai Bà Trưng,Hai Bà Trưng,Hà Nội,yeu,excel,hoat_dong,2026-04-03,MON_TOAN,Toán,tu_nhien,ca_hai,Cải thiện điểm số,250000,2,dang_tim_gia_su,2026-04-03
HS_EX_0498,Trần Xuân Hân,THPT_PN,THPT Phú Nhuận,thpt,LOP_12,Lớp 12,thpt,KV_HN_HK,Hoàn Kiếm,Hoàn Kiếm,Hà Nội,trung_binh,excel,hoat_dong,2026-04-03,MON_LY,Vật lý,tu_nhien,truc_tiep,Cải thiện điểm số,150000,3,dang_tim_gia_su,2026-03-12
HS_EX_0499,Đặng Trọng Đạt,THPT_ST,THPT Sơn Tây,thpt,LOP_06,Lớp 6,thcs,KV_HN_HM,Hoàng Mai,Hoàng Mai,Hà Nội,trung_binh,excel,hoat_dong,2026-04-03,MON_VAN,Ngữ văn,xa_hoi,online,Cải thiện điểm số,200000,2,dang_tim_gia_su,2026-03-26
HS_EX_0500,Đỗ Hồng Nhung,THPT_DA,THPT Đông Anh,thpt,LOP_12,Lớp 12,thpt,KV_DN_HC,Hải Châu,Hải Châu,Đà Nẵng,xuat_sac,excel,hoat_dong,2026-04-03,MON_ANH,Tiếng Anh,ngoai_ngu,truc_tiep,Cải thiện điểm số,150000,2,dang_tim_gia_su,2026-03-06
HS_EX_0501,Ngô Thái Phú,THPT_MQ,THPT Mạc Đĩnh Chi,thpt,LOP_10,Lớp 10,thpt,KV_HCM_GV,Gò Vấp,Gò Vấp,Hồ Chí Minh,gioi,excel,hoat_dong,2026-04-03,MON_TOAN,Toán,tu_nhien,ca_hai,Cải thiện điểm số,250000,2,dang_tim_gia_su,2026-03-12
HS_EX_0502,Dương Hoàng Linh,THPT_NT_HCM,THPT Nguyễn Trãi,thpt,LOP_12,Lớp 12,thpt,KV_HCM_Q3,Quận 3,Quận 3,Hồ Chí Minh,xuat_sac,excel,hoat_dong,2026-04-03,MON_ANH,Tiếng Anh,ngoai_ngu,truc_tiep,Cải thiện điểm số,250000,3,dang_tim_gia_su,2026-03-06
HS_EX_0503,Nguyễn Bảo An,THPT_ST,THPT Sơn Tây,thpt,LOP_09,Lớp 9,thcs,KV_HCM_TB,Tân Bình,Tân Bình,Hồ Chí Minh,kha,excel,hoat_dong,2026-04-03,MON_TOAN,Toán,tu_nhien,ca_hai,Cải thiện điểm số,150000,2,dang_tim_gia_su,2026-04-01
HS_EX_0504,Bùi Xuân Hân,THPT_TP_HN,THPT Trần Phú - Hoàn Kiếm,thpt,LOP_09,Lớp 9,thcs,KV_HCM_PN,Phú Nhuận,Phú Nhuận,Hồ Chí Minh,kha,excel,hoat_dong,2026-04-03,MON_LY,Vật lý,tu_nhien,ca_hai,Cải thiện điểm số,150000,2,dang_tim_gia_su,2026-03-26
HS_EX_0505,Lê Minh Nam,THPT_ST,THPT Sơn Tây,thpt,LOP_10,Lớp 10,thpt,KV_HCM_BT,Bình Thạnh,Bình Thạnh,Hồ Chí Minh,xuat_sac,excel,hoat_dong,2026-04-03,MON_LY,Vật lý,tu_nhien,online,Cải thiện điểm số,150000,4,dang_tim_gia_su,2026-03-08
HS_EX_0506,Đỗ Ngọc Mai,THPT_HHT,THPT Hoàng Hoa Thám,thpt,LOP_09,Lớp 9,thcs,KV_DN_LC,Liên Chiểu,Liên Chiểu,Đà Nẵng,kha,excel,hoat_dong,2026-04-03,MON_ANH,Tiếng Anh,ngoai_ngu,truc_tiep,Cải thiện điểm số,200000,2,dang_tim_gia_su,2026-03-27
HS_EX_0507,Vũ Đức Phú,THPT_LQD_DN,THPT Chuyên Lê Quý Đôn,thpt,LOP_09,Lớp 9,thcs,KV_HN_BTL,Bắc Từ Liêm,Bắc Từ Liêm,Hà Nội,yeu,excel,hoat_dong,2026-04-03,MON_VAN,Ngữ văn,xa_hoi,online,Cải thiện điểm số,150000,3,dang_tim_gia_su,2026-03-21
HS_EX_0508,Dương Hữu Đạt,THPT_OIK,THPT Ông Ích Khiêm,thpt,LOP_06,Lớp 6,thcs,KV_HN_BTL,Bắc Từ Liêm,Bắc Từ Liêm,Hà Nội,yeu,excel,hoat_dong,2026-04-03,MON_ANH,Tiếng Anh,ngoai_ngu,online,Cải thiện điểm số,250000,3,dang_tim_gia_su,2026-04-01
HS_EX_0509,Bùi Ngọc An,THPT_NH,THPT Nguyễn Hiền,thpt,LOP_06,Lớp 6,thcs,KV_HCM_Q8,Quận 8,Quận 8,Hồ Chí Minh,xuat_sac,excel,hoat_dong,2026-04-03,MON_LY,Vật lý,tu_nhien,truc_tiep,Cải thiện điểm số,150000,3,dang_tim_gia_su,2026-03-18
HS_EX_0510,Dương Hồng Hân,THPT_NVT,THPT Nguyễn Văn Trỗi,thpt,LOP_12,Lớp 12,thpt,KV_HCM_Q1,Quận 1,Quận 1,Hồ Chí Minh,yeu,excel,hoat_dong,2026-04-03,MON_ANH,Tiếng Anh,ngoai_ngu,truc_tiep,Cải thiện điểm số,250000,4,dang_tim_gia_su,2026-03-26
HS_EX_0511,Đỗ Bảo Mai,THPT_AMS,THPT Chuyên Hà Nội - Amsterdam,thpt,LOP_09,Lớp 9,thcs,KV_HCM_TB,Tân Bình,Tân Bình,Hồ Chí Minh,kha,excel,hoat_dong,2026-04-03,MON_TOAN,Toán,tu_nhien,ca_hai,Cải thiện điểm số,250000,3,dang_tim_gia_su,2026-03-24
HS_EX_0512,Trần Văn Tuấn,THPT_NVT,THPT Nguyễn Văn Trỗi,thpt,LOP_06,Lớp 6,thcs,KV_DN_TK,Thanh Khê,Thanh Khê,Đà Nẵng,trung_binh,excel,hoat_dong,2026-04-03,MON_TOAN,Toán,tu_nhien,ca_hai,Cải thiện điểm số,150000,3,dang_tim_gia_su,2026-03-06
HS_EX_0513,Vũ Quang Tuấn,THPT_DA,THPT Đông Anh,thpt,LOP_12,Lớp 12,thpt,KV_DN_HC,Hải Châu,Hải Châu,Đà Nẵng,xuat_sac,excel,hoat_dong,2026-04-03,MON_LY,Vật lý,tu_nhien,truc_tiep,Cải thiện điểm số,200000,4,dang_tim_gia_su,2026-03-16
HS_EX_0514,Bùi Hoàng Linh,THPT_ND,THPT Nguyễn Du,thpt,LOP_06,Lớp 6,thcs,KV_HN_HM,Hoàng Mai,Hoàng Mai,Hà Nội,kha,excel,hoat_dong,2026-04-03,MON_VAN,Ngữ văn,xa_hoi,truc_tiep,Cải thiện điểm số,250000,3,dang_tim_gia_su,2026-04-03
HS_EX_0515,Lê Xuân Thảo,THPT_MC,THPT Marie Curie,thpt,LOP_12,Lớp 12,thpt,KV_HN_LB,Long Biên,Long Biên,Hà Nội,yeu,excel,hoat_dong,2026-04-03,MON_LY,Vật lý,tu_nhien,online,Cải thiện điểm số,200000,2,dang_tim_gia_su,2026-03-17
HS_EX_0516,Phạm Bảo Mai,THPT_TP_DN,THPT Trần Phú,thpt,LOP_10,Lớp 10,thpt,KV_DN_HC,Hải Châu,Hải Châu,Đà Nẵng,xuat_sac,excel,hoat_dong,2026-04-03,MON_ANH,Tiếng Anh,ngoai_ngu,truc_tiep,Cải thiện điểm số,150000,3,dang_tim_gia_su,2026-03-12
HS_EX_0517,Dương Hồng Trang,THPT_TTT,THPT Tôn Thất Tùng,thpt,LOP_09,Lớp 9,thcs,KV_HCM_BT,Bình Thạnh,Bình Thạnh,Hồ Chí Minh,xuat_sac,excel,hoat_dong,2026-04-03,MON_VAN,Ngữ văn,xa_hoi,ca_hai,Cải thiện điểm số,250000,3,dang_tim_gia_su,2026-03-19
HS_EX_0518,Lê Thái Nam,THPT_NMK,THPT Nguyễn Thị Minh Khai,thpt,LOP_10,Lớp 10,thpt,KV_HN_HK,Hoàn Kiếm,Hoàn Kiếm,Hà Nội,trung_binh,excel,hoat_dong,2026-04-03,MON_LY,Vật lý,tu_nhien,ca_hai,Cải thiện điểm số,200000,4,dang_tim_gia_su,2026-03-28
HS_EX_0519,Phạm Thu Châu,THPT_ST,THPT Sơn Tây,thpt,LOP_12,Lớp 12,thpt,KV_HN_HBT,Hai Bà Trưng,Hai Bà Trưng,Hà Nội,kha,excel,hoat_dong,2026-04-03,MON_VAN,Ngữ văn,xa_hoi,ca_hai,Cải thiện điểm số,200000,4,dang_tim_gia_su,2026-03-08
HS_EX_0520,Trần Thị Nhung,THPT_NVT,THPT Nguyễn Văn Trỗi,thpt,LOP_06,Lớp 6,thcs,KV_HN_LB,Long Biên,Long Biên,Hà Nội,trung_binh,excel,hoat_dong,2026-04-03,MON_ANH,Tiếng Anh,ngoai_ngu,ca_hai,Cải thiện điểm số,250000,4,dang_tim_gia_su,2026-03-20
HS_EX_0521,Lê Thái Nam,THPT_NT_HN,THPT Nguyễn Trãi - Ba Đình,thpt,LOP_10,Lớp 10,thpt,KV_HN_BTL,Bắc Từ Liêm,Bắc Từ Liêm,Hà Nội,trung_binh,excel,hoat_dong,2026-04-03,MON_VAN,Ngữ văn,xa_hoi,truc_tiep,Cải thiện điểm số,200000,2,dang_tim_gia_su,2026-03-29
HS_EX_0522,Vũ Hữu Kiệt,THPT_NMK,THPT Nguyễn Thị Minh Khai,thpt,LOP_06,Lớp 6,thcs,KV_DN_CL,Cẩm Lệ,Cẩm Lệ,Đà Nẵng,gioi,excel,hoat_dong,2026-04-03,MON_ANH,Tiếng Anh,ngoai_ngu,ca_hai,Cải thiện điểm số,250000,3,dang_tim_gia_su,2026-03-05
HS_EX_0523,Ngô Đức Nam,THPT_TTT,THPT Tôn Thất Tùng,thpt,LOP_06,Lớp 6,thcs,KV_HCM_Q8,Quận 8,Quận 8,Hồ Chí Minh,gioi,excel,hoat_dong,2026-04-03,MON_VAN,Ngữ văn,xa_hoi,online,Cải thiện điểm số,250000,2,dang_tim_gia_su,2026-03-12
HS_EX_0524,Dương Đình Đức,THPT_NHS,THPT Ngũ Hành Sơn,thpt,LOP_09,Lớp 9,thcs,KV_HCM_Q4,Quận 4,Quận 4,Hồ Chí Minh,xuat_sac,excel,hoat_dong,2026-04-03,MON_LY,Vật lý,tu_nhien,online,Cải thiện điểm số,200000,2,dang_tim_gia_su,2026-03-24
HS_EX_0525,Hoàng Minh Khoa,THPT_PN,THPT Phú Nhuận,thpt,LOP_06,Lớp 6,thcs,KV_HCM_Q8,Quận 8,Quận 8,Hồ Chí Minh,gioi,excel,hoat_dong,2026-04-03,MON_VAN,Ngữ văn,xa_hoi,online,Cải thiện điểm số,250000,2,dang_tim_gia_su,2026-03-11
HS_EX_0526,Lý Văn Nam,THPT_DD,THPT Đống Đa,thpt,LOP_10,Lớp 10,thpt,KV_DN_NHS,Ngũ Hành Sơn,Ngũ Hành Sơn,Đà Nẵng,kha,excel,hoat_dong,2026-04-03,MON_VAN,Ngữ văn,xa_hoi,online,Cải thiện điểm số,200000,3,dang_tim_gia_su,2026-03-30
HS_EX_0527,Lê Đình Huy,THPT_NT_HN,THPT Nguyễn Trãi - Ba Đình,thpt,LOP_09,Lớp 9,thcs,KV_HCM_TP,Tân Phú,Tân Phú,Hồ Chí Minh,gioi,excel,hoat_dong,2026-04-03,MON_TOAN,Toán,tu_nhien,truc_tiep,Cải thiện điểm số,250000,3,dang_tim_gia_su,2026-03-04
HS_EX_0528,Trần Bảo Vy,THPT_MQ,THPT Mạc Đĩnh Chi,thpt,LOP_09,Lớp 9,thcs,KV_HN_DD,Đống Đa,Đống Đa,Hà Nội,gioi,excel,hoat_dong,2026-04-03,MON_VAN,Ngữ văn,xa_hoi,online,Cải thiện điểm số,250000,2,dang_tim_gia_su,2026-03-30
HS_EX_0529,Đỗ Hồng Hân,THPT_LHP,THPT Chuyên Lê Hồng Phong,thpt,LOP_12,Lớp 12,thpt,KV_DN_HC,Hải Châu,Hải Châu,Đà Nẵng,trung_binh,excel,hoat_dong,2026-04-03,MON_LY,Vật lý,tu_nhien,truc_tiep,Cải thiện điểm số,200000,2,dang_tim_gia_su,2026-03-16
HS_EX_0530,Ngô Đức Đạt,THPT_VTS,THPT Võ Thị Sáu,thpt,LOP_09,Lớp 9,thcs,KV_HCM_PN,Phú Nhuận,Phú Nhuận,Hồ Chí Minh,gioi,excel,hoat_dong,2026-04-03,MON_VAN,Ngữ văn,xa_hoi,ca_hai,Cải thiện điểm số,250000,3,dang_tim_gia_su,2026-03-15
HS_EX_0531,Lê Thu Thảo,THPT_DA,THPT Đông Anh,thpt,LOP_09,Lớp 9,thcs,KV_HCM_Q8,Quận 8,Quận 8,Hồ Chí Minh,kha,excel,hoat_dong,2026-04-03,MON_TOAN,Toán,tu_nhien,online,Cải thiện điểm số,200000,4,dang_tim_gia_su,2026-03-06
HS_EX_0532,Vũ Quang Phú,THPT_TP_DN,THPT Trần Phú,thpt,LOP_10,Lớp 10,thpt,KV_HN_HK,Hoàn Kiếm,Hoàn Kiếm,Hà Nội,gioi,excel,hoat_dong,2026-04-03,MON_LY,Vật lý,tu_nhien,online,Cải thiện điểm số,150000,3,dang_tim_gia_su,2026-03-26
HS_EX_0533,Trần Hải Phú,THPT_BTX,THPT Bùi Thị Xuân,thpt,LOP_12,Lớp 12,thpt,KV_DN_NHS,Ngũ Hành Sơn,Ngũ Hành Sơn,Đà Nẵng,trung_binh,excel,hoat_dong,2026-04-03,MON_ANH,Tiếng Anh,ngoai_ngu,online,Cải thiện điểm số,250000,4,dang_tim_gia_su,2026-04-01
HS_EX_0534,Trần Hữu Hùng,THPT_NMK,THPT Nguyễn Thị Minh Khai,thpt,LOP_06,Lớp 6,thcs,KV_HCM_PN,Phú Nhuận,Phú Nhuận,Hồ Chí Minh,kha,excel,hoat_dong,2026-04-03,MON_LY,Vật lý,tu_nhien,ca_hai,Cải thiện điểm số,250000,4,dang_tim_gia_su,2026-03-07
HS_EX_0535,Nguyễn Quang Phú,THPT_OIK,THPT Ông Ích Khiêm,thpt,LOP_06,Lớp 6,thcs,KV_HN_NTL,Nam Từ Liêm,Nam Từ Liêm,Hà Nội,gioi,excel,hoat_dong,2026-04-03,MON_LY,Vật lý,tu_nhien,online,Cải thiện điểm số,150000,4,dang_tim_gia_su,2026-03-10
HS_EX_0536,Phạm Văn Nam,THPT_PN,THPT Phú Nhuận,thpt,LOP_06,Lớp 6,thcs,KV_DN_LC,Liên Chiểu,Liên Chiểu,Đà Nẵng,yeu,excel,hoat_dong,2026-04-03,MON_VAN,Ngữ văn,xa_hoi,truc_tiep,Cải thiện điểm số,250000,3,dang_tim_gia_su,2026-03-12
HS_EX_0537,Lê Trọng Phú,THPT_VTS,THPT Võ Thị Sáu,thpt,LOP_10,Lớp 10,thpt,KV_DN_HC,Hải Châu,Hải Châu,Đà Nẵng,kha,excel,hoat_dong,2026-04-03,MON_TOAN,Toán,tu_nhien,truc_tiep,Cải thiện điểm số,150000,4,dang_tim_gia_su,2026-03-09
HS_EX_0538,Ngô Hồng Thu,THPT_MQ,THPT Mạc Đĩnh Chi,thpt,LOP_09,Lớp 9,thcs,KV_DN_ST,Sơn Trà,Sơn Trà,Đà Nẵng,gioi,excel,hoat_dong,2026-04-03,MON_ANH,Tiếng Anh,ngoai_ngu,ca_hai,Cải thiện điểm số,150000,3,dang_tim_gia_su,2026-03-21
HS_EX_0539,Lê Hải Hùng,THPT_NHS,THPT Ngũ Hành Sơn,thpt,LOP_12,Lớp 12,thpt,KV_DN_LC,Liên Chiểu,Liên Chiểu,Đà Nẵng,xuat_sac,excel,hoat_dong,2026-04-03,MON_ANH,Tiếng Anh,ngoai_ngu,truc_tiep,Cải thiện điểm số,150000,3,dang_tim_gia_su,2026-04-02
HS_EX_0540,Bùi Bảo Nhung,THPT_NT_HN,THPT Nguyễn Trãi - Ba Đình,thpt,LOP_06,Lớp 6,thcs,KV_HCM_TD,Thủ Đức,Thủ Đức,Hồ Chí Minh,yeu,excel,hoat_dong,2026-04-03,MON_ANH,Tiếng Anh,ngoai_ngu,truc_tiep,Cải thiện điểm số,250000,4,dang_tim_gia_su,2026-03-21
HS_EX_0541,Bùi Hữu Khoa,THPT_TPh,THPT Thái Phiên,thpt,LOP_10,Lớp 10,thpt,KV_HCM_Q4,Quận 4,Quận 4,Hồ Chí Minh,trung_binh,excel,hoat_dong,2026-04-03,MON_LY,Vật lý,tu_nhien,truc_tiep,Cải thiện điểm số,200000,4,dang_tim_gia_su,2026-03-25
HS_EX_0542,Đặng Bảo Linh,THPT_TL,THPT Thăng Long,thpt,LOP_12,Lớp 12,thpt,KV_HN_HK,Hoàn Kiếm,Hoàn Kiếm,Hà Nội,trung_binh,excel,hoat_dong,2026-04-03,MON_ANH,Tiếng Anh,ngoai_ngu,online,Cải thiện điểm số,150000,3,dang_tim_gia_su,2026-03-29
HS_EX_0543,Dương Ngọc Hân,THPT_TDN,THPT Chuyên Trần Đại Nghĩa,thpt,LOP_06,Lớp 6,thcs,KV_HCM_Q10,Quận 10,Quận 10,Hồ Chí Minh,xuat_sac,excel,hoat_dong,2026-04-03,MON_TOAN,Toán,tu_nhien,ca_hai,Cải thiện điểm số,200000,3,dang_tim_gia_su,2026-03-15
HS_EX_0544,Nguyễn Thị Hân,THPT_LQD_DN,THPT Chuyên Lê Quý Đôn,thpt,LOP_09,Lớp 9,thcs,KV_HN_TX,Thanh Xuân,Thanh Xuân,Hà Nội,trung_binh,excel,hoat_dong,2026-04-03,MON_TOAN,Toán,tu_nhien,truc_tiep,Cải thiện điểm số,250000,2,dang_tim_gia_su,2026-03-12
HS_EX_0545,Đặng Hoàng Châu,THPT_HHT,THPT Hoàng Hoa Thám,thpt,LOP_10,Lớp 10,thpt,KV_HCM_Q8,Quận 8,Quận 8,Hồ Chí Minh,xuat_sac,excel,hoat_dong,2026-04-03,MON_VAN,Ngữ văn,xa_hoi,truc_tiep,Cải thiện điểm số,250000,4,dang_tim_gia_su,2026-03-29
HS_EX_0546,Lê Văn Hùng,THPT_TP_HN,THPT Trần Phú - Hoàn Kiếm,thpt,LOP_10,Lớp 10,thpt,KV_HN_BTL,Bắc Từ Liêm,Bắc Từ Liêm,Hà Nội,kha,excel,hoat_dong,2026-04-03,MON_TOAN,Toán,tu_nhien,truc_tiep,Cải thiện điểm số,200000,3,dang_tim_gia_su,2026-03-27
HS_EX_0547,Lê Thị Thảo,THPT_NT_HN,THPT Nguyễn Trãi - Ba Đình,thpt,LOP_10,Lớp 10,thpt,KV_HCM_Q10,Quận 10,Quận 10,Hồ Chí Minh,kha,excel,hoat_dong,2026-04-03,MON_ANH,Tiếng Anh,ngoai_ngu,truc_tiep,Cải thiện điểm số,150000,4,dang_tim_gia_su,2026-04-03
HS_EX_0548,Đặng Hữu Khoa,THPT_DD,THPT Đống Đa,thpt,LOP_10,Lớp 10,thpt,KV_HCM_PN,Phú Nhuận,Phú Nhuận,Hồ Chí Minh,yeu,excel,hoat_dong,2026-04-03,MON_ANH,Tiếng Anh,ngoai_ngu,truc_tiep,Cải thiện điểm số,250000,3,dang_tim_gia_su,2026-03-27
HS_EX_0549,Phạm Bảo Linh,THPT_LQD_HCM,THPT Lê Quý Đôn,thpt,LOP_09,Lớp 9,thcs,KV_HN_DD,Đống Đa,Đống Đa,Hà Nội,trung_binh,excel,hoat_dong,2026-04-03,MON_TOAN,Toán,tu_nhien,ca_hai,Cải thiện điểm số,200000,2,dang_tim_gia_su,2026-03-05
HS_EX_0550,Đỗ Bảo Thu,THPT_ND,THPT Nguyễn Du,thpt,LOP_10,Lớp 10,thpt,KV_HCM_Q4,Quận 4,Quận 4,Hồ Chí Minh,kha,excel,hoat_dong,2026-04-03,MON_TOAN,Toán,tu_nhien,ca_hai,Cải thiện điểm số,250000,4,dang_tim_gia_su,2026-03-18
HS_EX_0551,Đỗ Quang Nam,THPT_CBQ,THPT Cao Bá Quát,thpt,LOP_12,Lớp 12,thpt,KV_DN_NHS,Ngũ Hành Sơn,Ngũ Hành Sơn,Đà Nẵng,trung_binh,excel,hoat_dong,2026-04-03,MON_VAN,Ngữ văn,xa_hoi,ca_hai,Cải thiện điểm số,150000,4,dang_tim_gia_su,2026-03-11
HS_EX_0552,Ngô Trọng Hùng,THPT_PCT,THPT Chuyên Phan Châu Trinh,thpt,LOP_09,Lớp 9,thcs,KV_DN_TK,Thanh Khê,Thanh Khê,Đà Nẵng,kha,excel,hoat_dong,2026-04-03,MON_VAN,Ngữ văn,xa_hoi,online,Cải thiện điểm số,250000,4,dang_tim_gia_su,2026-04-01
HS_EX_0553,Dương Mai Vy,THPT_NH,THPT Nguyễn Hiền,thpt,LOP_12,Lớp 12,thpt,KV_HN_HM,Hoàng Mai,Hoàng Mai,Hà Nội,trung_binh,excel,hoat_dong,2026-04-03,MON_VAN,Ngữ văn,xa_hoi,ca_hai,Cải thiện điểm số,200000,4,dang_tim_gia_su,2026-03-29
HS_EX_0554,Lê Ngọc Nhung,THPT_HHT,THPT Hoàng Hoa Thám,thpt,LOP_09,Lớp 9,thcs,KV_HN_HBT,Hai Bà Trưng,Hai Bà Trưng,Hà Nội,trung_binh,excel,hoat_dong,2026-04-03,MON_LY,Vật lý,tu_nhien,ca_hai,Cải thiện điểm số,200000,3,dang_tim_gia_su,2026-03-30
HS_EX_0555,Ngô Ngọc Thu,THPT_YH,THPT Yên Hòa,thpt,LOP_12,Lớp 12,thpt,KV_DN_HC,Hải Châu,Hải Châu,Đà Nẵng,yeu,excel,hoat_dong,2026-04-03,MON_LY,Vật lý,tu_nhien,ca_hai,Cải thiện điểm số,200000,4,dang_tim_gia_su,2026-03-17
HS_EX_0556,Ngô Trọng Kiệt,THPT_LHP,THPT Chuyên Lê Hồng Phong,thpt,LOP_12,Lớp 12,thpt,KV_DN_HC,Hải Châu,Hải Châu,Đà Nẵng,trung_binh,excel,hoat_dong,2026-04-03,MON_ANH,Tiếng Anh,ngoai_ngu,truc_tiep,Cải thiện điểm số,250000,3,dang_tim_gia_su,2026-03-11
HS_EX_0557,Bùi Hồng Thu,THPT_TDN,THPT Chuyên Trần Đại Nghĩa,thpt,LOP_06,Lớp 6,thcs,KV_DN_TK,Thanh Khê,Thanh Khê,Đà Nẵng,gioi,excel,hoat_dong,2026-04-03,MON_VAN,Ngữ văn,xa_hoi,online,Cải thiện điểm số,250000,3,dang_tim_gia_su,2026-03-18
HS_EX_0558,Nguyễn Hoàng Nhung,THPT_LQD_HN,THPT Lê Quý Đôn - Đống Đa,thpt,LOP_12,Lớp 12,thpt,KV_HCM_Q8,Quận 8,Quận 8,Hồ Chí Minh,yeu,excel,hoat_dong,2026-04-03,MON_VAN,Ngữ văn,xa_hoi,truc_tiep,Cải thiện điểm số,150000,4,dang_tim_gia_su,2026-03-29
HS_EX_0559,Phạm Trọng Khoa,THPT_NT_HN,THPT Nguyễn Trãi - Ba Đình,thpt,LOP_10,Lớp 10,thpt,KV_HN_HK,Hoàn Kiếm,Hoàn Kiếm,Hà Nội,kha,excel,hoat_dong,2026-04-03,MON_LY,Vật lý,tu_nhien,truc_tiep,Cải thiện điểm số,200000,2,dang_tim_gia_su,2026-03-16
HS_EX_0560,Nguyễn Minh Tuấn,THPT_PN,THPT Phú Nhuận,thpt,LOP_09,Lớp 9,thcs,KV_HN_CG,Cầu Giấy,Cầu Giấy,Hà Nội,xuat_sac,excel,hoat_dong,2026-04-03,MON_VAN,Ngữ văn,xa_hoi,truc_tiep,Cải thiện điểm số,150000,4,dang_tim_gia_su,2026-03-06
HS_EX_0561,Đặng Trọng Kiệt,THPT_PCT,THPT Chuyên Phan Châu Trinh,thpt,LOP_06,Lớp 6,thcs,KV_HN_HD,Hà Đông,Hà Đông,Hà Nội,trung_binh,excel,hoat_dong,2026-04-03,MON_LY,Vật lý,tu_nhien,ca_hai,Cải thiện điểm số,200000,2,dang_tim_gia_su,2026-03-25
HS_EX_0562,Hoàng Mai Thu,THPT_GD,THPT Gia Định,thpt,LOP_09,Lớp 9,thcs,KV_HCM_Q4,Quận 4,Quận 4,Hồ Chí Minh,kha,excel,hoat_dong,2026-04-03,MON_VAN,Ngữ văn,xa_hoi,online,Cải thiện điểm số,150000,3,dang_tim_gia_su,2026-04-02
HS_EX_0563,Phạm Thái Phú,THPT_LQD_HN,THPT Lê Quý Đôn - Đống Đa,thpt,LOP_06,Lớp 6,thcs,KV_HN_HK,Hoàn Kiếm,Hoàn Kiếm,Hà Nội,kha,excel,hoat_dong,2026-04-03,MON_LY,Vật lý,tu_nhien,ca_hai,Cải thiện điểm số,250000,3,dang_tim_gia_su,2026-03-12
HS_EX_0564,Lý Hoàng Hân,THPT_GD,THPT Gia Định,thpt,LOP_12,Lớp 12,thpt,KV_HCM_TD,Thủ Đức,Thủ Đức,Hồ Chí Minh,gioi,excel,hoat_dong,2026-04-03,MON_LY,Vật lý,tu_nhien,truc_tiep,Cải thiện điểm số,250000,4,dang_tim_gia_su,2026-03-27
HS_EX_0565,Phạm Thái Phú,THPT_LQD_DN,THPT Chuyên Lê Quý Đôn,thpt,LOP_06,Lớp 6,thcs,KV_HN_HM,Hoàng Mai,Hoàng Mai,Hà Nội,kha,excel,hoat_dong,2026-04-03,MON_TOAN,Toán,tu_nhien,ca_hai,Cải thiện điểm số,150000,2,dang_tim_gia_su,2026-03-31
HS_EX_0566,Bùi Hoàng Nhung,THPT_MC,THPT Marie Curie,thpt,LOP_09,Lớp 9,thcs,KV_HCM_Q7,Quận 7,Quận 7,Hồ Chí Minh,xuat_sac,excel,hoat_dong,2026-04-03,MON_TOAN,Toán,tu_nhien,online,Cải thiện điểm số,150000,2,dang_tim_gia_su,2026-03-25
HS_EX_0567,Lý Thanh Thảo,THPT_TL,THPT Thăng Long,thpt,LOP_10,Lớp 10,thpt,KV_DN_LC,Liên Chiểu,Liên Chiểu,Đà Nẵng,trung_binh,excel,hoat_dong,2026-04-03,MON_VAN,Ngữ văn,xa_hoi,online,Cải thiện điểm số,150000,2,dang_tim_gia_su,2026-04-01
HS_EX_0568,Nguyễn Thị Vy,THPT_NVT,THPT Nguyễn Văn Trỗi,thpt,LOP_06,Lớp 6,thcs,KV_HCM_Q7,Quận 7,Quận 7,Hồ Chí Minh,gioi,excel,hoat_dong,2026-04-03,MON_LY,Vật lý,tu_nhien,ca_hai,Cải thiện điểm số,150000,4,dang_tim_gia_su,2026-03-17
HS_EX_0569,Hoàng Đức Khoa,THPT_TPh,THPT Thái Phiên,thpt,LOP_06,Lớp 6,thcs,KV_HCM_Q1,Quận 1,Quận 1,Hồ Chí Minh,gioi,excel,hoat_dong,2026-04-03,MON_ANH,Tiếng Anh,ngoai_ngu,online,Cải thiện điểm số,200000,2,dang_tim_gia_su,2026-03-05
HS_EX_0570,Đặng Ngọc Thảo,THPT_LHP,THPT Chuyên Lê Hồng Phong,thpt,LOP_10,Lớp 10,thpt,KV_HCM_TB,Tân Bình,Tân Bình,Hồ Chí Minh,yeu,excel,hoat_dong,2026-04-03,MON_LY,Vật lý,tu_nhien,ca_hai,Cải thiện điểm số,200000,2,dang_tim_gia_su,2026-03-21
HS_EX_0571,Bùi Hải Nam,THPT_LQD_HCM,THPT Lê Quý Đôn,thpt,LOP_09,Lớp 9,thcs,KV_HCM_Q5,Quận 5,Quận 5,Hồ Chí Minh,kha,excel,hoat_dong,2026-04-03,MON_ANH,Tiếng Anh,ngoai_ngu,ca_hai,Cải thiện điểm số,200000,3,dang_tim_gia_su,2026-03-06
HS_EX_0572,Trần Hoàng Vy,THPT_CG,THPT Cầu Giấy,thpt,LOP_12,Lớp 12,thpt,KV_DN_LC,Liên Chiểu,Liên Chiểu,Đà Nẵng,gioi,excel,hoat_dong,2026-04-03,MON_TOAN,Toán,tu_nhien,online,Cải thiện điểm số,150000,3,dang_tim_gia_su,2026-03-16
HS_EX_0573,Ngô Trọng Kiệt,THPT_PDP,THPT Phan Đình Phùng,thpt,LOP_06,Lớp 6,thcs,KV_DN_LC,Liên Chiểu,Liên Chiểu,Đà Nẵng,trung_binh,excel,hoat_dong,2026-04-03,MON_LY,Vật lý,tu_nhien,online,Cải thiện điểm số,150000,2,dang_tim_gia_su,2026-03-06
HS_EX_0574,Trần Bảo An,THPT_LQD_HN,THPT Lê Quý Đôn - Đống Đa,thpt,LOP_12,Lớp 12,thpt,KV_HCM_Q5,Quận 5,Quận 5,Hồ Chí Minh,trung_binh,excel,hoat_dong,2026-04-03,MON_TOAN,Toán,tu_nhien,ca_hai,Cải thiện điểm số,200000,2,dang_tim_gia_su,2026-03-10
HS_EX_0575,Dương Thái Tuấn,THPT_DA,THPT Đông Anh,thpt,LOP_10,Lớp 10,thpt,KV_HCM_Q10,Quận 10,Quận 10,Hồ Chí Minh,trung_binh,excel,hoat_dong,2026-04-03,MON_TOAN,Toán,tu_nhien,ca_hai,Cải thiện điểm số,250000,4,dang_tim_gia_su,2026-03-16
HS_EX_0576,Đặng Trọng Kiệt,THPT_YH,THPT Yên Hòa,thpt,LOP_10,Lớp 10,thpt,KV_DN_LC,Liên Chiểu,Liên Chiểu,Đà Nẵng,trung_binh,excel,hoat_dong,2026-04-03,MON_TOAN,Toán,tu_nhien,online,Cải thiện điểm số,150000,4,dang_tim_gia_su,2026-03-20
HS_EX_0577,Đặng Thái Đạt,THPT_VTS,THPT Võ Thị Sáu,thpt,LOP_10,Lớp 10,thpt,KV_HCM_GV,Gò Vấp,Gò Vấp,Hồ Chí Minh,kha,excel,hoat_dong,2026-04-03,MON_TOAN,Toán,tu_nhien,truc_tiep,Cải thiện điểm số,150000,2,dang_tim_gia_su,2026-03-09
HS_EX_0578,Hoàng Thu Châu,THPT_MQ,THPT Mạc Đĩnh Chi,thpt,LOP_12,Lớp 12,thpt,KV_DN_LC,Liên Chiểu,Liên Chiểu,Đà Nẵng,trung_binh,excel,hoat_dong,2026-04-03,MON_TOAN,Toán,tu_nhien,truc_tiep,Cải thiện điểm số,200000,4,dang_tim_gia_su,2026-03-17
HS_EX_0579,Phạm Thu Mai,THPT_NH,THPT Nguyễn Hiền,thpt,LOP_12,Lớp 12,thpt,KV_HCM_Q8,Quận 8,Quận 8,Hồ Chí Minh,xuat_sac,excel,hoat_dong,2026-04-03,MON_VAN,Ngữ văn,xa_hoi,truc_tiep,Cải thiện điểm số,200000,4,dang_tim_gia_su,2026-04-01
HS_EX_0580,Lê Đức Phú,THPT_MC,THPT Marie Curie,thpt,LOP_12,Lớp 12,thpt,KV_HN_BD,Ba Đình,Ba Đình,Hà Nội,kha,excel,hoat_dong,2026-04-03,MON_ANH,Tiếng Anh,ngoai_ngu,truc_tiep,Cải thiện điểm số,150000,3,dang_tim_gia_su,2026-03-09
HS_EX_0581,Bùi Đình Cường,THPT_LQD_HCM,THPT Lê Quý Đôn,thpt,LOP_06,Lớp 6,thcs,KV_HCM_Q4,Quận 4,Quận 4,Hồ Chí Minh,kha,excel,hoat_dong,2026-04-03,MON_LY,Vật lý,tu_nhien,online,Cải thiện điểm số,250000,2,dang_tim_gia_su,2026-03-19
HS_EX_0582,Vũ Bảo Thu,THPT_PCT,THPT Chuyên Phan Châu Trinh,thpt,LOP_09,Lớp 9,thcs,KV_DN_LC,Liên Chiểu,Liên Chiểu,Đà Nẵng,xuat_sac,excel,hoat_dong,2026-04-03,MON_ANH,Tiếng Anh,ngoai_ngu,truc_tiep,Cải thiện điểm số,150000,3,dang_tim_gia_su,2026-03-21
HS_EX_0583,Hoàng Thanh Vy,THPT_TL,THPT Thăng Long,thpt,LOP_06,Lớp 6,thcs,KV_HN_HBT,Hai Bà Trưng,Hai Bà Trưng,Hà Nội,gioi,excel,hoat_dong,2026-04-03,MON_VAN,Ngữ văn,xa_hoi,online,Cải thiện điểm số,150000,2,dang_tim_gia_su,2026-03-16
HS_EX_0584,Phạm Thanh Thảo,THPT_NHS,THPT Ngũ Hành Sơn,thpt,LOP_06,Lớp 6,thcs,KV_HN_HM,Hoàng Mai,Hoàng Mai,Hà Nội,trung_binh,excel,hoat_dong,2026-04-03,MON_VAN,Ngữ văn,xa_hoi,online,Cải thiện điểm số,250000,4,dang_tim_gia_su,2026-03-21
HS_EX_0585,Đỗ Hữu Khoa,THPT_TD,THPT Thủ Đức,thpt,LOP_06,Lớp 6,thcs,KV_HCM_Q3,Quận 3,Quận 3,Hồ Chí Minh,gioi,excel,hoat_dong,2026-04-03,MON_VAN,Ngữ văn,xa_hoi,online,Cải thiện điểm số,250000,4,dang_tim_gia_su,2026-03-23
HS_EX_0586,Đỗ Hoàng Mai,THPT_CVD,THPT Cẩm Lệ,thpt,LOP_06,Lớp 6,thcs,KV_HN_HM,Hoàng Mai,Hoàng Mai,Hà Nội,xuat_sac,excel,hoat_dong,2026-04-03,MON_LY,Vật lý,tu_nhien,online,Cải thiện điểm số,250000,4,dang_tim_gia_su,2026-03-12
HS_EX_0587,Hoàng Đức Đức,THPT_NT_HCM,THPT Nguyễn Trãi,thpt,LOP_10,Lớp 10,thpt,KV_HCM_Q4,Quận 4,Quận 4,Hồ Chí Minh,trung_binh,excel,hoat_dong,2026-04-03,MON_VAN,Ngữ văn,xa_hoi,truc_tiep,Cải thiện điểm số,200000,3,dang_tim_gia_su,2026-03-06
HS_EX_0588,Nguyễn Thái Khoa,THPT_PCT,THPT Chuyên Phan Châu Trinh,thpt,LOP_06,Lớp 6,thcs,KV_DN_CL,Cẩm Lệ,Cẩm Lệ,Đà Nẵng,gioi,excel,hoat_dong,2026-04-03,MON_VAN,Ngữ văn,xa_hoi,truc_tiep,Cải thiện điểm số,250000,4,dang_tim_gia_su,2026-04-03
HS_EX_0589,Vũ Hồng Nhung,THPT_LQD_HCM,THPT Lê Quý Đôn,thpt,LOP_06,Lớp 6,thcs,KV_HCM_TD,Thủ Đức,Thủ Đức,Hồ Chí Minh,gioi,excel,hoat_dong,2026-04-03,MON_VAN,Ngữ văn,xa_hoi,ca_hai,Cải thiện điểm số,250000,3,dang_tim_gia_su,2026-03-29
HS_EX_0590,Dương Thị Vy,THPT_PCT,THPT Chuyên Phan Châu Trinh,thpt,LOP_10,Lớp 10,thpt,KV_HN_HK,Hoàn Kiếm,Hoàn Kiếm,Hà Nội,yeu,excel,hoat_dong,2026-04-03,MON_TOAN,Toán,tu_nhien,truc_tiep,Cải thiện điểm số,150000,3,dang_tim_gia_su,2026-03-05
HS_EX_0591,Nguyễn Ngọc Thu,THPT_CVA,THPT Chu Văn An,thpt,LOP_12,Lớp 12,thpt,KV_HCM_Q7,Quận 7,Quận 7,Hồ Chí Minh,yeu,excel,hoat_dong,2026-04-03,MON_VAN,Ngữ văn,xa_hoi,ca_hai,Cải thiện điểm số,200000,2,dang_tim_gia_su,2026-03-22
HS_EX_0592,Lý Thái Tuấn,THPT_PN,THPT Phú Nhuận,thpt,LOP_06,Lớp 6,thcs,KV_HCM_Q8,Quận 8,Quận 8,Hồ Chí Minh,gioi,excel,hoat_dong,2026-04-03,MON_ANH,Tiếng Anh,ngoai_ngu,online,Cải thiện điểm số,150000,2,dang_tim_gia_su,2026-03-21
HS_EX_0593,Vũ Hải Đức,THPT_TL,THPT Thăng Long,thpt,LOP_06,Lớp 6,thcs,KV_HN_TH,Tây Hồ,Tây Hồ,Hà Nội,yeu,excel,hoat_dong,2026-04-03,MON_LY,Vật lý,tu_nhien,truc_tiep,Cải thiện điểm số,250000,3,dang_tim_gia_su,2026-04-01
HS_EX_0594,Hoàng Hoàng An,THPT_LQD_HCM,THPT Lê Quý Đôn,thpt,LOP_09,Lớp 9,thcs,KV_HN_NTL,Nam Từ Liêm,Nam Từ Liêm,Hà Nội,trung_binh,excel,hoat_dong,2026-04-03,MON_TOAN,Toán,tu_nhien,truc_tiep,Cải thiện điểm số,200000,2,dang_tim_gia_su,2026-03-12
HS_EX_0595,Đặng Hoàng Vy,THPT_MC,THPT Marie Curie,thpt,LOP_10,Lớp 10,thpt,KV_HCM_Q8,Quận 8,Quận 8,Hồ Chí Minh,xuat_sac,excel,hoat_dong,2026-04-03,MON_ANH,Tiếng Anh,ngoai_ngu,online,Cải thiện điểm số,200000,3,dang_tim_gia_su,2026-03-09
HS_EX_0596,Vũ Minh Đạt,THPT_NT_HCM,THPT Nguyễn Trãi,thpt,LOP_10,Lớp 10,thpt,KV_HN_HBT,Hai Bà Trưng,Hai Bà Trưng,Hà Nội,kha,excel,hoat_dong,2026-04-03,MON_TOAN,Toán,tu_nhien,truc_tiep,Cải thiện điểm số,150000,3,dang_tim_gia_su,2026-03-04
HS_EX_0597,Dương Thanh Mai,THPT_NMK,THPT Nguyễn Thị Minh Khai,thpt,LOP_12,Lớp 12,thpt,KV_HN_LB,Long Biên,Long Biên,Hà Nội,yeu,excel,hoat_dong,2026-04-03,MON_LY,Vật lý,tu_nhien,truc_tiep,Cải thiện điểm số,200000,4,dang_tim_gia_su,2026-03-16
HS_EX_0598,Ngô Xuân Châu,THPT_TPh,THPT Thái Phiên,thpt,LOP_09,Lớp 9,thcs,KV_HCM_Q8,Quận 8,Quận 8,Hồ Chí Minh,trung_binh,excel,hoat_dong,2026-04-03,MON_LY,Vật lý,tu_nhien,ca_hai,Cải thiện điểm số,250000,4,dang_tim_gia_su,2026-03-20
HS_EX_0599,Ngô Bảo Thảo,THPT_TPh,THPT Thái Phiên,thpt,LOP_12,Lớp 12,thpt,KV_HN_NTL,Nam Từ Liêm,Nam Từ Liêm,Hà Nội,kha,excel,hoat_dong,2026-04-03,MON_LY,Vật lý,tu_nhien,ca_hai,Cải thiện điểm số,150000,4,dang_tim_gia_su,2026-03-16
HS_EX_0600,Trần Bảo Linh,THPT_MC,THPT Marie Curie,thpt,LOP_09,Lớp 9,thcs,KV_HCM_TB,Tân Bình,Tân Bình,Hồ Chí Minh,kha,excel,hoat_dong,2026-04-03,MON_ANH,Tiếng Anh,ngoai_ngu,ca_hai,Cải thiện điểm số,150000,2,dang_tim_gia_su,2026-03-06
HS_EX_0601,Hoàng Đình Kiệt,THPT_CVD,THPT Cẩm Lệ,thpt,LOP_10,Lớp 10,thpt,KV_HN_HD,Hà Đông,Hà Đông,Hà Nội,xuat_sac,excel,hoat_dong,2026-04-03,MON_LY,Vật lý,tu_nhien,online,Cải thiện điểm số,250000,2,dang_tim_gia_su,2026-03-14
HS_EX_0602,Đặng Mai Trang,THPT_LQD_HCM,THPT Lê Quý Đôn,thpt,LOP_12,Lớp 12,thpt,KV_HCM_TB,Tân Bình,Tân Bình,Hồ Chí Minh,kha,excel,hoat_dong,2026-04-03,MON_TOAN,Toán,tu_nhien,online,Cải thiện điểm số,150000,3,dang_tim_gia_su,2026-03-06
HS_EX_0603,Nguyễn Thu Châu,THPT_LHP,THPT Chuyên Lê Hồng Phong,thpt,LOP_10,Lớp 10,thpt,KV_HN_DD,Đống Đa,Đống Đa,Hà Nội,yeu,excel,hoat_dong,2026-04-03,MON_VAN,Ngữ văn,xa_hoi,truc_tiep,Cải thiện điểm số,200000,3,dang_tim_gia_su,2026-03-05
HS_EX_0604,Nguyễn Quang Phú,THPT_TDN,THPT Chuyên Trần Đại Nghĩa,thpt,LOP_12,Lớp 12,thpt,KV_HCM_Q5,Quận 5,Quận 5,Hồ Chí Minh,yeu,excel,hoat_dong,2026-04-03,MON_VAN,Ngữ văn,xa_hoi,truc_tiep,Cải thiện điểm số,150000,3,dang_tim_gia_su,2026-03-28
HS_EX_0605,Lý Xuân Châu,THPT_ST,THPT Sơn Tây,thpt,LOP_06,Lớp 6,thcs,KV_HCM_Q3,Quận 3,Quận 3,Hồ Chí Minh,xuat_sac,excel,hoat_dong,2026-04-03,MON_LY,Vật lý,tu_nhien,ca_hai,Cải thiện điểm số,150000,4,dang_tim_gia_su,2026-03-25
HS_EX_0606,Dương Đức Đức,THPT_NT_HN,THPT Nguyễn Trãi - Ba Đình,thpt,LOP_12,Lớp 12,thpt,KV_HCM_Q10,Quận 10,Quận 10,Hồ Chí Minh,yeu,excel,hoat_dong,2026-04-03,MON_TOAN,Toán,tu_nhien,truc_tiep,Cải thiện điểm số,250000,4,dang_tim_gia_su,2026-03-20
HS_EX_0607,Nguyễn Thanh Trang,THPT_GD,THPT Gia Định,thpt,LOP_09,Lớp 9,thcs,KV_DN_HC,Hải Châu,Hải Châu,Đà Nẵng,kha,excel,hoat_dong,2026-04-03,MON_TOAN,Toán,tu_nhien,truc_tiep,Cải thiện điểm số,150000,2,dang_tim_gia_su,2026-03-05
HS_EX_0608,Lý Hoàng Hân,THPT_CBQ,THPT Cao Bá Quát,thpt,LOP_10,Lớp 10,thpt,KV_DN_HC,Hải Châu,Hải Châu,Đà Nẵng,trung_binh,excel,hoat_dong,2026-04-03,MON_ANH,Tiếng Anh,ngoai_ngu,truc_tiep,Cải thiện điểm số,250000,2,dang_tim_gia_su,2026-03-04
HS_EX_0609,Lý Thị An,THPT_NVT,THPT Nguyễn Văn Trỗi,thpt,LOP_09,Lớp 9,thcs,KV_HN_TH,Tây Hồ,Tây Hồ,Hà Nội,xuat_sac,excel,hoat_dong,2026-04-03,MON_VAN,Ngữ văn,xa_hoi,ca_hai,Cải thiện điểm số,200000,3,dang_tim_gia_su,2026-03-05
HS_EX_0610,Vũ Trọng Hùng,THPT_TTT,THPT Tôn Thất Tùng,thpt,LOP_06,Lớp 6,thcs,KV_DN_HC,Hải Châu,Hải Châu,Đà Nẵng,xuat_sac,excel,hoat_dong,2026-04-03,MON_LY,Vật lý,tu_nhien,truc_tiep,Cải thiện điểm số,150000,4,dang_tim_gia_su,2026-03-31
HS_EX_0611,Nguyễn Đức Đạt,THPT_CBQ,THPT Cao Bá Quát,thpt,LOP_06,Lớp 6,thcs,KV_DN_HC,Hải Châu,Hải Châu,Đà Nẵng,yeu,excel,hoat_dong,2026-04-03,MON_LY,Vật lý,tu_nhien,online,Cải thiện điểm số,150000,3,dang_tim_gia_su,2026-03-09
HS_EX_0612,Phạm Hồng Hân,THPT_CBQ,THPT Cao Bá Quát,thpt,LOP_06,Lớp 6,thcs,KV_HCM_BT,Bình Thạnh,Bình Thạnh,Hồ Chí Minh,gioi,excel,hoat_dong,2026-04-03,MON_ANH,Tiếng Anh,ngoai_ngu,online,Cải thiện điểm số,200000,3,dang_tim_gia_su,2026-03-04
HS_EX_0613,Trần Thị Nhung,THPT_CBQ,THPT Cao Bá Quát,thpt,LOP_12,Lớp 12,thpt,KV_HN_HM,Hoàng Mai,Hoàng Mai,Hà Nội,trung_binh,excel,hoat_dong,2026-04-03,MON_ANH,Tiếng Anh,ngoai_ngu,truc_tiep,Cải thiện điểm số,200000,2,dang_tim_gia_su,2026-03-29
HS_EX_0614,Nguyễn Ngọc An,THPT_NTH_HCM,THPT Nguyễn Thượng Hiền,thpt,LOP_09,Lớp 9,thcs,KV_DN_TK,Thanh Khê,Thanh Khê,Đà Nẵng,kha,excel,hoat_dong,2026-04-03,MON_ANH,Tiếng Anh,ngoai_ngu,truc_tiep,Cải thiện điểm số,200000,2,dang_tim_gia_su,2026-03-25
HS_EX_0615,Bùi Trọng Tuấn,THPT_GD,THPT Gia Định,thpt,LOP_06,Lớp 6,thcs,KV_HCM_TB,Tân Bình,Tân Bình,Hồ Chí Minh,gioi,excel,hoat_dong,2026-04-03,MON_LY,Vật lý,tu_nhien,truc_tiep,Cải thiện điểm số,200000,2,dang_tim_gia_su,2026-03-07
HS_EX_0616,Vũ Xuân Hân,THPT_HHT,THPT Hoàng Hoa Thám,thpt,LOP_10,Lớp 10,thpt,KV_HN_HBT,Hai Bà Trưng,Hai Bà Trưng,Hà Nội,kha,excel,hoat_dong,2026-04-03,MON_LY,Vật lý,tu_nhien,online,Cải thiện điểm số,250000,4,dang_tim_gia_su,2026-03-31
HS_EX_0617,Ngô Trọng Hùng,THPT_BTX,THPT Bùi Thị Xuân,thpt,LOP_10,Lớp 10,thpt,KV_HCM_TD,Thủ Đức,Thủ Đức,Hồ Chí Minh,xuat_sac,excel,hoat_dong,2026-04-03,MON_TOAN,Toán,tu_nhien,truc_tiep,Cải thiện điểm số,200000,2,dang_tim_gia_su,2026-03-21
HS_EX_0618,Ngô Mai Vy,THPT_NMK,THPT Nguyễn Thị Minh Khai,thpt,LOP_12,Lớp 12,thpt,KV_HCM_GV,Gò Vấp,Gò Vấp,Hồ Chí Minh,kha,excel,hoat_dong,2026-04-03,MON_ANH,Tiếng Anh,ngoai_ngu,truc_tiep,Cải thiện điểm số,150000,3,dang_tim_gia_su,2026-03-08
HS_EX_0619,Đỗ Đức Hùng,THPT_CBQ,THPT Cao Bá Quát,thpt,LOP_06,Lớp 6,thcs,KV_HCM_PN,Phú Nhuận,Phú Nhuận,Hồ Chí Minh,trung_binh,excel,hoat_dong,2026-04-03,MON_ANH,Tiếng Anh,ngoai_ngu,truc_tiep,Cải thiện điểm số,150000,3,dang_tim_gia_su,2026-03-19
HS_EX_0620,Lý Ngọc Thảo,THPT_TPh,THPT Thái Phiên,thpt,LOP_09,Lớp 9,thcs,KV_DN_NHS,Ngũ Hành Sơn,Ngũ Hành Sơn,Đà Nẵng,kha,excel,hoat_dong,2026-04-03,MON_VAN,Ngữ văn,xa_hoi,ca_hai,Cải thiện điểm số,200000,4,dang_tim_gia_su,2026-03-10
HS_EX_0621,Đỗ Mai Mai,THPT_DD,THPT Đống Đa,thpt,LOP_06,Lớp 6,thcs,KV_DN_TK,Thanh Khê,Thanh Khê,Đà Nẵng,kha,excel,hoat_dong,2026-04-03,MON_VAN,Ngữ văn,xa_hoi,truc_tiep,Cải thiện điểm số,150000,3,dang_tim_gia_su,2026-03-12
HS_EX_0622,Trần Mai Thu,THPT_VTS,THPT Võ Thị Sáu,thpt,LOP_10,Lớp 10,thpt,KV_HCM_Q10,Quận 10,Quận 10,Hồ Chí Minh,xuat_sac,excel,hoat_dong,2026-04-03,MON_LY,Vật lý,tu_nhien,truc_tiep,Cải thiện điểm số,200000,4,dang_tim_gia_su,2026-03-10
HS_EX_0623,Lê Quang Đức,THPT_NT_HCM,THPT Nguyễn Trãi,thpt,LOP_10,Lớp 10,thpt,KV_HN_LB,Long Biên,Long Biên,Hà Nội,kha,excel,hoat_dong,2026-04-03,MON_ANH,Tiếng Anh,ngoai_ngu,online,Cải thiện điểm số,250000,4,dang_tim_gia_su,2026-03-08
HS_EX_0624,Lý Minh Phú,THPT_VD,THPT Việt Đức,thpt,LOP_10,Lớp 10,thpt,KV_HCM_Q4,Quận 4,Quận 4,Hồ Chí Minh,gioi,excel,hoat_dong,2026-04-03,MON_TOAN,Toán,tu_nhien,online,Cải thiện điểm số,150000,3,dang_tim_gia_su,2026-03-19
HS_EX_0625,Vũ Hữu Phú,THPT_PDP,THPT Phan Đình Phùng,thpt,LOP_09,Lớp 9,thcs,KV_HN_LB,Long Biên,Long Biên,Hà Nội,gioi,excel,hoat_dong,2026-04-03,MON_LY,Vật lý,tu_nhien,online,Cải thiện điểm số,200000,4,dang_tim_gia_su,2026-03-14
HS_EX_0626,Đỗ Minh Kiệt,THPT_TD,THPT Thủ Đức,thpt,LOP_10,Lớp 10,thpt,KV_HCM_GV,Gò Vấp,Gò Vấp,Hồ Chí Minh,trung_binh,excel,hoat_dong,2026-04-03,MON_VAN,Ngữ văn,xa_hoi,online,Cải thiện điểm số,200000,4,dang_tim_gia_su,2026-03-17
HS_EX_0627,Vũ Ngọc An,THPT_CVD,THPT Cẩm Lệ,thpt,LOP_06,Lớp 6,thcs,KV_HN_HBT,Hai Bà Trưng,Hai Bà Trưng,Hà Nội,yeu,excel,hoat_dong,2026-04-03,MON_ANH,Tiếng Anh,ngoai_ngu,ca_hai,Cải thiện điểm số,150000,4,dang_tim_gia_su,2026-03-15
HS_EX_0628,Phạm Ngọc Mai,THPT_CG,THPT Cầu Giấy,thpt,LOP_09,Lớp 9,thcs,KV_DN_ST,Sơn Trà,Sơn Trà,Đà Nẵng,yeu,excel,hoat_dong,2026-04-03,MON_LY,Vật lý,tu_nhien,online,Cải thiện điểm số,250000,4,dang_tim_gia_su,2026-03-05
HS_EX_0629,Ngô Thị Vy,THPT_NT_HN,THPT Nguyễn Trãi - Ba Đình,thpt,LOP_06,Lớp 6,thcs,KV_HCM_Q1,Quận 1,Quận 1,Hồ Chí Minh,gioi,excel,hoat_dong,2026-04-03,MON_ANH,Tiếng Anh,ngoai_ngu,truc_tiep,Cải thiện điểm số,150000,4,dang_tim_gia_su,2026-03-07
HS_EX_0630,Ngô Thu Thảo,THPT_YH,THPT Yên Hòa,thpt,LOP_09,Lớp 9,thcs,KV_HCM_PN,Phú Nhuận,Phú Nhuận,Hồ Chí Minh,yeu,excel,hoat_dong,2026-04-03,MON_TOAN,Toán,tu_nhien,ca_hai,Cải thiện điểm số,250000,2,dang_tim_gia_su,2026-03-09
HS_EX_0631,Nguyễn Hoàng Thảo,THPT_KL,THPT Kim Liên,thpt,LOP_06,Lớp 6,thcs,KV_HN_LB,Long Biên,Long Biên,Hà Nội,kha,excel,hoat_dong,2026-04-03,MON_TOAN,Toán,tu_nhien,truc_tiep,Cải thiện điểm số,150000,3,dang_tim_gia_su,2026-03-26
HS_EX_0632,Ngô Mai An,THPT_VTS,THPT Võ Thị Sáu,thpt,LOP_06,Lớp 6,thcs,KV_HN_BD,Ba Đình,Ba Đình,Hà Nội,kha,excel,hoat_dong,2026-04-03,MON_TOAN,Toán,tu_nhien,truc_tiep,Cải thiện điểm số,150000,3,dang_tim_gia_su,2026-04-02
HS_EX_0633,Lê Trọng Phú,THPT_DD,THPT Đống Đa,thpt,LOP_06,Lớp 6,thcs,KV_HN_BD,Ba Đình,Ba Đình,Hà Nội,xuat_sac,excel,hoat_dong,2026-04-03,MON_ANH,Tiếng Anh,ngoai_ngu,truc_tiep,Cải thiện điểm số,250000,4,dang_tim_gia_su,2026-03-15
HS_EX_0634,Đỗ Đức Huy,THPT_AMS,THPT Chuyên Hà Nội - Amsterdam,thpt,LOP_10,Lớp 10,thpt,KV_HCM_TP,Tân Phú,Tân Phú,Hồ Chí Minh,trung_binh,excel,hoat_dong,2026-04-03,MON_LY,Vật lý,tu_nhien,truc_tiep,Cải thiện điểm số,150000,4,dang_tim_gia_su,2026-03-19
HS_EX_0635,Đặng Trọng Tuấn,THPT_DD,THPT Đống Đa,thpt,LOP_10,Lớp 10,thpt,KV_HN_TX,Thanh Xuân,Thanh Xuân,Hà Nội,trung_binh,excel,hoat_dong,2026-04-03,MON_TOAN,Toán,tu_nhien,online,Cải thiện điểm số,150000,4,dang_tim_gia_su,2026-03-29
HS_EX_0636,Vũ Thu Thảo,THPT_NT_HCM,THPT Nguyễn Trãi,thpt,LOP_12,Lớp 12,thpt,KV_HCM_BT,Bình Thạnh,Bình Thạnh,Hồ Chí Minh,kha,excel,hoat_dong,2026-04-03,MON_ANH,Tiếng Anh,ngoai_ngu,online,Cải thiện điểm số,250000,3,dang_tim_gia_su,2026-03-20
HS_EX_0637,Nguyễn Bảo Thảo,THPT_LQD_DN,THPT Chuyên Lê Quý Đôn,thpt,LOP_10,Lớp 10,thpt,KV_HN_HD,Hà Đông,Hà Đông,Hà Nội,xuat_sac,excel,hoat_dong,2026-04-03,MON_LY,Vật lý,tu_nhien,ca_hai,Cải thiện điểm số,150000,3,dang_tim_gia_su,2026-03-29
HS_EX_0638,Lý Đình Hùng,THPT_VTS,THPT Võ Thị Sáu,thpt,LOP_10,Lớp 10,thpt,KV_HCM_TD,Thủ Đức,Thủ Đức,Hồ Chí Minh,gioi,excel,hoat_dong,2026-04-03,MON_LY,Vật lý,tu_nhien,truc_tiep,Cải thiện điểm số,200000,4,dang_tim_gia_su,2026-03-18
HS_EX_0639,Lê Hoàng An,THPT_PDP,THPT Phan Đình Phùng,thpt,LOP_10,Lớp 10,thpt,KV_HCM_Q7,Quận 7,Quận 7,Hồ Chí Minh,yeu,excel,hoat_dong,2026-04-03,MON_LY,Vật lý,tu_nhien,online,Cải thiện điểm số,150000,4,dang_tim_gia_su,2026-03-19
HS_EX_0640,Đặng Xuân Châu,THPT_TL,THPT Thăng Long,thpt,LOP_06,Lớp 6,thcs,KV_HCM_Q5,Quận 5,Quận 5,Hồ Chí Minh,yeu,excel,hoat_dong,2026-04-03,MON_TOAN,Toán,tu_nhien,truc_tiep,Cải thiện điểm số,200000,3,dang_tim_gia_su,2026-03-09
HS_EX_0641,Ngô Hồng Mai,THPT_TP_HN,THPT Trần Phú - Hoàn Kiếm,thpt,LOP_12,Lớp 12,thpt,KV_HCM_Q10,Quận 10,Quận 10,Hồ Chí Minh,yeu,excel,hoat_dong,2026-04-03,MON_TOAN,Toán,tu_nhien,ca_hai,Cải thiện điểm số,200000,3,dang_tim_gia_su,2026-03-09
HS_EX_0642,Trần Bảo Châu,THPT_PCT,THPT Chuyên Phan Châu Trinh,thpt,LOP_10,Lớp 10,thpt,KV_HCM_TP,Tân Phú,Tân Phú,Hồ Chí Minh,kha,excel,hoat_dong,2026-04-03,MON_LY,Vật lý,tu_nhien,truc_tiep,Cải thiện điểm số,150000,2,dang_tim_gia_su,2026-03-26
HS_EX_0643,Lê Minh Nam,THPT_NT_HCM,THPT Nguyễn Trãi,thpt,LOP_10,Lớp 10,thpt,KV_DN_CL,Cẩm Lệ,Cẩm Lệ,Đà Nẵng,yeu,excel,hoat_dong,2026-04-03,MON_VAN,Ngữ văn,xa_hoi,ca_hai,Cải thiện điểm số,150000,2,dang_tim_gia_su,2026-03-23
HS_EX_0644,Đặng Trọng Kiệt,THPT_VD,THPT Việt Đức,thpt,LOP_10,Lớp 10,thpt,KV_HCM_TP,Tân Phú,Tân Phú,Hồ Chí Minh,trung_binh,excel,hoat_dong,2026-04-03,MON_VAN,Ngữ văn,xa_hoi,online,Cải thiện điểm số,200000,2,dang_tim_gia_su,2026-03-11
HS_EX_0645,Hoàng Thanh Thảo,THPT_TDN,THPT Chuyên Trần Đại Nghĩa,thpt,LOP_09,Lớp 9,thcs,KV_HCM_TD,Thủ Đức,Thủ Đức,Hồ Chí Minh,yeu,excel,hoat_dong,2026-04-03,MON_VAN,Ngữ văn,xa_hoi,online,Cải thiện điểm số,150000,4,dang_tim_gia_su,2026-03-21
HS_EX_0646,Dương Quang Nam,THPT_TDN,THPT Chuyên Trần Đại Nghĩa,thpt,LOP_06,Lớp 6,thcs,KV_DN_LC,Liên Chiểu,Liên Chiểu,Đà Nẵng,trung_binh,excel,hoat_dong,2026-04-03,MON_TOAN,Toán,tu_nhien,ca_hai,Cải thiện điểm số,150000,3,dang_tim_gia_su,2026-03-06
HS_EX_0647,Vũ Thái Kiệt,THPT_MC,THPT Marie Curie,thpt,LOP_09,Lớp 9,thcs,KV_HCM_TB,Tân Bình,Tân Bình,Hồ Chí Minh,yeu,excel,hoat_dong,2026-04-03,MON_LY,Vật lý,tu_nhien,truc_tiep,Cải thiện điểm số,200000,3,dang_tim_gia_su,2026-03-17
HS_EX_0648,Hoàng Hoàng Trang,THPT_NH,THPT Nguyễn Hiền,thpt,LOP_10,Lớp 10,thpt,KV_HN_HK,Hoàn Kiếm,Hoàn Kiếm,Hà Nội,xuat_sac,excel,hoat_dong,2026-04-03,MON_LY,Vật lý,tu_nhien,ca_hai,Cải thiện điểm số,150000,3,dang_tim_gia_su,2026-03-18
HS_EX_0649,Dương Bảo Trang,THPT_TDN,THPT Chuyên Trần Đại Nghĩa,thpt,LOP_12,Lớp 12,thpt,KV_HCM_TB,Tân Bình,Tân Bình,Hồ Chí Minh,xuat_sac,excel,hoat_dong,2026-04-03,MON_VAN,Ngữ văn,xa_hoi,truc_tiep,Cải thiện điểm số,250000,4,dang_tim_gia_su,2026-03-23
HS_EX_0650,Vũ Đức Hùng,THPT_MQ,THPT Mạc Đĩnh Chi,thpt,LOP_06,Lớp 6,thcs,KV_HCM_Q1,Quận 1,Quận 1,Hồ Chí Minh,yeu,excel,hoat_dong,2026-04-03,MON_TOAN,Toán,tu_nhien,ca_hai,Cải thiện điểm số,150000,4,dang_tim_gia_su,2026-03-14
HS_EX_0651,Phạm Xuân Hân,THPT_NT_HCM,THPT Nguyễn Trãi,thpt,LOP_10,Lớp 10,thpt,KV_HCM_TB,Tân Bình,Tân Bình,Hồ Chí Minh,kha,excel,hoat_dong,2026-04-03,MON_TOAN,Toán,tu_nhien,ca_hai,Cải thiện điểm số,150000,3,dang_tim_gia_su,2026-03-13
HS_EX_0652,Lê Ngọc Vy,THPT_BTX,THPT Bùi Thị Xuân,thpt,LOP_10,Lớp 10,thpt,KV_HCM_Q1,Quận 1,Quận 1,Hồ Chí Minh,gioi,excel,hoat_dong,2026-04-03,MON_ANH,Tiếng Anh,ngoai_ngu,ca_hai,Cải thiện điểm số,250000,4,dang_tim_gia_su,2026-03-09
HS_EX_0653,Nguyễn Văn Phú,THPT_CBQ,THPT Cao Bá Quát,thpt,LOP_12,Lớp 12,thpt,KV_HCM_Q10,Quận 10,Quận 10,Hồ Chí Minh,xuat_sac,excel,hoat_dong,2026-04-03,MON_ANH,Tiếng Anh,ngoai_ngu,online,Cải thiện điểm số,150000,3,dang_tim_gia_su,2026-04-01
HS_EX_0654,Hoàng Mai Hân,THPT_MC,THPT Marie Curie,thpt,LOP_06,Lớp 6,thcs,KV_DN_HC,Hải Châu,Hải Châu,Đà Nẵng,gioi,excel,hoat_dong,2026-04-03,MON_ANH,Tiếng Anh,ngoai_ngu,ca_hai,Cải thiện điểm số,250000,3,dang_tim_gia_su,2026-03-11
HS_EX_0655,Hoàng Thị Mai,THPT_CVD,THPT Cẩm Lệ,thpt,LOP_12,Lớp 12,thpt,KV_HCM_Q4,Quận 4,Quận 4,Hồ Chí Minh,gioi,excel,hoat_dong,2026-04-03,MON_ANH,Tiếng Anh,ngoai_ngu,ca_hai,Cải thiện điểm số,200000,3,dang_tim_gia_su,2026-03-11
HS_EX_0656,Dương Minh Khoa,THPT_MQ,THPT Mạc Đĩnh Chi,thpt,LOP_12,Lớp 12,thpt,KV_HCM_Q1,Quận 1,Quận 1,Hồ Chí Minh,xuat_sac,excel,hoat_dong,2026-04-03,MON_LY,Vật lý,tu_nhien,ca_hai,Cải thiện điểm số,150000,4,dang_tim_gia_su,2026-03-13
HS_EX_0657,Trần Hồng Châu,THPT_KL,THPT Kim Liên,thpt,LOP_06,Lớp 6,thcs,KV_DN_ST,Sơn Trà,Sơn Trà,Đà Nẵng,gioi,excel,hoat_dong,2026-04-03,MON_VAN,Ngữ văn,xa_hoi,online,Cải thiện điểm số,200000,2,dang_tim_gia_su,2026-03-15
HS_EX_0658,Đỗ Ngọc Linh,THPT_LQD_HN,THPT Lê Quý Đôn - Đống Đa,thpt,LOP_10,Lớp 10,thpt,KV_HN_BTL,Bắc Từ Liêm,Bắc Từ Liêm,Hà Nội,trung_binh,excel,hoat_dong,2026-04-03,MON_VAN,Ngữ văn,xa_hoi,truc_tiep,Cải thiện điểm số,150000,4,dang_tim_gia_su,2026-03-07
HS_EX_0659,Phạm Đức Kiệt,THPT_CVA,THPT Chu Văn An,thpt,LOP_10,Lớp 10,thpt,KV_HCM_Q10,Quận 10,Quận 10,Hồ Chí Minh,gioi,excel,hoat_dong,2026-04-03,MON_LY,Vật lý,tu_nhien,online,Cải thiện điểm số,150000,3,dang_tim_gia_su,2026-03-13
HS_EX_0660,Vũ Hồng Hân,THPT_NH,THPT Nguyễn Hiền,thpt,LOP_10,Lớp 10,thpt,KV_HCM_Q1,Quận 1,Quận 1,Hồ Chí Minh,trung_binh,excel,hoat_dong,2026-04-03,MON_LY,Vật lý,tu_nhien,ca_hai,Cải thiện điểm số,250000,4,dang_tim_gia_su,2026-03-23
HS_EX_0661,Đặng Minh Tuấn,THPT_OIK,THPT Ông Ích Khiêm,thpt,LOP_09,Lớp 9,thcs,KV_HN_BTL,Bắc Từ Liêm,Bắc Từ Liêm,Hà Nội,xuat_sac,excel,hoat_dong,2026-04-03,MON_VAN,Ngữ văn,xa_hoi,online,Cải thiện điểm số,250000,2,dang_tim_gia_su,2026-03-30
HS_EX_0662,Nguyễn Thu Châu,THPT_DA,THPT Đông Anh,thpt,LOP_09,Lớp 9,thcs,KV_HN_HD,Hà Đông,Hà Đông,Hà Nội,yeu,excel,hoat_dong,2026-04-03,MON_VAN,Ngữ văn,xa_hoi,ca_hai,Cải thiện điểm số,200000,4,dang_tim_gia_su,2026-03-21
HS_EX_0663,Dương Hữu Kiệt,THPT_TPh,THPT Thái Phiên,thpt,LOP_12,Lớp 12,thpt,KV_DN_ST,Sơn Trà,Sơn Trà,Đà Nẵng,xuat_sac,excel,hoat_dong,2026-04-03,MON_TOAN,Toán,tu_nhien,ca_hai,Cải thiện điểm số,150000,3,dang_tim_gia_su,2026-03-23
HS_EX_0664,Đỗ Hải Huy,THPT_VD,THPT Việt Đức,thpt,LOP_12,Lớp 12,thpt,KV_HCM_TD,Thủ Đức,Thủ Đức,Hồ Chí Minh,kha,excel,hoat_dong,2026-04-03,MON_TOAN,Toán,tu_nhien,truc_tiep,Cải thiện điểm số,150000,2,dang_tim_gia_su,2026-04-03
HS_EX_0665,Bùi Bảo Nhung,THPT_GD,THPT Gia Định,thpt,LOP_12,Lớp 12,thpt,KV_DN_ST,Sơn Trà,Sơn Trà,Đà Nẵng,trung_binh,excel,hoat_dong,2026-04-03,MON_VAN,Ngữ văn,xa_hoi,online,Cải thiện điểm số,200000,4,dang_tim_gia_su,2026-03-23
HS_EX_0666,Hoàng Bảo Trang,THPT_TP_DN,THPT Trần Phú,thpt,LOP_06,Lớp 6,thcs,KV_HCM_TB,Tân Bình,Tân Bình,Hồ Chí Minh,kha,excel,hoat_dong,2026-04-03,MON_LY,Vật lý,tu_nhien,truc_tiep,Cải thiện điểm số,150000,2,dang_tim_gia_su,2026-04-03
HS_EX_0667,Hoàng Ngọc Nhung,THPT_DA,THPT Đông Anh,thpt,LOP_12,Lớp 12,thpt,KV_HCM_GV,Gò Vấp,Gò Vấp,Hồ Chí Minh,gioi,excel,hoat_dong,2026-04-03,MON_TOAN,Toán,tu_nhien,ca_hai,Cải thiện điểm số,150000,3,dang_tim_gia_su,2026-03-10
HS_EX_0668,Lê Hữu Nam,THPT_MQ,THPT Mạc Đĩnh Chi,thpt,LOP_12,Lớp 12,thpt,KV_DN_TK,Thanh Khê,Thanh Khê,Đà Nẵng,kha,excel,hoat_dong,2026-04-03,MON_ANH,Tiếng Anh,ngoai_ngu,truc_tiep,Cải thiện điểm số,150000,4,dang_tim_gia_su,2026-03-20
HS_EX_0669,Vũ Thanh Hân,THPT_VTS,THPT Võ Thị Sáu,thpt,LOP_06,Lớp 6,thcs,KV_DN_LC,Liên Chiểu,Liên Chiểu,Đà Nẵng,trung_binh,excel,hoat_dong,2026-04-03,MON_TOAN,Toán,tu_nhien,online,Cải thiện điểm số,200000,4,dang_tim_gia_su,2026-03-04
HS_EX_0670,Trần Thái Phú,THPT_BTX,THPT Bùi Thị Xuân,thpt,LOP_09,Lớp 9,thcs,KV_DN_NHS,Ngũ Hành Sơn,Ngũ Hành Sơn,Đà Nẵng,trung_binh,excel,hoat_dong,2026-04-03,MON_VAN,Ngữ văn,xa_hoi,ca_hai,Cải thiện điểm số,250000,2,dang_tim_gia_su,2026-03-17
HS_EX_0671,Bùi Thị Linh,THPT_NVT,THPT Nguyễn Văn Trỗi,thpt,LOP_09,Lớp 9,thcs,KV_HCM_Q8,Quận 8,Quận 8,Hồ Chí Minh,kha,excel,hoat_dong,2026-04-03,MON_ANH,Tiếng Anh,ngoai_ngu,ca_hai,Cải thiện điểm số,250000,3,dang_tim_gia_su,2026-03-07
HS_EX_0672,Ngô Văn Cường,THPT_TD,THPT Thủ Đức,thpt,LOP_06,Lớp 6,thcs,KV_HCM_BT,Bình Thạnh,Bình Thạnh,Hồ Chí Minh,gioi,excel,hoat_dong,2026-04-03,MON_VAN,Ngữ văn,xa_hoi,truc_tiep,Cải thiện điểm số,150000,4,dang_tim_gia_su,2026-03-25
HS_EX_0673,Trần Hải Phú,THPT_NH,THPT Nguyễn Hiền,thpt,LOP_06,Lớp 6,thcs,KV_HN_DD,Đống Đa,Đống Đa,Hà Nội,yeu,excel,hoat_dong,2026-04-03,MON_ANH,Tiếng Anh,ngoai_ngu,truc_tiep,Cải thiện điểm số,200000,4,dang_tim_gia_su,2026-04-02
HS_EX_0674,Trần Ngọc Trang,THPT_NHS,THPT Ngũ Hành Sơn,thpt,LOP_12,Lớp 12,thpt,KV_DN_CL,Cẩm Lệ,Cẩm Lệ,Đà Nẵng,yeu,excel,hoat_dong,2026-04-03,MON_VAN,Ngữ văn,xa_hoi,truc_tiep,Cải thiện điểm số,150000,2,dang_tim_gia_su,2026-03-13
HS_EX_0675,Lý Mai Vy,THPT_PDP,THPT Phan Đình Phùng,thpt,LOP_12,Lớp 12,thpt,KV_HN_HM,Hoàng Mai,Hoàng Mai,Hà Nội,xuat_sac,excel,hoat_dong,2026-04-03,MON_ANH,Tiếng Anh,ngoai_ngu,ca_hai,Cải thiện điểm số,250000,2,dang_tim_gia_su,2026-03-21
HS_EX_0676,Bùi Thu Châu,THPT_TPh,THPT Thái Phiên,thpt,LOP_06,Lớp 6,thcs,KV_DN_TK,Thanh Khê,Thanh Khê,Đà Nẵng,trung_binh,excel,hoat_dong,2026-04-03,MON_LY,Vật lý,tu_nhien,online,Cải thiện điểm số,250000,3,dang_tim_gia_su,2026-03-20
HS_EX_0677,Đặng Thị Thu,THPT_TD,THPT Thủ Đức,thpt,LOP_12,Lớp 12,thpt,KV_HCM_TD,Thủ Đức,Thủ Đức,Hồ Chí Minh,gioi,excel,hoat_dong,2026-04-03,MON_VAN,Ngữ văn,xa_hoi,online,Cải thiện điểm số,200000,2,dang_tim_gia_su,2026-04-01
HS_EX_0678,Bùi Hoàng Hân,THPT_NVT,THPT Nguyễn Văn Trỗi,thpt,LOP_12,Lớp 12,thpt,KV_DN_CL,Cẩm Lệ,Cẩm Lệ,Đà Nẵng,gioi,excel,hoat_dong,2026-04-03,MON_LY,Vật lý,tu_nhien,truc_tiep,Cải thiện điểm số,150000,3,dang_tim_gia_su,2026-03-13
HS_EX_0679,Lê Thị Thảo,THPT_MQ,THPT Mạc Đĩnh Chi,thpt,LOP_09,Lớp 9,thcs,KV_HN_HK,Hoàn Kiếm,Hoàn Kiếm,Hà Nội,kha,excel,hoat_dong,2026-04-03,MON_ANH,Tiếng Anh,ngoai_ngu,online,Cải thiện điểm số,250000,3,dang_tim_gia_su,2026-03-17
HS_EX_0680,Ngô Quang Khoa,THPT_TL,THPT Thăng Long,thpt,LOP_10,Lớp 10,thpt,KV_DN_ST,Sơn Trà,Sơn Trà,Đà Nẵng,yeu,excel,hoat_dong,2026-04-03,MON_ANH,Tiếng Anh,ngoai_ngu,truc_tiep,Cải thiện điểm số,250000,4,dang_tim_gia_su,2026-03-29
HS_EX_0681,Bùi Hoàng Châu,THPT_NMK,THPT Nguyễn Thị Minh Khai,thpt,LOP_10,Lớp 10,thpt,KV_HCM_PN,Phú Nhuận,Phú Nhuận,Hồ Chí Minh,kha,excel,hoat_dong,2026-04-03,MON_ANH,Tiếng Anh,ngoai_ngu,truc_tiep,Cải thiện điểm số,200000,2,dang_tim_gia_su,2026-03-24
HS_EX_0682,Trần Bảo Vy,THPT_TL,THPT Thăng Long,thpt,LOP_09,Lớp 9,thcs,KV_HCM_Q4,Quận 4,Quận 4,Hồ Chí Minh,trung_binh,excel,hoat_dong,2026-04-03,MON_TOAN,Toán,tu_nhien,truc_tiep,Cải thiện điểm số,200000,4,dang_tim_gia_su,2026-03-10
HS_EX_0683,Ngô Hải Hùng,THPT_YH,THPT Yên Hòa,thpt,LOP_09,Lớp 9,thcs,KV_HN_BTL,Bắc Từ Liêm,Bắc Từ Liêm,Hà Nội,trung_binh,excel,hoat_dong,2026-04-03,MON_TOAN,Toán,tu_nhien,ca_hai,Cải thiện điểm số,150000,4,dang_tim_gia_su,2026-04-03
HS_EX_0684,Vũ Minh Đức,THPT_PN,THPT Phú Nhuận,thpt,LOP_10,Lớp 10,thpt,KV_HN_BD,Ba Đình,Ba Đình,Hà Nội,kha,excel,hoat_dong,2026-04-03,MON_TOAN,Toán,tu_nhien,online,Cải thiện điểm số,250000,3,dang_tim_gia_su,2026-03-18
HS_EX_0685,Ngô Hải Hùng,THPT_TTT,THPT Tôn Thất Tùng,thpt,LOP_09,Lớp 9,thcs,KV_DN_ST,Sơn Trà,Sơn Trà,Đà Nẵng,kha,excel,hoat_dong,2026-04-03,MON_ANH,Tiếng Anh,ngoai_ngu,ca_hai,Cải thiện điểm số,250000,4,dang_tim_gia_su,2026-03-15
HS_EX_0686,Đỗ Hải Huy,THPT_NMK,THPT Nguyễn Thị Minh Khai,thpt,LOP_12,Lớp 12,thpt,KV_HN_HM,Hoàng Mai,Hoàng Mai,Hà Nội,xuat_sac,excel,hoat_dong,2026-04-03,MON_TOAN,Toán,tu_nhien,ca_hai,Cải thiện điểm số,200000,4,dang_tim_gia_su,2026-03-10
HS_EX_0687,Trần Thu Thảo,THPT_TPh,THPT Thái Phiên,thpt,LOP_09,Lớp 9,thcs,KV_DN_HC,Hải Châu,Hải Châu,Đà Nẵng,yeu,excel,hoat_dong,2026-04-03,MON_VAN,Ngữ văn,xa_hoi,online,Cải thiện điểm số,200000,4,dang_tim_gia_su,2026-03-27
HS_EX_0688,Đặng Thị Vy,THPT_PDP,THPT Phan Đình Phùng,thpt,LOP_12,Lớp 12,thpt,KV_HCM_Q7,Quận 7,Quận 7,Hồ Chí Minh,kha,excel,hoat_dong,2026-04-03,MON_TOAN,Toán,tu_nhien,ca_hai,Cải thiện điểm số,150000,4,dang_tim_gia_su,2026-03-30
HS_EX_0689,Dương Hải Tuấn,THPT_HHT,THPT Hoàng Hoa Thám,thpt,LOP_12,Lớp 12,thpt,KV_HCM_TB,Tân Bình,Tân Bình,Hồ Chí Minh,xuat_sac,excel,hoat_dong,2026-04-03,MON_VAN,Ngữ văn,xa_hoi,truc_tiep,Cải thiện điểm số,200000,4,dang_tim_gia_su,2026-03-26
HS_EX_0690,Đặng Đình Nam,THPT_NVT,THPT Nguyễn Văn Trỗi,thpt,LOP_06,Lớp 6,thcs,KV_HN_HK,Hoàn Kiếm,Hoàn Kiếm,Hà Nội,yeu,excel,hoat_dong,2026-04-03,MON_ANH,Tiếng Anh,ngoai_ngu,ca_hai,Cải thiện điểm số,150000,4,dang_tim_gia_su,2026-03-13
HS_EX_0691,Trần Hoàng Hân,THPT_LQD_HN,THPT Lê Quý Đôn - Đống Đa,thpt,LOP_12,Lớp 12,thpt,KV_HN_LB,Long Biên,Long Biên,Hà Nội,trung_binh,excel,hoat_dong,2026-04-03,MON_LY,Vật lý,tu_nhien,truc_tiep,Cải thiện điểm số,150000,3,dang_tim_gia_su,2026-03-31
HS_EX_0692,Lê Hữu Phú,THPT_TP_DN,THPT Trần Phú,thpt,LOP_12,Lớp 12,thpt,KV_HCM_Q7,Quận 7,Quận 7,Hồ Chí Minh,kha,excel,hoat_dong,2026-04-03,MON_TOAN,Toán,tu_nhien,truc_tiep,Cải thiện điểm số,200000,2,dang_tim_gia_su,2026-03-25
HS_EX_0693,Ngô Thị Thu,THPT_MQ,THPT Mạc Đĩnh Chi,thpt,LOP_10,Lớp 10,thpt,KV_HN_CG,Cầu Giấy,Cầu Giấy,Hà Nội,trung_binh,excel,hoat_dong,2026-04-03,MON_LY,Vật lý,tu_nhien,online,Cải thiện điểm số,200000,4,dang_tim_gia_su,2026-03-11
HS_EX_0694,Vũ Quang Huy,THPT_BTX,THPT Bùi Thị Xuân,thpt,LOP_10,Lớp 10,thpt,KV_HN_HM,Hoàng Mai,Hoàng Mai,Hà Nội,xuat_sac,excel,hoat_dong,2026-04-03,MON_TOAN,Toán,tu_nhien,truc_tiep,Cải thiện điểm số,200000,4,dang_tim_gia_su,2026-04-02
HS_EX_0695,Trần Hữu Huy,THPT_VTS,THPT Võ Thị Sáu,thpt,LOP_12,Lớp 12,thpt,KV_HCM_TB,Tân Bình,Tân Bình,Hồ Chí Minh,kha,excel,hoat_dong,2026-04-03,MON_LY,Vật lý,tu_nhien,ca_hai,Cải thiện điểm số,250000,2,dang_tim_gia_su,2026-03-07
HS_EX_0696,Phạm Hải Tuấn,THPT_TPh,THPT Thái Phiên,thpt,LOP_12,Lớp 12,thpt,KV_DN_HC,Hải Châu,Hải Châu,Đà Nẵng,kha,excel,hoat_dong,2026-04-03,MON_TOAN,Toán,tu_nhien,truc_tiep,Cải thiện điểm số,250000,3,dang_tim_gia_su,2026-03-06
HS_EX_0697,Phạm Thị Linh,THPT_DD,THPT Đống Đa,thpt,LOP_12,Lớp 12,thpt,KV_HN_LB,Long Biên,Long Biên,Hà Nội,kha,excel,hoat_dong,2026-04-03,MON_VAN,Ngữ văn,xa_hoi,ca_hai,Cải thiện điểm số,150000,3,dang_tim_gia_su,2026-03-28
HS_EX_0698,Dương Trọng Hùng,THPT_TD,THPT Thủ Đức,thpt,LOP_12,Lớp 12,thpt,KV_HCM_GV,Gò Vấp,Gò Vấp,Hồ Chí Minh,trung_binh,excel,hoat_dong,2026-04-03,MON_TOAN,Toán,tu_nhien,online,Cải thiện điểm số,250000,3,dang_tim_gia_su,2026-04-03
HS_EX_0699,Đặng Thái Hùng,THPT_HHT,THPT Hoàng Hoa Thám,thpt,LOP_09,Lớp 9,thcs,KV_HN_HK,Hoàn Kiếm,Hoàn Kiếm,Hà Nội,gioi,excel,hoat_dong,2026-04-03,MON_VAN,Ngữ văn,xa_hoi,truc_tiep,Cải thiện điểm số,200000,4,dang_tim_gia_su,2026-04-01
HS_EX_0700,Ngô Đức Cường,THPT_TTT,THPT Tôn Thất Tùng,thpt,LOP_09,Lớp 9,thcs,KV_HN_HM,Hoàng Mai,Hoàng Mai,Hà Nội,xuat_sac,excel,hoat_dong,2026-04-03,MON_ANH,Tiếng Anh,ngoai_ngu,online,Cải thiện điểm số,200000,2,dang_tim_gia_su,2026-03-19
HS_EX_0701,Lý Thu Nhung,THPT_CVA,THPT Chu Văn An,thpt,LOP_09,Lớp 9,thcs,KV_HN_TH,Tây Hồ,Tây Hồ,Hà Nội,yeu,excel,hoat_dong,2026-04-03,MON_VAN,Ngữ văn,xa_hoi,online,Cải thiện điểm số,150000,4,dang_tim_gia_su,2026-03-15
HS_EX_0702,Trần Ngọc Linh,THPT_LHP,THPT Chuyên Lê Hồng Phong,thpt,LOP_06,Lớp 6,thcs,KV_HN_HK,Hoàn Kiếm,Hoàn Kiếm,Hà Nội,trung_binh,excel,hoat_dong,2026-04-03,MON_ANH,Tiếng Anh,ngoai_ngu,online,Cải thiện điểm số,150000,2,dang_tim_gia_su,2026-03-14
HS_EX_0703,Nguyễn Quang Cường,THPT_LQD_DN,THPT Chuyên Lê Quý Đôn,thpt,LOP_10,Lớp 10,thpt,KV_HCM_Q4,Quận 4,Quận 4,Hồ Chí Minh,gioi,excel,hoat_dong,2026-04-03,MON_VAN,Ngữ văn,xa_hoi,truc_tiep,Cải thiện điểm số,250000,2,dang_tim_gia_su,2026-03-15
HS_EX_0704,Dương Quang Hùng,THPT_NT_HCM,THPT Nguyễn Trãi,thpt,LOP_06,Lớp 6,thcs,KV_HCM_Q10,Quận 10,Quận 10,Hồ Chí Minh,trung_binh,excel,hoat_dong,2026-04-03,MON_VAN,Ngữ văn,xa_hoi,ca_hai,Cải thiện điểm số,150000,2,dang_tim_gia_su,2026-03-09
HS_EX_0705,Vũ Thái Tuấn,THPT_HHT,THPT Hoàng Hoa Thám,thpt,LOP_09,Lớp 9,thcs,KV_HCM_TB,Tân Bình,Tân Bình,Hồ Chí Minh,xuat_sac,excel,hoat_dong,2026-04-03,MON_ANH,Tiếng Anh,ngoai_ngu,truc_tiep,Cải thiện điểm số,250000,4,dang_tim_gia_su,2026-03-16
HS_EX_0706,Lý Xuân Vy,THPT_KL,THPT Kim Liên,thpt,LOP_12,Lớp 12,thpt,KV_HCM_TP,Tân Phú,Tân Phú,Hồ Chí Minh,gioi,excel,hoat_dong,2026-04-03,MON_LY,Vật lý,tu_nhien,truc_tiep,Cải thiện điểm số,200000,3,dang_tim_gia_su,2026-03-28
HS_EX_0707,Vũ Hữu Đức,THPT_CVA,THPT Chu Văn An,thpt,LOP_06,Lớp 6,thcs,KV_HN_CG,Cầu Giấy,Cầu Giấy,Hà Nội,kha,excel,hoat_dong,2026-04-03,MON_TOAN,Toán,tu_nhien,ca_hai,Cải thiện điểm số,150000,3,dang_tim_gia_su,2026-03-17
HS_EX_0708,Ngô Hoàng Nhung,THPT_MC,THPT Marie Curie,thpt,LOP_12,Lớp 12,thpt,KV_DN_CL,Cẩm Lệ,Cẩm Lệ,Đà Nẵng,xuat_sac,excel,hoat_dong,2026-04-03,MON_TOAN,Toán,tu_nhien,ca_hai,Cải thiện điểm số,250000,4,dang_tim_gia_su,2026-04-03
HS_EX_0709,Lê Thu Thảo,THPT_NT_HCM,THPT Nguyễn Trãi,thpt,LOP_12,Lớp 12,thpt,KV_HCM_Q4,Quận 4,Quận 4,Hồ Chí Minh,kha,excel,hoat_dong,2026-04-03,MON_VAN,Ngữ văn,xa_hoi,online,Cải thiện điểm số,150000,2,dang_tim_gia_su,2026-03-24
HS_EX_0710,Lý Hải Kiệt,THPT_MC,THPT Marie Curie,thpt,LOP_12,Lớp 12,thpt,KV_HCM_GV,Gò Vấp,Gò Vấp,Hồ Chí Minh,xuat_sac,excel,hoat_dong,2026-04-03,MON_TOAN,Toán,tu_nhien,ca_hai,Cải thiện điểm số,250000,3,dang_tim_gia_su,2026-03-27
HS_EX_0711,Hoàng Trọng Khoa,THPT_PN,THPT Phú Nhuận,thpt,LOP_09,Lớp 9,thcs,KV_HN_TH,Tây Hồ,Tây Hồ,Hà Nội,gioi,excel,hoat_dong,2026-04-03,MON_TOAN,Toán,tu_nhien,ca_hai,Cải thiện điểm số,250000,3,dang_tim_gia_su,2026-04-03
HS_EX_0712,Ngô Xuân Thảo,THPT_TL,THPT Thăng Long,thpt,LOP_10,Lớp 10,thpt,KV_HN_LB,Long Biên,Long Biên,Hà Nội,xuat_sac,excel,hoat_dong,2026-04-03,MON_VAN,Ngữ văn,xa_hoi,truc_tiep,Cải thiện điểm số,200000,3,dang_tim_gia_su,2026-03-06
HS_EX_0713,Phạm Hồng Thảo,THPT_GD,THPT Gia Định,thpt,LOP_06,Lớp 6,thcs,KV_DN_ST,Sơn Trà,Sơn Trà,Đà Nẵng,gioi,excel,hoat_dong,2026-04-03,MON_TOAN,Toán,tu_nhien,ca_hai,Cải thiện điểm số,250000,2,dang_tim_gia_su,2026-03-05
HS_EX_0714,Phạm Bảo Thu,THPT_CVA,THPT Chu Văn An,thpt,LOP_12,Lớp 12,thpt,KV_HCM_TD,Thủ Đức,Thủ Đức,Hồ Chí Minh,gioi,excel,hoat_dong,2026-04-03,MON_VAN,Ngữ văn,xa_hoi,truc_tiep,Cải thiện điểm số,200000,2,dang_tim_gia_su,2026-03-12
HS_EX_0715,Phạm Hoàng An,THPT_NH,THPT Nguyễn Hiền,thpt,LOP_09,Lớp 9,thcs,KV_HCM_GV,Gò Vấp,Gò Vấp,Hồ Chí Minh,xuat_sac,excel,hoat_dong,2026-04-03,MON_VAN,Ngữ văn,xa_hoi,online,Cải thiện điểm số,150000,4,dang_tim_gia_su,2026-03-12
HS_EX_0716,Ngô Hoàng Trang,THPT_NT_HCM,THPT Nguyễn Trãi,thpt,LOP_09,Lớp 9,thcs,KV_HN_HK,Hoàn Kiếm,Hoàn Kiếm,Hà Nội,trung_binh,excel,hoat_dong,2026-04-03,MON_VAN,Ngữ văn,xa_hoi,ca_hai,Cải thiện điểm số,200000,3,dang_tim_gia_su,2026-03-23
HS_EX_0717,Dương Hải Tuấn,THPT_DA,THPT Đông Anh,thpt,LOP_09,Lớp 9,thcs,KV_HN_TH,Tây Hồ,Tây Hồ,Hà Nội,kha,excel,hoat_dong,2026-04-03,MON_LY,Vật lý,tu_nhien,online,Cải thiện điểm số,200000,4,dang_tim_gia_su,2026-03-06
HS_EX_0718,Lý Hải Kiệt,THPT_KL,THPT Kim Liên,thpt,LOP_09,Lớp 9,thcs,KV_DN_HC,Hải Châu,Hải Châu,Đà Nẵng,kha,excel,hoat_dong,2026-04-03,MON_TOAN,Toán,tu_nhien,online,Cải thiện điểm số,150000,2,dang_tim_gia_su,2026-04-01
HS_EX_0719,Đỗ Thái Đạt,THPT_CG,THPT Cầu Giấy,thpt,LOP_12,Lớp 12,thpt,KV_HCM_Q3,Quận 3,Quận 3,Hồ Chí Minh,gioi,excel,hoat_dong,2026-04-03,MON_VAN,Ngữ văn,xa_hoi,online,Cải thiện điểm số,200000,4,dang_tim_gia_su,2026-03-28
HS_EX_0720,Hoàng Hữu Nam,THPT_NT_HCM,THPT Nguyễn Trãi,thpt,LOP_06,Lớp 6,thcs,KV_HN_CG,Cầu Giấy,Cầu Giấy,Hà Nội,trung_binh,excel,hoat_dong,2026-04-03,MON_LY,Vật lý,tu_nhien,truc_tiep,Cải thiện điểm số,150000,2,dang_tim_gia_su,2026-03-10
HS_EX_0721,Đỗ Ngọc Mai,THPT_CVD,THPT Cẩm Lệ,thpt,LOP_09,Lớp 9,thcs,KV_HCM_BT,Bình Thạnh,Bình Thạnh,Hồ Chí Minh,yeu,excel,hoat_dong,2026-04-03,MON_VAN,Ngữ văn,xa_hoi,ca_hai,Cải thiện điểm số,150000,2,dang_tim_gia_su,2026-03-14
HS_EX_0722,Đỗ Quang Cường,THPT_VD,THPT Việt Đức,thpt,LOP_09,Lớp 9,thcs,KV_HN_CG,Cầu Giấy,Cầu Giấy,Hà Nội,trung_binh,excel,hoat_dong,2026-04-03,MON_VAN,Ngữ văn,xa_hoi,ca_hai,Cải thiện điểm số,250000,2,dang_tim_gia_su,2026-03-04
HS_EX_0723,Bùi Văn Tuấn,THPT_LHP,THPT Chuyên Lê Hồng Phong,thpt,LOP_12,Lớp 12,thpt,KV_HN_NTL,Nam Từ Liêm,Nam Từ Liêm,Hà Nội,xuat_sac,excel,hoat_dong,2026-04-03,MON_ANH,Tiếng Anh,ngoai_ngu,ca_hai,Cải thiện điểm số,250000,3,dang_tim_gia_su,2026-03-29
HS_EX_0724,Hoàng Minh Tuấn,THPT_TPh,THPT Thái Phiên,thpt,LOP_06,Lớp 6,thcs,KV_HCM_PN,Phú Nhuận,Phú Nhuận,Hồ Chí Minh,yeu,excel,hoat_dong,2026-04-03,MON_TOAN,Toán,tu_nhien,truc_tiep,Cải thiện điểm số,250000,2,dang_tim_gia_su,2026-03-04
HS_EX_0725,Ngô Ngọc Châu,THPT_TP_DN,THPT Trần Phú,thpt,LOP_12,Lớp 12,thpt,KV_HCM_GV,Gò Vấp,Gò Vấp,Hồ Chí Minh,kha,excel,hoat_dong,2026-04-03,MON_ANH,Tiếng Anh,ngoai_ngu,truc_tiep,Cải thiện điểm số,150000,4,dang_tim_gia_su,2026-03-14
HS_EX_0726,Vũ Xuân Vy,THPT_NT_HN,THPT Nguyễn Trãi - Ba Đình,thpt,LOP_09,Lớp 9,thcs,KV_HCM_TP,Tân Phú,Tân Phú,Hồ Chí Minh,kha,excel,hoat_dong,2026-04-03,MON_TOAN,Toán,tu_nhien,truc_tiep,Cải thiện điểm số,150000,2,dang_tim_gia_su,2026-03-21
HS_EX_0727,Đặng Văn Đức,THPT_MC,THPT Marie Curie,thpt,LOP_10,Lớp 10,thpt,KV_HCM_Q7,Quận 7,Quận 7,Hồ Chí Minh,kha,excel,hoat_dong,2026-04-03,MON_ANH,Tiếng Anh,ngoai_ngu,online,Cải thiện điểm số,200000,3,dang_tim_gia_su,2026-03-21
HS_EX_0728,Dương Xuân Hân,THPT_ST,THPT Sơn Tây,thpt,LOP_10,Lớp 10,thpt,KV_HN_BTL,Bắc Từ Liêm,Bắc Từ Liêm,Hà Nội,trung_binh,excel,hoat_dong,2026-04-03,MON_LY,Vật lý,tu_nhien,ca_hai,Cải thiện điểm số,200000,3,dang_tim_gia_su,2026-03-11
HS_EX_0729,Nguyễn Bảo Hân,THPT_GD,THPT Gia Định,thpt,LOP_12,Lớp 12,thpt,KV_HN_DD,Đống Đa,Đống Đa,Hà Nội,xuat_sac,excel,hoat_dong,2026-04-03,MON_ANH,Tiếng Anh,ngoai_ngu,truc_tiep,Cải thiện điểm số,200000,4,dang_tim_gia_su,2026-03-04
HS_EX_0730,Phạm Văn Kiệt,THPT_VTS,THPT Võ Thị Sáu,thpt,LOP_06,Lớp 6,thcs,KV_DN_NHS,Ngũ Hành Sơn,Ngũ Hành Sơn,Đà Nẵng,yeu,excel,hoat_dong,2026-04-03,MON_ANH,Tiếng Anh,ngoai_ngu,ca_hai,Cải thiện điểm số,150000,4,dang_tim_gia_su,2026-03-27
HS_EX_0731,Lê Minh Tuấn,THPT_NHS,THPT Ngũ Hành Sơn,thpt,LOP_06,Lớp 6,thcs,KV_HN_HM,Hoàng Mai,Hoàng Mai,Hà Nội,trung_binh,excel,hoat_dong,2026-04-03,MON_TOAN,Toán,tu_nhien,ca_hai,Cải thiện điểm số,250000,4,dang_tim_gia_su,2026-03-04
HS_EX_0732,Vũ Bảo Châu,THPT_VTS,THPT Võ Thị Sáu,thpt,LOP_12,Lớp 12,thpt,KV_HCM_Q3,Quận 3,Quận 3,Hồ Chí Minh,xuat_sac,excel,hoat_dong,2026-04-03,MON_TOAN,Toán,tu_nhien,online,Cải thiện điểm số,250000,3,dang_tim_gia_su,2026-03-27
HS_EX_0733,Đặng Bảo Vy,THPT_NTH_HCM,THPT Nguyễn Thượng Hiền,thpt,LOP_06,Lớp 6,thcs,KV_DN_NHS,Ngũ Hành Sơn,Ngũ Hành Sơn,Đà Nẵng,trung_binh,excel,hoat_dong,2026-04-03,MON_TOAN,Toán,tu_nhien,ca_hai,Cải thiện điểm số,200000,2,dang_tim_gia_su,2026-03-20
HS_EX_0734,Đặng Hữu Khoa,THPT_MC,THPT Marie Curie,thpt,LOP_12,Lớp 12,thpt,KV_HCM_TP,Tân Phú,Tân Phú,Hồ Chí Minh,xuat_sac,excel,hoat_dong,2026-04-03,MON_TOAN,Toán,tu_nhien,ca_hai,Cải thiện điểm số,250000,3,dang_tim_gia_su,2026-03-07
HS_EX_0735,Đặng Mai Hân,THPT_NHS,THPT Ngũ Hành Sơn,thpt,LOP_10,Lớp 10,thpt,KV_DN_NHS,Ngũ Hành Sơn,Ngũ Hành Sơn,Đà Nẵng,xuat_sac,excel,hoat_dong,2026-04-03,MON_VAN,Ngữ văn,xa_hoi,truc_tiep,Cải thiện điểm số,200000,4,dang_tim_gia_su,2026-03-20
HS_EX_0736,Phạm Xuân Trang,THPT_LQD_HCM,THPT Lê Quý Đôn,thpt,LOP_12,Lớp 12,thpt,KV_HN_TX,Thanh Xuân,Thanh Xuân,Hà Nội,yeu,excel,hoat_dong,2026-04-03,MON_VAN,Ngữ văn,xa_hoi,online,Cải thiện điểm số,250000,4,dang_tim_gia_su,2026-03-16
HS_EX_0737,Dương Ngọc Nhung,THPT_ST,THPT Sơn Tây,thpt,LOP_12,Lớp 12,thpt,KV_HN_CG,Cầu Giấy,Cầu Giấy,Hà Nội,trung_binh,excel,hoat_dong,2026-04-03,MON_LY,Vật lý,tu_nhien,truc_tiep,Cải thiện điểm số,200000,3,dang_tim_gia_su,2026-03-12
HS_EX_0738,Ngô Thị Vy,THPT_LQD_HN,THPT Lê Quý Đôn - Đống Đa,thpt,LOP_10,Lớp 10,thpt,KV_HCM_Q10,Quận 10,Quận 10,Hồ Chí Minh,gioi,excel,hoat_dong,2026-04-03,MON_ANH,Tiếng Anh,ngoai_ngu,ca_hai,Cải thiện điểm số,200000,2,dang_tim_gia_su,2026-03-14
HS_EX_0739,Lê Thanh Vy,THPT_MQ,THPT Mạc Đĩnh Chi,thpt,LOP_12,Lớp 12,thpt,KV_HCM_TB,Tân Bình,Tân Bình,Hồ Chí Minh,xuat_sac,excel,hoat_dong,2026-04-03,MON_TOAN,Toán,tu_nhien,online,Cải thiện điểm số,250000,3,dang_tim_gia_su,2026-03-20
HS_EX_0740,Hoàng Trọng Cường,THPT_OIK,THPT Ông Ích Khiêm,thpt,LOP_12,Lớp 12,thpt,KV_DN_HC,Hải Châu,Hải Châu,Đà Nẵng,xuat_sac,excel,hoat_dong,2026-04-03,MON_VAN,Ngữ văn,xa_hoi,online,Cải thiện điểm số,250000,3,dang_tim_gia_su,2026-03-19
HS_EX_0741,Phạm Thanh Châu,THPT_LQD_DN,THPT Chuyên Lê Quý Đôn,thpt,LOP_12,Lớp 12,thpt,KV_DN_TK,Thanh Khê,Thanh Khê,Đà Nẵng,yeu,excel,hoat_dong,2026-04-03,MON_LY,Vật lý,tu_nhien,truc_tiep,Cải thiện điểm số,250000,2,dang_tim_gia_su,2026-03-19
HS_EX_0742,Đỗ Trọng Đức,THPT_LHP,THPT Chuyên Lê Hồng Phong,thpt,LOP_10,Lớp 10,thpt,KV_HN_DD,Đống Đa,Đống Đa,Hà Nội,xuat_sac,excel,hoat_dong,2026-04-03,MON_ANH,Tiếng Anh,ngoai_ngu,ca_hai,Cải thiện điểm số,200000,3,dang_tim_gia_su,2026-03-20
HS_EX_0743,Bùi Mai Hân,THPT_GD,THPT Gia Định,thpt,LOP_10,Lớp 10,thpt,KV_HCM_Q4,Quận 4,Quận 4,Hồ Chí Minh,trung_binh,excel,hoat_dong,2026-04-03,MON_TOAN,Toán,tu_nhien,truc_tiep,Cải thiện điểm số,200000,4,dang_tim_gia_su,2026-03-24
HS_EX_0744,Lý Thái Kiệt,THPT_TL,THPT Thăng Long,thpt,LOP_12,Lớp 12,thpt,KV_HCM_TP,Tân Phú,Tân Phú,Hồ Chí Minh,kha,excel,hoat_dong,2026-04-03,MON_VAN,Ngữ văn,xa_hoi,truc_tiep,Cải thiện điểm số,150000,3,dang_tim_gia_su,2026-03-31
HS_EX_0745,Phạm Hữu Kiệt,THPT_TL,THPT Thăng Long,thpt,LOP_06,Lớp 6,thcs,KV_HCM_GV,Gò Vấp,Gò Vấp,Hồ Chí Minh,xuat_sac,excel,hoat_dong,2026-04-03,MON_TOAN,Toán,tu_nhien,ca_hai,Cải thiện điểm số,250000,2,dang_tim_gia_su,2026-03-10
HS_EX_0746,Vũ Hải Đạt,THPT_PDP,THPT Phan Đình Phùng,thpt,LOP_10,Lớp 10,thpt,KV_HN_BD,Ba Đình,Ba Đình,Hà Nội,yeu,excel,hoat_dong,2026-04-03,MON_LY,Vật lý,tu_nhien,ca_hai,Cải thiện điểm số,250000,4,dang_tim_gia_su,2026-03-04
HS_EX_0747,Lý Văn Hùng,THPT_GD,THPT Gia Định,thpt,LOP_09,Lớp 9,thcs,KV_HN_NTL,Nam Từ Liêm,Nam Từ Liêm,Hà Nội,gioi,excel,hoat_dong,2026-04-03,MON_ANH,Tiếng Anh,ngoai_ngu,truc_tiep,Cải thiện điểm số,250000,2,dang_tim_gia_su,2026-03-16
HS_EX_0748,Nguyễn Hải Đạt,THPT_VD,THPT Việt Đức,thpt,LOP_12,Lớp 12,thpt,KV_DN_LC,Liên Chiểu,Liên Chiểu,Đà Nẵng,yeu,excel,hoat_dong,2026-04-03,MON_ANH,Tiếng Anh,ngoai_ngu,truc_tiep,Cải thiện điểm số,250000,2,dang_tim_gia_su,2026-03-04
HS_EX_0749,Hoàng Xuân An,THPT_CVD,THPT Cẩm Lệ,thpt,LOP_12,Lớp 12,thpt,KV_HN_TH,Tây Hồ,Tây Hồ,Hà Nội,kha,excel,hoat_dong,2026-04-03,MON_VAN,Ngữ văn,xa_hoi,online,Cải thiện điểm số,250000,4,dang_tim_gia_su,2026-03-18
HS_EX_0750,Đặng Hữu Đức,THPT_ND,THPT Nguyễn Du,thpt,LOP_09,Lớp 9,thcs,KV_HCM_Q1,Quận 1,Quận 1,Hồ Chí Minh,kha,excel,hoat_dong,2026-04-03,MON_TOAN,Toán,tu_nhien,online,Cải thiện điểm số,150000,4,dang_tim_gia_su,2026-03-24
HS_EX_0751,Đỗ Hồng Trang,THPT_AMS,THPT Chuyên Hà Nội - Amsterdam,thpt,LOP_12,Lớp 12,thpt,KV_HN_LB,Long Biên,Long Biên,Hà Nội,xuat_sac,excel,hoat_dong,2026-04-03,MON_ANH,Tiếng Anh,ngoai_ngu,online,Cải thiện điểm số,150000,3,dang_tim_gia_su,2026-03-31
HS_EX_0752,Hoàng Hồng Linh,THPT_CG,THPT Cầu Giấy,thpt,LOP_06,Lớp 6,thcs,KV_HN_BTL,Bắc Từ Liêm,Bắc Từ Liêm,Hà Nội,trung_binh,excel,hoat_dong,2026-04-03,MON_ANH,Tiếng Anh,ngoai_ngu,online,Cải thiện điểm số,200000,2,dang_tim_gia_su,2026-03-08
HS_EX_0753,Ngô Quang Nam,THPT_CVA,THPT Chu Văn An,thpt,LOP_10,Lớp 10,thpt,KV_DN_ST,Sơn Trà,Sơn Trà,Đà Nẵng,trung_binh,excel,hoat_dong,2026-04-03,MON_LY,Vật lý,tu_nhien,ca_hai,Cải thiện điểm số,150000,4,dang_tim_gia_su,2026-03-05
HS_EX_0754,Dương Ngọc An,THPT_TD,THPT Thủ Đức,thpt,LOP_06,Lớp 6,thcs,KV_HCM_TD,Thủ Đức,Thủ Đức,Hồ Chí Minh,xuat_sac,excel,hoat_dong,2026-04-03,MON_ANH,Tiếng Anh,ngoai_ngu,truc_tiep,Cải thiện điểm số,250000,4,dang_tim_gia_su,2026-03-08
HS_EX_0755,Đặng Quang Hùng,THPT_BTX,THPT Bùi Thị Xuân,thpt,LOP_10,Lớp 10,thpt,KV_HN_DD,Đống Đa,Đống Đa,Hà Nội,xuat_sac,excel,hoat_dong,2026-04-03,MON_TOAN,Toán,tu_nhien,truc_tiep,Cải thiện điểm số,200000,2,dang_tim_gia_su,2026-04-03
HS_EX_0756,Trần Bảo Linh,THPT_MQ,THPT Mạc Đĩnh Chi,thpt,LOP_09,Lớp 9,thcs,KV_HN_HBT,Hai Bà Trưng,Hai Bà Trưng,Hà Nội,yeu,excel,hoat_dong,2026-04-03,MON_VAN,Ngữ văn,xa_hoi,ca_hai,Cải thiện điểm số,200000,2,dang_tim_gia_su,2026-03-09
HS_EX_0757,Lý Trọng Đức,THPT_LHP,THPT Chuyên Lê Hồng Phong,thpt,LOP_09,Lớp 9,thcs,KV_HCM_TB,Tân Bình,Tân Bình,Hồ Chí Minh,gioi,excel,hoat_dong,2026-04-03,MON_LY,Vật lý,tu_nhien,online,Cải thiện điểm số,250000,3,dang_tim_gia_su,2026-03-10
HS_EX_0758,Nguyễn Mai Hân,THPT_DD,THPT Đống Đa,thpt,LOP_10,Lớp 10,thpt,KV_HCM_Q7,Quận 7,Quận 7,Hồ Chí Minh,yeu,excel,hoat_dong,2026-04-03,MON_LY,Vật lý,tu_nhien,ca_hai,Cải thiện điểm số,150000,3,dang_tim_gia_su,2026-03-14
HS_EX_0759,Nguyễn Hoàng Mai,THPT_DA,THPT Đông Anh,thpt,LOP_12,Lớp 12,thpt,KV_HN_HK,Hoàn Kiếm,Hoàn Kiếm,Hà Nội,kha,excel,hoat_dong,2026-04-03,MON_TOAN,Toán,tu_nhien,online,Cải thiện điểm số,150000,2,dang_tim_gia_su,2026-04-03
HS_EX_0760,Lê Xuân Thảo,THPT_TPh,THPT Thái Phiên,thpt,LOP_10,Lớp 10,thpt,KV_HN_BD,Ba Đình,Ba Đình,Hà Nội,gioi,excel,hoat_dong,2026-04-03,MON_ANH,Tiếng Anh,ngoai_ngu,truc_tiep,Cải thiện điểm số,150000,3,dang_tim_gia_su,2026-03-06
HS_EX_0761,Lê Bảo An,THPT_VD,THPT Việt Đức,thpt,LOP_10,Lớp 10,thpt,KV_HN_HBT,Hai Bà Trưng,Hai Bà Trưng,Hà Nội,gioi,excel,hoat_dong,2026-04-03,MON_LY,Vật lý,tu_nhien,truc_tiep,Cải thiện điểm số,250000,4,dang_tim_gia_su,2026-03-08
HS_EX_0762,Hoàng Hữu Huy,THPT_CVA,THPT Chu Văn An,thpt,LOP_12,Lớp 12,thpt,KV_HCM_TP,Tân Phú,Tân Phú,Hồ Chí Minh,trung_binh,excel,hoat_dong,2026-04-03,MON_TOAN,Toán,tu_nhien,truc_tiep,Cải thiện điểm số,150000,2,dang_tim_gia_su,2026-03-19
HS_EX_0763,Trần Đình Tuấn,THPT_MC,THPT Marie Curie,thpt,LOP_09,Lớp 9,thcs,KV_HCM_Q8,Quận 8,Quận 8,Hồ Chí Minh,yeu,excel,hoat_dong,2026-04-03,MON_ANH,Tiếng Anh,ngoai_ngu,ca_hai,Cải thiện điểm số,250000,4,dang_tim_gia_su,2026-03-15
HS_EX_0764,Đỗ Văn Đức,THPT_KL,THPT Kim Liên,thpt,LOP_12,Lớp 12,thpt,KV_HCM_BT,Bình Thạnh,Bình Thạnh,Hồ Chí Minh,trung_binh,excel,hoat_dong,2026-04-03,MON_VAN,Ngữ văn,xa_hoi,online,Cải thiện điểm số,150000,3,dang_tim_gia_su,2026-03-28
HS_EX_0765,Đặng Hữu Đạt,THPT_DA,THPT Đông Anh,thpt,LOP_09,Lớp 9,thcs,KV_HN_TX,Thanh Xuân,Thanh Xuân,Hà Nội,yeu,excel,hoat_dong,2026-04-03,MON_VAN,Ngữ văn,xa_hoi,ca_hai,Cải thiện điểm số,250000,4,dang_tim_gia_su,2026-03-29
HS_EX_0766,Phạm Hải Nam,THPT_PDP,THPT Phan Đình Phùng,thpt,LOP_12,Lớp 12,thpt,KV_HCM_Q4,Quận 4,Quận 4,Hồ Chí Minh,kha,excel,hoat_dong,2026-04-03,MON_LY,Vật lý,tu_nhien,online,Cải thiện điểm số,150000,2,dang_tim_gia_su,2026-03-24
HS_EX_0767,Hoàng Văn Kiệt,THPT_BTX,THPT Bùi Thị Xuân,thpt,LOP_10,Lớp 10,thpt,KV_HN_DD,Đống Đa,Đống Đa,Hà Nội,xuat_sac,excel,hoat_dong,2026-04-03,MON_TOAN,Toán,tu_nhien,truc_tiep,Cải thiện điểm số,150000,4,dang_tim_gia_su,2026-03-19
HS_EX_0768,Nguyễn Mai Hân,THPT_LHP,THPT Chuyên Lê Hồng Phong,thpt,LOP_06,Lớp 6,thcs,KV_DN_HC,Hải Châu,Hải Châu,Đà Nẵng,gioi,excel,hoat_dong,2026-04-03,MON_LY,Vật lý,tu_nhien,ca_hai,Cải thiện điểm số,200000,4,dang_tim_gia_su,2026-03-12
HS_EX_0769,Hoàng Trọng Nam,THPT_TD,THPT Thủ Đức,thpt,LOP_09,Lớp 9,thcs,KV_HCM_Q1,Quận 1,Quận 1,Hồ Chí Minh,gioi,excel,hoat_dong,2026-04-03,MON_ANH,Tiếng Anh,ngoai_ngu,online,Cải thiện điểm số,200000,3,dang_tim_gia_su,2026-03-31
HS_EX_0770,Phạm Minh Nam,THPT_TL,THPT Thăng Long,thpt,LOP_09,Lớp 9,thcs,KV_HN_HK,Hoàn Kiếm,Hoàn Kiếm,Hà Nội,kha,excel,hoat_dong,2026-04-03,MON_ANH,Tiếng Anh,ngoai_ngu,ca_hai,Cải thiện điểm số,200000,2,dang_tim_gia_su,2026-03-10
HS_EX_0771,Vũ Hải Hùng,THPT_NMK,THPT Nguyễn Thị Minh Khai,thpt,LOP_10,Lớp 10,thpt,KV_DN_NHS,Ngũ Hành Sơn,Ngũ Hành Sơn,Đà Nẵng,gioi,excel,hoat_dong,2026-04-03,MON_VAN,Ngữ văn,xa_hoi,online,Cải thiện điểm số,150000,3,dang_tim_gia_su,2026-03-16
HS_EX_0772,Trần Thanh An,THPT_TP_HN,THPT Trần Phú - Hoàn Kiếm,thpt,LOP_12,Lớp 12,thpt,KV_HCM_Q7,Quận 7,Quận 7,Hồ Chí Minh,gioi,excel,hoat_dong,2026-04-03,MON_VAN,Ngữ văn,xa_hoi,ca_hai,Cải thiện điểm số,250000,3,dang_tim_gia_su,2026-03-21
HS_EX_0773,Ngô Đình Phú,THPT_NHS,THPT Ngũ Hành Sơn,thpt,LOP_06,Lớp 6,thcs,KV_HCM_PN,Phú Nhuận,Phú Nhuận,Hồ Chí Minh,trung_binh,excel,hoat_dong,2026-04-03,MON_ANH,Tiếng Anh,ngoai_ngu,online,Cải thiện điểm số,200000,3,dang_tim_gia_su,2026-03-25
HS_EX_0774,Dương Minh Đạt,THPT_PCT,THPT Chuyên Phan Châu Trinh,thpt,LOP_12,Lớp 12,thpt,KV_HCM_TP,Tân Phú,Tân Phú,Hồ Chí Minh,xuat_sac,excel,hoat_dong,2026-04-03,MON_LY,Vật lý,tu_nhien,online,Cải thiện điểm số,150000,4,dang_tim_gia_su,2026-03-29
HS_EX_0775,Ngô Hoàng Nhung,THPT_NMK,THPT Nguyễn Thị Minh Khai,thpt,LOP_06,Lớp 6,thcs,KV_HN_HD,Hà Đông,Hà Đông,Hà Nội,gioi,excel,hoat_dong,2026-04-03,MON_TOAN,Toán,tu_nhien,online,Cải thiện điểm số,250000,2,dang_tim_gia_su,2026-03-26
HS_EX_0776,Nguyễn Mai Thu,THPT_ND,THPT Nguyễn Du,thpt,LOP_12,Lớp 12,thpt,KV_HCM_Q7,Quận 7,Quận 7,Hồ Chí Minh,kha,excel,hoat_dong,2026-04-03,MON_VAN,Ngữ văn,xa_hoi,online,Cải thiện điểm số,200000,3,dang_tim_gia_su,2026-03-23
HS_EX_0777,Đặng Thị Linh,THPT_AMS,THPT Chuyên Hà Nội - Amsterdam,thpt,LOP_06,Lớp 6,thcs,KV_HN_TX,Thanh Xuân,Thanh Xuân,Hà Nội,yeu,excel,hoat_dong,2026-04-03,MON_ANH,Tiếng Anh,ngoai_ngu,ca_hai,Cải thiện điểm số,200000,4,dang_tim_gia_su,2026-03-10
HS_EX_0778,Trần Trọng Đạt,THPT_PN,THPT Phú Nhuận,thpt,LOP_09,Lớp 9,thcs,KV_DN_NHS,Ngũ Hành Sơn,Ngũ Hành Sơn,Đà Nẵng,gioi,excel,hoat_dong,2026-04-03,MON_ANH,Tiếng Anh,ngoai_ngu,ca_hai,Cải thiện điểm số,150000,3,dang_tim_gia_su,2026-03-04
HS_EX_0779,Phạm Trọng Đạt,THPT_TP_HN,THPT Trần Phú - Hoàn Kiếm,thpt,LOP_09,Lớp 9,thcs,KV_HN_TX,Thanh Xuân,Thanh Xuân,Hà Nội,gioi,excel,hoat_dong,2026-04-03,MON_ANH,Tiếng Anh,ngoai_ngu,ca_hai,Cải thiện điểm số,200000,2,dang_tim_gia_su,2026-03-14
HS_EX_0780,Hoàng Xuân Mai,THPT_NT_HN,THPT Nguyễn Trãi - Ba Đình,thpt,LOP_10,Lớp 10,thpt,KV_HCM_Q10,Quận 10,Quận 10,Hồ Chí Minh,trung_binh,excel,hoat_dong,2026-04-03,MON_VAN,Ngữ văn,xa_hoi,ca_hai,Cải thiện điểm số,150000,2,dang_tim_gia_su,2026-03-27
HS_EX_0781,Ngô Thu Trang,THPT_MC,THPT Marie Curie,thpt,LOP_09,Lớp 9,thcs,KV_HN_BD,Ba Đình,Ba Đình,Hà Nội,xuat_sac,excel,hoat_dong,2026-04-03,MON_LY,Vật lý,tu_nhien,online,Cải thiện điểm số,250000,2,dang_tim_gia_su,2026-04-03
HS_EX_0782,Bùi Đình Hùng,THPT_MC,THPT Marie Curie,thpt,LOP_09,Lớp 9,thcs,KV_HN_TX,Thanh Xuân,Thanh Xuân,Hà Nội,xuat_sac,excel,hoat_dong,2026-04-03,MON_TOAN,Toán,tu_nhien,ca_hai,Cải thiện điểm số,150000,4,dang_tim_gia_su,2026-03-31
HS_EX_0783,Lý Mai Nhung,THPT_NHS,THPT Ngũ Hành Sơn,thpt,LOP_09,Lớp 9,thcs,KV_HCM_BT,Bình Thạnh,Bình Thạnh,Hồ Chí Minh,kha,excel,hoat_dong,2026-04-03,MON_ANH,Tiếng Anh,ngoai_ngu,truc_tiep,Cải thiện điểm số,150000,3,dang_tim_gia_su,2026-03-18
HS_EX_0784,Trần Thái Khoa,THPT_TDN,THPT Chuyên Trần Đại Nghĩa,thpt,LOP_12,Lớp 12,thpt,KV_HCM_BT,Bình Thạnh,Bình Thạnh,Hồ Chí Minh,kha,excel,hoat_dong,2026-04-03,MON_TOAN,Toán,tu_nhien,ca_hai,Cải thiện điểm số,250000,3,dang_tim_gia_su,2026-03-13
HS_EX_0785,Hoàng Thái Tuấn,THPT_PDP,THPT Phan Đình Phùng,thpt,LOP_10,Lớp 10,thpt,KV_HCM_PN,Phú Nhuận,Phú Nhuận,Hồ Chí Minh,yeu,excel,hoat_dong,2026-04-03,MON_LY,Vật lý,tu_nhien,ca_hai,Cải thiện điểm số,200000,4,dang_tim_gia_su,2026-03-13
HS_EX_0786,Phạm Quang Đạt,THPT_TL,THPT Thăng Long,thpt,LOP_06,Lớp 6,thcs,KV_HN_TH,Tây Hồ,Tây Hồ,Hà Nội,trung_binh,excel,hoat_dong,2026-04-03,MON_VAN,Ngữ văn,xa_hoi,truc_tiep,Cải thiện điểm số,200000,2,dang_tim_gia_su,2026-03-13
HS_EX_0787,Đặng Ngọc Trang,THPT_TL,THPT Thăng Long,thpt,LOP_12,Lớp 12,thpt,KV_HCM_Q1,Quận 1,Quận 1,Hồ Chí Minh,xuat_sac,excel,hoat_dong,2026-04-03,MON_VAN,Ngữ văn,xa_hoi,truc_tiep,Cải thiện điểm số,200000,2,dang_tim_gia_su,2026-04-03
HS_EX_0788,Dương Hữu Tuấn,THPT_NTH_HCM,THPT Nguyễn Thượng Hiền,thpt,LOP_09,Lớp 9,thcs,KV_HN_TH,Tây Hồ,Tây Hồ,Hà Nội,gioi,excel,hoat_dong,2026-04-03,MON_VAN,Ngữ văn,xa_hoi,truc_tiep,Cải thiện điểm số,150000,2,dang_tim_gia_su,2026-03-27
HS_EX_0789,Hoàng Ngọc Châu,THPT_PCT,THPT Chuyên Phan Châu Trinh,thpt,LOP_06,Lớp 6,thcs,KV_HN_NTL,Nam Từ Liêm,Nam Từ Liêm,Hà Nội,kha,excel,hoat_dong,2026-04-03,MON_VAN,Ngữ văn,xa_hoi,online,Cải thiện điểm số,250000,2,dang_tim_gia_su,2026-03-18
HS_EX_0790,Nguyễn Mai Thu,THPT_LQD_HCM,THPT Lê Quý Đôn,thpt,LOP_10,Lớp 10,thpt,KV_HCM_Q5,Quận 5,Quận 5,Hồ Chí Minh,trung_binh,excel,hoat_dong,2026-04-03,MON_ANH,Tiếng Anh,ngoai_ngu,truc_tiep,Cải thiện điểm số,250000,4,dang_tim_gia_su,2026-03-31
HS_EX_0791,Hoàng Đình Huy,THPT_TTT,THPT Tôn Thất Tùng,thpt,LOP_12,Lớp 12,thpt,KV_HN_HK,Hoàn Kiếm,Hoàn Kiếm,Hà Nội,kha,excel,hoat_dong,2026-04-03,MON_TOAN,Toán,tu_nhien,online,Cải thiện điểm số,250000,2,dang_tim_gia_su,2026-03-23
HS_EX_0792,Ngô Thái Khoa,THPT_MC,THPT Marie Curie,thpt,LOP_10,Lớp 10,thpt,KV_HN_LB,Long Biên,Long Biên,Hà Nội,gioi,excel,hoat_dong,2026-04-03,MON_TOAN,Toán,tu_nhien,ca_hai,Cải thiện điểm số,200000,4,dang_tim_gia_su,2026-03-16
HS_EX_0793,Vũ Hoàng Thu,THPT_MQ,THPT Mạc Đĩnh Chi,thpt,LOP_10,Lớp 10,thpt,KV_HN_CG,Cầu Giấy,Cầu Giấy,Hà Nội,gioi,excel,hoat_dong,2026-04-03,MON_TOAN,Toán,tu_nhien,online,Cải thiện điểm số,150000,3,dang_tim_gia_su,2026-03-30
HS_EX_0794,Phạm Thị An,THPT_NVT,THPT Nguyễn Văn Trỗi,thpt,LOP_09,Lớp 9,thcs,KV_DN_HC,Hải Châu,Hải Châu,Đà Nẵng,yeu,excel,hoat_dong,2026-04-03,MON_VAN,Ngữ văn,xa_hoi,truc_tiep,Cải thiện điểm số,250000,3,dang_tim_gia_su,2026-03-05
HS_EX_0795,Bùi Minh Đức,THPT_TP_DN,THPT Trần Phú,thpt,LOP_06,Lớp 6,thcs,KV_DN_LC,Liên Chiểu,Liên Chiểu,Đà Nẵng,yeu,excel,hoat_dong,2026-04-03,MON_LY,Vật lý,tu_nhien,ca_hai,Cải thiện điểm số,200000,3,dang_tim_gia_su,2026-03-13
HS_EX_0796,Ngô Hữu Hùng,THPT_GD,THPT Gia Định,thpt,LOP_12,Lớp 12,thpt,KV_HCM_Q1,Quận 1,Quận 1,Hồ Chí Minh,gioi,excel,hoat_dong,2026-04-03,MON_LY,Vật lý,tu_nhien,truc_tiep,Cải thiện điểm số,250000,2,dang_tim_gia_su,2026-03-16
HS_EX_0797,Hoàng Quang Khoa,THPT_LQD_DN,THPT Chuyên Lê Quý Đôn,thpt,LOP_09,Lớp 9,thcs,KV_DN_HC,Hải Châu,Hải Châu,Đà Nẵng,trung_binh,excel,hoat_dong,2026-04-03,MON_VAN,Ngữ văn,xa_hoi,ca_hai,Cải thiện điểm số,250000,3,dang_tim_gia_su,2026-03-22
HS_EX_0798,Dương Mai Linh,THPT_PN,THPT Phú Nhuận,thpt,LOP_06,Lớp 6,thcs,KV_HCM_BT,Bình Thạnh,Bình Thạnh,Hồ Chí Minh,gioi,excel,hoat_dong,2026-04-03,MON_ANH,Tiếng Anh,ngoai_ngu,truc_tiep,Cải thiện điểm số,250000,4,dang_tim_gia_su,2026-03-28
HS_EX_0799,Bùi Hải Huy,THPT_LHP,THPT Chuyên Lê Hồng Phong,thpt,LOP_06,Lớp 6,thcs,KV_HCM_TB,Tân Bình,Tân Bình,Hồ Chí Minh,gioi,excel,hoat_dong,2026-04-03,MON_TOAN,Toán,tu_nhien,ca_hai,Cải thiện điểm số,200000,2,dang_tim_gia_su,2026-03-09
HS_EX_0800,Trần Mai An,THPT_CBQ,THPT Cao Bá Quát,thpt,LOP_06,Lớp 6,thcs,KV_HCM_TD,Thủ Đức,Thủ Đức,Hồ Chí Minh,kha,excel,hoat_dong,2026-04-03,MON_TOAN,Toán,tu_nhien,truc_tiep,Cải thiện điểm số,250000,2,dang_tim_gia_su,2026-03-22
HS_EX_0801,Trần Thị Nhung,THPT_CG,THPT Cầu Giấy,thpt,LOP_06,Lớp 6,thcs,KV_HCM_TB,Tân Bình,Tân Bình,Hồ Chí Minh,trung_binh,excel,hoat_dong,2026-04-03,MON_TOAN,Toán,tu_nhien,truc_tiep,Cải thiện điểm số,200000,4,dang_tim_gia_su,2026-03-16
HS_EX_0802,Đặng Thanh Hân,THPT_TTT,THPT Tôn Thất Tùng,thpt,LOP_09,Lớp 9,thcs,KV_HN_BTL,Bắc Từ Liêm,Bắc Từ Liêm,Hà Nội,trung_binh,excel,hoat_dong,2026-04-03,MON_LY,Vật lý,tu_nhien,online,Cải thiện điểm số,200000,3,dang_tim_gia_su,2026-03-05
HS_EX_0803,Nguyễn Bảo An,THPT_KL,THPT Kim Liên,thpt,LOP_10,Lớp 10,thpt,KV_HN_CG,Cầu Giấy,Cầu Giấy,Hà Nội,yeu,excel,hoat_dong,2026-04-03,MON_VAN,Ngữ văn,xa_hoi,online,Cải thiện điểm số,150000,2,dang_tim_gia_su,2026-03-06
HS_EX_0804,Bùi Thu Châu,THPT_LQD_HN,THPT Lê Quý Đôn - Đống Đa,thpt,LOP_10,Lớp 10,thpt,KV_DN_ST,Sơn Trà,Sơn Trà,Đà Nẵng,gioi,excel,hoat_dong,2026-04-03,MON_TOAN,Toán,tu_nhien,truc_tiep,Cải thiện điểm số,200000,2,dang_tim_gia_su,2026-03-04
HS_EX_0805,Phạm Minh Khoa,THPT_GD,THPT Gia Định,thpt,LOP_12,Lớp 12,thpt,KV_HN_LB,Long Biên,Long Biên,Hà Nội,gioi,excel,hoat_dong,2026-04-03,MON_TOAN,Toán,tu_nhien,online,Cải thiện điểm số,250000,3,dang_tim_gia_su,2026-03-16
HS_EX_0806,Trần Thanh Trang,THPT_TDN,THPT Chuyên Trần Đại Nghĩa,thpt,LOP_12,Lớp 12,thpt,KV_HN_NTL,Nam Từ Liêm,Nam Từ Liêm,Hà Nội,yeu,excel,hoat_dong,2026-04-03,MON_TOAN,Toán,tu_nhien,truc_tiep,Cải thiện điểm số,150000,4,dang_tim_gia_su,2026-03-15
HS_EX_0807,Bùi Hồng Mai,THPT_HHT,THPT Hoàng Hoa Thám,thpt,LOP_10,Lớp 10,thpt,KV_DN_ST,Sơn Trà,Sơn Trà,Đà Nẵng,kha,excel,hoat_dong,2026-04-03,MON_ANH,Tiếng Anh,ngoai_ngu,truc_tiep,Cải thiện điểm số,250000,3,dang_tim_gia_su,2026-03-27
HS_EX_0808,Phạm Hải Đức,THPT_NHS,THPT Ngũ Hành Sơn,thpt,LOP_12,Lớp 12,thpt,KV_HCM_Q10,Quận 10,Quận 10,Hồ Chí Minh,trung_binh,excel,hoat_dong,2026-04-03,MON_ANH,Tiếng Anh,ngoai_ngu,online,Cải thiện điểm số,200000,3,dang_tim_gia_su,2026-03-08
HS_EX_0809,Ngô Văn Đức,THPT_MC,THPT Marie Curie,thpt,LOP_09,Lớp 9,thcs,KV_HN_TH,Tây Hồ,Tây Hồ,Hà Nội,yeu,excel,hoat_dong,2026-04-03,MON_VAN,Ngữ văn,xa_hoi,online,Cải thiện điểm số,250000,3,dang_tim_gia_su,2026-04-01
HS_EX_0810,Hoàng Hải Tuấn,THPT_LHP,THPT Chuyên Lê Hồng Phong,thpt,LOP_06,Lớp 6,thcs,KV_HCM_PN,Phú Nhuận,Phú Nhuận,Hồ Chí Minh,trung_binh,excel,hoat_dong,2026-04-03,MON_TOAN,Toán,tu_nhien,ca_hai,Cải thiện điểm số,250000,3,dang_tim_gia_su,2026-03-04
HS_EX_0811,Hoàng Văn Huy,THPT_YH,THPT Yên Hòa,thpt,LOP_10,Lớp 10,thpt,KV_HCM_BT,Bình Thạnh,Bình Thạnh,Hồ Chí Minh,kha,excel,hoat_dong,2026-04-03,MON_ANH,Tiếng Anh,ngoai_ngu,online,Cải thiện điểm số,200000,4,dang_tim_gia_su,2026-03-28
HS_EX_0812,Đỗ Ngọc Châu,THPT_CBQ,THPT Cao Bá Quát,thpt,LOP_09,Lớp 9,thcs,KV_HCM_TP,Tân Phú,Tân Phú,Hồ Chí Minh,xuat_sac,excel,hoat_dong,2026-04-03,MON_LY,Vật lý,tu_nhien,online,Cải thiện điểm số,250000,2,dang_tim_gia_su,2026-03-25
HS_EX_0813,Ngô Minh Tuấn,THPT_GD,THPT Gia Định,thpt,LOP_12,Lớp 12,thpt,KV_HN_NTL,Nam Từ Liêm,Nam Từ Liêm,Hà Nội,trung_binh,excel,hoat_dong,2026-04-03,MON_LY,Vật lý,tu_nhien,ca_hai,Cải thiện điểm số,200000,4,dang_tim_gia_su,2026-03-10
HS_EX_0814,Đỗ Hoàng Nhung,THPT_ND,THPT Nguyễn Du,thpt,LOP_10,Lớp 10,thpt,KV_HN_LB,Long Biên,Long Biên,Hà Nội,yeu,excel,hoat_dong,2026-04-03,MON_TOAN,Toán,tu_nhien,ca_hai,Cải thiện điểm số,250000,3,dang_tim_gia_su,2026-03-28
HS_EX_0815,Đặng Thị An,THPT_PN,THPT Phú Nhuận,thpt,LOP_06,Lớp 6,thcs,KV_HN_HBT,Hai Bà Trưng,Hai Bà Trưng,Hà Nội,gioi,excel,hoat_dong,2026-04-03,MON_VAN,Ngữ văn,xa_hoi,online,Cải thiện điểm số,200000,2,dang_tim_gia_su,2026-03-11
HS_EX_0816,Lý Thị Thu,THPT_CVD,THPT Cẩm Lệ,thpt,LOP_12,Lớp 12,thpt,KV_HN_HD,Hà Đông,Hà Đông,Hà Nội,yeu,excel,hoat_dong,2026-04-03,MON_LY,Vật lý,tu_nhien,ca_hai,Cải thiện điểm số,250000,3,dang_tim_gia_su,2026-03-26
HS_EX_0817,Lý Minh Nam,THPT_TL,THPT Thăng Long,thpt,LOP_10,Lớp 10,thpt,KV_HN_HBT,Hai Bà Trưng,Hai Bà Trưng,Hà Nội,gioi,excel,hoat_dong,2026-04-03,MON_TOAN,Toán,tu_nhien,online,Cải thiện điểm số,200000,4,dang_tim_gia_su,2026-03-28
HS_EX_0818,Ngô Thu An,THPT_CG,THPT Cầu Giấy,thpt,LOP_06,Lớp 6,thcs,KV_HCM_Q1,Quận 1,Quận 1,Hồ Chí Minh,kha,excel,hoat_dong,2026-04-03,MON_ANH,Tiếng Anh,ngoai_ngu,online,Cải thiện điểm số,150000,4,dang_tim_gia_su,2026-03-04
HS_EX_0819,Bùi Mai Trang,THPT_DA,THPT Đông Anh,thpt,LOP_06,Lớp 6,thcs,KV_DN_TK,Thanh Khê,Thanh Khê,Đà Nẵng,yeu,excel,hoat_dong,2026-04-03,MON_ANH,Tiếng Anh,ngoai_ngu,ca_hai,Cải thiện điểm số,200000,2,dang_tim_gia_su,2026-03-31
HS_EX_0820,Phạm Xuân Linh,THPT_HHT,THPT Hoàng Hoa Thám,thpt,LOP_06,Lớp 6,thcs,KV_HN_CG,Cầu Giấy,Cầu Giấy,Hà Nội,kha,excel,hoat_dong,2026-04-03,MON_LY,Vật lý,tu_nhien,truc_tiep,Cải thiện điểm số,250000,2,dang_tim_gia_su,2026-03-10
HS_EX_0821,Ngô Mai Linh,THPT_CVD,THPT Cẩm Lệ,thpt,LOP_12,Lớp 12,thpt,KV_DN_LC,Liên Chiểu,Liên Chiểu,Đà Nẵng,xuat_sac,excel,hoat_dong,2026-04-03,MON_TOAN,Toán,tu_nhien,ca_hai,Cải thiện điểm số,250000,4,dang_tim_gia_su,2026-03-29
HS_EX_0822,Đỗ Đức Kiệt,THPT_BTX,THPT Bùi Thị Xuân,thpt,LOP_12,Lớp 12,thpt,KV_HN_HM,Hoàng Mai,Hoàng Mai,Hà Nội,xuat_sac,excel,hoat_dong,2026-04-03,MON_ANH,Tiếng Anh,ngoai_ngu,online,Cải thiện điểm số,150000,2,dang_tim_gia_su,2026-03-05
HS_EX_0823,Trần Trọng Đức,THPT_TL,THPT Thăng Long,thpt,LOP_10,Lớp 10,thpt,KV_HN_DD,Đống Đa,Đống Đa,Hà Nội,yeu,excel,hoat_dong,2026-04-03,MON_LY,Vật lý,tu_nhien,online,Cải thiện điểm số,150000,2,dang_tim_gia_su,2026-03-11
HS_EX_0824,Ngô Thu Hân,THPT_NTH_HCM,THPT Nguyễn Thượng Hiền,thpt,LOP_06,Lớp 6,thcs,KV_HCM_TP,Tân Phú,Tân Phú,Hồ Chí Minh,gioi,excel,hoat_dong,2026-04-03,MON_LY,Vật lý,tu_nhien,online,Cải thiện điểm số,150000,3,dang_tim_gia_su,2026-03-09
HS_EX_0825,Dương Hữu Kiệt,THPT_VTS,THPT Võ Thị Sáu,thpt,LOP_06,Lớp 6,thcs,KV_HCM_Q8,Quận 8,Quận 8,Hồ Chí Minh,kha,excel,hoat_dong,2026-04-03,MON_TOAN,Toán,tu_nhien,truc_tiep,Cải thiện điểm số,150000,3,dang_tim_gia_su,2026-03-08
HS_EX_0826,Lý Văn Đức,THPT_MQ,THPT Mạc Đĩnh Chi,thpt,LOP_06,Lớp 6,thcs,KV_DN_LC,Liên Chiểu,Liên Chiểu,Đà Nẵng,xuat_sac,excel,hoat_dong,2026-04-03,MON_LY,Vật lý,tu_nhien,ca_hai,Cải thiện điểm số,150000,3,dang_tim_gia_su,2026-03-16
HS_EX_0827,Vũ Hồng Thảo,THPT_OIK,THPT Ông Ích Khiêm,thpt,LOP_10,Lớp 10,thpt,KV_DN_ST,Sơn Trà,Sơn Trà,Đà Nẵng,trung_binh,excel,hoat_dong,2026-04-03,MON_VAN,Ngữ văn,xa_hoi,online,Cải thiện điểm số,250000,3,dang_tim_gia_su,2026-03-22
HS_EX_0828,Phạm Ngọc Mai,THPT_LQD_DN,THPT Chuyên Lê Quý Đôn,thpt,LOP_06,Lớp 6,thcs,KV_HN_LB,Long Biên,Long Biên,Hà Nội,yeu,excel,hoat_dong,2026-04-03,MON_VAN,Ngữ văn,xa_hoi,online,Cải thiện điểm số,150000,3,dang_tim_gia_su,2026-03-19
HS_EX_0829,Dương Thu Hân,THPT_GD,THPT Gia Định,thpt,LOP_06,Lớp 6,thcs,KV_HN_HD,Hà Đông,Hà Đông,Hà Nội,kha,excel,hoat_dong,2026-04-03,MON_VAN,Ngữ văn,xa_hoi,truc_tiep,Cải thiện điểm số,200000,3,dang_tim_gia_su,2026-04-02
HS_EX_0830,Trần Đình Hùng,THPT_CG,THPT Cầu Giấy,thpt,LOP_12,Lớp 12,thpt,KV_HCM_GV,Gò Vấp,Gò Vấp,Hồ Chí Minh,trung_binh,excel,hoat_dong,2026-04-03,MON_LY,Vật lý,tu_nhien,ca_hai,Cải thiện điểm số,200000,4,dang_tim_gia_su,2026-04-03
HS_EX_0831,Lý Hồng An,THPT_NMK,THPT Nguyễn Thị Minh Khai,thpt,LOP_09,Lớp 9,thcs,KV_HCM_Q8,Quận 8,Quận 8,Hồ Chí Minh,yeu,excel,hoat_dong,2026-04-03,MON_ANH,Tiếng Anh,ngoai_ngu,truc_tiep,Cải thiện điểm số,150000,3,dang_tim_gia_su,2026-03-13
HS_EX_0832,Lê Mai Nhung,THPT_CVD,THPT Cẩm Lệ,thpt,LOP_10,Lớp 10,thpt,KV_HCM_Q5,Quận 5,Quận 5,Hồ Chí Minh,gioi,excel,hoat_dong,2026-04-03,MON_ANH,Tiếng Anh,ngoai_ngu,online,Cải thiện điểm số,150000,4,dang_tim_gia_su,2026-03-30
HS_EX_0833,Lý Xuân Trang,THPT_NVT,THPT Nguyễn Văn Trỗi,thpt,LOP_12,Lớp 12,thpt,KV_HCM_PN,Phú Nhuận,Phú Nhuận,Hồ Chí Minh,kha,excel,hoat_dong,2026-04-03,MON_TOAN,Toán,tu_nhien,ca_hai,Cải thiện điểm số,200000,3,dang_tim_gia_su,2026-03-25
HS_EX_0834,Đặng Trọng Khoa,THPT_YH,THPT Yên Hòa,thpt,LOP_06,Lớp 6,thcs,KV_HCM_Q1,Quận 1,Quận 1,Hồ Chí Minh,yeu,excel,hoat_dong,2026-04-03,MON_VAN,Ngữ văn,xa_hoi,ca_hai,Cải thiện điểm số,200000,2,dang_tim_gia_su,2026-03-14
HS_EX_0835,Dương Bảo Mai,THPT_GD,THPT Gia Định,thpt,LOP_10,Lớp 10,thpt,KV_HN_NTL,Nam Từ Liêm,Nam Từ Liêm,Hà Nội,yeu,excel,hoat_dong,2026-04-03,MON_VAN,Ngữ văn,xa_hoi,online,Cải thiện điểm số,200000,3,dang_tim_gia_su,2026-03-16
HS_EX_0836,Hoàng Hồng Châu,THPT_TPh,THPT Thái Phiên,thpt,LOP_12,Lớp 12,thpt,KV_DN_CL,Cẩm Lệ,Cẩm Lệ,Đà Nẵng,yeu,excel,hoat_dong,2026-04-03,MON_LY,Vật lý,tu_nhien,truc_tiep,Cải thiện điểm số,250000,4,dang_tim_gia_su,2026-03-17
HS_EX_0837,Đặng Thu Trang,THPT_TTT,THPT Tôn Thất Tùng,thpt,LOP_10,Lớp 10,thpt,KV_DN_CL,Cẩm Lệ,Cẩm Lệ,Đà Nẵng,trung_binh,excel,hoat_dong,2026-04-03,MON_ANH,Tiếng Anh,ngoai_ngu,online,Cải thiện điểm số,150000,3,dang_tim_gia_su,2026-03-13
HS_EX_0838,Bùi Hoàng Hân,THPT_TTT,THPT Tôn Thất Tùng,thpt,LOP_09,Lớp 9,thcs,KV_HCM_Q3,Quận 3,Quận 3,Hồ Chí Minh,yeu,excel,hoat_dong,2026-04-03,MON_VAN,Ngữ văn,xa_hoi,truc_tiep,Cải thiện điểm số,200000,2,dang_tim_gia_su,2026-03-09
HS_EX_0839,Đặng Mai An,THPT_VTS,THPT Võ Thị Sáu,thpt,LOP_10,Lớp 10,thpt,KV_HN_BTL,Bắc Từ Liêm,Bắc Từ Liêm,Hà Nội,xuat_sac,excel,hoat_dong,2026-04-03,MON_LY,Vật lý,tu_nhien,ca_hai,Cải thiện điểm số,150000,2,dang_tim_gia_su,2026-04-01
HS_EX_0840,Đặng Bảo Châu,THPT_NVT,THPT Nguyễn Văn Trỗi,thpt,LOP_09,Lớp 9,thcs,KV_HCM_Q7,Quận 7,Quận 7,Hồ Chí Minh,kha,excel,hoat_dong,2026-04-03,MON_ANH,Tiếng Anh,ngoai_ngu,online,Cải thiện điểm số,150000,2,dang_tim_gia_su,2026-03-30
HS_EX_0841,Phạm Xuân Châu,THPT_YH,THPT Yên Hòa,thpt,LOP_10,Lớp 10,thpt,KV_HCM_TD,Thủ Đức,Thủ Đức,Hồ Chí Minh,gioi,excel,hoat_dong,2026-04-03,MON_ANH,Tiếng Anh,ngoai_ngu,online,Cải thiện điểm số,250000,4,dang_tim_gia_su,2026-03-10
HS_EX_0842,Đặng Ngọc Châu,THPT_TDN,THPT Chuyên Trần Đại Nghĩa,thpt,LOP_09,Lớp 9,thcs,KV_HCM_Q3,Quận 3,Quận 3,Hồ Chí Minh,gioi,excel,hoat_dong,2026-04-03,MON_ANH,Tiếng Anh,ngoai_ngu,ca_hai,Cải thiện điểm số,250000,4,dang_tim_gia_su,2026-04-01
HS_EX_0843,Dương Minh Phú,THPT_NHS,THPT Ngũ Hành Sơn,thpt,LOP_09,Lớp 9,thcs,KV_HCM_Q8,Quận 8,Quận 8,Hồ Chí Minh,xuat_sac,excel,hoat_dong,2026-04-03,MON_LY,Vật lý,tu_nhien,online,Cải thiện điểm số,150000,4,dang_tim_gia_su,2026-04-03
HS_EX_0844,Đỗ Ngọc Trang,THPT_LQD_HN,THPT Lê Quý Đôn - Đống Đa,thpt,LOP_12,Lớp 12,thpt,KV_HCM_Q8,Quận 8,Quận 8,Hồ Chí Minh,xuat_sac,excel,hoat_dong,2026-04-03,MON_VAN,Ngữ văn,xa_hoi,truc_tiep,Cải thiện điểm số,250000,3,dang_tim_gia_su,2026-03-20
HS_EX_0845,Đặng Đức Tuấn,THPT_TL,THPT Thăng Long,thpt,LOP_09,Lớp 9,thcs,KV_HCM_TB,Tân Bình,Tân Bình,Hồ Chí Minh,yeu,excel,hoat_dong,2026-04-03,MON_ANH,Tiếng Anh,ngoai_ngu,truc_tiep,Cải thiện điểm số,200000,3,dang_tim_gia_su,2026-03-21
HS_EX_0846,Vũ Thanh Nhung,THPT_CVD,THPT Cẩm Lệ,thpt,LOP_12,Lớp 12,thpt,KV_DN_TK,Thanh Khê,Thanh Khê,Đà Nẵng,xuat_sac,excel,hoat_dong,2026-04-03,MON_TOAN,Toán,tu_nhien,ca_hai,Cải thiện điểm số,150000,3,dang_tim_gia_su,2026-04-03
HS_EX_0847,Nguyễn Thị Linh,THPT_TP_HN,THPT Trần Phú - Hoàn Kiếm,thpt,LOP_10,Lớp 10,thpt,KV_HCM_Q3,Quận 3,Quận 3,Hồ Chí Minh,yeu,excel,hoat_dong,2026-04-03,MON_LY,Vật lý,tu_nhien,ca_hai,Cải thiện điểm số,150000,2,dang_tim_gia_su,2026-03-27
HS_EX_0848,Đặng Mai Hân,THPT_LQD_DN,THPT Chuyên Lê Quý Đôn,thpt,LOP_06,Lớp 6,thcs,KV_DN_LC,Liên Chiểu,Liên Chiểu,Đà Nẵng,yeu,excel,hoat_dong,2026-04-03,MON_LY,Vật lý,tu_nhien,ca_hai,Cải thiện điểm số,250000,3,dang_tim_gia_su,2026-03-15
HS_EX_0849,Phạm Quang Hùng,THPT_NHS,THPT Ngũ Hành Sơn,thpt,LOP_10,Lớp 10,thpt,KV_DN_LC,Liên Chiểu,Liên Chiểu,Đà Nẵng,xuat_sac,excel,hoat_dong,2026-04-03,MON_TOAN,Toán,tu_nhien,ca_hai,Cải thiện điểm số,200000,3,dang_tim_gia_su,2026-03-22
HS_EX_0850,Dương Thị Mai,THPT_PCT,THPT Chuyên Phan Châu Trinh,thpt,LOP_12,Lớp 12,thpt,KV_DN_CL,Cẩm Lệ,Cẩm Lệ,Đà Nẵng,gioi,excel,hoat_dong,2026-04-03,MON_ANH,Tiếng Anh,ngoai_ngu,online,Cải thiện điểm số,250000,4,dang_tim_gia_su,2026-03-12
HS_EX_0851,Ngô Mai Thảo,THPT_CVD,THPT Cẩm Lệ,thpt,LOP_10,Lớp 10,thpt,KV_HCM_Q1,Quận 1,Quận 1,Hồ Chí Minh,xuat_sac,excel,hoat_dong,2026-04-03,MON_VAN,Ngữ văn,xa_hoi,online,Cải thiện điểm số,200000,3,dang_tim_gia_su,2026-03-19
HS_EX_0852,Lý Thu Trang,THPT_TP_HN,THPT Trần Phú - Hoàn Kiếm,thpt,LOP_10,Lớp 10,thpt,KV_DN_ST,Sơn Trà,Sơn Trà,Đà Nẵng,gioi,excel,hoat_dong,2026-04-03,MON_ANH,Tiếng Anh,ngoai_ngu,online,Cải thiện điểm số,250000,3,dang_tim_gia_su,2026-03-27
HS_EX_0853,Phạm Văn Cường,THPT_CG,THPT Cầu Giấy,thpt,LOP_09,Lớp 9,thcs,KV_DN_ST,Sơn Trà,Sơn Trà,Đà Nẵng,gioi,excel,hoat_dong,2026-04-03,MON_VAN,Ngữ văn,xa_hoi,online,Cải thiện điểm số,150000,2,dang_tim_gia_su,2026-03-20
HS_EX_0854,Lê Thái Đức,THPT_TP_HN,THPT Trần Phú - Hoàn Kiếm,thpt,LOP_12,Lớp 12,thpt,KV_HN_HD,Hà Đông,Hà Đông,Hà Nội,kha,excel,hoat_dong,2026-04-03,MON_TOAN,Toán,tu_nhien,truc_tiep,Cải thiện điểm số,200000,3,dang_tim_gia_su,2026-03-31
HS_EX_0855,Dương Hải Tuấn,THPT_NH,THPT Nguyễn Hiền,thpt,LOP_10,Lớp 10,thpt,KV_HN_TH,Tây Hồ,Tây Hồ,Hà Nội,trung_binh,excel,hoat_dong,2026-04-03,MON_TOAN,Toán,tu_nhien,ca_hai,Cải thiện điểm số,200000,2,dang_tim_gia_su,2026-03-19
HS_EX_0856,Lê Thu Linh,THPT_NTH_HCM,THPT Nguyễn Thượng Hiền,thpt,LOP_06,Lớp 6,thcs,KV_DN_HC,Hải Châu,Hải Châu,Đà Nẵng,xuat_sac,excel,hoat_dong,2026-04-03,MON_LY,Vật lý,tu_nhien,online,Cải thiện điểm số,200000,4,dang_tim_gia_su,2026-03-16
HS_EX_0857,Trần Thị Châu,THPT_NMK,THPT Nguyễn Thị Minh Khai,thpt,LOP_09,Lớp 9,thcs,KV_HCM_Q8,Quận 8,Quận 8,Hồ Chí Minh,yeu,excel,hoat_dong,2026-04-03,MON_ANH,Tiếng Anh,ngoai_ngu,truc_tiep,Cải thiện điểm số,200000,2,dang_tim_gia_su,2026-03-31
HS_EX_0858,Phạm Hồng Mai,THPT_HHT,THPT Hoàng Hoa Thám,thpt,LOP_06,Lớp 6,thcs,KV_HCM_PN,Phú Nhuận,Phú Nhuận,Hồ Chí Minh,trung_binh,excel,hoat_dong,2026-04-03,MON_VAN,Ngữ văn,xa_hoi,ca_hai,Cải thiện điểm số,200000,2,dang_tim_gia_su,2026-03-21
HS_EX_0859,Đỗ Văn Đạt,THPT_BTX,THPT Bùi Thị Xuân,thpt,LOP_12,Lớp 12,thpt,KV_HN_HK,Hoàn Kiếm,Hoàn Kiếm,Hà Nội,yeu,excel,hoat_dong,2026-04-03,MON_TOAN,Toán,tu_nhien,ca_hai,Cải thiện điểm số,250000,2,dang_tim_gia_su,2026-03-06
HS_EX_0860,Lý Mai Thu,THPT_NVT,THPT Nguyễn Văn Trỗi,thpt,LOP_06,Lớp 6,thcs,KV_HN_BD,Ba Đình,Ba Đình,Hà Nội,kha,excel,hoat_dong,2026-04-03,MON_ANH,Tiếng Anh,ngoai_ngu,truc_tiep,Cải thiện điểm số,250000,3,dang_tim_gia_su,2026-03-29
HS_EX_0861,Trần Ngọc An,THPT_OIK,THPT Ông Ích Khiêm,thpt,LOP_10,Lớp 10,thpt,KV_HCM_TB,Tân Bình,Tân Bình,Hồ Chí Minh,trung_binh,excel,hoat_dong,2026-04-03,MON_VAN,Ngữ văn,xa_hoi,truc_tiep,Cải thiện điểm số,150000,4,dang_tim_gia_su,2026-03-17
HS_EX_0862,Đỗ Hải Khoa,THPT_PDP,THPT Phan Đình Phùng,thpt,LOP_09,Lớp 9,thcs,KV_HCM_GV,Gò Vấp,Gò Vấp,Hồ Chí Minh,gioi,excel,hoat_dong,2026-04-03,MON_TOAN,Toán,tu_nhien,ca_hai,Cải thiện điểm số,200000,4,dang_tim_gia_su,2026-03-19
HS_EX_0863,Trần Hữu Cường,THPT_DA,THPT Đông Anh,thpt,LOP_12,Lớp 12,thpt,KV_HN_HK,Hoàn Kiếm,Hoàn Kiếm,Hà Nội,kha,excel,hoat_dong,2026-04-03,MON_VAN,Ngữ văn,xa_hoi,truc_tiep,Cải thiện điểm số,250000,4,dang_tim_gia_su,2026-03-11
HS_EX_0864,Nguyễn Xuân Châu,THPT_CBQ,THPT Cao Bá Quát,thpt,LOP_06,Lớp 6,thcs,KV_HCM_Q4,Quận 4,Quận 4,Hồ Chí Minh,kha,excel,hoat_dong,2026-04-03,MON_ANH,Tiếng Anh,ngoai_ngu,ca_hai,Cải thiện điểm số,250000,3,dang_tim_gia_su,2026-03-14
HS_EX_0865,Nguyễn Quang Đạt,THPT_CVD,THPT Cẩm Lệ,thpt,LOP_10,Lớp 10,thpt,KV_HCM_GV,Gò Vấp,Gò Vấp,Hồ Chí Minh,yeu,excel,hoat_dong,2026-04-03,MON_VAN,Ngữ văn,xa_hoi,truc_tiep,Cải thiện điểm số,250000,2,dang_tim_gia_su,2026-04-01
HS_EX_0866,Dương Hoàng An,THPT_CVA,THPT Chu Văn An,thpt,LOP_12,Lớp 12,thpt,KV_HN_DD,Đống Đa,Đống Đa,Hà Nội,kha,excel,hoat_dong,2026-04-03,MON_VAN,Ngữ văn,xa_hoi,online,Cải thiện điểm số,200000,3,dang_tim_gia_su,2026-03-18
HS_EX_0867,Bùi Thu Vy,THPT_ND,THPT Nguyễn Du,thpt,LOP_06,Lớp 6,thcs,KV_HN_BD,Ba Đình,Ba Đình,Hà Nội,trung_binh,excel,hoat_dong,2026-04-03,MON_ANH,Tiếng Anh,ngoai_ngu,ca_hai,Cải thiện điểm số,250000,4,dang_tim_gia_su,2026-03-12
HS_EX_0868,Lê Hoàng Châu,THPT_TL,THPT Thăng Long,thpt,LOP_10,Lớp 10,thpt,KV_HN_BTL,Bắc Từ Liêm,Bắc Từ Liêm,Hà Nội,gioi,excel,hoat_dong,2026-04-03,MON_LY,Vật lý,tu_nhien,online,Cải thiện điểm số,200000,3,dang_tim_gia_su,2026-03-26
HS_EX_0869,Ngô Văn Kiệt,THPT_GD,THPT Gia Định,thpt,LOP_06,Lớp 6,thcs,KV_HCM_Q8,Quận 8,Quận 8,Hồ Chí Minh,gioi,excel,hoat_dong,2026-04-03,MON_TOAN,Toán,tu_nhien,ca_hai,Cải thiện điểm số,200000,4,dang_tim_gia_su,2026-03-16
HS_EX_0870,Trần Bảo Linh,THPT_CVA,THPT Chu Văn An,thpt,LOP_12,Lớp 12,thpt,KV_DN_ST,Sơn Trà,Sơn Trà,Đà Nẵng,yeu,excel,hoat_dong,2026-04-03,MON_VAN,Ngữ văn,xa_hoi,ca_hai,Cải thiện điểm số,200000,3,dang_tim_gia_su,2026-03-24
HS_EX_0871,Lý Đình Cường,THPT_LQD_HN,THPT Lê Quý Đôn - Đống Đa,thpt,LOP_12,Lớp 12,thpt,KV_DN_CL,Cẩm Lệ,Cẩm Lệ,Đà Nẵng,gioi,excel,hoat_dong,2026-04-03,MON_ANH,Tiếng Anh,ngoai_ngu,online,Cải thiện điểm số,200000,4,dang_tim_gia_su,2026-03-07
HS_EX_0872,Lê Hồng Vy,THPT_ST,THPT Sơn Tây,thpt,LOP_12,Lớp 12,thpt,KV_HN_BD,Ba Đình,Ba Đình,Hà Nội,gioi,excel,hoat_dong,2026-04-03,MON_TOAN,Toán,tu_nhien,truc_tiep,Cải thiện điểm số,200000,2,dang_tim_gia_su,2026-03-27
HS_EX_0873,Phạm Hải Kiệt,THPT_NT_HCM,THPT Nguyễn Trãi,thpt,LOP_10,Lớp 10,thpt,KV_HN_HBT,Hai Bà Trưng,Hai Bà Trưng,Hà Nội,kha,excel,hoat_dong,2026-04-03,MON_LY,Vật lý,tu_nhien,truc_tiep,Cải thiện điểm số,250000,4,dang_tim_gia_su,2026-03-13
HS_EX_0874,Ngô Hoàng Nhung,THPT_LQD_DN,THPT Chuyên Lê Quý Đôn,thpt,LOP_09,Lớp 9,thcs,KV_HN_NTL,Nam Từ Liêm,Nam Từ Liêm,Hà Nội,yeu,excel,hoat_dong,2026-04-03,MON_ANH,Tiếng Anh,ngoai_ngu,ca_hai,Cải thiện điểm số,150000,3,dang_tim_gia_su,2026-03-12
HS_EX_0875,Bùi Hữu Cường,THPT_DD,THPT Đống Đa,thpt,LOP_09,Lớp 9,thcs,KV_HN_LB,Long Biên,Long Biên,Hà Nội,gioi,excel,hoat_dong,2026-04-03,MON_LY,Vật lý,tu_nhien,ca_hai,Cải thiện điểm số,200000,4,dang_tim_gia_su,2026-03-11
HS_EX_0876,Trần Đình Đạt,THPT_TDN,THPT Chuyên Trần Đại Nghĩa,thpt,LOP_06,Lớp 6,thcs,KV_HCM_TD,Thủ Đức,Thủ Đức,Hồ Chí Minh,gioi,excel,hoat_dong,2026-04-03,MON_LY,Vật lý,tu_nhien,online,Cải thiện điểm số,200000,3,dang_tim_gia_su,2026-03-09
HS_EX_0877,Trần Ngọc Thu,THPT_TP_HN,THPT Trần Phú - Hoàn Kiếm,thpt,LOP_10,Lớp 10,thpt,KV_HCM_TD,Thủ Đức,Thủ Đức,Hồ Chí Minh,xuat_sac,excel,hoat_dong,2026-04-03,MON_VAN,Ngữ văn,xa_hoi,ca_hai,Cải thiện điểm số,250000,4,dang_tim_gia_su,2026-03-29
HS_EX_0878,Bùi Đức Hùng,THPT_TL,THPT Thăng Long,thpt,LOP_09,Lớp 9,thcs,KV_DN_ST,Sơn Trà,Sơn Trà,Đà Nẵng,gioi,excel,hoat_dong,2026-04-03,MON_VAN,Ngữ văn,xa_hoi,ca_hai,Cải thiện điểm số,250000,4,dang_tim_gia_su,2026-03-17
HS_EX_0879,Dương Hồng Mai,THPT_ST,THPT Sơn Tây,thpt,LOP_09,Lớp 9,thcs,KV_HN_BD,Ba Đình,Ba Đình,Hà Nội,yeu,excel,hoat_dong,2026-04-03,MON_VAN,Ngữ văn,xa_hoi,ca_hai,Cải thiện điểm số,150000,3,dang_tim_gia_su,2026-03-04
HS_EX_0880,Ngô Hữu Cường,THPT_CVD,THPT Cẩm Lệ,thpt,LOP_06,Lớp 6,thcs,KV_HN_LB,Long Biên,Long Biên,Hà Nội,trung_binh,excel,hoat_dong,2026-04-03,MON_VAN,Ngữ văn,xa_hoi,online,Cải thiện điểm số,200000,3,dang_tim_gia_su,2026-04-03
HS_EX_0881,Đặng Trọng Kiệt,THPT_NH,THPT Nguyễn Hiền,thpt,LOP_09,Lớp 9,thcs,KV_HCM_Q10,Quận 10,Quận 10,Hồ Chí Minh,yeu,excel,hoat_dong,2026-04-03,MON_TOAN,Toán,tu_nhien,truc_tiep,Cải thiện điểm số,250000,4,dang_tim_gia_su,2026-03-17
HS_EX_0882,Lý Thái Đạt,THPT_GD,THPT Gia Định,thpt,LOP_09,Lớp 9,thcs,KV_DN_LC,Liên Chiểu,Liên Chiểu,Đà Nẵng,yeu,excel,hoat_dong,2026-04-03,MON_LY,Vật lý,tu_nhien,ca_hai,Cải thiện điểm số,150000,2,dang_tim_gia_su,2026-04-01
HS_EX_0883,Phạm Xuân Thảo,THPT_NT_HCM,THPT Nguyễn Trãi,thpt,LOP_06,Lớp 6,thcs,KV_HCM_Q1,Quận 1,Quận 1,Hồ Chí Minh,kha,excel,hoat_dong,2026-04-03,MON_TOAN,Toán,tu_nhien,ca_hai,Cải thiện điểm số,150000,4,dang_tim_gia_su,2026-03-04
HS_EX_0884,Đỗ Thanh An,THPT_TDN,THPT Chuyên Trần Đại Nghĩa,thpt,LOP_09,Lớp 9,thcs,KV_DN_LC,Liên Chiểu,Liên Chiểu,Đà Nẵng,trung_binh,excel,hoat_dong,2026-04-03,MON_ANH,Tiếng Anh,ngoai_ngu,truc_tiep,Cải thiện điểm số,200000,3,dang_tim_gia_su,2026-03-06
HS_EX_0885,Hoàng Xuân Nhung,THPT_PCT,THPT Chuyên Phan Châu Trinh,thpt,LOP_06,Lớp 6,thcs,KV_HN_HK,Hoàn Kiếm,Hoàn Kiếm,Hà Nội,gioi,excel,hoat_dong,2026-04-03,MON_LY,Vật lý,tu_nhien,truc_tiep,Cải thiện điểm số,150000,2,dang_tim_gia_su,2026-03-29
HS_EX_0886,Vũ Đức Phú,THPT_BTX,THPT Bùi Thị Xuân,thpt,LOP_06,Lớp 6,thcs,KV_DN_ST,Sơn Trà,Sơn Trà,Đà Nẵng,yeu,excel,hoat_dong,2026-04-03,MON_VAN,Ngữ văn,xa_hoi,truc_tiep,Cải thiện điểm số,200000,4,dang_tim_gia_su,2026-03-06
HS_EX_0887,Dương Hải Đức,THPT_NHS,THPT Ngũ Hành Sơn,thpt,LOP_06,Lớp 6,thcs,KV_HCM_BT,Bình Thạnh,Bình Thạnh,Hồ Chí Minh,kha,excel,hoat_dong,2026-04-03,MON_TOAN,Toán,tu_nhien,truc_tiep,Cải thiện điểm số,150000,3,dang_tim_gia_su,2026-03-09
HS_EX_0888,Nguyễn Thái Kiệt,THPT_TD,THPT Thủ Đức,thpt,LOP_06,Lớp 6,thcs,KV_HN_HBT,Hai Bà Trưng,Hai Bà Trưng,Hà Nội,trung_binh,excel,hoat_dong,2026-04-03,MON_ANH,Tiếng Anh,ngoai_ngu,truc_tiep,Cải thiện điểm số,200000,4,dang_tim_gia_su,2026-03-11
HS_EX_0889,Lê Trọng Tuấn,THPT_MC,THPT Marie Curie,thpt,LOP_09,Lớp 9,thcs,KV_HN_BD,Ba Đình,Ba Đình,Hà Nội,trung_binh,excel,hoat_dong,2026-04-03,MON_TOAN,Toán,tu_nhien,truc_tiep,Cải thiện điểm số,150000,3,dang_tim_gia_su,2026-03-15
HS_EX_0890,Bùi Văn Cường,THPT_NVT,THPT Nguyễn Văn Trỗi,thpt,LOP_09,Lớp 9,thcs,KV_HCM_Q5,Quận 5,Quận 5,Hồ Chí Minh,xuat_sac,excel,hoat_dong,2026-04-03,MON_ANH,Tiếng Anh,ngoai_ngu,truc_tiep,Cải thiện điểm số,200000,4,dang_tim_gia_su,2026-03-25
HS_EX_0891,Đỗ Trọng Hùng,THPT_KL,THPT Kim Liên,thpt,LOP_12,Lớp 12,thpt,KV_HCM_Q3,Quận 3,Quận 3,Hồ Chí Minh,trung_binh,excel,hoat_dong,2026-04-03,MON_TOAN,Toán,tu_nhien,ca_hai,Cải thiện điểm số,200000,4,dang_tim_gia_su,2026-03-13
HS_EX_0892,Phạm Hải Nam,THPT_LQD_HN,THPT Lê Quý Đôn - Đống Đa,thpt,LOP_12,Lớp 12,thpt,KV_DN_NHS,Ngũ Hành Sơn,Ngũ Hành Sơn,Đà Nẵng,trung_binh,excel,hoat_dong,2026-04-03,MON_ANH,Tiếng Anh,ngoai_ngu,online,Cải thiện điểm số,250000,2,dang_tim_gia_su,2026-03-29
HS_EX_0893,Đặng Bảo Hân,THPT_HHT,THPT Hoàng Hoa Thám,thpt,LOP_12,Lớp 12,thpt,KV_HCM_Q1,Quận 1,Quận 1,Hồ Chí Minh,yeu,excel,hoat_dong,2026-04-03,MON_LY,Vật lý,tu_nhien,ca_hai,Cải thiện điểm số,250000,2,dang_tim_gia_su,2026-04-02
HS_EX_0894,Đặng Quang Huy,THPT_CVA,THPT Chu Văn An,thpt,LOP_10,Lớp 10,thpt,KV_HN_DD,Đống Đa,Đống Đa,Hà Nội,xuat_sac,excel,hoat_dong,2026-04-03,MON_VAN,Ngữ văn,xa_hoi,ca_hai,Cải thiện điểm số,200000,4,dang_tim_gia_su,2026-03-10
HS_EX_0895,Phạm Thị Thảo,THPT_CVA,THPT Chu Văn An,thpt,LOP_10,Lớp 10,thpt,KV_HCM_Q1,Quận 1,Quận 1,Hồ Chí Minh,gioi,excel,hoat_dong,2026-04-03,MON_ANH,Tiếng Anh,ngoai_ngu,online,Cải thiện điểm số,200000,3,dang_tim_gia_su,2026-03-06
HS_EX_0896,Đỗ Hồng An,THPT_VTS,THPT Võ Thị Sáu,thpt,LOP_10,Lớp 10,thpt,KV_DN_NHS,Ngũ Hành Sơn,Ngũ Hành Sơn,Đà Nẵng,gioi,excel,hoat_dong,2026-04-03,MON_TOAN,Toán,tu_nhien,ca_hai,Cải thiện điểm số,200000,3,dang_tim_gia_su,2026-03-22
HS_EX_0897,Đặng Thái Hùng,THPT_AMS,THPT Chuyên Hà Nội - Amsterdam,thpt,LOP_12,Lớp 12,thpt,KV_HCM_TD,Thủ Đức,Thủ Đức,Hồ Chí Minh,kha,excel,hoat_dong,2026-04-03,MON_TOAN,Toán,tu_nhien,ca_hai,Cải thiện điểm số,200000,4,dang_tim_gia_su,2026-03-08
HS_EX_0898,Đỗ Đình Phú,THPT_MQ,THPT Mạc Đĩnh Chi,thpt,LOP_12,Lớp 12,thpt,KV_HN_BD,Ba Đình,Ba Đình,Hà Nội,trung_binh,excel,hoat_dong,2026-04-03,MON_ANH,Tiếng Anh,ngoai_ngu,ca_hai,Cải thiện điểm số,150000,3,dang_tim_gia_su,2026-03-18
HS_EX_0899,Trần Thanh Mai,THPT_NMK,THPT Nguyễn Thị Minh Khai,thpt,LOP_10,Lớp 10,thpt,KV_HCM_PN,Phú Nhuận,Phú Nhuận,Hồ Chí Minh,trung_binh,excel,hoat_dong,2026-04-03,MON_TOAN,Toán,tu_nhien,truc_tiep,Cải thiện điểm số,200000,4,dang_tim_gia_su,2026-03-26
HS_EX_0900,Ngô Hoàng Trang,THPT_TDN,THPT Chuyên Trần Đại Nghĩa,thpt,LOP_06,Lớp 6,thcs,KV_HCM_Q8,Quận 8,Quận 8,Hồ Chí Minh,xuat_sac,excel,hoat_dong,2026-04-03,MON_VAN,Ngữ văn,xa_hoi,ca_hai,Cải thiện điểm số,150000,2,dang_tim_gia_su,2026-03-12
HS_EX_0901,Nguyễn Thu Linh,THPT_PDP,THPT Phan Đình Phùng,thpt,LOP_06,Lớp 6,thcs,KV_HCM_TB,Tân Bình,Tân Bình,Hồ Chí Minh,trung_binh,excel,hoat_dong,2026-04-03,MON_LY,Vật lý,tu_nhien,online,Cải thiện điểm số,200000,4,dang_tim_gia_su,2026-03-04
HS_EX_0902,Phạm Quang Khoa,THPT_KL,THPT Kim Liên,thpt,LOP_10,Lớp 10,thpt,KV_DN_CL,Cẩm Lệ,Cẩm Lệ,Đà Nẵng,yeu,excel,hoat_dong,2026-04-03,MON_TOAN,Toán,tu_nhien,truc_tiep,Cải thiện điểm số,250000,4,dang_tim_gia_su,2026-03-10
HS_EX_0903,Bùi Minh Kiệt,THPT_LQD_HN,THPT Lê Quý Đôn - Đống Đa,thpt,LOP_09,Lớp 9,thcs,KV_HN_HK,Hoàn Kiếm,Hoàn Kiếm,Hà Nội,gioi,excel,hoat_dong,2026-04-03,MON_VAN,Ngữ văn,xa_hoi,online,Cải thiện điểm số,200000,4,dang_tim_gia_su,2026-03-27
HS_EX_0904,Ngô Thanh Vy,THPT_YH,THPT Yên Hòa,thpt,LOP_10,Lớp 10,thpt,KV_HCM_Q4,Quận 4,Quận 4,Hồ Chí Minh,gioi,excel,hoat_dong,2026-04-03,MON_TOAN,Toán,tu_nhien,truc_tiep,Cải thiện điểm số,250000,2,dang_tim_gia_su,2026-03-09
HS_EX_0905,Lê Văn Khoa,THPT_NMK,THPT Nguyễn Thị Minh Khai,thpt,LOP_12,Lớp 12,thpt,KV_HCM_Q5,Quận 5,Quận 5,Hồ Chí Minh,yeu,excel,hoat_dong,2026-04-03,MON_VAN,Ngữ văn,xa_hoi,ca_hai,Cải thiện điểm số,200000,3,dang_tim_gia_su,2026-04-03
HS_EX_0906,Nguyễn Ngọc Châu,THPT_MC,THPT Marie Curie,thpt,LOP_06,Lớp 6,thcs,KV_HN_BD,Ba Đình,Ba Đình,Hà Nội,xuat_sac,excel,hoat_dong,2026-04-03,MON_VAN,Ngữ văn,xa_hoi,truc_tiep,Cải thiện điểm số,150000,4,dang_tim_gia_su,2026-03-14
HS_EX_0907,Dương Thị Trang,THPT_NTH_HCM,THPT Nguyễn Thượng Hiền,thpt,LOP_10,Lớp 10,thpt,KV_HN_TH,Tây Hồ,Tây Hồ,Hà Nội,kha,excel,hoat_dong,2026-04-03,MON_LY,Vật lý,tu_nhien,truc_tiep,Cải thiện điểm số,250000,3,dang_tim_gia_su,2026-03-10
HS_EX_0908,Đặng Thu Mai,THPT_NVT,THPT Nguyễn Văn Trỗi,thpt,LOP_10,Lớp 10,thpt,KV_HN_HBT,Hai Bà Trưng,Hai Bà Trưng,Hà Nội,gioi,excel,hoat_dong,2026-04-03,MON_TOAN,Toán,tu_nhien,online,Cải thiện điểm số,250000,2,dang_tim_gia_su,2026-03-24
HS_EX_0909,Hoàng Văn Hùng,THPT_HHT,THPT Hoàng Hoa Thám,thpt,LOP_12,Lớp 12,thpt,KV_HCM_PN,Phú Nhuận,Phú Nhuận,Hồ Chí Minh,gioi,excel,hoat_dong,2026-04-03,MON_LY,Vật lý,tu_nhien,online,Cải thiện điểm số,250000,4,dang_tim_gia_su,2026-04-01
HS_EX_0910,Lê Thái Tuấn,THPT_YH,THPT Yên Hòa,thpt,LOP_10,Lớp 10,thpt,KV_HN_LB,Long Biên,Long Biên,Hà Nội,trung_binh,excel,hoat_dong,2026-04-03,MON_VAN,Ngữ văn,xa_hoi,truc_tiep,Cải thiện điểm số,250000,3,dang_tim_gia_su,2026-03-11
HS_EX_0911,Hoàng Đức Cường,THPT_ST,THPT Sơn Tây,thpt,LOP_12,Lớp 12,thpt,KV_HCM_Q1,Quận 1,Quận 1,Hồ Chí Minh,kha,excel,hoat_dong,2026-04-03,MON_TOAN,Toán,tu_nhien,ca_hai,Cải thiện điểm số,200000,2,dang_tim_gia_su,2026-04-01
HS_EX_0912,Trần Đình Kiệt,THPT_PDP,THPT Phan Đình Phùng,thpt,LOP_06,Lớp 6,thcs,KV_HCM_Q7,Quận 7,Quận 7,Hồ Chí Minh,xuat_sac,excel,hoat_dong,2026-04-03,MON_LY,Vật lý,tu_nhien,ca_hai,Cải thiện điểm số,250000,2,dang_tim_gia_su,2026-04-03
HS_EX_0913,Hoàng Quang Kiệt,THPT_LQD_HCM,THPT Lê Quý Đôn,thpt,LOP_10,Lớp 10,thpt,KV_HCM_Q1,Quận 1,Quận 1,Hồ Chí Minh,yeu,excel,hoat_dong,2026-04-03,MON_VAN,Ngữ văn,xa_hoi,ca_hai,Cải thiện điểm số,150000,4,dang_tim_gia_su,2026-03-23
HS_EX_0914,Đặng Hữu Cường,THPT_LHP,THPT Chuyên Lê Hồng Phong,thpt,LOP_09,Lớp 9,thcs,KV_HCM_TB,Tân Bình,Tân Bình,Hồ Chí Minh,gioi,excel,hoat_dong,2026-04-03,MON_TOAN,Toán,tu_nhien,truc_tiep,Cải thiện điểm số,200000,3,dang_tim_gia_su,2026-03-14
HS_EX_0915,Lý Hải Phú,THPT_TTT,THPT Tôn Thất Tùng,thpt,LOP_10,Lớp 10,thpt,KV_HN_BTL,Bắc Từ Liêm,Bắc Từ Liêm,Hà Nội,trung_binh,excel,hoat_dong,2026-04-03,MON_TOAN,Toán,tu_nhien,truc_tiep,Cải thiện điểm số,200000,2,dang_tim_gia_su,2026-03-06
HS_EX_0916,Ngô Bảo Linh,THPT_NVT,THPT Nguyễn Văn Trỗi,thpt,LOP_10,Lớp 10,thpt,KV_HCM_PN,Phú Nhuận,Phú Nhuận,Hồ Chí Minh,gioi,excel,hoat_dong,2026-04-03,MON_LY,Vật lý,tu_nhien,online,Cải thiện điểm số,200000,4,dang_tim_gia_su,2026-03-25
HS_EX_0917,Phạm Văn Phú,THPT_OIK,THPT Ông Ích Khiêm,thpt,LOP_06,Lớp 6,thcs,KV_HN_CG,Cầu Giấy,Cầu Giấy,Hà Nội,xuat_sac,excel,hoat_dong,2026-04-03,MON_VAN,Ngữ văn,xa_hoi,truc_tiep,Cải thiện điểm số,200000,3,dang_tim_gia_su,2026-04-03
HS_EX_0918,Ngô Quang Đức,THPT_NVT,THPT Nguyễn Văn Trỗi,thpt,LOP_12,Lớp 12,thpt,KV_HN_LB,Long Biên,Long Biên,Hà Nội,kha,excel,hoat_dong,2026-04-03,MON_TOAN,Toán,tu_nhien,online,Cải thiện điểm số,250000,3,dang_tim_gia_su,2026-03-10
HS_EX_0919,Lê Hoàng Linh,THPT_LQD_DN,THPT Chuyên Lê Quý Đôn,thpt,LOP_10,Lớp 10,thpt,KV_DN_NHS,Ngũ Hành Sơn,Ngũ Hành Sơn,Đà Nẵng,kha,excel,hoat_dong,2026-04-03,MON_LY,Vật lý,tu_nhien,truc_tiep,Cải thiện điểm số,150000,3,dang_tim_gia_su,2026-03-14
HS_EX_0920,Vũ Minh Cường,THPT_PDP,THPT Phan Đình Phùng,thpt,LOP_06,Lớp 6,thcs,KV_DN_NHS,Ngũ Hành Sơn,Ngũ Hành Sơn,Đà Nẵng,yeu,excel,hoat_dong,2026-04-03,MON_VAN,Ngữ văn,xa_hoi,online,Cải thiện điểm số,250000,4,dang_tim_gia_su,2026-03-22
HS_EX_0921,Vũ Bảo An,THPT_GD,THPT Gia Định,thpt,LOP_06,Lớp 6,thcs,KV_HCM_TP,Tân Phú,Tân Phú,Hồ Chí Minh,trung_binh,excel,hoat_dong,2026-04-03,MON_TOAN,Toán,tu_nhien,truc_tiep,Cải thiện điểm số,200000,2,dang_tim_gia_su,2026-03-20
HS_EX_0922,Hoàng Minh Phú,THPT_GD,THPT Gia Định,thpt,LOP_12,Lớp 12,thpt,KV_HN_LB,Long Biên,Long Biên,Hà Nội,yeu,excel,hoat_dong,2026-04-03,MON_TOAN,Toán,tu_nhien,ca_hai,Cải thiện điểm số,200000,3,dang_tim_gia_su,2026-03-17
HS_EX_0923,Ngô Đức Đạt,THPT_KL,THPT Kim Liên,thpt,LOP_06,Lớp 6,thcs,KV_HCM_Q4,Quận 4,Quận 4,Hồ Chí Minh,gioi,excel,hoat_dong,2026-04-03,MON_TOAN,Toán,tu_nhien,truc_tiep,Cải thiện điểm số,250000,2,dang_tim_gia_su,2026-04-01
HS_EX_0924,Bùi Hồng Thảo,THPT_KL,THPT Kim Liên,thpt,LOP_12,Lớp 12,thpt,KV_HN_BD,Ba Đình,Ba Đình,Hà Nội,trung_binh,excel,hoat_dong,2026-04-03,MON_LY,Vật lý,tu_nhien,ca_hai,Cải thiện điểm số,250000,2,dang_tim_gia_su,2026-03-10
HS_EX_0925,Lý Quang Khoa,THPT_LQD_HN,THPT Lê Quý Đôn - Đống Đa,thpt,LOP_09,Lớp 9,thcs,KV_HCM_GV,Gò Vấp,Gò Vấp,Hồ Chí Minh,trung_binh,excel,hoat_dong,2026-04-03,MON_VAN,Ngữ văn,xa_hoi,truc_tiep,Cải thiện điểm số,150000,4,dang_tim_gia_su,2026-03-06
HS_EX_0926,Đỗ Trọng Hùng,THPT_ND,THPT Nguyễn Du,thpt,LOP_09,Lớp 9,thcs,KV_HN_TX,Thanh Xuân,Thanh Xuân,Hà Nội,yeu,excel,hoat_dong,2026-04-03,MON_ANH,Tiếng Anh,ngoai_ngu,ca_hai,Cải thiện điểm số,150000,3,dang_tim_gia_su,2026-03-04
HS_EX_0927,Ngô Đức Khoa,THPT_LQD_HN,THPT Lê Quý Đôn - Đống Đa,thpt,LOP_06,Lớp 6,thcs,KV_HCM_TP,Tân Phú,Tân Phú,Hồ Chí Minh,trung_binh,excel,hoat_dong,2026-04-03,MON_ANH,Tiếng Anh,ngoai_ngu,ca_hai,Cải thiện điểm số,150000,3,dang_tim_gia_su,2026-03-24
HS_EX_0928,Lý Thái Đạt,THPT_NH,THPT Nguyễn Hiền,thpt,LOP_09,Lớp 9,thcs,KV_HCM_Q10,Quận 10,Quận 10,Hồ Chí Minh,yeu,excel,hoat_dong,2026-04-03,MON_VAN,Ngữ văn,xa_hoi,online,Cải thiện điểm số,200000,3,dang_tim_gia_su,2026-03-07
HS_EX_0929,Bùi Đức Đức,THPT_TD,THPT Thủ Đức,thpt,LOP_09,Lớp 9,thcs,KV_DN_NHS,Ngũ Hành Sơn,Ngũ Hành Sơn,Đà Nẵng,kha,excel,hoat_dong,2026-04-03,MON_TOAN,Toán,tu_nhien,online,Cải thiện điểm số,200000,4,dang_tim_gia_su,2026-03-19
HS_EX_0930,Nguyễn Hữu Cường,THPT_TP_DN,THPT Trần Phú,thpt,LOP_06,Lớp 6,thcs,KV_HCM_Q1,Quận 1,Quận 1,Hồ Chí Minh,gioi,excel,hoat_dong,2026-04-03,MON_TOAN,Toán,tu_nhien,ca_hai,Cải thiện điểm số,150000,3,dang_tim_gia_su,2026-03-19
HS_EX_0931,Đặng Đức Nam,THPT_LQD_HN,THPT Lê Quý Đôn - Đống Đa,thpt,LOP_10,Lớp 10,thpt,KV_DN_HC,Hải Châu,Hải Châu,Đà Nẵng,kha,excel,hoat_dong,2026-04-03,MON_VAN,Ngữ văn,xa_hoi,online,Cải thiện điểm số,250000,2,dang_tim_gia_su,2026-03-08
HS_EX_0932,Trần Xuân Mai,THPT_YH,THPT Yên Hòa,thpt,LOP_10,Lớp 10,thpt,KV_HN_CG,Cầu Giấy,Cầu Giấy,Hà Nội,gioi,excel,hoat_dong,2026-04-03,MON_TOAN,Toán,tu_nhien,ca_hai,Cải thiện điểm số,200000,2,dang_tim_gia_su,2026-03-07
HS_EX_0933,Phạm Đình Đạt,THPT_DD,THPT Đống Đa,thpt,LOP_12,Lớp 12,thpt,KV_HCM_TD,Thủ Đức,Thủ Đức,Hồ Chí Minh,kha,excel,hoat_dong,2026-04-03,MON_TOAN,Toán,tu_nhien,ca_hai,Cải thiện điểm số,200000,3,dang_tim_gia_su,2026-03-29
HS_EX_0934,Trần Thị Trang,THPT_DD,THPT Đống Đa,thpt,LOP_12,Lớp 12,thpt,KV_HCM_Q1,Quận 1,Quận 1,Hồ Chí Minh,kha,excel,hoat_dong,2026-04-03,MON_VAN,Ngữ văn,xa_hoi,online,Cải thiện điểm số,250000,4,dang_tim_gia_su,2026-03-30
HS_EX_0935,Bùi Văn Phú,THPT_TDN,THPT Chuyên Trần Đại Nghĩa,thpt,LOP_06,Lớp 6,thcs,KV_HN_HK,Hoàn Kiếm,Hoàn Kiếm,Hà Nội,yeu,excel,hoat_dong,2026-04-03,MON_VAN,Ngữ văn,xa_hoi,truc_tiep,Cải thiện điểm số,150000,4,dang_tim_gia_su,2026-03-07
HS_EX_0936,Phạm Đức Huy,THPT_GD,THPT Gia Định,thpt,LOP_06,Lớp 6,thcs,KV_DN_ST,Sơn Trà,Sơn Trà,Đà Nẵng,gioi,excel,hoat_dong,2026-04-03,MON_LY,Vật lý,tu_nhien,online,Cải thiện điểm số,200000,2,dang_tim_gia_su,2026-03-07
HS_EX_0937,Vũ Trọng Huy,THPT_TP_DN,THPT Trần Phú,thpt,LOP_09,Lớp 9,thcs,KV_HN_DD,Đống Đa,Đống Đa,Hà Nội,trung_binh,excel,hoat_dong,2026-04-03,MON_VAN,Ngữ văn,xa_hoi,truc_tiep,Cải thiện điểm số,150000,3,dang_tim_gia_su,2026-03-28
HS_EX_0938,Phạm Hải Kiệt,THPT_NMK,THPT Nguyễn Thị Minh Khai,thpt,LOP_09,Lớp 9,thcs,KV_HN_BTL,Bắc Từ Liêm,Bắc Từ Liêm,Hà Nội,xuat_sac,excel,hoat_dong,2026-04-03,MON_VAN,Ngữ văn,xa_hoi,truc_tiep,Cải thiện điểm số,200000,4,dang_tim_gia_su,2026-04-01
HS_EX_0939,Đỗ Ngọc Nhung,THPT_ST,THPT Sơn Tây,thpt,LOP_09,Lớp 9,thcs,KV_HN_BTL,Bắc Từ Liêm,Bắc Từ Liêm,Hà Nội,kha,excel,hoat_dong,2026-04-03,MON_ANH,Tiếng Anh,ngoai_ngu,online,Cải thiện điểm số,250000,3,dang_tim_gia_su,2026-03-24
HS_EX_0940,Vũ Hữu Tuấn,THPT_NHS,THPT Ngũ Hành Sơn,thpt,LOP_06,Lớp 6,thcs,KV_HN_HD,Hà Đông,Hà Đông,Hà Nội,trung_binh,excel,hoat_dong,2026-04-03,MON_VAN,Ngữ văn,xa_hoi,ca_hai,Cải thiện điểm số,150000,2,dang_tim_gia_su,2026-03-12
HS_EX_0941,Đỗ Hải Khoa,THPT_KL,THPT Kim Liên,thpt,LOP_12,Lớp 12,thpt,KV_DN_NHS,Ngũ Hành Sơn,Ngũ Hành Sơn,Đà Nẵng,yeu,excel,hoat_dong,2026-04-03,MON_LY,Vật lý,tu_nhien,online,Cải thiện điểm số,250000,2,dang_tim_gia_su,2026-03-23
HS_EX_0942,Đỗ Mai Thảo,THPT_NT_HN,THPT Nguyễn Trãi - Ba Đình,thpt,LOP_10,Lớp 10,thpt,KV_DN_HC,Hải Châu,Hải Châu,Đà Nẵng,xuat_sac,excel,hoat_dong,2026-04-03,MON_ANH,Tiếng Anh,ngoai_ngu,truc_tiep,Cải thiện điểm số,200000,4,dang_tim_gia_su,2026-03-13
HS_EX_0943,Lê Ngọc An,THPT_CBQ,THPT Cao Bá Quát,thpt,LOP_12,Lớp 12,thpt,KV_DN_TK,Thanh Khê,Thanh Khê,Đà Nẵng,xuat_sac,excel,hoat_dong,2026-04-03,MON_ANH,Tiếng Anh,ngoai_ngu,online,Cải thiện điểm số,200000,3,dang_tim_gia_su,2026-03-25
HS_EX_0944,Bùi Hải Đức,THPT_PDP,THPT Phan Đình Phùng,thpt,LOP_06,Lớp 6,thcs,KV_HCM_TP,Tân Phú,Tân Phú,Hồ Chí Minh,gioi,excel,hoat_dong,2026-04-03,MON_LY,Vật lý,tu_nhien,truc_tiep,Cải thiện điểm số,250000,2,dang_tim_gia_su,2026-04-01
HS_EX_0945,Phạm Ngọc Vy,THPT_NHS,THPT Ngũ Hành Sơn,thpt,LOP_10,Lớp 10,thpt,KV_HN_HK,Hoàn Kiếm,Hoàn Kiếm,Hà Nội,kha,excel,hoat_dong,2026-04-03,MON_LY,Vật lý,tu_nhien,online,Cải thiện điểm số,250000,2,dang_tim_gia_su,2026-03-12
HS_EX_0946,Vũ Thu Châu,THPT_ST,THPT Sơn Tây,thpt,LOP_10,Lớp 10,thpt,KV_HN_HK,Hoàn Kiếm,Hoàn Kiếm,Hà Nội,yeu,excel,hoat_dong,2026-04-03,MON_LY,Vật lý,tu_nhien,ca_hai,Cải thiện điểm số,200000,3,dang_tim_gia_su,2026-03-11
HS_EX_0947,Ngô Hải Hùng,THPT_GD,THPT Gia Định,thpt,LOP_10,Lớp 10,thpt,KV_HCM_Q3,Quận 3,Quận 3,Hồ Chí Minh,kha,excel,hoat_dong,2026-04-03,MON_VAN,Ngữ văn,xa_hoi,online,Cải thiện điểm số,150000,4,dang_tim_gia_su,2026-03-15
HS_EX_0948,Hoàng Văn Phú,THPT_CBQ,THPT Cao Bá Quát,thpt,LOP_10,Lớp 10,thpt,KV_HN_BD,Ba Đình,Ba Đình,Hà Nội,gioi,excel,hoat_dong,2026-04-03,MON_ANH,Tiếng Anh,ngoai_ngu,online,Cải thiện điểm số,200000,4,dang_tim_gia_su,2026-03-06
HS_EX_0949,Nguyễn Đình Huy,THPT_TPh,THPT Thái Phiên,thpt,LOP_10,Lớp 10,thpt,KV_HN_DD,Đống Đa,Đống Đa,Hà Nội,yeu,excel,hoat_dong,2026-04-03,MON_ANH,Tiếng Anh,ngoai_ngu,online,Cải thiện điểm số,150000,4,dang_tim_gia_su,2026-03-12
HS_EX_0950,Hoàng Hồng Châu,THPT_TDN,THPT Chuyên Trần Đại Nghĩa,thpt,LOP_06,Lớp 6,thcs,KV_HN_TX,Thanh Xuân,Thanh Xuân,Hà Nội,gioi,excel,hoat_dong,2026-04-03,MON_VAN,Ngữ văn,xa_hoi,ca_hai,Cải thiện điểm số,200000,2,dang_tim_gia_su,2026-03-16
HS_EX_0951,Dương Quang Khoa,THPT_AMS,THPT Chuyên Hà Nội - Amsterdam,thpt,LOP_10,Lớp 10,thpt,KV_HN_HD,Hà Đông,Hà Đông,Hà Nội,yeu,excel,hoat_dong,2026-04-03,MON_VAN,Ngữ văn,xa_hoi,online,Cải thiện điểm số,150000,4,dang_tim_gia_su,2026-03-15
HS_EX_0952,Đỗ Hải Khoa,THPT_GD,THPT Gia Định,thpt,LOP_10,Lớp 10,thpt,KV_HN_HM,Hoàng Mai,Hoàng Mai,Hà Nội,xuat_sac,excel,hoat_dong,2026-04-03,MON_ANH,Tiếng Anh,ngoai_ngu,ca_hai,Cải thiện điểm số,250000,2,dang_tim_gia_su,2026-03-06
HS_EX_0953,Bùi Thu Thu,THPT_NTH_HCM,THPT Nguyễn Thượng Hiền,thpt,LOP_12,Lớp 12,thpt,KV_HN_TH,Tây Hồ,Tây Hồ,Hà Nội,xuat_sac,excel,hoat_dong,2026-04-03,MON_LY,Vật lý,tu_nhien,ca_hai,Cải thiện điểm số,250000,2,dang_tim_gia_su,2026-04-02
HS_EX_0954,Vũ Đình Hùng,THPT_NMK,THPT Nguyễn Thị Minh Khai,thpt,LOP_09,Lớp 9,thcs,KV_HCM_Q10,Quận 10,Quận 10,Hồ Chí Minh,kha,excel,hoat_dong,2026-04-03,MON_ANH,Tiếng Anh,ngoai_ngu,truc_tiep,Cải thiện điểm số,250000,4,dang_tim_gia_su,2026-03-21
HS_EX_0955,Lý Văn Cường,THPT_AMS,THPT Chuyên Hà Nội - Amsterdam,thpt,LOP_10,Lớp 10,thpt,KV_HN_HBT,Hai Bà Trưng,Hai Bà Trưng,Hà Nội,kha,excel,hoat_dong,2026-04-03,MON_ANH,Tiếng Anh,ngoai_ngu,truc_tiep,Cải thiện điểm số,150000,4,dang_tim_gia_su,2026-04-01
HS_EX_0956,Đỗ Bảo Mai,THPT_TL,THPT Thăng Long,thpt,LOP_12,Lớp 12,thpt,KV_HN_HBT,Hai Bà Trưng,Hai Bà Trưng,Hà Nội,xuat_sac,excel,hoat_dong,2026-04-03,MON_TOAN,Toán,tu_nhien,online,Cải thiện điểm số,150000,2,dang_tim_gia_su,2026-03-11
HS_EX_0957,Ngô Thu Châu,THPT_PDP,THPT Phan Đình Phùng,thpt,LOP_12,Lớp 12,thpt,KV_HCM_Q7,Quận 7,Quận 7,Hồ Chí Minh,yeu,excel,hoat_dong,2026-04-03,MON_VAN,Ngữ văn,xa_hoi,online,Cải thiện điểm số,200000,2,dang_tim_gia_su,2026-03-04
HS_EX_0958,Lê Ngọc Trang,THPT_YH,THPT Yên Hòa,thpt,LOP_09,Lớp 9,thcs,KV_HN_TH,Tây Hồ,Tây Hồ,Hà Nội,gioi,excel,hoat_dong,2026-04-03,MON_ANH,Tiếng Anh,ngoai_ngu,truc_tiep,Cải thiện điểm số,150000,4,dang_tim_gia_su,2026-03-21
HS_EX_0959,Phạm Thị Mai,THPT_CVA,THPT Chu Văn An,thpt,LOP_09,Lớp 9,thcs,KV_HCM_PN,Phú Nhuận,Phú Nhuận,Hồ Chí Minh,xuat_sac,excel,hoat_dong,2026-04-03,MON_LY,Vật lý,tu_nhien,ca_hai,Cải thiện điểm số,250000,4,dang_tim_gia_su,2026-04-01
HS_EX_0960,Vũ Đình Đạt,THPT_TP_DN,THPT Trần Phú,thpt,LOP_06,Lớp 6,thcs,KV_DN_ST,Sơn Trà,Sơn Trà,Đà Nẵng,trung_binh,excel,hoat_dong,2026-04-03,MON_VAN,Ngữ văn,xa_hoi,online,Cải thiện điểm số,200000,4,dang_tim_gia_su,2026-03-28
HS_EX_0961,Ngô Đình Tuấn,THPT_ND,THPT Nguyễn Du,thpt,LOP_06,Lớp 6,thcs,KV_DN_LC,Liên Chiểu,Liên Chiểu,Đà Nẵng,yeu,excel,hoat_dong,2026-04-03,MON_TOAN,Toán,tu_nhien,truc_tiep,Cải thiện điểm số,150000,4,dang_tim_gia_su,2026-03-25
HS_EX_0962,Lê Mai Châu,THPT_LQD_DN,THPT Chuyên Lê Quý Đôn,thpt,LOP_12,Lớp 12,thpt,KV_HCM_TD,Thủ Đức,Thủ Đức,Hồ Chí Minh,trung_binh,excel,hoat_dong,2026-04-03,MON_TOAN,Toán,tu_nhien,online,Cải thiện điểm số,250000,3,dang_tim_gia_su,2026-04-02
HS_EX_0963,Lê Đức Đạt,THPT_LQD_HCM,THPT Lê Quý Đôn,thpt,LOP_09,Lớp 9,thcs,KV_HN_HM,Hoàng Mai,Hoàng Mai,Hà Nội,trung_binh,excel,hoat_dong,2026-04-03,MON_VAN,Ngữ văn,xa_hoi,online,Cải thiện điểm số,250000,2,dang_tim_gia_su,2026-03-06
HS_EX_0964,Bùi Thái Huy,THPT_AMS,THPT Chuyên Hà Nội - Amsterdam,thpt,LOP_12,Lớp 12,thpt,KV_HCM_Q3,Quận 3,Quận 3,Hồ Chí Minh,kha,excel,hoat_dong,2026-04-03,MON_LY,Vật lý,tu_nhien,truc_tiep,Cải thiện điểm số,150000,3,dang_tim_gia_su,2026-03-21
HS_EX_0965,Bùi Thu Châu,THPT_CBQ,THPT Cao Bá Quát,thpt,LOP_09,Lớp 9,thcs,KV_HN_TX,Thanh Xuân,Thanh Xuân,Hà Nội,yeu,excel,hoat_dong,2026-04-03,MON_VAN,Ngữ văn,xa_hoi,truc_tiep,Cải thiện điểm số,250000,4,dang_tim_gia_su,2026-03-25
HS_EX_0966,Lý Quang Cường,THPT_CVA,THPT Chu Văn An,thpt,LOP_09,Lớp 9,thcs,KV_DN_NHS,Ngũ Hành Sơn,Ngũ Hành Sơn,Đà Nẵng,trung_binh,excel,hoat_dong,2026-04-03,MON_ANH,Tiếng Anh,ngoai_ngu,ca_hai,Cải thiện điểm số,250000,2,dang_tim_gia_su,2026-03-04
HS_EX_0967,Đỗ Thanh Thảo,THPT_TP_HN,THPT Trần Phú - Hoàn Kiếm,thpt,LOP_10,Lớp 10,thpt,KV_HN_BTL,Bắc Từ Liêm,Bắc Từ Liêm,Hà Nội,kha,excel,hoat_dong,2026-04-03,MON_TOAN,Toán,tu_nhien,truc_tiep,Cải thiện điểm số,200000,2,dang_tim_gia_su,2026-03-16
HS_EX_0968,Trần Mai Mai,THPT_OIK,THPT Ông Ích Khiêm,thpt,LOP_06,Lớp 6,thcs,KV_HCM_Q10,Quận 10,Quận 10,Hồ Chí Minh,yeu,excel,hoat_dong,2026-04-03,MON_TOAN,Toán,tu_nhien,online,Cải thiện điểm số,200000,3,dang_tim_gia_su,2026-03-30
HS_EX_0969,Đỗ Hải Hùng,THPT_MC,THPT Marie Curie,thpt,LOP_06,Lớp 6,thcs,KV_DN_NHS,Ngũ Hành Sơn,Ngũ Hành Sơn,Đà Nẵng,gioi,excel,hoat_dong,2026-04-03,MON_VAN,Ngữ văn,xa_hoi,ca_hai,Cải thiện điểm số,250000,2,dang_tim_gia_su,2026-03-21
HS_EX_0970,Lý Mai Linh,THPT_CVD,THPT Cẩm Lệ,thpt,LOP_06,Lớp 6,thcs,KV_HCM_Q10,Quận 10,Quận 10,Hồ Chí Minh,gioi,excel,hoat_dong,2026-04-03,MON_LY,Vật lý,tu_nhien,truc_tiep,Cải thiện điểm số,200000,2,dang_tim_gia_su,2026-03-26
HS_EX_0971,Đỗ Xuân Thu,THPT_TDN,THPT Chuyên Trần Đại Nghĩa,thpt,LOP_06,Lớp 6,thcs,KV_HN_DD,Đống Đa,Đống Đa,Hà Nội,trung_binh,excel,hoat_dong,2026-04-03,MON_ANH,Tiếng Anh,ngoai_ngu,online,Cải thiện điểm số,250000,2,dang_tim_gia_su,2026-04-02
HS_EX_0972,Phạm Ngọc Trang,THPT_TDN,THPT Chuyên Trần Đại Nghĩa,thpt,LOP_10,Lớp 10,thpt,KV_DN_ST,Sơn Trà,Sơn Trà,Đà Nẵng,kha,excel,hoat_dong,2026-04-03,MON_TOAN,Toán,tu_nhien,ca_hai,Cải thiện điểm số,250000,2,dang_tim_gia_su,2026-03-31
HS_EX_0973,Phạm Văn Huy,THPT_TD,THPT Thủ Đức,thpt,LOP_09,Lớp 9,thcs,KV_HN_LB,Long Biên,Long Biên,Hà Nội,xuat_sac,excel,hoat_dong,2026-04-03,MON_LY,Vật lý,tu_nhien,ca_hai,Cải thiện điểm số,200000,3,dang_tim_gia_su,2026-03-05
HS_EX_0974,Phạm Thị Hân,THPT_AMS,THPT Chuyên Hà Nội - Amsterdam,thpt,LOP_06,Lớp 6,thcs,KV_HN_BTL,Bắc Từ Liêm,Bắc Từ Liêm,Hà Nội,gioi,excel,hoat_dong,2026-04-03,MON_LY,Vật lý,tu_nhien,truc_tiep,Cải thiện điểm số,150000,4,dang_tim_gia_su,2026-03-09
HS_EX_0975,Phạm Hữu Huy,THPT_ST,THPT Sơn Tây,thpt,LOP_12,Lớp 12,thpt,KV_DN_HC,Hải Châu,Hải Châu,Đà Nẵng,kha,excel,hoat_dong,2026-04-03,MON_LY,Vật lý,tu_nhien,truc_tiep,Cải thiện điểm số,250000,4,dang_tim_gia_su,2026-03-17
HS_EX_0976,Vũ Hồng Thu,THPT_TD,THPT Thủ Đức,thpt,LOP_09,Lớp 9,thcs,KV_HCM_GV,Gò Vấp,Gò Vấp,Hồ Chí Minh,xuat_sac,excel,hoat_dong,2026-04-03,MON_LY,Vật lý,tu_nhien,online,Cải thiện điểm số,250000,2,dang_tim_gia_su,2026-03-10
HS_EX_0977,Nguyễn Xuân Thảo,THPT_VD,THPT Việt Đức,thpt,LOP_10,Lớp 10,thpt,KV_HN_TX,Thanh Xuân,Thanh Xuân,Hà Nội,gioi,excel,hoat_dong,2026-04-03,MON_VAN,Ngữ văn,xa_hoi,ca_hai,Cải thiện điểm số,250000,2,dang_tim_gia_su,2026-03-26
HS_EX_0978,Phạm Thị Hân,THPT_CBQ,THPT Cao Bá Quát,thpt,LOP_06,Lớp 6,thcs,KV_HCM_GV,Gò Vấp,Gò Vấp,Hồ Chí Minh,gioi,excel,hoat_dong,2026-04-03,MON_LY,Vật lý,tu_nhien,truc_tiep,Cải thiện điểm số,200000,2,dang_tim_gia_su,2026-03-23
HS_EX_0979,Vũ Thị An,THPT_MC,THPT Marie Curie,thpt,LOP_06,Lớp 6,thcs,KV_DN_LC,Liên Chiểu,Liên Chiểu,Đà Nẵng,trung_binh,excel,hoat_dong,2026-04-03,MON_TOAN,Toán,tu_nhien,truc_tiep,Cải thiện điểm số,200000,2,dang_tim_gia_su,2026-03-06
HS_EX_0980,Ngô Hữu Tuấn,THPT_LQD_HCM,THPT Lê Quý Đôn,thpt,LOP_09,Lớp 9,thcs,KV_HCM_BT,Bình Thạnh,Bình Thạnh,Hồ Chí Minh,gioi,excel,hoat_dong,2026-04-03,MON_ANH,Tiếng Anh,ngoai_ngu,online,Cải thiện điểm số,150000,3,dang_tim_gia_su,2026-04-01
HS_EX_0981,Ngô Đức Phú,THPT_TP_HN,THPT Trần Phú - Hoàn Kiếm,thpt,LOP_10,Lớp 10,thpt,KV_HN_DD,Đống Đa,Đống Đa,Hà Nội,gioi,excel,hoat_dong,2026-04-03,MON_ANH,Tiếng Anh,ngoai_ngu,ca_hai,Cải thiện điểm số,250000,3,dang_tim_gia_su,2026-03-04
HS_EX_0982,Hoàng Hải Nam,THPT_LQD_DN,THPT Chuyên Lê Quý Đôn,thpt,LOP_06,Lớp 6,thcs,KV_DN_TK,Thanh Khê,Thanh Khê,Đà Nẵng,trung_binh,excel,hoat_dong,2026-04-03,MON_TOAN,Toán,tu_nhien,online,Cải thiện điểm số,200000,4,dang_tim_gia_su,2026-03-17
HS_EX_0983,Vũ Thu Linh,THPT_CBQ,THPT Cao Bá Quát,thpt,LOP_12,Lớp 12,thpt,KV_HCM_BT,Bình Thạnh,Bình Thạnh,Hồ Chí Minh,yeu,excel,hoat_dong,2026-04-03,MON_VAN,Ngữ văn,xa_hoi,online,Cải thiện điểm số,150000,2,dang_tim_gia_su,2026-03-19
HS_EX_0984,Hoàng Quang Tuấn,THPT_ND,THPT Nguyễn Du,thpt,LOP_12,Lớp 12,thpt,KV_HCM_TP,Tân Phú,Tân Phú,Hồ Chí Minh,trung_binh,excel,hoat_dong,2026-04-03,MON_LY,Vật lý,tu_nhien,online,Cải thiện điểm số,250000,2,dang_tim_gia_su,2026-03-16
HS_EX_0985,Bùi Văn Kiệt,THPT_NT_HN,THPT Nguyễn Trãi - Ba Đình,thpt,LOP_12,Lớp 12,thpt,KV_DN_NHS,Ngũ Hành Sơn,Ngũ Hành Sơn,Đà Nẵng,trung_binh,excel,hoat_dong,2026-04-03,MON_VAN,Ngữ văn,xa_hoi,truc_tiep,Cải thiện điểm số,200000,3,dang_tim_gia_su,2026-03-20
HS_EX_0986,Trần Bảo Thảo,THPT_NT_HN,THPT Nguyễn Trãi - Ba Đình,thpt,LOP_09,Lớp 9,thcs,KV_HCM_TB,Tân Bình,Tân Bình,Hồ Chí Minh,yeu,excel,hoat_dong,2026-04-03,MON_TOAN,Toán,tu_nhien,ca_hai,Cải thiện điểm số,200000,2,dang_tim_gia_su,2026-04-02
HS_EX_0987,Hoàng Thái Khoa,THPT_ND,THPT Nguyễn Du,thpt,LOP_09,Lớp 9,thcs,KV_HCM_TP,Tân Phú,Tân Phú,Hồ Chí Minh,xuat_sac,excel,hoat_dong,2026-04-03,MON_TOAN,Toán,tu_nhien,online,Cải thiện điểm số,150000,4,dang_tim_gia_su,2026-03-10
HS_EX_0988,Hoàng Hồng Châu,THPT_NVT,THPT Nguyễn Văn Trỗi,thpt,LOP_12,Lớp 12,thpt,KV_HN_HM,Hoàng Mai,Hoàng Mai,Hà Nội,gioi,excel,hoat_dong,2026-04-03,MON_TOAN,Toán,tu_nhien,online,Cải thiện điểm số,250000,2,dang_tim_gia_su,2026-03-13
HS_EX_0989,Ngô Đình Khoa,THPT_MQ,THPT Mạc Đĩnh Chi,thpt,LOP_10,Lớp 10,thpt,KV_DN_CL,Cẩm Lệ,Cẩm Lệ,Đà Nẵng,gioi,excel,hoat_dong,2026-04-03,MON_LY,Vật lý,tu_nhien,ca_hai,Cải thiện điểm số,250000,3,dang_tim_gia_su,2026-03-27
HS_EX_0990,Vũ Xuân Vy,THPT_NT_HN,THPT Nguyễn Trãi - Ba Đình,thpt,LOP_06,Lớp 6,thcs,KV_DN_TK,Thanh Khê,Thanh Khê,Đà Nẵng,gioi,excel,hoat_dong,2026-04-03,MON_LY,Vật lý,tu_nhien,truc_tiep,Cải thiện điểm số,250000,3,dang_tim_gia_su,2026-03-19
HS_EX_0991,Lê Thanh An,THPT_VTS,THPT Võ Thị Sáu,thpt,LOP_06,Lớp 6,thcs,KV_HCM_Q1,Quận 1,Quận 1,Hồ Chí Minh,gioi,excel,hoat_dong,2026-04-03,MON_TOAN,Toán,tu_nhien,truc_tiep,Cải thiện điểm số,150000,2,dang_tim_gia_su,2026-04-01
HS_EX_0992,Ngô Thái Đức,THPT_ST,THPT Sơn Tây,thpt,LOP_06,Lớp 6,thcs,KV_HN_TX,Thanh Xuân,Thanh Xuân,Hà Nội,gioi,excel,hoat_dong,2026-04-03,MON_TOAN,Toán,tu_nhien,truc_tiep,Cải thiện điểm số,150000,4,dang_tim_gia_su,2026-03-17
HS_EX_0993,Trần Thanh Thảo,THPT_KL,THPT Kim Liên,thpt,LOP_09,Lớp 9,thcs,KV_HCM_TP,Tân Phú,Tân Phú,Hồ Chí Minh,trung_binh,excel,hoat_dong,2026-04-03,MON_LY,Vật lý,tu_nhien,online,Cải thiện điểm số,250000,2,dang_tim_gia_su,2026-03-25
HS_EX_0994,Lê Minh Đạt,THPT_NVT,THPT Nguyễn Văn Trỗi,thpt,LOP_06,Lớp 6,thcs,KV_HCM_TP,Tân Phú,Tân Phú,Hồ Chí Minh,gioi,excel,hoat_dong,2026-04-03,MON_TOAN,Toán,tu_nhien,ca_hai,Cải thiện điểm số,200000,3,dang_tim_gia_su,2026-03-21
HS_EX_0995,Trần Hải Hùng,THPT_LQD_HCM,THPT Lê Quý Đôn,thpt,LOP_10,Lớp 10,thpt,KV_HN_HBT,Hai Bà Trưng,Hai Bà Trưng,Hà Nội,gioi,excel,hoat_dong,2026-04-03,MON_TOAN,Toán,tu_nhien,ca_hai,Cải thiện điểm số,150000,4,dang_tim_gia_su,2026-03-24
HS_EX_0996,Đỗ Hữu Huy,THPT_LQD_HCM,THPT Lê Quý Đôn,thpt,LOP_12,Lớp 12,thpt,KV_HCM_Q3,Quận 3,Quận 3,Hồ Chí Minh,xuat_sac,excel,hoat_dong,2026-04-03,MON_LY,Vật lý,tu_nhien,online,Cải thiện điểm số,150000,2,dang_tim_gia_su,2026-04-02
HS_EX_0997,Phạm Hoàng Vy,THPT_TP_DN,THPT Trần Phú,thpt,LOP_12,Lớp 12,thpt,KV_DN_TK,Thanh Khê,Thanh Khê,Đà Nẵng,yeu,excel,hoat_dong,2026-04-03,MON_TOAN,Toán,tu_nhien,ca_hai,Cải thiện điểm số,150000,4,dang_tim_gia_su,2026-04-03
HS_EX_0998,Đỗ Hồng Châu,THPT_DD,THPT Đống Đa,thpt,LOP_10,Lớp 10,thpt,KV_HCM_Q5,Quận 5,Quận 5,Hồ Chí Minh,trung_binh,excel,hoat_dong,2026-04-03,MON_VAN,Ngữ văn,xa_hoi,online,Cải thiện điểm số,150000,4,dang_tim_gia_su,2026-03-05
HS_EX_0999,Lê Đình Tuấn,THPT_TTT,THPT Tôn Thất Tùng,thpt,LOP_12,Lớp 12,thpt,KV_HN_BTL,Bắc Từ Liêm,Bắc Từ Liêm,Hà Nội,kha,excel,hoat_dong,2026-04-03,MON_LY,Vật lý,tu_nhien,ca_hai,Cải thiện điểm số,150000,2,dang_tim_gia_su,2026-03-08
HS_EX_1000,Bùi Ngọc Nhung,THPT_YH,THPT Yên Hòa,thpt,LOP_06,Lớp 6,thcs,KV_HN_CG,Cầu Giấy,Cầu Giấy,Hà Nội,trung_binh,excel,hoat_dong,2026-04-03,MON_ANH,Tiếng Anh,ngoai_ngu,online,Cải thiện điểm số,200000,2,dang_tim_gia_su,2026-03-29
