ma_gia_su,ho_ten,gioi_tinh,nam_sinh,hoc_vi,chuyen_nganh,truong_hoc_ma,truong_hoc_ten,loai_truong,khu_vuc_ma,ten_khu_vuc,quan_huyen,tinh_thanh,nam_kinh_nghiem,hinh_thuc_day,hoc_phi_trung_binh_gio,nguon_du_lieu,trang_thai,ngay_cap_nhat,mon_hoc_ma,ten_mon_hoc,nhom_mon_hoc,lop_hoc_ma,lop_hoc_ten,cap_hoc,hoc_phi_trung_binh_gio_day_mon,ma_hoc_sinh_danh_gia,diem_xep_hang,ngay_danh_gia
GS_EX_0001,Đặng Hải Tuấn,nam,1999,Ky su,Quản trị Kinh doanh,DH_NL_HCM,Đại học Nông Lâm TP.HCM,dai_hoc,KV_HN_LB,Long Biên,Long Biên,Hà Nội,1,online,200000,excel,hoat_dong,2026-04-03,MON_ANH,Tiếng Anh,ngoai_ngu,LOP_12,Lớp 12,thpt,200000,HS_EX_0593,4.64,2026-03-08
GS_EX_0002,Lý Thu Vy,nu,1998,Ky su,Ngôn ngữ Anh,DH_GTVT,Đại học Giao thông Vận tải,dai_hoc,KV_HCM_BT,Bình Thạnh,Bình Thạnh,Hồ Chí Minh,3,ca_hai,150000,excel,hoat_dong,2026-04-03,MON_TOAN,Toán,tu_nhien,LOP_09,Lớp 9,thcs,150000,HS_EX_0772,4.64,2026-03-14
GS_EX_0003,Đỗ Thái Khoa,nam,1998,Thac si,Quản trị Kinh doanh,DH_Y_HCM,Đại học Y Dược TP.HCM,dai_hoc,KV_HCM_Q10,Quận 10,Quận 10,Hồ Chí Minh,6,truc_tiep,150000,excel,hoat_dong,2026-04-03,MON_VAN,Ngữ văn,xa_hoi,LOP_12,Lớp 12,thpt,150000,HS_EX_0345,4.93,2026-03-25
GS_EX_0004,Phạm Hồng An,nu,2001,Thac si,Ngôn ngữ Anh,DH_Y_HN,Đại học Y Hà Nội,dai_hoc,KV_HN_TX,Thanh Xuân,Thanh Xuân,Hà Nội,8,ca_hai,250000,excel,hoat_dong,2026-04-03,MON_ANH,Tiếng Anh,ngoai_ngu,LOP_12,Lớp 12,thpt,250000,HS_EX_0667,4.43,2026-03-12
GS_EX_0005,Ngô Đình Tuấn,nam,1996,Cu nhan,Công nghệ thông tin,DH_UEH,Đại học Kinh tế TP.HCM,dai_hoc,KV_DN_ST,Sơn Trà,Sơn Trà,Đà Nẵng,2,truc_tiep,250000,excel,hoat_dong,2026-04-03,MON_ANH,Tiếng Anh,ngoai_ngu,LOP_09,Lớp 9,thcs,250000,HS_EX_0434,4.68,2026-03-21
GS_EX_0006,Dương Bảo Châu,nu,2001,Cu nhan,Quản trị Kinh doanh,DH_FPT,Đại học FPT,dai_hoc,KV_DN_ST,Sơn Trà,Sơn Trà,Đà Nẵng,4,truc_tiep,250000,excel,hoat_dong,2026-04-03,MON_ANH,Tiếng Anh,ngoai_ngu,LOP_10,Lớp 10,thpt,250000,HS_EX_0954,3.64,2026-03-19
GS_EX_0007,Đỗ Xuân Châu,nu,2001,Cu nhan,Quản trị Kinh doanh,DH_NT_HN,Đại học Ngoại thương Hà Nội,dai_hoc,KV_DN_ST,Sơn Trà,Sơn Trà,Đà Nẵng,2,online,250000,excel,hoat_dong,2026-04-03,MON_VAN,Ngữ văn,xa_hoi,LOP_10,Lớp 10,thpt,250000,HS_EX_0601,4.66,2026-03-30
GS_EX_0008,Lý Thu Thu,nu,2003,Ky su,Ngôn ngữ Anh,DH_CNTT,Đại học Công nghệ Thông tin TP.HCM,dai_hoc,KV_HCM_Q8,Quận 8,Quận 8,Hồ Chí Minh,1,truc_tiep,150000,excel,hoat_dong,2026-04-03,MON_VAN,Ngữ văn,xa_hoi,LOP_09,Lớp 9,thcs,150000,HS_EX_0211,3.86,2026-03-09
GS_EX_0009,Nguyễn Thanh Nhung,nu,1998,Cu nhan,Công nghệ thông tin,DH_DN,Đại học Đà Nẵng,dai_hoc,KV_HCM_Q10,Quận 10,Quận 10,Hồ Chí Minh,4,ca_hai,200000,excel,hoat_dong,2026-04-03,MON_TOAN,Toán,tu_nhien,LOP_06,Lớp 6,thcs,200000,HS_EX_0614,4.64,2026-03-25
GS_EX_0010,Vũ Bảo Linh,nu,1995,Thac si,Ngôn ngữ Anh,DH_DN,Đại học Đà Nẵng,dai_hoc,KV_HCM_Q1,Quận 1,Quận 1,Hồ Chí Minh,6,online,150000,excel,hoat_dong,2026-04-03,MON_ANH,Tiếng Anh,ngoai_ngu,LOP_10,Lớp 10,thpt,150000,,,
GS_EX_0011,Trần Quang Kiệt,nam,1998,Cu nhan,Sư phạm Toán,DH_QGHN,Đại học Quốc gia Hà Nội,dai_hoc,KV_HCM_Q7,Quận 7,Quận 7,Hồ Chí Minh,4,ca_hai,150000,excel,hoat_dong,2026-04-03,MON_VAN,Ngữ văn,xa_hoi,LOP_12,Lớp 12,thpt,150000,,,
GS_EX_0012,Trần Hoàng Thu,nu,2002,Thac si,Sư phạm Toán,DH_DN,Đại học Đà Nẵng,dai_hoc,KV_HCM_TD,Thủ Đức,Thủ Đức,Hồ Chí Minh,1,ca_hai,250000,excel,hoat_dong,2026-04-03,MON_VAN,Ngữ văn,xa_hoi,LOP_06,Lớp 6,thcs,250000,HS_EX_0833,4.2,2026-03-11
GS_EX_0013,Bùi Mai Hân,nu,2003,Cu nhan,Công nghệ thông tin,DH_Y_HCM,Đại học Y Dược TP.HCM,dai_hoc,KV_DN_HC,Hải Châu,Hải Châu,Đà Nẵng,4,truc_tiep,180000,excel,hoat_dong,2026-04-03,MON_TOAN,Toán,tu_nhien,LOP_06,Lớp 6,thcs,180000,HS_EX_0571,4.68,2026-03-26
GS_EX_0014,Dương Thị Hân,nu,2003,Ky su,Sư phạm Toán,DH_TM,Đại học Thương mại,dai_hoc,KV_HCM_Q7,Quận 7,Quận 7,Hồ Chí Minh,6,online,250000,excel,hoat_dong,2026-04-03,MON_TOAN,Toán,tu_nhien,LOP_12,Lớp 12,thpt,250000,HS_EX_0170,4.99,2026-03-11
GS_EX_0015,Trần Ngọc Linh,nu,1997,Thac si,Ngôn ngữ Anh,DH_QGHN,Đại học Quốc gia Hà Nội,dai_hoc,KV_HCM_Q3,Quận 3,Quận 3,Hồ Chí Minh,6,online,250000,excel,hoat_dong,2026-04-03,MON_VAN,Ngữ văn,xa_hoi,LOP_12,Lớp 12,thpt,250000,HS_EX_0160,3.68,2026-03-14
GS_EX_0016,Dương Bảo Mai,nu,1996,Cu nhan,Sư phạm Toán,DH_KHTN_HN,Đại học Khoa học Tự nhiên Hà Nội,dai_hoc,KV_DN_ST,Sơn Trà,Sơn Trà,Đà Nẵng,7,truc_tiep,150000,excel,hoat_dong,2026-04-03,MON_TOAN,Toán,tu_nhien,LOP_06,Lớp 6,thcs,150000,HS_EX_0753,4.55,2026-03-19
GS_EX_0017,Ngô Ngọc Hân,nu,2003,Cu nhan,Công nghệ thông tin,DH_XD,Đại học Xây dựng Hà Nội,dai_hoc,KV_HN_CG,Cầu Giấy,Cầu Giấy,Hà Nội,7,truc_tiep,200000,excel,hoat_dong,2026-04-03,MON_ANH,Tiếng Anh,ngoai_ngu,LOP_09,Lớp 9,thcs,200000,HS_EX_0748,4.69,2026-03-22
GS_EX_0018,Bùi Quang Phú,nam,1999,Cu nhan,Ngôn ngữ Anh,DH_BK_HCM,Đại học Bách Khoa TP.HCM,dai_hoc,KV_HN_LB,Long Biên,Long Biên,Hà Nội,7,ca_hai,150000,excel,hoat_dong,2026-04-03,MON_LY,Vật lý,tu_nhien,LOP_09,Lớp 9,thcs,150000,,,
GS_EX_0019,Lê Thanh Nhung,nu,2002,Ky su,Quản trị Kinh doanh,DH_GTVT,Đại học Giao thông Vận tải,dai_hoc,KV_DN_NHS,Ngũ Hành Sơn,Ngũ Hành Sơn,Đà Nẵng,3,ca_hai,200000,excel,hoat_dong,2026-04-03,MON_ANH,Tiếng Anh,ngoai_ngu,LOP_06,Lớp 6,thcs,200000,HS_EX_0211,4.01,2026-03-31
GS_EX_0020,Phạm Hồng Nhung,nu,1999,Ky su,Quản trị Kinh doanh,DH_TM,Đại học Thương mại,dai_hoc,KV_HN_HK,Hoàn Kiếm,Hoàn Kiếm,Hà Nội,3,online,180000,excel,hoat_dong,2026-04-03,MON_TOAN,Toán,tu_nhien,LOP_06,Lớp 6,thcs,180000,HS_EX_0315,3.79,2026-03-29
GS_EX_0021,Đặng Ngọc Nhung,nu,2002,Cu nhan,Ngôn ngữ Anh,DH_DN,Đại học Đà Nẵng,dai_hoc,KV_HN_HK,Hoàn Kiếm,Hoàn Kiếm,Hà Nội,6,ca_hai,250000,excel,hoat_dong,2026-04-03,MON_LY,Vật lý,tu_nhien,LOP_10,Lớp 10,thpt,250000,HS_EX_0591,3.77,2026-03-15
GS_EX_0022,Lý Minh Đức,nam,2003,Cu nhan,Công nghệ thông tin,DH_BK_HCM,Đại học Bách Khoa TP.HCM,dai_hoc,KV_HCM_Q7,Quận 7,Quận 7,Hồ Chí Minh,6,online,200000,excel,hoat_dong,2026-04-03,MON_VAN,Ngữ văn,xa_hoi,LOP_09,Lớp 9,thcs,200000,HS_EX_0257,3.82,2026-03-10
GS_EX_0023,Đặng Văn Huy,nam,2003,Cu nhan,Công nghệ thông tin,DH_UEH,Đại học Kinh tế TP.HCM,dai_hoc,KV_HN_HM,Hoàng Mai,Hoàng Mai,Hà Nội,8,ca_hai,200000,excel,hoat_dong,2026-04-03,MON_ANH,Tiếng Anh,ngoai_ngu,LOP_12,Lớp 12,thpt,200000,HS_EX_0093,4.01,2026-03-16
GS_EX_0024,Đỗ Thanh An,nu,1997,Thac si,Sư phạm Toán,DH_TM,Đại học Thương mại,dai_hoc,KV_HCM_Q4,Quận 4,Quận 4,Hồ Chí Minh,5,ca_hai,150000,excel,hoat_dong,2026-04-03,MON_VAN,Ngữ văn,xa_hoi,LOP_06,Lớp 6,thcs,150000,HS_EX_0506,4.75,2026-03-07
GS_EX_0025,Dương Ngọc Thu,nu,2000,Ky su,Sư phạm Toán,DH_KT_DN,Đại học Kinh tế Đà Nẵng,dai_hoc,KV_HCM_Q5,Quận 5,Quận 5,Hồ Chí Minh,2,ca_hai,180000,excel,hoat_dong,2026-04-03,MON_TOAN,Toán,tu_nhien,LOP_06,Lớp 6,thcs,180000,HS_EX_0336,4.54,2026-03-30
GS_EX_0026,Lý Mai Châu,nu,2003,Cu nhan,Sư phạm Toán,DH_BK_HCM,Đại học Bách Khoa TP.HCM,dai_hoc,KV_HCM_Q4,Quận 4,Quận 4,Hồ Chí Minh,8,truc_tiep,180000,excel,hoat_dong,2026-04-03,MON_LY,Vật lý,tu_nhien,LOP_12,Lớp 12,thpt,180000,HS_EX_0632,3.79,2026-04-01
GS_EX_0027,Trần Đức Nam,nam,2001,Cu nhan,Ngôn ngữ Anh,DH_Y_HCM,Đại học Y Dược TP.HCM,dai_hoc,KV_HCM_Q8,Quận 8,Quận 8,Hồ Chí Minh,6,ca_hai,180000,excel,hoat_dong,2026-04-03,MON_ANH,Tiếng Anh,ngoai_ngu,LOP_09,Lớp 9,thcs,180000,HS_EX_0302,4.33,2026-03-22
GS_EX_0028,Đỗ Thái Phú,nam,2002,Ky su,Quản trị Kinh doanh,DH_QGHN,Đại học Quốc gia Hà Nội,dai_hoc,KV_HN_LB,Long Biên,Long Biên,Hà Nội,7,ca_hai,250000,excel,hoat_dong,2026-04-03,MON_ANH,Tiếng Anh,ngoai_ngu,LOP_10,Lớp 10,thpt,250000,HS_EX_0497,3.66,2026-03-20
GS_EX_0029,Trần Thái Nam,nam,2003,Ky su,Ngôn ngữ Anh,DH_GTVT,Đại học Giao thông Vận tải,dai_hoc,KV_HN_DD,Đống Đa,Đống Đa,Hà Nội,4,truc_tiep,180000,excel,hoat_dong,2026-04-03,MON_LY,Vật lý,tu_nhien,LOP_12,Lớp 12,thpt,180000,HS_EX_0025,4.53,2026-03-12
GS_EX_0030,Đỗ Thanh Thảo,nu,2001,Ky su,Quản trị Kinh doanh,DH_KHTN_HN,Đại học Khoa học Tự nhiên Hà Nội,dai_hoc,KV_HN_DD,Đống Đa,Đống Đa,Hà Nội,8,ca_hai,250000,excel,hoat_dong,2026-04-03,MON_LY,Vật lý,tu_nhien,LOP_12,Lớp 12,thpt,250000,HS_EX_0377,4.7,2026-03-06
GS_EX_0031,Dương Hữu Tuấn,nam,2002,Ky su,Sư phạm Toán,DH_SP_HN,Đại học Sư phạm Hà Nội,dai_hoc,KV_HCM_Q8,Quận 8,Quận 8,Hồ Chí Minh,1,ca_hai,180000,excel,hoat_dong,2026-04-03,MON_VAN,Ngữ văn,xa_hoi,LOP_12,Lớp 12,thpt,180000,HS_EX_0735,4.23,2026-03-04
GS_EX_0032,Nguyễn Quang Hùng,nam,1996,Cu nhan,Quản trị Kinh doanh,DH_NT_HN,Đại học Ngoại thương Hà Nội,dai_hoc,KV_HN_BD,Ba Đình,Ba Đình,Hà Nội,3,online,180000,excel,hoat_dong,2026-04-03,MON_LY,Vật lý,tu_nhien,LOP_10,Lớp 10,thpt,180000,,,
GS_EX_0033,Phạm Thanh Thu,nu,2002,Ky su,Quản trị Kinh doanh,DH_TM,Đại học Thương mại,dai_hoc,KV_HN_DD,Đống Đa,Đống Đa,Hà Nội,1,truc_tiep,250000,excel,hoat_dong,2026-04-03,MON_VAN,Ngữ văn,xa_hoi,LOP_06,Lớp 6,thcs,250000,HS_EX_0412,4.03,2026-03-24
GS_EX_0034,Nguyễn Văn Đức,nam,1995,Thac si,Sư phạm Toán,DH_KTQD,Đại học Kinh tế Quốc dân,dai_hoc,KV_HN_DD,Đống Đa,Đống Đa,Hà Nội,2,truc_tiep,250000,excel,hoat_dong,2026-04-03,MON_TOAN,Toán,tu_nhien,LOP_06,Lớp 6,thcs,250000,,,
GS_EX_0035,Nguyễn Quang Đạt,nam,1998,Thac si,Sư phạm Toán,DH_KHTN_HCM,Đại học Khoa học Tự nhiên TP.HCM,dai_hoc,KV_DN_HC,Hải Châu,Hải Châu,Đà Nẵng,3,online,250000,excel,hoat_dong,2026-04-03,MON_VAN,Ngữ văn,xa_hoi,LOP_09,Lớp 9,thcs,250000,HS_EX_0214,3.7,2026-03-04
GS_EX_0036,Đỗ Thái Hùng,nam,1997,Thac si,Sư phạm Toán,DH_UEH,Đại học Kinh tế TP.HCM,dai_hoc,KV_HN_BD,Ba Đình,Ba Đình,Hà Nội,5,truc_tiep,200000,excel,hoat_dong,2026-04-03,MON_ANH,Tiếng Anh,ngoai_ngu,LOP_10,Lớp 10,thpt,200000,HS_EX_0759,3.81,2026-03-11
GS_EX_0037,Lê Văn Cường,nam,2002,Ky su,Quản trị Kinh doanh,DH_KTQD,Đại học Kinh tế Quốc dân,dai_hoc,KV_HN_TX,Thanh Xuân,Thanh Xuân,Hà Nội,2,ca_hai,250000,excel,hoat_dong,2026-04-03,MON_VAN,Ngữ văn,xa_hoi,LOP_12,Lớp 12,thpt,250000,HS_EX_0337,4.44,2026-03-12
GS_EX_0038,Phạm Quang Cường,nam,2001,Thac si,Ngôn ngữ Anh,DH_KHTN_HN,Đại học Khoa học Tự nhiên Hà Nội,dai_hoc,KV_HCM_TD,Thủ Đức,Thủ Đức,Hồ Chí Minh,3,online,200000,excel,hoat_dong,2026-04-03,MON_LY,Vật lý,tu_nhien,LOP_06,Lớp 6,thcs,200000,HS_EX_0793,3.82,2026-03-17
GS_EX_0039,Nguyễn Hữu Đức,nam,1999,Cu nhan,Công nghệ thông tin,DH_UEH,Đại học Kinh tế TP.HCM,dai_hoc,KV_HCM_TB,Tân Bình,Tân Bình,Hồ Chí Minh,1,ca_hai,150000,excel,hoat_dong,2026-04-03,MON_LY,Vật lý,tu_nhien,LOP_12,Lớp 12,thpt,150000,HS_EX_0498,3.76,2026-03-21
GS_EX_0040,Ngô Hữu Huy,nam,1995,Thac si,Công nghệ thông tin,DH_GTVT,Đại học Giao thông Vận tải,dai_hoc,KV_HCM_Q7,Quận 7,Quận 7,Hồ Chí Minh,6,ca_hai,200000,excel,hoat_dong,2026-04-03,MON_VAN,Ngữ văn,xa_hoi,LOP_06,Lớp 6,thcs,200000,HS_EX_0483,4.98,2026-03-22
GS_EX_0041,Phạm Mai An,nu,2002,Ky su,Ngôn ngữ Anh,DH_NT_HN,Đại học Ngoại thương Hà Nội,dai_hoc,KV_HN_HM,Hoàng Mai,Hoàng Mai,Hà Nội,1,online,150000,excel,hoat_dong,2026-04-03,MON_TOAN,Toán,tu_nhien,LOP_06,Lớp 6,thcs,150000,HS_EX_0826,4.47,2026-03-22
GS_EX_0042,Đỗ Minh Đạt,nam,1996,Cu nhan,Sư phạm Toán,DH_DN,Đại học Đà Nẵng,dai_hoc,KV_DN_LC,Liên Chiểu,Liên Chiểu,Đà Nẵng,5,truc_tiep,200000,excel,hoat_dong,2026-04-03,MON_LY,Vật lý,tu_nhien,LOP_06,Lớp 6,thcs,200000,,,
GS_EX_0043,Đặng Thái Đức,nam,2003,Ky su,Công nghệ thông tin,DH_SP_HCM,Đại học Sư phạm TP.HCM,dai_hoc,KV_HCM_Q8,Quận 8,Quận 8,Hồ Chí Minh,6,ca_hai,180000,excel,hoat_dong,2026-04-03,MON_LY,Vật lý,tu_nhien,LOP_09,Lớp 9,thcs,180000,HS_EX_0857,4.33,2026-03-06
GS_EX_0044,Hoàng Quang Nam,nam,1997,Cu nhan,Công nghệ thông tin,DH_KHTN_HCM,Đại học Khoa học Tự nhiên TP.HCM,dai_hoc,KV_HN_TH,Tây Hồ,Tây Hồ,Hà Nội,7,truc_tiep,200000,excel,hoat_dong,2026-04-03,MON_ANH,Tiếng Anh,ngoai_ngu,LOP_09,Lớp 9,thcs,200000,HS_EX_0084,3.98,2026-03-11
GS_EX_0045,Hoàng Mai Thảo,nu,1999,Ky su,Quản trị Kinh doanh,DH_QGHN,Đại học Quốc gia Hà Nội,dai_hoc,KV_HCM_Q5,Quận 5,Quận 5,Hồ Chí Minh,6,truc_tiep,150000,excel,hoat_dong,2026-04-03,MON_LY,Vật lý,tu_nhien,LOP_06,Lớp 6,thcs,150000,HS_EX_0197,3.63,2026-03-30
GS_EX_0046,Đỗ Ngọc Nhung,nu,1995,Ky su,Ngôn ngữ Anh,DH_XD,Đại học Xây dựng Hà Nội,dai_hoc,KV_HN_NTL,Nam Từ Liêm,Nam Từ Liêm,Hà Nội,4,ca_hai,180000,excel,hoat_dong,2026-04-03,MON_TOAN,Toán,tu_nhien,LOP_12,Lớp 12,thpt,180000,HS_EX_0400,4.54,2026-04-02
GS_EX_0047,Lê Văn Cường,nam,1999,Thac si,Công nghệ thông tin,DH_KHTN_HCM,Đại học Khoa học Tự nhiên TP.HCM,dai_hoc,KV_HN_TX,Thanh Xuân,Thanh Xuân,Hà Nội,5,ca_hai,250000,excel,hoat_dong,2026-04-03,MON_LY,Vật lý,tu_nhien,LOP_10,Lớp 10,thpt,250000,HS_EX_0990,4.06,2026-03-14
GS_EX_0048,Lê Trọng Đức,nam,1996,Cu nhan,Sư phạm Toán,DH_GTVT,Đại học Giao thông Vận tải,dai_hoc,KV_HN_BTL,Bắc Từ Liêm,Bắc Từ Liêm,Hà Nội,8,truc_tiep,200000,excel,hoat_dong,2026-04-03,MON_LY,Vật lý,tu_nhien,LOP_10,Lớp 10,thpt,200000,HS_EX_0622,3.54,2026-03-15
GS_EX_0049,Bùi Thái Kiệt,nam,2002,Ky su,Sư phạm Toán,DH_UEH,Đại học Kinh tế TP.HCM,dai_hoc,KV_HN_DD,Đống Đa,Đống Đa,Hà Nội,1,truc_tiep,150000,excel,hoat_dong,2026-04-03,MON_ANH,Tiếng Anh,ngoai_ngu,LOP_06,Lớp 6,thcs,150000,,,
GS_EX_0050,Bùi Bảo Trang,nu,2001,Ky su,Quản trị Kinh doanh,DH_DN,Đại học Đà Nẵng,dai_hoc,KV_HN_TH,Tây Hồ,Tây Hồ,Hà Nội,8,ca_hai,250000,excel,hoat_dong,2026-04-03,MON_VAN,Ngữ văn,xa_hoi,LOP_10,Lớp 10,thpt,250000,HS_EX_0249,4.75,2026-03-10
GS_EX_0051,Vũ Ngọc Mai,nu,2003,Cu nhan,Quản trị Kinh doanh,DH_NL_HCM,Đại học Nông Lâm TP.HCM,dai_hoc,KV_DN_LC,Liên Chiểu,Liên Chiểu,Đà Nẵng,8,ca_hai,250000,excel,hoat_dong,2026-04-03,MON_VAN,Ngữ văn,xa_hoi,LOP_10,Lớp 10,thpt,250000,HS_EX_0902,4.48,2026-04-01
GS_EX_0052,Vũ Hữu Phú,nam,2000,Thac si,Quản trị Kinh doanh,DH_KHTN_HCM,Đại học Khoa học Tự nhiên TP.HCM,dai_hoc,KV_HN_BD,Ba Đình,Ba Đình,Hà Nội,8,ca_hai,180000,excel,hoat_dong,2026-04-03,MON_TOAN,Toán,tu_nhien,LOP_10,Lớp 10,thpt,180000,HS_EX_0951,4.58,2026-03-31
GS_EX_0053,Lý Trọng Khoa,nam,2003,Thac si,Công nghệ thông tin,DH_TM,Đại học Thương mại,dai_hoc,KV_HN_BTL,Bắc Từ Liêm,Bắc Từ Liêm,Hà Nội,1,truc_tiep,250000,excel,hoat_dong,2026-04-03,MON_TOAN,Toán,tu_nhien,LOP_10,Lớp 10,thpt,250000,HS_EX_0514,4.74,2026-03-11
GS_EX_0054,Đặng Thị An,nu,2001,Ky su,Ngôn ngữ Anh,DH_DN,Đại học Đà Nẵng,dai_hoc,KV_HN_BTL,Bắc Từ Liêm,Bắc Từ Liêm,Hà Nội,3,online,180000,excel,hoat_dong,2026-04-03,MON_VAN,Ngữ văn,xa_hoi,LOP_10,Lớp 10,thpt,180000,HS_EX_0040,4.03,2026-04-02
GS_EX_0055,Nguyễn Văn Huy,nam,1998,Ky su,Quản trị Kinh doanh,DH_BK_HN,Đại học Bách Khoa Hà Nội,dai_hoc,KV_HCM_Q5,Quận 5,Quận 5,Hồ Chí Minh,5,truc_tiep,180000,excel,hoat_dong,2026-04-03,MON_ANH,Tiếng Anh,ngoai_ngu,LOP_09,Lớp 9,thcs,180000,HS_EX_0054,4.48,2026-03-27
GS_EX_0056,Đặng Minh Khoa,nam,2000,Cu nhan,Công nghệ thông tin,DH_KT_DN,Đại học Kinh tế Đà Nẵng,dai_hoc,KV_DN_TK,Thanh Khê,Thanh Khê,Đà Nẵng,6,online,200000,excel,hoat_dong,2026-04-03,MON_LY,Vật lý,tu_nhien,LOP_09,Lớp 9,thcs,200000,HS_EX_0947,4.27,2026-03-29
GS_EX_0057,Dương Hữu Đức,nam,1999,Ky su,Ngôn ngữ Anh,DH_Y_HCM,Đại học Y Dược TP.HCM,dai_hoc,KV_HN_BTL,Bắc Từ Liêm,Bắc Từ Liêm,Hà Nội,3,online,200000,excel,hoat_dong,2026-04-03,MON_LY,Vật lý,tu_nhien,LOP_06,Lớp 6,thcs,200000,HS_EX_0442,4.82,2026-03-18
GS_EX_0058,Bùi Quang Cường,nam,1997,Ky su,Sư phạm Toán,DH_UEH,Đại học Kinh tế TP.HCM,dai_hoc,KV_HN_HM,Hoàng Mai,Hoàng Mai,Hà Nội,8,truc_tiep,150000,excel,hoat_dong,2026-04-03,MON_LY,Vật lý,tu_nhien,LOP_10,Lớp 10,thpt,150000,HS_EX_0194,3.6,2026-03-27
GS_EX_0059,Lý Hồng Hân,nu,2001,Thac si,Quản trị Kinh doanh,DH_BK_HCM,Đại học Bách Khoa TP.HCM,dai_hoc,KV_HCM_PN,Phú Nhuận,Phú Nhuận,Hồ Chí Minh,4,ca_hai,150000,excel,hoat_dong,2026-04-03,MON_TOAN,Toán,tu_nhien,LOP_06,Lớp 6,thcs,150000,,,
GS_EX_0060,Bùi Thị Trang,nu,2000,Cu nhan,Công nghệ thông tin,DH_QGHN,Đại học Quốc gia Hà Nội,dai_hoc,KV_HN_TH,Tây Hồ,Tây Hồ,Hà Nội,7,truc_tiep,250000,excel,hoat_dong,2026-04-03,MON_TOAN,Toán,tu_nhien,LOP_09,Lớp 9,thcs,250000,HS_EX_0331,4.22,2026-03-09
GS_EX_0061,Lê Minh Hùng,nam,2000,Ky su,Quản trị Kinh doanh,DH_KHTN_HCM,Đại học Khoa học Tự nhiên TP.HCM,dai_hoc,KV_HN_TH,Tây Hồ,Tây Hồ,Hà Nội,7,truc_tiep,200000,excel,hoat_dong,2026-04-03,MON_TOAN,Toán,tu_nhien,LOP_06,Lớp 6,thcs,200000,HS_EX_0451,4.4,2026-03-18
GS_EX_0062,Trần Hoàng Vy,nu,1999,Ky su,Ngôn ngữ Anh,DH_Y_HN,Đại học Y Hà Nội,dai_hoc,KV_HN_TH,Tây Hồ,Tây Hồ,Hà Nội,3,online,150000,excel,hoat_dong,2026-04-03,MON_ANH,Tiếng Anh,ngoai_ngu,LOP_06,Lớp 6,thcs,150000,HS_EX_0413,3.82,2026-03-21
GS_EX_0063,Vũ Thị Nhung,nu,1995,Ky su,Công nghệ thông tin,DH_BK_HCM,Đại học Bách Khoa TP.HCM,dai_hoc,KV_HN_HBT,Hai Bà Trưng,Hai Bà Trưng,Hà Nội,6,ca_hai,200000,excel,hoat_dong,2026-04-03,MON_VAN,Ngữ văn,xa_hoi,LOP_09,Lớp 9,thcs,200000,,,
GS_EX_0064,Hoàng Hồng An,nu,1996,Thac si,Ngôn ngữ Anh,DH_TM,Đại học Thương mại,dai_hoc,KV_DN_ST,Sơn Trà,Sơn Trà,Đà Nẵng,4,ca_hai,150000,excel,hoat_dong,2026-04-03,MON_TOAN,Toán,tu_nhien,LOP_12,Lớp 12,thpt,150000,HS_EX_0957,4.34,2026-03-30
GS_EX_0065,Đặng Thanh Thảo,nu,2003,Cu nhan,Sư phạm Toán,DH_KHTN_HN,Đại học Khoa học Tự nhiên Hà Nội,dai_hoc,KV_HN_NTL,Nam Từ Liêm,Nam Từ Liêm,Hà Nội,5,online,180000,excel,hoat_dong,2026-04-03,MON_TOAN,Toán,tu_nhien,LOP_09,Lớp 9,thcs,180000,HS_EX_0954,4.68,2026-03-13
GS_EX_0066,Phạm Hồng An,nu,2003,Thac si,Sư phạm Toán,DH_DN,Đại học Đà Nẵng,dai_hoc,KV_HN_DD,Đống Đa,Đống Đa,Hà Nội,1,online,250000,excel,hoat_dong,2026-04-03,MON_ANH,Tiếng Anh,ngoai_ngu,LOP_12,Lớp 12,thpt,250000,HS_EX_0135,4.56,2026-03-08
GS_EX_0067,Dương Văn Tuấn,nam,1996,Thac si,Sư phạm Toán,DH_KHTN_HN,Đại học Khoa học Tự nhiên Hà Nội,dai_hoc,KV_DN_TK,Thanh Khê,Thanh Khê,Đà Nẵng,1,truc_tiep,150000,excel,hoat_dong,2026-04-03,MON_VAN,Ngữ văn,xa_hoi,LOP_09,Lớp 9,thcs,150000,,,
GS_EX_0068,Dương Minh Nam,nam,2003,Ky su,Ngôn ngữ Anh,DH_SP_HN,Đại học Sư phạm Hà Nội,dai_hoc,KV_DN_LC,Liên Chiểu,Liên Chiểu,Đà Nẵng,1,ca_hai,250000,excel,hoat_dong,2026-04-03,MON_TOAN,Toán,tu_nhien,LOP_12,Lớp 12,thpt,250000,,,
GS_EX_0069,Dương Quang Hùng,nam,2000,Ky su,Công nghệ thông tin,DH_NL_HCM,Đại học Nông Lâm TP.HCM,dai_hoc,KV_HCM_TB,Tân Bình,Tân Bình,Hồ Chí Minh,1,truc_tiep,250000,excel,hoat_dong,2026-04-03,MON_TOAN,Toán,tu_nhien,LOP_09,Lớp 9,thcs,250000,HS_EX_0247,4.16,2026-03-11
GS_EX_0070,Đỗ Minh Nam,nam,2003,Thac si,Công nghệ thông tin,DH_KTQD,Đại học Kinh tế Quốc dân,dai_hoc,KV_HN_TX,Thanh Xuân,Thanh Xuân,Hà Nội,1,ca_hai,150000,excel,hoat_dong,2026-04-03,MON_VAN,Ngữ văn,xa_hoi,LOP_06,Lớp 6,thcs,150000,HS_EX_0389,4.01,2026-03-26
GS_EX_0071,Trần Xuân Trang,nu,2000,Cu nhan,Sư phạm Toán,DH_QGHN,Đại học Quốc gia Hà Nội,dai_hoc,KV_HCM_Q1,Quận 1,Quận 1,Hồ Chí Minh,7,truc_tiep,250000,excel,hoat_dong,2026-04-03,MON_ANH,Tiếng Anh,ngoai_ngu,LOP_06,Lớp 6,thcs,250000,,,
GS_EX_0072,Lý Thanh Linh,nu,1995,Cu nhan,Quản trị Kinh doanh,DH_QGHN,Đại học Quốc gia Hà Nội,dai_hoc,KV_HCM_PN,Phú Nhuận,Phú Nhuận,Hồ Chí Minh,6,online,250000,excel,hoat_dong,2026-04-03,MON_ANH,Tiếng Anh,ngoai_ngu,LOP_06,Lớp 6,thcs,250000,HS_EX_0760,3.74,2026-03-05
GS_EX_0073,Ngô Thị Thu,nu,1995,Ky su,Ngôn ngữ Anh,DH_BK_HCM,Đại học Bách Khoa TP.HCM,dai_hoc,KV_HCM_Q3,Quận 3,Quận 3,Hồ Chí Minh,5,truc_tiep,180000,excel,hoat_dong,2026-04-03,MON_ANH,Tiếng Anh,ngoai_ngu,LOP_10,Lớp 10,thpt,180000,,,
GS_EX_0074,Phạm Hồng Linh,nu,2000,Ky su,Sư phạm Toán,DH_Y_HCM,Đại học Y Dược TP.HCM,dai_hoc,KV_HCM_GV,Gò Vấp,Gò Vấp,Hồ Chí Minh,2,ca_hai,250000,excel,hoat_dong,2026-04-03,MON_LY,Vật lý,tu_nhien,LOP_12,Lớp 12,thpt,250000,HS_EX_0251,4.97,2026-03-10
GS_EX_0075,Lê Đức Cường,nam,1999,Cu nhan,Sư phạm Toán,DH_SP_HN,Đại học Sư phạm Hà Nội,dai_hoc,KV_HCM_Q7,Quận 7,Quận 7,Hồ Chí Minh,1,online,150000,excel,hoat_dong,2026-04-03,MON_TOAN,Toán,tu_nhien,LOP_09,Lớp 9,thcs,150000,HS_EX_0075,3.52,2026-04-01
GS_EX_0076,Lý Thị Linh,nu,1997,Ky su,Ngôn ngữ Anh,DH_KTQD,Đại học Kinh tế Quốc dân,dai_hoc,KV_DN_ST,Sơn Trà,Sơn Trà,Đà Nẵng,8,ca_hai,200000,excel,hoat_dong,2026-04-03,MON_ANH,Tiếng Anh,ngoai_ngu,LOP_12,Lớp 12,thpt,200000,HS_EX_0724,4.57,2026-03-13
GS_EX_0077,Lê Đức Phú,nam,1995,Ky su,Quản trị Kinh doanh,DH_KT_DN,Đại học Kinh tế Đà Nẵng,dai_hoc,KV_HN_LB,Long Biên,Long Biên,Hà Nội,8,ca_hai,180000,excel,hoat_dong,2026-04-03,MON_TOAN,Toán,tu_nhien,LOP_12,Lớp 12,thpt,180000,HS_EX_0035,3.97,2026-03-07
GS_EX_0078,Đặng Quang Hùng,nam,1999,Thac si,Ngôn ngữ Anh,DH_CNTT,Đại học Công nghệ Thông tin TP.HCM,dai_hoc,KV_HCM_Q7,Quận 7,Quận 7,Hồ Chí Minh,5,truc_tiep,180000,excel,hoat_dong,2026-04-03,MON_TOAN,Toán,tu_nhien,LOP_12,Lớp 12,thpt,180000,HS_EX_0636,4.96,2026-03-06
GS_EX_0079,Vũ Trọng Huy,nam,2000,Thac si,Công nghệ thông tin,DH_SP_HCM,Đại học Sư phạm TP.HCM,dai_hoc,KV_HN_DD,Đống Đa,Đống Đa,Hà Nội,8,ca_hai,200000,excel,hoat_dong,2026-04-03,MON_ANH,Tiếng Anh,ngoai_ngu,LOP_10,Lớp 10,thpt,200000,,,
GS_EX_0080,Trần Hồng Mai,nu,2000,Thac si,Quản trị Kinh doanh,DH_NL_HCM,Đại học Nông Lâm TP.HCM,dai_hoc,KV_HCM_TP,Tân Phú,Tân Phú,Hồ Chí Minh,5,online,250000,excel,hoat_dong,2026-04-03,MON_TOAN,Toán,tu_nhien,LOP_12,Lớp 12,thpt,250000,,,
GS_EX_0081,Đỗ Thu Trang,nu,1999,Ky su,Quản trị Kinh doanh,DH_NT_HN,Đại học Ngoại thương Hà Nội,dai_hoc,KV_HCM_Q4,Quận 4,Quận 4,Hồ Chí Minh,2,truc_tiep,200000,excel,hoat_dong,2026-04-03,MON_LY,Vật lý,tu_nhien,LOP_09,Lớp 9,thcs,200000,HS_EX_0542,4.02,2026-03-30
GS_EX_0082,Lê Thị Nhung,nu,2003,Ky su,Công nghệ thông tin,DH_BK_HN,Đại học Bách Khoa Hà Nội,dai_hoc,KV_HN_HM,Hoàng Mai,Hoàng Mai,Hà Nội,5,ca_hai,250000,excel,hoat_dong,2026-04-03,MON_TOAN,Toán,tu_nhien,LOP_06,Lớp 6,thcs,250000,HS_EX_0857,4.53,2026-03-27
GS_EX_0083,Vũ Trọng Khoa,nam,2002,Thac si,Ngôn ngữ Anh,DH_FPT,Đại học FPT,dai_hoc,KV_DN_TK,Thanh Khê,Thanh Khê,Đà Nẵng,3,ca_hai,180000,excel,hoat_dong,2026-04-03,MON_TOAN,Toán,tu_nhien,LOP_06,Lớp 6,thcs,180000,HS_EX_0524,4.86,2026-03-22
GS_EX_0084,Đặng Minh Kiệt,nam,1995,Cu nhan,Công nghệ thông tin,DH_KT_DN,Đại học Kinh tế Đà Nẵng,dai_hoc,KV_HN_HBT,Hai Bà Trưng,Hai Bà Trưng,Hà Nội,1,online,180000,excel,hoat_dong,2026-04-03,MON_LY,Vật lý,tu_nhien,LOP_06,Lớp 6,thcs,180000,,,
GS_EX_0085,Vũ Mai Trang,nu,2001,Cu nhan,Sư phạm Toán,DH_FPT,Đại học FPT,dai_hoc,KV_HCM_Q3,Quận 3,Quận 3,Hồ Chí Minh,7,online,200000,excel,hoat_dong,2026-04-03,MON_LY,Vật lý,tu_nhien,LOP_12,Lớp 12,thpt,200000,HS_EX_0047,3.65,2026-04-01
GS_EX_0086,Lý Thị Vy,nu,1997,Ky su,Ngôn ngữ Anh,DH_Y_HCM,Đại học Y Dược TP.HCM,dai_hoc,KV_DN_TK,Thanh Khê,Thanh Khê,Đà Nẵng,5,truc_tiep,200000,excel,hoat_dong,2026-04-03,MON_TOAN,Toán,tu_nhien,LOP_06,Lớp 6,thcs,200000,HS_EX_0776,4.65,2026-03-23
GS_EX_0087,Đỗ Thị Nhung,nu,1995,Thac si,Quản trị Kinh doanh,DH_BK_HN,Đại học Bách Khoa Hà Nội,dai_hoc,KV_HCM_Q4,Quận 4,Quận 4,Hồ Chí Minh,6,truc_tiep,250000,excel,hoat_dong,2026-04-03,MON_ANH,Tiếng Anh,ngoai_ngu,LOP_06,Lớp 6,thcs,250000,HS_EX_0901,3.98,2026-03-24
GS_EX_0088,Trần Ngọc Hân,nu,1995,Cu nhan,Quản trị Kinh doanh,DH_SP_HCM,Đại học Sư phạm TP.HCM,dai_hoc,KV_DN_TK,Thanh Khê,Thanh Khê,Đà Nẵng,7,online,180000,excel,hoat_dong,2026-04-03,MON_TOAN,Toán,tu_nhien,LOP_09,Lớp 9,thcs,180000,HS_EX_0066,3.62,2026-03-12
GS_EX_0089,Hoàng Hoàng Thảo,nu,2000,Cu nhan,Quản trị Kinh doanh,DH_KT_DN,Đại học Kinh tế Đà Nẵng,dai_hoc,KV_HN_BD,Ba Đình,Ba Đình,Hà Nội,2,online,250000,excel,hoat_dong,2026-04-03,MON_TOAN,Toán,tu_nhien,LOP_09,Lớp 9,thcs,250000,HS_EX_0915,4.31,2026-03-15
GS_EX_0090,Hoàng Ngọc Trang,nu,2003,Ky su,Sư phạm Toán,DH_UEH,Đại học Kinh tế TP.HCM,dai_hoc,KV_HN_DD,Đống Đa,Đống Đa,Hà Nội,6,truc_tiep,180000,excel,hoat_dong,2026-04-03,MON_TOAN,Toán,tu_nhien,LOP_12,Lớp 12,thpt,180000,HS_EX_0625,4.76,2026-03-20
GS_EX_0091,Lý Hữu Nam,nam,2002,Cu nhan,Công nghệ thông tin,DH_KHTN_HCM,Đại học Khoa học Tự nhiên TP.HCM,dai_hoc,KV_HN_TX,Thanh Xuân,Thanh Xuân,Hà Nội,6,online,200000,excel,hoat_dong,2026-04-03,MON_LY,Vật lý,tu_nhien,LOP_09,Lớp 9,thcs,200000,HS_EX_0866,4.88,2026-03-31
GS_EX_0092,Hoàng Mai Linh,nu,1999,Thac si,Quản trị Kinh doanh,DH_QGHN,Đại học Quốc gia Hà Nội,dai_hoc,KV_HCM_Q4,Quận 4,Quận 4,Hồ Chí Minh,3,truc_tiep,250000,excel,hoat_dong,2026-04-03,MON_TOAN,Toán,tu_nhien,LOP_12,Lớp 12,thpt,250000,HS_EX_0309,3.99,2026-03-30
GS_EX_0093,Hoàng Thái Nam,nam,2000,Thac si,Quản trị Kinh doanh,DH_FPT,Đại học FPT,dai_hoc,KV_HN_NTL,Nam Từ Liêm,Nam Từ Liêm,Hà Nội,5,online,180000,excel,hoat_dong,2026-04-03,MON_VAN,Ngữ văn,xa_hoi,LOP_06,Lớp 6,thcs,180000,HS_EX_0315,4.1,2026-03-04
GS_EX_0094,Ngô Xuân An,nu,1996,Thac si,Quản trị Kinh doanh,DH_CNTT,Đại học Công nghệ Thông tin TP.HCM,dai_hoc,KV_HCM_PN,Phú Nhuận,Phú Nhuận,Hồ Chí Minh,8,truc_tiep,180000,excel,hoat_dong,2026-04-03,MON_LY,Vật lý,tu_nhien,LOP_09,Lớp 9,thcs,180000,HS_EX_0439,4.51,2026-03-23
GS_EX_0095,Lý Thị Thảo,nu,2003,Thac si,Quản trị Kinh doanh,DH_KHTN_HCM,Đại học Khoa học Tự nhiên TP.HCM,dai_hoc,KV_HCM_Q7,Quận 7,Quận 7,Hồ Chí Minh,5,ca_hai,250000,excel,hoat_dong,2026-04-03,MON_LY,Vật lý,tu_nhien,LOP_12,Lớp 12,thpt,250000,HS_EX_0629,4.02,2026-03-25
GS_EX_0096,Ngô Đình Đức,nam,2002,Cu nhan,Công nghệ thông tin,DH_FPT,Đại học FPT,dai_hoc,KV_HN_DD,Đống Đa,Đống Đa,Hà Nội,1,truc_tiep,180000,excel,hoat_dong,2026-04-03,MON_VAN,Ngữ văn,xa_hoi,LOP_10,Lớp 10,thpt,180000,HS_EX_0362,3.63,2026-03-29
GS_EX_0097,Nguyễn Thái Đạt,nam,2002,Cu nhan,Ngôn ngữ Anh,DH_TM,Đại học Thương mại,dai_hoc,KV_HCM_Q8,Quận 8,Quận 8,Hồ Chí Minh,6,ca_hai,150000,excel,hoat_dong,2026-04-03,MON_VAN,Ngữ văn,xa_hoi,LOP_06,Lớp 6,thcs,150000,HS_EX_0779,4.44,2026-03-24
GS_EX_0098,Bùi Văn Phú,nam,1995,Ky su,Công nghệ thông tin,DH_SP_HN,Đại học Sư phạm Hà Nội,dai_hoc,KV_DN_ST,Sơn Trà,Sơn Trà,Đà Nẵng,2,truc_tiep,180000,excel,hoat_dong,2026-04-03,MON_VAN,Ngữ văn,xa_hoi,LOP_10,Lớp 10,thpt,180000,HS_EX_0242,3.85,2026-03-08
GS_EX_0099,Hoàng Thị Thu,nu,1998,Cu nhan,Sư phạm Toán,DH_NT_HN,Đại học Ngoại thương Hà Nội,dai_hoc,KV_HCM_TB,Tân Bình,Tân Bình,Hồ Chí Minh,3,truc_tiep,200000,excel,hoat_dong,2026-04-03,MON_TOAN,Toán,tu_nhien,LOP_09,Lớp 9,thcs,200000,HS_EX_0287,4.86,2026-04-02
GS_EX_0100,Vũ Đình Hùng,nam,1997,Thac si,Sư phạm Toán,DH_FPT,Đại học FPT,dai_hoc,KV_HN_HD,Hà Đông,Hà Đông,Hà Nội,5,ca_hai,250000,excel,hoat_dong,2026-04-03,MON_VAN,Ngữ văn,xa_hoi,LOP_10,Lớp 10,thpt,250000,HS_EX_0831,3.85,2026-03-19
GS_EX_0101,Phạm Đức Cường,nam,1998,Cu nhan,Ngôn ngữ Anh,DH_KHTN_HN,Đại học Khoa học Tự nhiên Hà Nội,dai_hoc,KV_HN_TX,Thanh Xuân,Thanh Xuân,Hà Nội,8,online,200000,excel,hoat_dong,2026-04-03,MON_TOAN,Toán,tu_nhien,LOP_12,Lớp 12,thpt,200000,,,
GS_EX_0102,Dương Quang Hùng,nam,2002,Ky su,Sư phạm Toán,DH_FPT,Đại học FPT,dai_hoc,KV_HN_HK,Hoàn Kiếm,Hoàn Kiếm,Hà Nội,1,truc_tiep,200000,excel,hoat_dong,2026-04-03,MON_ANH,Tiếng Anh,ngoai_ngu,LOP_12,Lớp 12,thpt,200000,HS_EX_0748,3.87,2026-03-16
GS_EX_0103,Hoàng Hồng Linh,nu,2002,Cu nhan,Sư phạm Toán,DH_XD,Đại học Xây dựng Hà Nội,dai_hoc,KV_HN_BTL,Bắc Từ Liêm,Bắc Từ Liêm,Hà Nội,7,ca_hai,180000,excel,hoat_dong,2026-04-03,MON_LY,Vật lý,tu_nhien,LOP_06,Lớp 6,thcs,180000,HS_EX_0740,4.87,2026-03-10
GS_EX_0104,Đặng Xuân Thảo,nu,2002,Thac si,Quản trị Kinh doanh,DH_KT_DN,Đại học Kinh tế Đà Nẵng,dai_hoc,KV_HN_DD,Đống Đa,Đống Đa,Hà Nội,7,online,200000,excel,hoat_dong,2026-04-03,MON_ANH,Tiếng Anh,ngoai_ngu,LOP_10,Lớp 10,thpt,200000,HS_EX_0621,3.74,2026-03-31
GS_EX_0105,Dương Quang Huy,nam,1997,Cu nhan,Ngôn ngữ Anh,DH_CNTT,Đại học Công nghệ Thông tin TP.HCM,dai_hoc,KV_DN_CL,Cẩm Lệ,Cẩm Lệ,Đà Nẵng,1,ca_hai,250000,excel,hoat_dong,2026-04-03,MON_TOAN,Toán,tu_nhien,LOP_12,Lớp 12,thpt,250000,,,
GS_EX_0106,Phạm Hồng Vy,nu,1999,Ky su,Công nghệ thông tin,DH_SP_HN,Đại học Sư phạm Hà Nội,dai_hoc,KV_HN_NTL,Nam Từ Liêm,Nam Từ Liêm,Hà Nội,5,truc_tiep,180000,excel,hoat_dong,2026-04-03,MON_LY,Vật lý,tu_nhien,LOP_10,Lớp 10,thpt,180000,HS_EX_0407,3.67,2026-03-14
GS_EX_0107,Đỗ Xuân Thảo,nu,2003,Ky su,Quản trị Kinh doanh,DH_NT_HN,Đại học Ngoại thương Hà Nội,dai_hoc,KV_DN_CL,Cẩm Lệ,Cẩm Lệ,Đà Nẵng,5,truc_tiep,200000,excel,hoat_dong,2026-04-03,MON_TOAN,Toán,tu_nhien,LOP_10,Lớp 10,thpt,200000,HS_EX_0438,3.72,2026-03-31
GS_EX_0108,Lê Minh Nam,nam,1995,Thac si,Ngôn ngữ Anh,DH_DN,Đại học Đà Nẵng,dai_hoc,KV_HN_CG,Cầu Giấy,Cầu Giấy,Hà Nội,3,online,200000,excel,hoat_dong,2026-04-03,MON_VAN,Ngữ văn,xa_hoi,LOP_06,Lớp 6,thcs,200000,HS_EX_0862,3.74,2026-03-20
GS_EX_0109,Nguyễn Mai Thu,nu,2001,Cu nhan,Ngôn ngữ Anh,DH_KHTN_HCM,Đại học Khoa học Tự nhiên TP.HCM,dai_hoc,KV_HCM_Q4,Quận 4,Quận 4,Hồ Chí Minh,1,online,180000,excel,hoat_dong,2026-04-03,MON_TOAN,Toán,tu_nhien,LOP_12,Lớp 12,thpt,180000,HS_EX_0098,3.56,2026-03-16
GS_EX_0110,Dương Minh Hùng,nam,1996,Thac si,Công nghệ thông tin,DH_BK_HN,Đại học Bách Khoa Hà Nội,dai_hoc,KV_HCM_TD,Thủ Đức,Thủ Đức,Hồ Chí Minh,4,online,150000,excel,hoat_dong,2026-04-03,MON_TOAN,Toán,tu_nhien,LOP_06,Lớp 6,thcs,150000,,,
GS_EX_0111,Hoàng Hải Đạt,nam,1997,Thac si,Sư phạm Toán,DH_KTQD,Đại học Kinh tế Quốc dân,dai_hoc,KV_HCM_Q5,Quận 5,Quận 5,Hồ Chí Minh,6,truc_tiep,150000,excel,hoat_dong,2026-04-03,MON_ANH,Tiếng Anh,ngoai_ngu,LOP_12,Lớp 12,thpt,150000,HS_EX_0801,4.95,2026-03-29
GS_EX_0112,Trần Đình Huy,nam,2003,Thac si,Sư phạm Toán,DH_SP_HN,Đại học Sư phạm Hà Nội,dai_hoc,KV_DN_HC,Hải Châu,Hải Châu,Đà Nẵng,8,online,180000,excel,hoat_dong,2026-04-03,MON_TOAN,Toán,tu_nhien,LOP_10,Lớp 10,thpt,180000,HS_EX_0920,4.66,2026-03-07
GS_EX_0113,Hoàng Xuân Trang,nu,2001,Thac si,Sư phạm Toán,DH_FPT,Đại học FPT,dai_hoc,KV_DN_TK,Thanh Khê,Thanh Khê,Đà Nẵng,1,online,250000,excel,hoat_dong,2026-04-03,MON_TOAN,Toán,tu_nhien,LOP_09,Lớp 9,thcs,250000,HS_EX_0513,3.59,2026-03-25
GS_EX_0114,Đỗ Thanh Mai,nu,1996,Thac si,Sư phạm Toán,DH_Y_HCM,Đại học Y Dược TP.HCM,dai_hoc,KV_HCM_Q3,Quận 3,Quận 3,Hồ Chí Minh,4,truc_tiep,200000,excel,hoat_dong,2026-04-03,MON_VAN,Ngữ văn,xa_hoi,LOP_10,Lớp 10,thpt,200000,HS_EX_0029,3.74,2026-04-01
GS_EX_0115,Vũ Bảo Hân,nu,1995,Thac si,Sư phạm Toán,DH_KHTN_HCM,Đại học Khoa học Tự nhiên TP.HCM,dai_hoc,KV_HCM_Q3,Quận 3,Quận 3,Hồ Chí Minh,2,online,200000,excel,hoat_dong,2026-04-03,MON_ANH,Tiếng Anh,ngoai_ngu,LOP_12,Lớp 12,thpt,200000,HS_EX_0130,3.63,2026-03-27
GS_EX_0116,Vũ Quang Đạt,nam,1998,Thac si,Công nghệ thông tin,DH_SP_HN,Đại học Sư phạm Hà Nội,dai_hoc,KV_DN_NHS,Ngũ Hành Sơn,Ngũ Hành Sơn,Đà Nẵng,5,ca_hai,200000,excel,hoat_dong,2026-04-03,MON_LY,Vật lý,tu_nhien,LOP_12,Lớp 12,thpt,200000,HS_EX_0181,4.1,2026-03-24
GS_EX_0117,Nguyễn Xuân Thảo,nu,2000,Thac si,Sư phạm Toán,DH_BK_HCM,Đại học Bách Khoa TP.HCM,dai_hoc,KV_DN_HC,Hải Châu,Hải Châu,Đà Nẵng,4,ca_hai,150000,excel,hoat_dong,2026-04-03,MON_VAN,Ngữ văn,xa_hoi,LOP_10,Lớp 10,thpt,150000,HS_EX_0952,3.7,2026-03-12
GS_EX_0118,Vũ Hữu Cường,nam,2000,Cu nhan,Quản trị Kinh doanh,DH_Y_HN,Đại học Y Hà Nội,dai_hoc,KV_HN_TX,Thanh Xuân,Thanh Xuân,Hà Nội,4,truc_tiep,180000,excel,hoat_dong,2026-04-03,MON_VAN,Ngữ văn,xa_hoi,LOP_06,Lớp 6,thcs,180000,,,
GS_EX_0119,Vũ Hữu Đức,nam,1996,Cu nhan,Quản trị Kinh doanh,DH_KHTN_HCM,Đại học Khoa học Tự nhiên TP.HCM,dai_hoc,KV_HN_DD,Đống Đa,Đống Đa,Hà Nội,7,online,150000,excel,hoat_dong,2026-04-03,MON_ANH,Tiếng Anh,ngoai_ngu,LOP_06,Lớp 6,thcs,150000,HS_EX_0972,3.84,2026-03-19
GS_EX_0120,Trần Thanh Vy,nu,2003,Cu nhan,Công nghệ thông tin,DH_KTQD,Đại học Kinh tế Quốc dân,dai_hoc,KV_DN_TK,Thanh Khê,Thanh Khê,Đà Nẵng,7,ca_hai,250000,excel,hoat_dong,2026-04-03,MON_LY,Vật lý,tu_nhien,LOP_10,Lớp 10,thpt,250000,HS_EX_0649,3.85,2026-03-22
GS_EX_0121,Trần Mai Vy,nu,2001,Cu nhan,Sư phạm Toán,DH_Y_HN,Đại học Y Hà Nội,dai_hoc,KV_DN_HC,Hải Châu,Hải Châu,Đà Nẵng,7,ca_hai,200000,excel,hoat_dong,2026-04-03,MON_ANH,Tiếng Anh,ngoai_ngu,LOP_12,Lớp 12,thpt,200000,HS_EX_0399,3.53,2026-03-18
GS_EX_0122,Trần Mai Thu,nu,1998,Cu nhan,Quản trị Kinh doanh,DH_DN,Đại học Đà Nẵng,dai_hoc,KV_DN_CL,Cẩm Lệ,Cẩm Lệ,Đà Nẵng,5,truc_tiep,180000,excel,hoat_dong,2026-04-03,MON_TOAN,Toán,tu_nhien,LOP_06,Lớp 6,thcs,180000,HS_EX_0483,4.32,2026-03-22
GS_EX_0123,Trần Thị Thu,nu,1996,Thac si,Công nghệ thông tin,DH_NL_HCM,Đại học Nông Lâm TP.HCM,dai_hoc,KV_HCM_Q1,Quận 1,Quận 1,Hồ Chí Minh,6,truc_tiep,200000,excel,hoat_dong,2026-04-03,MON_TOAN,Toán,tu_nhien,LOP_09,Lớp 9,thcs,200000,,,
GS_EX_0124,Đặng Minh Tuấn,nam,2003,Ky su,Công nghệ thông tin,DH_NL_HCM,Đại học Nông Lâm TP.HCM,dai_hoc,KV_HN_BTL,Bắc Từ Liêm,Bắc Từ Liêm,Hà Nội,3,ca_hai,200000,excel,hoat_dong,2026-04-03,MON_ANH,Tiếng Anh,ngoai_ngu,LOP_09,Lớp 9,thcs,200000,HS_EX_0235,4.09,2026-04-02
GS_EX_0125,Bùi Thu Hân,nu,1998,Ky su,Ngôn ngữ Anh,DH_XD,Đại học Xây dựng Hà Nội,dai_hoc,KV_HN_TH,Tây Hồ,Tây Hồ,Hà Nội,2,online,150000,excel,hoat_dong,2026-04-03,MON_TOAN,Toán,tu_nhien,LOP_09,Lớp 9,thcs,150000,HS_EX_0325,4.2,2026-03-19
GS_EX_0126,Ngô Đình Kiệt,nam,2002,Ky su,Ngôn ngữ Anh,DH_NL_HCM,Đại học Nông Lâm TP.HCM,dai_hoc,KV_HCM_PN,Phú Nhuận,Phú Nhuận,Hồ Chí Minh,6,ca_hai,200000,excel,hoat_dong,2026-04-03,MON_VAN,Ngữ văn,xa_hoi,LOP_06,Lớp 6,thcs,200000,,,
GS_EX_0127,Đỗ Văn Đạt,nam,1995,Thac si,Sư phạm Toán,DH_BK_HN,Đại học Bách Khoa Hà Nội,dai_hoc,KV_HCM_PN,Phú Nhuận,Phú Nhuận,Hồ Chí Minh,3,ca_hai,180000,excel,hoat_dong,2026-04-03,MON_LY,Vật lý,tu_nhien,LOP_10,Lớp 10,thpt,180000,HS_EX_0019,4.39,2026-03-16
GS_EX_0128,Đỗ Thái Cường,nam,1996,Cu nhan,Ngôn ngữ Anh,DH_DN,Đại học Đà Nẵng,dai_hoc,KV_HCM_Q1,Quận 1,Quận 1,Hồ Chí Minh,3,ca_hai,150000,excel,hoat_dong,2026-04-03,MON_VAN,Ngữ văn,xa_hoi,LOP_12,Lớp 12,thpt,150000,HS_EX_0053,3.58,2026-03-15
GS_EX_0129,Đặng Hoàng Châu,nu,1997,Ky su,Công nghệ thông tin,DH_KT_DN,Đại học Kinh tế Đà Nẵng,dai_hoc,KV_DN_NHS,Ngũ Hành Sơn,Ngũ Hành Sơn,Đà Nẵng,2,truc_tiep,250000,excel,hoat_dong,2026-04-03,MON_LY,Vật lý,tu_nhien,LOP_12,Lớp 12,thpt,250000,HS_EX_0962,3.63,2026-03-08
GS_EX_0130,Phạm Trọng Huy,nam,1997,Ky su,Ngôn ngữ Anh,DH_FPT,Đại học FPT,dai_hoc,KV_HCM_BT,Bình Thạnh,Bình Thạnh,Hồ Chí Minh,7,truc_tiep,180000,excel,hoat_dong,2026-04-03,MON_ANH,Tiếng Anh,ngoai_ngu,LOP_12,Lớp 12,thpt,180000,HS_EX_0918,4.13,2026-03-17
GS_EX_0131,Bùi Xuân An,nu,1996,Thac si,Sư phạm Toán,DH_KHTN_HCM,Đại học Khoa học Tự nhiên TP.HCM,dai_hoc,KV_DN_ST,Sơn Trà,Sơn Trà,Đà Nẵng,4,ca_hai,250000,excel,hoat_dong,2026-04-03,MON_LY,Vật lý,tu_nhien,LOP_06,Lớp 6,thcs,250000,HS_EX_0890,4.6,2026-03-20
GS_EX_0132,Hoàng Mai Nhung,nu,1998,Thac si,Ngôn ngữ Anh,DH_SP_HCM,Đại học Sư phạm TP.HCM,dai_hoc,KV_HCM_PN,Phú Nhuận,Phú Nhuận,Hồ Chí Minh,8,ca_hai,250000,excel,hoat_dong,2026-04-03,MON_TOAN,Toán,tu_nhien,LOP_10,Lớp 10,thpt,250000,HS_EX_0257,4.81,2026-03-10
GS_EX_0133,Đặng Ngọc Mai,nu,2001,Ky su,Công nghệ thông tin,DH_GTVT,Đại học Giao thông Vận tải,dai_hoc,KV_HCM_Q4,Quận 4,Quận 4,Hồ Chí Minh,6,truc_tiep,180000,excel,hoat_dong,2026-04-03,MON_VAN,Ngữ văn,xa_hoi,LOP_10,Lớp 10,thpt,180000,HS_EX_0437,4.58,2026-03-29
GS_EX_0134,Nguyễn Đình Đạt,nam,2000,Ky su,Ngôn ngữ Anh,DH_KTQD,Đại học Kinh tế Quốc dân,dai_hoc,KV_HN_DD,Đống Đa,Đống Đa,Hà Nội,1,ca_hai,250000,excel,hoat_dong,2026-04-03,MON_TOAN,Toán,tu_nhien,LOP_12,Lớp 12,thpt,250000,HS_EX_0798,3.85,2026-03-13
GS_EX_0135,Vũ Thái Phú,nam,1995,Thac si,Quản trị Kinh doanh,DH_KTQD,Đại học Kinh tế Quốc dân,dai_hoc,KV_HN_HK,Hoàn Kiếm,Hoàn Kiếm,Hà Nội,3,ca_hai,180000,excel,hoat_dong,2026-04-03,MON_VAN,Ngữ văn,xa_hoi,LOP_12,Lớp 12,thpt,180000,HS_EX_0624,3.8,2026-03-27
GS_EX_0136,Bùi Thái Cường,nam,2000,Cu nhan,Ngôn ngữ Anh,DH_KTQD,Đại học Kinh tế Quốc dân,dai_hoc,KV_HCM_BT,Bình Thạnh,Bình Thạnh,Hồ Chí Minh,8,online,150000,excel,hoat_dong,2026-04-03,MON_ANH,Tiếng Anh,ngoai_ngu,LOP_12,Lớp 12,thpt,150000,HS_EX_0969,3.59,2026-03-13
GS_EX_0137,Ngô Đình Kiệt,nam,1995,Cu nhan,Sư phạm Toán,DH_CNTT,Đại học Công nghệ Thông tin TP.HCM,dai_hoc,KV_HN_CG,Cầu Giấy,Cầu Giấy,Hà Nội,2,ca_hai,200000,excel,hoat_dong,2026-04-03,MON_ANH,Tiếng Anh,ngoai_ngu,LOP_10,Lớp 10,thpt,200000,HS_EX_0342,4.96,2026-03-14
GS_EX_0138,Lý Hữu Nam,nam,2002,Cu nhan,Sư phạm Toán,DH_SP_HCM,Đại học Sư phạm TP.HCM,dai_hoc,KV_HN_DD,Đống Đa,Đống Đa,Hà Nội,1,online,250000,excel,hoat_dong,2026-04-03,MON_LY,Vật lý,tu_nhien,LOP_12,Lớp 12,thpt,250000,HS_EX_0022,4.46,2026-03-06
GS_EX_0139,Đặng Thanh Trang,nu,2002,Thac si,Quản trị Kinh doanh,DH_DN,Đại học Đà Nẵng,dai_hoc,KV_HN_TX,Thanh Xuân,Thanh Xuân,Hà Nội,7,ca_hai,150000,excel,hoat_dong,2026-04-03,MON_ANH,Tiếng Anh,ngoai_ngu,LOP_10,Lớp 10,thpt,150000,HS_EX_0141,3.51,2026-03-06
GS_EX_0140,Bùi Minh Kiệt,nam,2003,Ky su,Sư phạm Toán,DH_BK_HN,Đại học Bách Khoa Hà Nội,dai_hoc,KV_HN_HBT,Hai Bà Trưng,Hai Bà Trưng,Hà Nội,7,online,200000,excel,hoat_dong,2026-04-03,MON_VAN,Ngữ văn,xa_hoi,LOP_09,Lớp 9,thcs,200000,HS_EX_0255,3.63,2026-03-30
GS_EX_0141,Lý Thanh Nhung,nu,2002,Ky su,Công nghệ thông tin,DH_BK_HCM,Đại học Bách Khoa TP.HCM,dai_hoc,KV_HN_BD,Ba Đình,Ba Đình,Hà Nội,5,truc_tiep,200000,excel,hoat_dong,2026-04-03,MON_VAN,Ngữ văn,xa_hoi,LOP_10,Lớp 10,thpt,200000,,,
GS_EX_0142,Hoàng Mai Vy,nu,2003,Cu nhan,Ngôn ngữ Anh,DH_GTVT,Đại học Giao thông Vận tải,dai_hoc,KV_HN_LB,Long Biên,Long Biên,Hà Nội,4,online,250000,excel,hoat_dong,2026-04-03,MON_ANH,Tiếng Anh,ngoai_ngu,LOP_12,Lớp 12,thpt,250000,HS_EX_0251,4.92,2026-03-24
GS_EX_0143,Lê Quang Phú,nam,2003,Ky su,Công nghệ thông tin,DH_KHTN_HN,Đại học Khoa học Tự nhiên Hà Nội,dai_hoc,KV_DN_LC,Liên Chiểu,Liên Chiểu,Đà Nẵng,2,ca_hai,200000,excel,hoat_dong,2026-04-03,MON_LY,Vật lý,tu_nhien,LOP_10,Lớp 10,thpt,200000,,,
GS_EX_0144,Lý Đức Tuấn,nam,1997,Cu nhan,Công nghệ thông tin,DH_Y_HCM,Đại học Y Dược TP.HCM,dai_hoc,KV_DN_HC,Hải Châu,Hải Châu,Đà Nẵng,2,online,250000,excel,hoat_dong,2026-04-03,MON_TOAN,Toán,tu_nhien,LOP_12,Lớp 12,thpt,250000,HS_EX_0493,3.71,2026-03-20
GS_EX_0145,Đỗ Đình Cường,nam,1999,Cu nhan,Ngôn ngữ Anh,DH_XD,Đại học Xây dựng Hà Nội,dai_hoc,KV_HCM_Q8,Quận 8,Quận 8,Hồ Chí Minh,7,truc_tiep,180000,excel,hoat_dong,2026-04-03,MON_TOAN,Toán,tu_nhien,LOP_06,Lớp 6,thcs,180000,HS_EX_0114,3.6,2026-03-15
GS_EX_0146,Ngô Hoàng Trang,nu,2002,Cu nhan,Sư phạm Toán,DH_DN,Đại học Đà Nẵng,dai_hoc,KV_HCM_TP,Tân Phú,Tân Phú,Hồ Chí Minh,2,truc_tiep,200000,excel,hoat_dong,2026-04-03,MON_LY,Vật lý,tu_nhien,LOP_06,Lớp 6,thcs,200000,HS_EX_0642,3.87,2026-04-01
GS_EX_0147,Lý Quang Đức,nam,1996,Thac si,Công nghệ thông tin,DH_GTVT,Đại học Giao thông Vận tải,dai_hoc,KV_HN_TX,Thanh Xuân,Thanh Xuân,Hà Nội,7,truc_tiep,250000,excel,hoat_dong,2026-04-03,MON_TOAN,Toán,tu_nhien,LOP_12,Lớp 12,thpt,250000,HS_EX_0809,4.42,2026-03-09
GS_EX_0148,Vũ Đức Tuấn,nam,1998,Thac si,Quản trị Kinh doanh,DH_Y_HCM,Đại học Y Dược TP.HCM,dai_hoc,KV_DN_TK,Thanh Khê,Thanh Khê,Đà Nẵng,1,ca_hai,180000,excel,hoat_dong,2026-04-03,MON_VAN,Ngữ văn,xa_hoi,LOP_06,Lớp 6,thcs,180000,HS_EX_0347,4.09,2026-03-25
GS_EX_0149,Đặng Văn Kiệt,nam,2003,Ky su,Sư phạm Toán,DH_Y_HCM,Đại học Y Dược TP.HCM,dai_hoc,KV_HCM_TP,Tân Phú,Tân Phú,Hồ Chí Minh,5,ca_hai,250000,excel,hoat_dong,2026-04-03,MON_LY,Vật lý,tu_nhien,LOP_12,Lớp 12,thpt,250000,HS_EX_0316,4.99,2026-03-08
GS_EX_0150,Đỗ Bảo Châu,nu,2000,Cu nhan,Sư phạm Toán,DH_TM,Đại học Thương mại,dai_hoc,KV_HN_NTL,Nam Từ Liêm,Nam Từ Liêm,Hà Nội,5,truc_tiep,150000,excel,hoat_dong,2026-04-03,MON_TOAN,Toán,tu_nhien,LOP_12,Lớp 12,thpt,150000,,,
GS_EX_0151,Lê Đình Huy,nam,2000,Cu nhan,Công nghệ thông tin,DH_FPT,Đại học FPT,dai_hoc,KV_HN_TH,Tây Hồ,Tây Hồ,Hà Nội,6,online,150000,excel,hoat_dong,2026-04-03,MON_VAN,Ngữ văn,xa_hoi,LOP_12,Lớp 12,thpt,150000,,,
GS_EX_0152,Hoàng Văn Phú,nam,2002,Thac si,Công nghệ thông tin,DH_Y_HCM,Đại học Y Dược TP.HCM,dai_hoc,KV_HN_TH,Tây Hồ,Tây Hồ,Hà Nội,2,ca_hai,180000,excel,hoat_dong,2026-04-03,MON_LY,Vật lý,tu_nhien,LOP_10,Lớp 10,thpt,180000,HS_EX_0419,4.51,2026-03-21
GS_EX_0153,Lý Thanh Mai,nu,1999,Ky su,Công nghệ thông tin,DH_KHTN_HN,Đại học Khoa học Tự nhiên Hà Nội,dai_hoc,KV_HCM_Q8,Quận 8,Quận 8,Hồ Chí Minh,5,truc_tiep,200000,excel,hoat_dong,2026-04-03,MON_VAN,Ngữ văn,xa_hoi,LOP_10,Lớp 10,thpt,200000,,,
GS_EX_0154,Đặng Hoàng Trang,nu,1997,Thac si,Ngôn ngữ Anh,DH_FPT,Đại học FPT,dai_hoc,KV_HCM_BT,Bình Thạnh,Bình Thạnh,Hồ Chí Minh,4,truc_tiep,150000,excel,hoat_dong,2026-04-03,MON_VAN,Ngữ văn,xa_hoi,LOP_12,Lớp 12,thpt,150000,HS_EX_0897,4.81,2026-03-19
GS_EX_0155,Đỗ Quang Hùng,nam,2003,Ky su,Công nghệ thông tin,DH_DN,Đại học Đà Nẵng,dai_hoc,KV_HN_TH,Tây Hồ,Tây Hồ,Hà Nội,8,truc_tiep,200000,excel,hoat_dong,2026-04-03,MON_VAN,Ngữ văn,xa_hoi,LOP_12,Lớp 12,thpt,200000,,,
GS_EX_0156,Ngô Đình Đức,nam,1995,Cu nhan,Sư phạm Toán,DH_XD,Đại học Xây dựng Hà Nội,dai_hoc,KV_HCM_TB,Tân Bình,Tân Bình,Hồ Chí Minh,1,ca_hai,150000,excel,hoat_dong,2026-04-03,MON_LY,Vật lý,tu_nhien,LOP_12,Lớp 12,thpt,150000,,,
GS_EX_0157,Vũ Hồng An,nu,1995,Cu nhan,Công nghệ thông tin,DH_KTQD,Đại học Kinh tế Quốc dân,dai_hoc,KV_HN_TH,Tây Hồ,Tây Hồ,Hà Nội,8,online,200000,excel,hoat_dong,2026-04-03,MON_TOAN,Toán,tu_nhien,LOP_12,Lớp 12,thpt,200000,,,
GS_EX_0158,Trần Hải Kiệt,nam,1999,Thac si,Công nghệ thông tin,DH_DN,Đại học Đà Nẵng,dai_hoc,KV_HCM_Q4,Quận 4,Quận 4,Hồ Chí Minh,1,truc_tiep,250000,excel,hoat_dong,2026-04-03,MON_LY,Vật lý,tu_nhien,LOP_09,Lớp 9,thcs,250000,HS_EX_0475,3.83,2026-03-24
GS_EX_0159,Hoàng Văn Tuấn,nam,2001,Thac si,Ngôn ngữ Anh,DH_NT_HN,Đại học Ngoại thương Hà Nội,dai_hoc,KV_HN_HK,Hoàn Kiếm,Hoàn Kiếm,Hà Nội,6,online,250000,excel,hoat_dong,2026-04-03,MON_VAN,Ngữ văn,xa_hoi,LOP_12,Lớp 12,thpt,250000,HS_EX_0869,4.8,2026-03-26
GS_EX_0160,Trần Hồng Mai,nu,1996,Thac si,Sư phạm Toán,DH_GTVT,Đại học Giao thông Vận tải,dai_hoc,KV_DN_HC,Hải Châu,Hải Châu,Đà Nẵng,7,truc_tiep,250000,excel,hoat_dong,2026-04-03,MON_VAN,Ngữ văn,xa_hoi,LOP_06,Lớp 6,thcs,250000,,,
GS_EX_0161,Phạm Văn Nam,nam,1997,Thac si,Quản trị Kinh doanh,DH_BK_HCM,Đại học Bách Khoa TP.HCM,dai_hoc,KV_HN_HK,Hoàn Kiếm,Hoàn Kiếm,Hà Nội,5,ca_hai,180000,excel,hoat_dong,2026-04-03,MON_TOAN,Toán,tu_nhien,LOP_10,Lớp 10,thpt,180000,HS_EX_0153,3.55,2026-03-12
GS_EX_0162,Đỗ Quang Tuấn,nam,1998,Thac si,Quản trị Kinh doanh,DH_XD,Đại học Xây dựng Hà Nội,dai_hoc,KV_DN_CL,Cẩm Lệ,Cẩm Lệ,Đà Nẵng,8,ca_hai,150000,excel,hoat_dong,2026-04-03,MON_VAN,Ngữ văn,xa_hoi,LOP_09,Lớp 9,thcs,150000,HS_EX_0586,3.99,2026-03-15
GS_EX_0163,Đỗ Hải Nam,nam,1999,Cu nhan,Công nghệ thông tin,DH_KHTN_HN,Đại học Khoa học Tự nhiên Hà Nội,dai_hoc,KV_HN_CG,Cầu Giấy,Cầu Giấy,Hà Nội,7,ca_hai,250000,excel,hoat_dong,2026-04-03,MON_VAN,Ngữ văn,xa_hoi,LOP_12,Lớp 12,thpt,250000,HS_EX_0842,4.87,2026-03-09
GS_EX_0164,Lê Đình Đức,nam,1996,Ky su,Ngôn ngữ Anh,DH_KHTN_HN,Đại học Khoa học Tự nhiên Hà Nội,dai_hoc,KV_HCM_TD,Thủ Đức,Thủ Đức,Hồ Chí Minh,7,truc_tiep,180000,excel,hoat_dong,2026-04-03,MON_LY,Vật lý,tu_nhien,LOP_12,Lớp 12,thpt,180000,HS_EX_0238,4.29,2026-03-19
GS_EX_0165,Ngô Thị Hân,nu,2001,Ky su,Ngôn ngữ Anh,DH_BK_HN,Đại học Bách Khoa Hà Nội,dai_hoc,KV_HN_LB,Long Biên,Long Biên,Hà Nội,3,truc_tiep,200000,excel,hoat_dong,2026-04-03,MON_VAN,Ngữ văn,xa_hoi,LOP_09,Lớp 9,thcs,200000,HS_EX_0623,3.63,2026-03-14
GS_EX_0166,Đặng Thanh Mai,nu,1995,Thac si,Công nghệ thông tin,DH_XD,Đại học Xây dựng Hà Nội,dai_hoc,KV_DN_NHS,Ngũ Hành Sơn,Ngũ Hành Sơn,Đà Nẵng,7,online,150000,excel,hoat_dong,2026-04-03,MON_TOAN,Toán,tu_nhien,LOP_06,Lớp 6,thcs,150000,,,
GS_EX_0167,Lý Đình Nam,nam,1998,Ky su,Ngôn ngữ Anh,DH_QGHN,Đại học Quốc gia Hà Nội,dai_hoc,KV_HCM_Q4,Quận 4,Quận 4,Hồ Chí Minh,3,ca_hai,180000,excel,hoat_dong,2026-04-03,MON_TOAN,Toán,tu_nhien,LOP_10,Lớp 10,thpt,180000,,,
GS_EX_0168,Trần Mai Nhung,nu,1997,Ky su,Quản trị Kinh doanh,DH_NL_HCM,Đại học Nông Lâm TP.HCM,dai_hoc,KV_HCM_Q5,Quận 5,Quận 5,Hồ Chí Minh,8,online,180000,excel,hoat_dong,2026-04-03,MON_ANH,Tiếng Anh,ngoai_ngu,LOP_09,Lớp 9,thcs,180000,,,
GS_EX_0169,Bùi Thái Phú,nam,2001,Thac si,Sư phạm Toán,DH_SP_HN,Đại học Sư phạm Hà Nội,dai_hoc,KV_DN_CL,Cẩm Lệ,Cẩm Lệ,Đà Nẵng,2,ca_hai,200000,excel,hoat_dong,2026-04-03,MON_LY,Vật lý,tu_nhien,LOP_09,Lớp 9,thcs,200000,HS_EX_0339,3.68,2026-03-29
GS_EX_0170,Vũ Hoàng Nhung,nu,1997,Cu nhan,Ngôn ngữ Anh,DH_XD,Đại học Xây dựng Hà Nội,dai_hoc,KV_HCM_Q3,Quận 3,Quận 3,Hồ Chí Minh,5,online,180000,excel,hoat_dong,2026-04-03,MON_ANH,Tiếng Anh,ngoai_ngu,LOP_09,Lớp 9,thcs,180000,,,
GS_EX_0171,Phạm Hồng Trang,nu,1997,Thac si,Sư phạm Toán,DH_KTQD,Đại học Kinh tế Quốc dân,dai_hoc,KV_HN_BTL,Bắc Từ Liêm,Bắc Từ Liêm,Hà Nội,8,truc_tiep,250000,excel,hoat_dong,2026-04-03,MON_ANH,Tiếng Anh,ngoai_ngu,LOP_06,Lớp 6,thcs,250000,HS_EX_0633,4.84,2026-03-14
GS_EX_0172,Lý Thị Thảo,nu,1995,Thac si,Sư phạm Toán,DH_SP_HCM,Đại học Sư phạm TP.HCM,dai_hoc,KV_HN_HM,Hoàng Mai,Hoàng Mai,Hà Nội,1,ca_hai,200000,excel,hoat_dong,2026-04-03,MON_VAN,Ngữ văn,xa_hoi,LOP_12,Lớp 12,thpt,200000,HS_EX_0326,4.47,2026-04-01
GS_EX_0173,Đặng Hữu Đạt,nam,2002,Cu nhan,Sư phạm Toán,DH_KTQD,Đại học Kinh tế Quốc dân,dai_hoc,KV_HN_DD,Đống Đa,Đống Đa,Hà Nội,5,ca_hai,150000,excel,hoat_dong,2026-04-03,MON_TOAN,Toán,tu_nhien,LOP_10,Lớp 10,thpt,150000,HS_EX_0264,3.86,2026-03-31
GS_EX_0174,Bùi Ngọc Thảo,nu,1995,Cu nhan,Sư phạm Toán,DH_Y_HCM,Đại học Y Dược TP.HCM,dai_hoc,KV_HN_HBT,Hai Bà Trưng,Hai Bà Trưng,Hà Nội,2,truc_tiep,150000,excel,hoat_dong,2026-04-03,MON_TOAN,Toán,tu_nhien,LOP_09,Lớp 9,thcs,150000,HS_EX_0830,3.9,2026-03-13
GS_EX_0175,Bùi Trọng Nam,nam,2001,Thac si,Ngôn ngữ Anh,DH_GTVT,Đại học Giao thông Vận tải,dai_hoc,KV_DN_TK,Thanh Khê,Thanh Khê,Đà Nẵng,8,ca_hai,250000,excel,hoat_dong,2026-04-03,MON_TOAN,Toán,tu_nhien,LOP_09,Lớp 9,thcs,250000,,,
GS_EX_0176,Ngô Minh Cường,nam,1997,Ky su,Sư phạm Toán,DH_BK_HN,Đại học Bách Khoa Hà Nội,dai_hoc,KV_HCM_Q10,Quận 10,Quận 10,Hồ Chí Minh,8,ca_hai,200000,excel,hoat_dong,2026-04-03,MON_VAN,Ngữ văn,xa_hoi,LOP_12,Lớp 12,thpt,200000,HS_EX_0417,3.51,2026-03-25
GS_EX_0177,Trần Đình Huy,nam,2000,Ky su,Sư phạm Toán,DH_KTQD,Đại học Kinh tế Quốc dân,dai_hoc,KV_HCM_Q8,Quận 8,Quận 8,Hồ Chí Minh,8,online,200000,excel,hoat_dong,2026-04-03,MON_LY,Vật lý,tu_nhien,LOP_06,Lớp 6,thcs,200000,,,
GS_EX_0178,Đặng Bảo Thu,nu,1995,Cu nhan,Quản trị Kinh doanh,DH_KHTN_HN,Đại học Khoa học Tự nhiên Hà Nội,dai_hoc,KV_HN_HM,Hoàng Mai,Hoàng Mai,Hà Nội,4,online,200000,excel,hoat_dong,2026-04-03,MON_LY,Vật lý,tu_nhien,LOP_06,Lớp 6,thcs,200000,HS_EX_0891,4.03,2026-04-02
GS_EX_0179,Đặng Hồng Châu,nu,2003,Ky su,Sư phạm Toán,DH_SP_HCM,Đại học Sư phạm TP.HCM,dai_hoc,KV_HCM_BT,Bình Thạnh,Bình Thạnh,Hồ Chí Minh,6,online,200000,excel,hoat_dong,2026-04-03,MON_LY,Vật lý,tu_nhien,LOP_09,Lớp 9,thcs,200000,HS_EX_0412,4.25,2026-03-10
GS_EX_0180,Lý Trọng Đạt,nam,2002,Thac si,Quản trị Kinh doanh,DH_KT_DN,Đại học Kinh tế Đà Nẵng,dai_hoc,KV_HN_CG,Cầu Giấy,Cầu Giấy,Hà Nội,1,ca_hai,200000,excel,hoat_dong,2026-04-03,MON_VAN,Ngữ văn,xa_hoi,LOP_12,Lớp 12,thpt,200000,HS_EX_0434,3.91,2026-03-29
GS_EX_0181,Ngô Đức Kiệt,nam,1999,Thac si,Ngôn ngữ Anh,DH_Y_HN,Đại học Y Hà Nội,dai_hoc,KV_HN_DD,Đống Đa,Đống Đa,Hà Nội,8,ca_hai,150000,excel,hoat_dong,2026-04-03,MON_LY,Vật lý,tu_nhien,LOP_12,Lớp 12,thpt,150000,HS_EX_0345,3.95,2026-03-22
GS_EX_0182,Vũ Hồng Nhung,nu,1995,Thac si,Ngôn ngữ Anh,DH_NT_HN,Đại học Ngoại thương Hà Nội,dai_hoc,KV_HN_LB,Long Biên,Long Biên,Hà Nội,4,truc_tiep,250000,excel,hoat_dong,2026-04-03,MON_LY,Vật lý,tu_nhien,LOP_12,Lớp 12,thpt,250000,HS_EX_0558,3.5,2026-03-06
GS_EX_0183,Đỗ Đình Đạt,nam,1996,Cu nhan,Sư phạm Toán,DH_CNTT,Đại học Công nghệ Thông tin TP.HCM,dai_hoc,KV_HN_TH,Tây Hồ,Tây Hồ,Hà Nội,4,ca_hai,250000,excel,hoat_dong,2026-04-03,MON_TOAN,Toán,tu_nhien,LOP_09,Lớp 9,thcs,250000,,,
GS_EX_0184,Lý Hải Khoa,nam,1997,Ky su,Sư phạm Toán,DH_SP_HCM,Đại học Sư phạm TP.HCM,dai_hoc,KV_DN_TK,Thanh Khê,Thanh Khê,Đà Nẵng,1,online,250000,excel,hoat_dong,2026-04-03,MON_LY,Vật lý,tu_nhien,LOP_06,Lớp 6,thcs,250000,HS_EX_0353,3.8,2026-03-22
GS_EX_0185,Trần Thái Nam,nam,2002,Cu nhan,Quản trị Kinh doanh,DH_BK_HCM,Đại học Bách Khoa TP.HCM,dai_hoc,KV_DN_HC,Hải Châu,Hải Châu,Đà Nẵng,8,online,150000,excel,hoat_dong,2026-04-03,MON_TOAN,Toán,tu_nhien,LOP_12,Lớp 12,thpt,150000,HS_EX_0740,3.81,2026-03-25
GS_EX_0186,Trần Xuân Nhung,nu,1998,Cu nhan,Sư phạm Toán,DH_TM,Đại học Thương mại,dai_hoc,KV_HCM_Q10,Quận 10,Quận 10,Hồ Chí Minh,4,ca_hai,150000,excel,hoat_dong,2026-04-03,MON_LY,Vật lý,tu_nhien,LOP_12,Lớp 12,thpt,150000,HS_EX_0783,4.03,2026-03-22
GS_EX_0187,Dương Hải Đức,nam,1997,Thac si,Sư phạm Toán,DH_BK_HCM,Đại học Bách Khoa TP.HCM,dai_hoc,KV_HCM_Q3,Quận 3,Quận 3,Hồ Chí Minh,3,ca_hai,200000,excel,hoat_dong,2026-04-03,MON_VAN,Ngữ văn,xa_hoi,LOP_06,Lớp 6,thcs,200000,HS_EX_0886,4.72,2026-03-23
GS_EX_0188,Hoàng Hải Kiệt,nam,2003,Cu nhan,Sư phạm Toán,DH_BK_HN,Đại học Bách Khoa Hà Nội,dai_hoc,KV_DN_TK,Thanh Khê,Thanh Khê,Đà Nẵng,5,ca_hai,200000,excel,hoat_dong,2026-04-03,MON_TOAN,Toán,tu_nhien,LOP_09,Lớp 9,thcs,200000,,,
GS_EX_0189,Lý Thanh Mai,nu,1999,Ky su,Ngôn ngữ Anh,DH_CNTT,Đại học Công nghệ Thông tin TP.HCM,dai_hoc,KV_HN_LB,Long Biên,Long Biên,Hà Nội,1,ca_hai,250000,excel,hoat_dong,2026-04-03,MON_LY,Vật lý,tu_nhien,LOP_09,Lớp 9,thcs,250000,,,
GS_EX_0190,Phạm Thị Châu,nu,2002,Cu nhan,Sư phạm Toán,DH_NL_HCM,Đại học Nông Lâm TP.HCM,dai_hoc,KV_DN_NHS,Ngũ Hành Sơn,Ngũ Hành Sơn,Đà Nẵng,8,online,250000,excel,hoat_dong,2026-04-03,MON_VAN,Ngữ văn,xa_hoi,LOP_06,Lớp 6,thcs,250000,HS_EX_0886,3.9,2026-03-12
GS_EX_0191,Ngô Thu Thu,nu,2002,Thac si,Quản trị Kinh doanh,DH_BK_HCM,Đại học Bách Khoa TP.HCM,dai_hoc,KV_HN_HD,Hà Đông,Hà Đông,Hà Nội,6,online,150000,excel,hoat_dong,2026-04-03,MON_ANH,Tiếng Anh,ngoai_ngu,LOP_09,Lớp 9,thcs,150000,HS_EX_0733,4.05,2026-03-31
GS_EX_0192,Phạm Trọng Đạt,nam,1995,Ky su,Quản trị Kinh doanh,DH_KTQD,Đại học Kinh tế Quốc dân,dai_hoc,KV_HCM_GV,Gò Vấp,Gò Vấp,Hồ Chí Minh,4,truc_tiep,250000,excel,hoat_dong,2026-04-03,MON_ANH,Tiếng Anh,ngoai_ngu,LOP_06,Lớp 6,thcs,250000,HS_EX_0609,4.22,2026-03-27
GS_EX_0193,Bùi Đức Khoa,nam,2002,Cu nhan,Quản trị Kinh doanh,DH_Y_HCM,Đại học Y Dược TP.HCM,dai_hoc,KV_HCM_Q10,Quận 10,Quận 10,Hồ Chí Minh,3,ca_hai,150000,excel,hoat_dong,2026-04-03,MON_LY,Vật lý,tu_nhien,LOP_12,Lớp 12,thpt,150000,HS_EX_0949,4.93,2026-03-10
GS_EX_0194,Đỗ Xuân Linh,nu,2001,Ky su,Sư phạm Toán,DH_GTVT,Đại học Giao thông Vận tải,dai_hoc,KV_HCM_BT,Bình Thạnh,Bình Thạnh,Hồ Chí Minh,4,online,150000,excel,hoat_dong,2026-04-03,MON_ANH,Tiếng Anh,ngoai_ngu,LOP_12,Lớp 12,thpt,150000,HS_EX_0151,4.12,2026-03-23
GS_EX_0195,Bùi Đình Nam,nam,1996,Ky su,Sư phạm Toán,DH_QGHN,Đại học Quốc gia Hà Nội,dai_hoc,KV_HCM_Q8,Quận 8,Quận 8,Hồ Chí Minh,5,truc_tiep,180000,excel,hoat_dong,2026-04-03,MON_ANH,Tiếng Anh,ngoai_ngu,LOP_10,Lớp 10,thpt,180000,,,
GS_EX_0196,Phạm Văn Đức,nam,2003,Ky su,Quản trị Kinh doanh,DH_SP_HN,Đại học Sư phạm Hà Nội,dai_hoc,KV_HN_BD,Ba Đình,Ba Đình,Hà Nội,6,truc_tiep,150000,excel,hoat_dong,2026-04-03,MON_ANH,Tiếng Anh,ngoai_ngu,LOP_10,Lớp 10,thpt,150000,,,
GS_EX_0197,Phạm Hồng Vy,nu,1997,Ky su,Quản trị Kinh doanh,DH_NT_HN,Đại học Ngoại thương Hà Nội,dai_hoc,KV_DN_ST,Sơn Trà,Sơn Trà,Đà Nẵng,4,truc_tiep,180000,excel,hoat_dong,2026-04-03,MON_TOAN,Toán,tu_nhien,LOP_06,Lớp 6,thcs,180000,HS_EX_0002,3.56,2026-03-08
GS_EX_0198,Đỗ Thị Trang,nu,2000,Thac si,Quản trị Kinh doanh,DH_TM,Đại học Thương mại,dai_hoc,KV_HN_HBT,Hai Bà Trưng,Hai Bà Trưng,Hà Nội,8,online,250000,excel,hoat_dong,2026-04-03,MON_LY,Vật lý,tu_nhien,LOP_10,Lớp 10,thpt,250000,HS_EX_0147,4.88,2026-03-10
GS_EX_0199,Ngô Hải Kiệt,nam,2003,Ky su,Ngôn ngữ Anh,DH_GTVT,Đại học Giao thông Vận tải,dai_hoc,KV_HCM_Q7,Quận 7,Quận 7,Hồ Chí Minh,5,online,250000,excel,hoat_dong,2026-04-03,MON_VAN,Ngữ văn,xa_hoi,LOP_06,Lớp 6,thcs,250000,HS_EX_0104,4.34,2026-03-11
GS_EX_0200,Bùi Hồng Trang,nu,1995,Thac si,Quản trị Kinh doanh,DH_SP_HCM,Đại học Sư phạm TP.HCM,dai_hoc,KV_HN_TH,Tây Hồ,Tây Hồ,Hà Nội,3,truc_tiep,180000,excel,hoat_dong,2026-04-03,MON_LY,Vật lý,tu_nhien,LOP_12,Lớp 12,thpt,180000,HS_EX_0376,3.69,2026-03-06
GS_EX_0201,Trần Thái Đức,nam,2001,Thac si,Sư phạm Toán,DH_KT_DN,Đại học Kinh tế Đà Nẵng,dai_hoc,KV_HN_CG,Cầu Giấy,Cầu Giấy,Hà Nội,8,online,250000,excel,hoat_dong,2026-04-03,MON_VAN,Ngữ văn,xa_hoi,LOP_09,Lớp 9,thcs,250000,HS_EX_0491,4.32,2026-03-08
GS_EX_0202,Ngô Đình Hùng,nam,1999,Cu nhan,Ngôn ngữ Anh,DH_KHTN_HN,Đại học Khoa học Tự nhiên Hà Nội,dai_hoc,KV_HCM_Q10,Quận 10,Quận 10,Hồ Chí Minh,3,ca_hai,250000,excel,hoat_dong,2026-04-03,MON_VAN,Ngữ văn,xa_hoi,LOP_09,Lớp 9,thcs,250000,HS_EX_0914,4.8,2026-03-09
GS_EX_0203,Bùi Xuân Vy,nu,2000,Ky su,Ngôn ngữ Anh,DH_NT_HN,Đại học Ngoại thương Hà Nội,dai_hoc,KV_DN_TK,Thanh Khê,Thanh Khê,Đà Nẵng,8,ca_hai,200000,excel,hoat_dong,2026-04-03,MON_LY,Vật lý,tu_nhien,LOP_10,Lớp 10,thpt,200000,HS_EX_0978,3.53,2026-03-11
GS_EX_0204,Nguyễn Đình Tuấn,nam,1997,Ky su,Ngôn ngữ Anh,DH_Y_HCM,Đại học Y Dược TP.HCM,dai_hoc,KV_HCM_TD,Thủ Đức,Thủ Đức,Hồ Chí Minh,8,truc_tiep,250000,excel,hoat_dong,2026-04-03,MON_ANH,Tiếng Anh,ngoai_ngu,LOP_06,Lớp 6,thcs,250000,,,
GS_EX_0205,Phạm Hồng Mai,nu,1996,Thac si,Công nghệ thông tin,DH_NT_HN,Đại học Ngoại thương Hà Nội,dai_hoc,KV_DN_NHS,Ngũ Hành Sơn,Ngũ Hành Sơn,Đà Nẵng,1,ca_hai,250000,excel,hoat_dong,2026-04-03,MON_LY,Vật lý,tu_nhien,LOP_10,Lớp 10,thpt,250000,HS_EX_0802,3.65,2026-03-29
GS_EX_0206,Nguyễn Đức Nam,nam,1999,Cu nhan,Sư phạm Toán,DH_SP_HN,Đại học Sư phạm Hà Nội,dai_hoc,KV_HN_DD,Đống Đa,Đống Đa,Hà Nội,6,online,250000,excel,hoat_dong,2026-04-03,MON_VAN,Ngữ văn,xa_hoi,LOP_06,Lớp 6,thcs,250000,HS_EX_0105,3.65,2026-03-25
GS_EX_0207,Hoàng Đức Đạt,nam,2003,Thac si,Công nghệ thông tin,DH_XD,Đại học Xây dựng Hà Nội,dai_hoc,KV_DN_CL,Cẩm Lệ,Cẩm Lệ,Đà Nẵng,8,online,250000,excel,hoat_dong,2026-04-03,MON_LY,Vật lý,tu_nhien,LOP_12,Lớp 12,thpt,250000,HS_EX_0234,4.27,2026-03-17
GS_EX_0208,Đặng Xuân Châu,nu,1998,Cu nhan,Ngôn ngữ Anh,DH_KT_DN,Đại học Kinh tế Đà Nẵng,dai_hoc,KV_HCM_Q1,Quận 1,Quận 1,Hồ Chí Minh,3,truc_tiep,180000,excel,hoat_dong,2026-04-03,MON_ANH,Tiếng Anh,ngoai_ngu,LOP_06,Lớp 6,thcs,180000,HS_EX_0302,4.19,2026-03-18
GS_EX_0209,Trần Hải Khoa,nam,1999,Thac si,Quản trị Kinh doanh,DH_Y_HN,Đại học Y Hà Nội,dai_hoc,KV_HCM_BT,Bình Thạnh,Bình Thạnh,Hồ Chí Minh,4,truc_tiep,150000,excel,hoat_dong,2026-04-03,MON_TOAN,Toán,tu_nhien,LOP_06,Lớp 6,thcs,150000,HS_EX_0849,4.82,2026-03-24
GS_EX_0210,Đặng Hữu Hùng,nam,1997,Cu nhan,Công nghệ thông tin,DH_NT_HN,Đại học Ngoại thương Hà Nội,dai_hoc,KV_HCM_TB,Tân Bình,Tân Bình,Hồ Chí Minh,8,ca_hai,250000,excel,hoat_dong,2026-04-03,MON_ANH,Tiếng Anh,ngoai_ngu,LOP_12,Lớp 12,thpt,250000,HS_EX_0572,4.36,2026-03-14
GS_EX_0211,Bùi Hồng Mai,nu,2001,Thac si,Quản trị Kinh doanh,DH_KHTN_HCM,Đại học Khoa học Tự nhiên TP.HCM,dai_hoc,KV_HCM_Q1,Quận 1,Quận 1,Hồ Chí Minh,3,online,150000,excel,hoat_dong,2026-04-03,MON_TOAN,Toán,tu_nhien,LOP_06,Lớp 6,thcs,150000,HS_EX_0888,4.86,2026-03-17
GS_EX_0212,Ngô Hải Huy,nam,1997,Ky su,Ngôn ngữ Anh,DH_KHTN_HN,Đại học Khoa học Tự nhiên Hà Nội,dai_hoc,KV_HN_TH,Tây Hồ,Tây Hồ,Hà Nội,4,online,150000,excel,hoat_dong,2026-04-03,MON_ANH,Tiếng Anh,ngoai_ngu,LOP_09,Lớp 9,thcs,150000,HS_EX_0022,4.88,2026-03-13
GS_EX_0213,Ngô Quang Hùng,nam,2000,Cu nhan,Ngôn ngữ Anh,DH_TM,Đại học Thương mại,dai_hoc,KV_HCM_Q7,Quận 7,Quận 7,Hồ Chí Minh,8,online,180000,excel,hoat_dong,2026-04-03,MON_ANH,Tiếng Anh,ngoai_ngu,LOP_10,Lớp 10,thpt,180000,HS_EX_0196,4.45,2026-03-08
GS_EX_0214,Bùi Thị Mai,nu,2000,Thac si,Quản trị Kinh doanh,DH_BK_HN,Đại học Bách Khoa Hà Nội,dai_hoc,KV_HN_NTL,Nam Từ Liêm,Nam Từ Liêm,Hà Nội,2,ca_hai,150000,excel,hoat_dong,2026-04-03,MON_TOAN,Toán,tu_nhien,LOP_12,Lớp 12,thpt,150000,HS_EX_0110,3.75,2026-03-27
GS_EX_0215,Đặng Đình Hùng,nam,1999,Thac si,Quản trị Kinh doanh,DH_Y_HCM,Đại học Y Dược TP.HCM,dai_hoc,KV_HN_HM,Hoàng Mai,Hoàng Mai,Hà Nội,6,online,180000,excel,hoat_dong,2026-04-03,MON_VAN,Ngữ văn,xa_hoi,LOP_06,Lớp 6,thcs,180000,HS_EX_0512,4.93,2026-03-05
GS_EX_0216,Phạm Đình Đạt,nam,1999,Cu nhan,Quản trị Kinh doanh,DH_Y_HCM,Đại học Y Dược TP.HCM,dai_hoc,KV_DN_CL,Cẩm Lệ,Cẩm Lệ,Đà Nẵng,3,online,180000,excel,hoat_dong,2026-04-03,MON_LY,Vật lý,tu_nhien,LOP_12,Lớp 12,thpt,180000,HS_EX_0878,3.78,2026-03-12
GS_EX_0217,Dương Hữu Khoa,nam,2000,Cu nhan,Ngôn ngữ Anh,DH_GTVT,Đại học Giao thông Vận tải,dai_hoc,KV_DN_TK,Thanh Khê,Thanh Khê,Đà Nẵng,7,ca_hai,250000,excel,hoat_dong,2026-04-03,MON_ANH,Tiếng Anh,ngoai_ngu,LOP_09,Lớp 9,thcs,250000,HS_EX_0103,4.53,2026-03-15
GS_EX_0218,Trần Bảo Hân,nu,2001,Thac si,Ngôn ngữ Anh,DH_NT_HN,Đại học Ngoại thương Hà Nội,dai_hoc,KV_HCM_Q1,Quận 1,Quận 1,Hồ Chí Minh,2,truc_tiep,250000,excel,hoat_dong,2026-04-03,MON_ANH,Tiếng Anh,ngoai_ngu,LOP_06,Lớp 6,thcs,250000,,,
GS_EX_0219,Ngô Trọng Kiệt,nam,1998,Thac si,Công nghệ thông tin,DH_NL_HCM,Đại học Nông Lâm TP.HCM,dai_hoc,KV_HCM_Q4,Quận 4,Quận 4,Hồ Chí Minh,7,truc_tiep,250000,excel,hoat_dong,2026-04-03,MON_LY,Vật lý,tu_nhien,LOP_09,Lớp 9,thcs,250000,HS_EX_0585,4.26,2026-03-18
GS_EX_0220,Vũ Thị Vy,nu,2000,Cu nhan,Công nghệ thông tin,DH_SP_HN,Đại học Sư phạm Hà Nội,dai_hoc,KV_HN_BTL,Bắc Từ Liêm,Bắc Từ Liêm,Hà Nội,7,online,180000,excel,hoat_dong,2026-04-03,MON_ANH,Tiếng Anh,ngoai_ngu,LOP_06,Lớp 6,thcs,180000,,,
GS_EX_0221,Nguyễn Văn Phú,nam,2003,Cu nhan,Ngôn ngữ Anh,DH_DN,Đại học Đà Nẵng,dai_hoc,KV_HCM_Q10,Quận 10,Quận 10,Hồ Chí Minh,1,ca_hai,150000,excel,hoat_dong,2026-04-03,MON_TOAN,Toán,tu_nhien,LOP_12,Lớp 12,thpt,150000,HS_EX_0885,3.65,2026-03-18
GS_EX_0222,Trần Trọng Đức,nam,2003,Ky su,Ngôn ngữ Anh,DH_SP_HCM,Đại học Sư phạm TP.HCM,dai_hoc,KV_HCM_TP,Tân Phú,Tân Phú,Hồ Chí Minh,7,online,150000,excel,hoat_dong,2026-04-03,MON_LY,Vật lý,tu_nhien,LOP_06,Lớp 6,thcs,150000,,,
GS_EX_0223,Dương Thanh Trang,nu,1999,Thac si,Sư phạm Toán,DH_DN,Đại học Đà Nẵng,dai_hoc,KV_HN_HM,Hoàng Mai,Hoàng Mai,Hà Nội,2,online,250000,excel,hoat_dong,2026-04-03,MON_VAN,Ngữ văn,xa_hoi,LOP_12,Lớp 12,thpt,250000,HS_EX_0032,4.02,2026-03-10
GS_EX_0224,Bùi Hoàng Mai,nu,2003,Cu nhan,Sư phạm Toán,DH_UEH,Đại học Kinh tế TP.HCM,dai_hoc,KV_HCM_TB,Tân Bình,Tân Bình,Hồ Chí Minh,2,truc_tiep,180000,excel,hoat_dong,2026-04-03,MON_ANH,Tiếng Anh,ngoai_ngu,LOP_12,Lớp 12,thpt,180000,HS_EX_0281,4.41,2026-03-12
GS_EX_0225,Vũ Hoàng Hân,nu,1999,Cu nhan,Ngôn ngữ Anh,DH_NL_HCM,Đại học Nông Lâm TP.HCM,dai_hoc,KV_HN_LB,Long Biên,Long Biên,Hà Nội,2,online,180000,excel,hoat_dong,2026-04-03,MON_LY,Vật lý,tu_nhien,LOP_09,Lớp 9,thcs,180000,HS_EX_0076,4.53,2026-03-06
GS_EX_0226,Ngô Thu Mai,nu,2003,Thac si,Ngôn ngữ Anh,DH_CNTT,Đại học Công nghệ Thông tin TP.HCM,dai_hoc,KV_HN_DD,Đống Đa,Đống Đa,Hà Nội,2,truc_tiep,250000,excel,hoat_dong,2026-04-03,MON_ANH,Tiếng Anh,ngoai_ngu,LOP_09,Lớp 9,thcs,250000,HS_EX_0502,3.81,2026-03-30
GS_EX_0227,Ngô Thanh An,nu,1995,Ky su,Công nghệ thông tin,DH_Y_HCM,Đại học Y Dược TP.HCM,dai_hoc,KV_HCM_TP,Tân Phú,Tân Phú,Hồ Chí Minh,4,online,250000,excel,hoat_dong,2026-04-03,MON_LY,Vật lý,tu_nhien,LOP_09,Lớp 9,thcs,250000,HS_EX_0295,4.06,2026-03-06
GS_EX_0228,Phạm Mai Mai,nu,2002,Cu nhan,Ngôn ngữ Anh,DH_DN,Đại học Đà Nẵng,dai_hoc,KV_HN_HD,Hà Đông,Hà Đông,Hà Nội,8,online,250000,excel,hoat_dong,2026-04-03,MON_TOAN,Toán,tu_nhien,LOP_10,Lớp 10,thpt,250000,,,
GS_EX_0229,Ngô Thị Thu,nu,2003,Cu nhan,Ngôn ngữ Anh,DH_TM,Đại học Thương mại,dai_hoc,KV_HN_LB,Long Biên,Long Biên,Hà Nội,7,online,180000,excel,hoat_dong,2026-04-03,MON_TOAN,Toán,tu_nhien,LOP_09,Lớp 9,thcs,180000,HS_EX_0084,4.05,2026-03-24
GS_EX_0230,Vũ Đức Kiệt,nam,2002,Cu nhan,Công nghệ thông tin,DH_SP_HCM,Đại học Sư phạm TP.HCM,dai_hoc,KV_HCM_Q1,Quận 1,Quận 1,Hồ Chí Minh,6,online,180000,excel,hoat_dong,2026-04-03,MON_ANH,Tiếng Anh,ngoai_ngu,LOP_09,Lớp 9,thcs,180000,HS_EX_0269,3.63,2026-03-30
GS_EX_0231,Ngô Đình Tuấn,nam,1996,Cu nhan,Ngôn ngữ Anh,DH_Y_HCM,Đại học Y Dược TP.HCM,dai_hoc,KV_HN_DD,Đống Đa,Đống Đa,Hà Nội,8,ca_hai,200000,excel,hoat_dong,2026-04-03,MON_TOAN,Toán,tu_nhien,LOP_06,Lớp 6,thcs,200000,HS_EX_0975,4.07,2026-03-27
GS_EX_0232,Đỗ Ngọc Nhung,nu,1998,Thac si,Sư phạm Toán,DH_BK_HN,Đại học Bách Khoa Hà Nội,dai_hoc,KV_HN_LB,Long Biên,Long Biên,Hà Nội,1,ca_hai,200000,excel,hoat_dong,2026-04-03,MON_ANH,Tiếng Anh,ngoai_ngu,LOP_10,Lớp 10,thpt,200000,HS_EX_0662,3.64,2026-03-30
GS_EX_0233,Hoàng Thái Phú,nam,2000,Cu nhan,Quản trị Kinh doanh,DH_BK_HCM,Đại học Bách Khoa TP.HCM,dai_hoc,KV_HCM_GV,Gò Vấp,Gò Vấp,Hồ Chí Minh,4,ca_hai,150000,excel,hoat_dong,2026-04-03,MON_LY,Vật lý,tu_nhien,LOP_06,Lớp 6,thcs,150000,HS_EX_0971,4.18,2026-04-01
GS_EX_0234,Dương Xuân Vy,nu,2003,Thac si,Công nghệ thông tin,DH_BK_HN,Đại học Bách Khoa Hà Nội,dai_hoc,KV_HCM_Q3,Quận 3,Quận 3,Hồ Chí Minh,1,online,200000,excel,hoat_dong,2026-04-03,MON_LY,Vật lý,tu_nhien,LOP_10,Lớp 10,thpt,200000,,,
GS_EX_0235,Lý Hải Cường,nam,2003,Thac si,Công nghệ thông tin,DH_BK_HCM,Đại học Bách Khoa TP.HCM,dai_hoc,KV_DN_TK,Thanh Khê,Thanh Khê,Đà Nẵng,7,online,180000,excel,hoat_dong,2026-04-03,MON_VAN,Ngữ văn,xa_hoi,LOP_10,Lớp 10,thpt,180000,HS_EX_0030,3.96,2026-03-19
GS_EX_0236,Vũ Ngọc Thảo,nu,1999,Thac si,Ngôn ngữ Anh,DH_KT_DN,Đại học Kinh tế Đà Nẵng,dai_hoc,KV_HN_LB,Long Biên,Long Biên,Hà Nội,3,ca_hai,200000,excel,hoat_dong,2026-04-03,MON_LY,Vật lý,tu_nhien,LOP_10,Lớp 10,thpt,200000,HS_EX_0066,4.0,2026-03-18
GS_EX_0237,Bùi Thu Châu,nu,2002,Ky su,Quản trị Kinh doanh,DH_UEH,Đại học Kinh tế TP.HCM,dai_hoc,KV_HCM_GV,Gò Vấp,Gò Vấp,Hồ Chí Minh,6,truc_tiep,250000,excel,hoat_dong,2026-04-03,MON_VAN,Ngữ văn,xa_hoi,LOP_10,Lớp 10,thpt,250000,HS_EX_0851,3.61,2026-04-02
GS_EX_0238,Lê Bảo Hân,nu,2003,Ky su,Ngôn ngữ Anh,DH_SP_HN,Đại học Sư phạm Hà Nội,dai_hoc,KV_HN_HD,Hà Đông,Hà Đông,Hà Nội,3,online,250000,excel,hoat_dong,2026-04-03,MON_LY,Vật lý,tu_nhien,LOP_06,Lớp 6,thcs,250000,HS_EX_0564,4.66,2026-03-06
GS_EX_0239,Bùi Hải Huy,nam,1997,Thac si,Quản trị Kinh doanh,DH_SP_HCM,Đại học Sư phạm TP.HCM,dai_hoc,KV_HCM_Q7,Quận 7,Quận 7,Hồ Chí Minh,8,online,180000,excel,hoat_dong,2026-04-03,MON_TOAN,Toán,tu_nhien,LOP_06,Lớp 6,thcs,180000,HS_EX_0767,4.68,2026-03-30
GS_EX_0240,Đỗ Thu An,nu,2003,Ky su,Ngôn ngữ Anh,DH_DN,Đại học Đà Nẵng,dai_hoc,KV_HCM_TD,Thủ Đức,Thủ Đức,Hồ Chí Minh,4,online,200000,excel,hoat_dong,2026-04-03,MON_VAN,Ngữ văn,xa_hoi,LOP_10,Lớp 10,thpt,200000,HS_EX_0673,4.32,2026-03-22
GS_EX_0241,Trần Hồng An,nu,2000,Cu nhan,Ngôn ngữ Anh,DH_DN,Đại học Đà Nẵng,dai_hoc,KV_HN_BTL,Bắc Từ Liêm,Bắc Từ Liêm,Hà Nội,2,truc_tiep,150000,excel,hoat_dong,2026-04-03,MON_LY,Vật lý,tu_nhien,LOP_09,Lớp 9,thcs,150000,HS_EX_0385,4.57,2026-03-25
GS_EX_0242,Lý Thái Đạt,nam,1998,Thac si,Công nghệ thông tin,DH_BK_HN,Đại học Bách Khoa Hà Nội,dai_hoc,KV_HCM_Q3,Quận 3,Quận 3,Hồ Chí Minh,6,online,200000,excel,hoat_dong,2026-04-03,MON_VAN,Ngữ văn,xa_hoi,LOP_09,Lớp 9,thcs,200000,HS_EX_0488,4.4,2026-03-19
GS_EX_0243,Đỗ Thị Hân,nu,2003,Cu nhan,Quản trị Kinh doanh,DH_NL_HCM,Đại học Nông Lâm TP.HCM,dai_hoc,KV_DN_ST,Sơn Trà,Sơn Trà,Đà Nẵng,5,online,180000,excel,hoat_dong,2026-04-03,MON_ANH,Tiếng Anh,ngoai_ngu,LOP_12,Lớp 12,thpt,180000,HS_EX_0399,4.46,2026-03-08
GS_EX_0244,Lê Xuân Thảo,nu,2002,Thac si,Quản trị Kinh doanh,DH_QGHN,Đại học Quốc gia Hà Nội,dai_hoc,KV_HCM_GV,Gò Vấp,Gò Vấp,Hồ Chí Minh,7,truc_tiep,180000,excel,hoat_dong,2026-04-03,MON_TOAN,Toán,tu_nhien,LOP_12,Lớp 12,thpt,180000,HS_EX_0127,3.5,2026-03-15
GS_EX_0245,Trần Xuân Linh,nu,1998,Cu nhan,Quản trị Kinh doanh,DH_GTVT,Đại học Giao thông Vận tải,dai_hoc,KV_HCM_Q4,Quận 4,Quận 4,Hồ Chí Minh,3,ca_hai,150000,excel,hoat_dong,2026-04-03,MON_TOAN,Toán,tu_nhien,LOP_06,Lớp 6,thcs,150000,HS_EX_0246,3.95,2026-03-06
GS_EX_0246,Hoàng Mai Thu,nu,1995,Thac si,Sư phạm Toán,DH_NT_HN,Đại học Ngoại thương Hà Nội,dai_hoc,KV_HN_NTL,Nam Từ Liêm,Nam Từ Liêm,Hà Nội,3,ca_hai,200000,excel,hoat_dong,2026-04-03,MON_VAN,Ngữ văn,xa_hoi,LOP_10,Lớp 10,thpt,200000,HS_EX_0288,3.97,2026-03-29
GS_EX_0247,Ngô Văn Phú,nam,2003,Thac si,Công nghệ thông tin,DH_Y_HN,Đại học Y Hà Nội,dai_hoc,KV_HN_HBT,Hai Bà Trưng,Hai Bà Trưng,Hà Nội,2,ca_hai,250000,excel,hoat_dong,2026-04-03,MON_VAN,Ngữ văn,xa_hoi,LOP_10,Lớp 10,thpt,250000,HS_EX_0597,4.25,2026-03-15
GS_EX_0248,Hoàng Đức Hùng,nam,2003,Cu nhan,Ngôn ngữ Anh,DH_XD,Đại học Xây dựng Hà Nội,dai_hoc,KV_HCM_BT,Bình Thạnh,Bình Thạnh,Hồ Chí Minh,5,ca_hai,150000,excel,hoat_dong,2026-04-03,MON_TOAN,Toán,tu_nhien,LOP_09,Lớp 9,thcs,150000,,,
GS_EX_0249,Bùi Minh Cường,nam,1997,Cu nhan,Sư phạm Toán,DH_TM,Đại học Thương mại,dai_hoc,KV_DN_NHS,Ngũ Hành Sơn,Ngũ Hành Sơn,Đà Nẵng,2,truc_tiep,180000,excel,hoat_dong,2026-04-03,MON_TOAN,Toán,tu_nhien,LOP_09,Lớp 9,thcs,180000,,,
GS_EX_0250,Ngô Thái Đức,nam,1995,Thac si,Ngôn ngữ Anh,DH_XD,Đại học Xây dựng Hà Nội,dai_hoc,KV_HCM_TP,Tân Phú,Tân Phú,Hồ Chí Minh,8,truc_tiep,150000,excel,hoat_dong,2026-04-03,MON_LY,Vật lý,tu_nhien,LOP_09,Lớp 9,thcs,150000,HS_EX_0082,4.62,2026-03-21
GS_EX_0251,Hoàng Thị Mai,nu,2000,Ky su,Quản trị Kinh doanh,DH_KT_DN,Đại học Kinh tế Đà Nẵng,dai_hoc,KV_HN_HBT,Hai Bà Trưng,Hai Bà Trưng,Hà Nội,2,truc_tiep,200000,excel,hoat_dong,2026-04-03,MON_TOAN,Toán,tu_nhien,LOP_06,Lớp 6,thcs,200000,HS_EX_0486,4.96,2026-03-20
GS_EX_0252,Hoàng Đức Khoa,nam,2003,Thac si,Ngôn ngữ Anh,DH_KHTN_HCM,Đại học Khoa học Tự nhiên TP.HCM,dai_hoc,KV_HCM_BT,Bình Thạnh,Bình Thạnh,Hồ Chí Minh,5,ca_hai,250000,excel,hoat_dong,2026-04-03,MON_ANH,Tiếng Anh,ngoai_ngu,LOP_06,Lớp 6,thcs,250000,HS_EX_0352,4.42,2026-03-20
GS_EX_0253,Lê Thanh Thảo,nu,2001,Thac si,Ngôn ngữ Anh,DH_Y_HCM,Đại học Y Dược TP.HCM,dai_hoc,KV_HN_HBT,Hai Bà Trưng,Hai Bà Trưng,Hà Nội,4,online,150000,excel,hoat_dong,2026-04-03,MON_ANH,Tiếng Anh,ngoai_ngu,LOP_12,Lớp 12,thpt,150000,HS_EX_0820,3.9,2026-03-04
GS_EX_0254,Hoàng Thị Trang,nu,1999,Cu nhan,Ngôn ngữ Anh,DH_KHTN_HCM,Đại học Khoa học Tự nhiên TP.HCM,dai_hoc,KV_HN_TH,Tây Hồ,Tây Hồ,Hà Nội,6,online,250000,excel,hoat_dong,2026-04-03,MON_ANH,Tiếng Anh,ngoai_ngu,LOP_06,Lớp 6,thcs,250000,HS_EX_0721,3.65,2026-03-24
GS_EX_0255,Phạm Xuân Mai,nu,2000,Thac si,Công nghệ thông tin,DH_SP_HN,Đại học Sư phạm Hà Nội,dai_hoc,KV_HN_TX,Thanh Xuân,Thanh Xuân,Hà Nội,8,ca_hai,250000,excel,hoat_dong,2026-04-03,MON_ANH,Tiếng Anh,ngoai_ngu,LOP_12,Lớp 12,thpt,250000,HS_EX_0615,3.5,2026-03-23
GS_EX_0256,Trần Hồng Thu,nu,1999,Cu nhan,Sư phạm Toán,DH_Y_HN,Đại học Y Hà Nội,dai_hoc,KV_HCM_Q3,Quận 3,Quận 3,Hồ Chí Minh,1,truc_tiep,180000,excel,hoat_dong,2026-04-03,MON_VAN,Ngữ văn,xa_hoi,LOP_06,Lớp 6,thcs,180000,,,
GS_EX_0257,Lý Ngọc Mai,nu,1995,Cu nhan,Công nghệ thông tin,DH_NT_HN,Đại học Ngoại thương Hà Nội,dai_hoc,KV_DN_LC,Liên Chiểu,Liên Chiểu,Đà Nẵng,7,online,200000,excel,hoat_dong,2026-04-03,MON_ANH,Tiếng Anh,ngoai_ngu,LOP_09,Lớp 9,thcs,200000,HS_EX_0181,3.59,2026-03-20
GS_EX_0258,Đặng Đình Huy,nam,1999,Cu nhan,Quản trị Kinh doanh,DH_Y_HCM,Đại học Y Dược TP.HCM,dai_hoc,KV_HN_HM,Hoàng Mai,Hoàng Mai,Hà Nội,4,online,180000,excel,hoat_dong,2026-04-03,MON_TOAN,Toán,tu_nhien,LOP_09,Lớp 9,thcs,180000,,,
GS_EX_0259,Ngô Hữu Đạt,nam,2002,Ky su,Quản trị Kinh doanh,DH_Y_HCM,Đại học Y Dược TP.HCM,dai_hoc,KV_HN_TH,Tây Hồ,Tây Hồ,Hà Nội,2,truc_tiep,150000,excel,hoat_dong,2026-04-03,MON_VAN,Ngữ văn,xa_hoi,LOP_10,Lớp 10,thpt,150000,HS_EX_0870,4.46,2026-03-26
GS_EX_0260,Dương Hữu Hùng,nam,2002,Cu nhan,Ngôn ngữ Anh,DH_NL_HCM,Đại học Nông Lâm TP.HCM,dai_hoc,KV_HN_HD,Hà Đông,Hà Đông,Hà Nội,1,truc_tiep,180000,excel,hoat_dong,2026-04-03,MON_TOAN,Toán,tu_nhien,LOP_12,Lớp 12,thpt,180000,HS_EX_0073,3.85,2026-03-07
GS_EX_0261,Lý Hồng Mai,nu,1998,Cu nhan,Quản trị Kinh doanh,DH_Y_HN,Đại học Y Hà Nội,dai_hoc,KV_HN_DD,Đống Đa,Đống Đa,Hà Nội,7,truc_tiep,200000,excel,hoat_dong,2026-04-03,MON_VAN,Ngữ văn,xa_hoi,LOP_12,Lớp 12,thpt,200000,HS_EX_0200,3.9,2026-03-09
GS_EX_0262,Bùi Hải Phú,nam,2003,Thac si,Sư phạm Toán,DH_Y_HN,Đại học Y Hà Nội,dai_hoc,KV_HN_TX,Thanh Xuân,Thanh Xuân,Hà Nội,6,truc_tiep,150000,excel,hoat_dong,2026-04-03,MON_TOAN,Toán,tu_nhien,LOP_06,Lớp 6,thcs,150000,HS_EX_0327,4.5,2026-03-19
GS_EX_0263,Vũ Bảo Trang,nu,2000,Ky su,Sư phạm Toán,DH_XD,Đại học Xây dựng Hà Nội,dai_hoc,KV_HN_LB,Long Biên,Long Biên,Hà Nội,5,truc_tiep,180000,excel,hoat_dong,2026-04-03,MON_ANH,Tiếng Anh,ngoai_ngu,LOP_10,Lớp 10,thpt,180000,HS_EX_0089,3.96,2026-03-19
GS_EX_0264,Vũ Thái Kiệt,nam,1997,Thac si,Ngôn ngữ Anh,DH_BK_HCM,Đại học Bách Khoa TP.HCM,dai_hoc,KV_HCM_Q3,Quận 3,Quận 3,Hồ Chí Minh,1,truc_tiep,250000,excel,hoat_dong,2026-04-03,MON_LY,Vật lý,tu_nhien,LOP_12,Lớp 12,thpt,250000,HS_EX_0726,4.72,2026-04-02
GS_EX_0265,Phạm Hoàng Trang,nu,2001,Cu nhan,Sư phạm Toán,DH_KTQD,Đại học Kinh tế Quốc dân,dai_hoc,KV_DN_NHS,Ngũ Hành Sơn,Ngũ Hành Sơn,Đà Nẵng,3,ca_hai,200000,excel,hoat_dong,2026-04-03,MON_LY,Vật lý,tu_nhien,LOP_06,Lớp 6,thcs,200000,HS_EX_0154,3.7,2026-03-04
GS_EX_0266,Ngô Trọng Đạt,nam,2003,Thac si,Sư phạm Toán,DH_NL_HCM,Đại học Nông Lâm TP.HCM,dai_hoc,KV_HN_CG,Cầu Giấy,Cầu Giấy,Hà Nội,1,truc_tiep,150000,excel,hoat_dong,2026-04-03,MON_TOAN,Toán,tu_nhien,LOP_09,Lớp 9,thcs,150000,,,
GS_EX_0267,Lý Hoàng Thảo,nu,2003,Ky su,Quản trị Kinh doanh,DH_XD,Đại học Xây dựng Hà Nội,dai_hoc,KV_HN_HD,Hà Đông,Hà Đông,Hà Nội,1,truc_tiep,250000,excel,hoat_dong,2026-04-03,MON_LY,Vật lý,tu_nhien,LOP_06,Lớp 6,thcs,250000,HS_EX_0736,3.65,2026-03-13
GS_EX_0268,Ngô Xuân Trang,nu,2000,Thac si,Sư phạm Toán,DH_SP_HN,Đại học Sư phạm Hà Nội,dai_hoc,KV_HCM_Q7,Quận 7,Quận 7,Hồ Chí Minh,1,ca_hai,180000,excel,hoat_dong,2026-04-03,MON_TOAN,Toán,tu_nhien,LOP_12,Lớp 12,thpt,180000,HS_EX_0828,3.92,2026-03-23
GS_EX_0269,Vũ Văn Khoa,nam,1996,Cu nhan,Công nghệ thông tin,DH_KHTN_HCM,Đại học Khoa học Tự nhiên TP.HCM,dai_hoc,KV_HN_BD,Ba Đình,Ba Đình,Hà Nội,8,online,200000,excel,hoat_dong,2026-04-03,MON_ANH,Tiếng Anh,ngoai_ngu,LOP_12,Lớp 12,thpt,200000,HS_EX_0015,3.67,2026-04-02
GS_EX_0270,Trần Xuân Mai,nu,2000,Cu nhan,Công nghệ thông tin,DH_SP_HCM,Đại học Sư phạm TP.HCM,dai_hoc,KV_HCM_PN,Phú Nhuận,Phú Nhuận,Hồ Chí Minh,1,truc_tiep,250000,excel,hoat_dong,2026-04-03,MON_ANH,Tiếng Anh,ngoai_ngu,LOP_06,Lớp 6,thcs,250000,,,
GS_EX_0271,Vũ Trọng Đạt,nam,2001,Cu nhan,Công nghệ thông tin,DH_NL_HCM,Đại học Nông Lâm TP.HCM,dai_hoc,KV_HCM_Q10,Quận 10,Quận 10,Hồ Chí Minh,5,truc_tiep,200000,excel,hoat_dong,2026-04-03,MON_TOAN,Toán,tu_nhien,LOP_06,Lớp 6,thcs,200000,HS_EX_0305,3.79,2026-03-04
GS_EX_0272,Lê Thu An,nu,1997,Thac si,Quản trị Kinh doanh,DH_NT_HN,Đại học Ngoại thương Hà Nội,dai_hoc,KV_HCM_Q7,Quận 7,Quận 7,Hồ Chí Minh,2,truc_tiep,180000,excel,hoat_dong,2026-04-03,MON_ANH,Tiếng Anh,ngoai_ngu,LOP_10,Lớp 10,thpt,180000,HS_EX_0067,4.92,2026-03-27
GS_EX_0273,Đỗ Thị Linh,nu,1997,Cu nhan,Công nghệ thông tin,DH_GTVT,Đại học Giao thông Vận tải,dai_hoc,KV_HCM_Q7,Quận 7,Quận 7,Hồ Chí Minh,5,truc_tiep,150000,excel,hoat_dong,2026-04-03,MON_TOAN,Toán,tu_nhien,LOP_10,Lớp 10,thpt,150000,HS_EX_0978,4.38,2026-03-25
GS_EX_0274,Lê Văn Nam,nam,1997,Cu nhan,Công nghệ thông tin,DH_Y_HN,Đại học Y Hà Nội,dai_hoc,KV_HCM_Q3,Quận 3,Quận 3,Hồ Chí Minh,1,online,200000,excel,hoat_dong,2026-04-03,MON_VAN,Ngữ văn,xa_hoi,LOP_10,Lớp 10,thpt,200000,,,
GS_EX_0275,Hoàng Quang Đức,nam,2002,Thac si,Sư phạm Toán,DH_FPT,Đại học FPT,dai_hoc,KV_HN_HM,Hoàng Mai,Hoàng Mai,Hà Nội,5,online,180000,excel,hoat_dong,2026-04-03,MON_ANH,Tiếng Anh,ngoai_ngu,LOP_10,Lớp 10,thpt,180000,HS_EX_0293,4.48,2026-04-02
GS_EX_0276,Trần Mai Nhung,nu,2000,Thac si,Quản trị Kinh doanh,DH_KT_DN,Đại học Kinh tế Đà Nẵng,dai_hoc,KV_HCM_Q10,Quận 10,Quận 10,Hồ Chí Minh,3,ca_hai,150000,excel,hoat_dong,2026-04-03,MON_ANH,Tiếng Anh,ngoai_ngu,LOP_12,Lớp 12,thpt,150000,HS_EX_0763,4.82,2026-03-19
GS_EX_0277,Lê Minh Huy,nam,1999,Thac si,Sư phạm Toán,DH_UEH,Đại học Kinh tế TP.HCM,dai_hoc,KV_HN_BTL,Bắc Từ Liêm,Bắc Từ Liêm,Hà Nội,8,online,250000,excel,hoat_dong,2026-04-03,MON_TOAN,Toán,tu_nhien,LOP_10,Lớp 10,thpt,250000,HS_EX_0826,4.19,2026-03-21
GS_EX_0278,Trần Đình Hùng,nam,1997,Cu nhan,Quản trị Kinh doanh,DH_TM,Đại học Thương mại,dai_hoc,KV_HCM_Q4,Quận 4,Quận 4,Hồ Chí Minh,7,online,180000,excel,hoat_dong,2026-04-03,MON_VAN,Ngữ văn,xa_hoi,LOP_09,Lớp 9,thcs,180000,HS_EX_0932,4.05,2026-03-10
GS_EX_0279,Đặng Hồng Châu,nu,2002,Cu nhan,Công nghệ thông tin,DH_GTVT,Đại học Giao thông Vận tải,dai_hoc,KV_HN_BD,Ba Đình,Ba Đình,Hà Nội,1,truc_tiep,200000,excel,hoat_dong,2026-04-03,MON_VAN,Ngữ văn,xa_hoi,LOP_12,Lớp 12,thpt,200000,HS_EX_0077,4.54,2026-03-10
GS_EX_0280,Phạm Đức Kiệt,nam,1998,Cu nhan,Công nghệ thông tin,DH_KTQD,Đại học Kinh tế Quốc dân,dai_hoc,KV_HCM_PN,Phú Nhuận,Phú Nhuận,Hồ Chí Minh,8,ca_hai,150000,excel,hoat_dong,2026-04-03,MON_LY,Vật lý,tu_nhien,LOP_10,Lớp 10,thpt,150000,HS_EX_0634,3.96,2026-03-11
GS_EX_0281,Hoàng Hải Khoa,nam,2001,Ky su,Công nghệ thông tin,DH_BK_HN,Đại học Bách Khoa Hà Nội,dai_hoc,KV_HCM_GV,Gò Vấp,Gò Vấp,Hồ Chí Minh,6,truc_tiep,150000,excel,hoat_dong,2026-04-03,MON_LY,Vật lý,tu_nhien,LOP_09,Lớp 9,thcs,150000,HS_EX_0846,4.03,2026-03-16
GS_EX_0282,Ngô Hoàng Mai,nu,1996,Cu nhan,Ngôn ngữ Anh,DH_TM,Đại học Thương mại,dai_hoc,KV_HN_HK,Hoàn Kiếm,Hoàn Kiếm,Hà Nội,6,online,250000,excel,hoat_dong,2026-04-03,MON_ANH,Tiếng Anh,ngoai_ngu,LOP_12,Lớp 12,thpt,250000,,,
GS_EX_0283,Đỗ Hồng Thảo,nu,1995,Cu nhan,Quản trị Kinh doanh,DH_Y_HN,Đại học Y Hà Nội,dai_hoc,KV_DN_NHS,Ngũ Hành Sơn,Ngũ Hành Sơn,Đà Nẵng,4,online,180000,excel,hoat_dong,2026-04-03,MON_TOAN,Toán,tu_nhien,LOP_09,Lớp 9,thcs,180000,HS_EX_0665,3.83,2026-03-04
GS_EX_0284,Nguyễn Minh Kiệt,nam,2001,Ky su,Sư phạm Toán,DH_CNTT,Đại học Công nghệ Thông tin TP.HCM,dai_hoc,KV_HN_BTL,Bắc Từ Liêm,Bắc Từ Liêm,Hà Nội,8,online,200000,excel,hoat_dong,2026-04-03,MON_LY,Vật lý,tu_nhien,LOP_10,Lớp 10,thpt,200000,HS_EX_0776,3.57,2026-03-05
GS_EX_0285,Vũ Đức Hùng,nam,1995,Cu nhan,Công nghệ thông tin,DH_Y_HN,Đại học Y Hà Nội,dai_hoc,KV_HCM_PN,Phú Nhuận,Phú Nhuận,Hồ Chí Minh,2,truc_tiep,180000,excel,hoat_dong,2026-04-03,MON_TOAN,Toán,tu_nhien,LOP_09,Lớp 9,thcs,180000,HS_EX_0719,3.87,2026-03-10
GS_EX_0286,Ngô Thanh Thu,nu,1997,Thac si,Sư phạm Toán,DH_KT_DN,Đại học Kinh tế Đà Nẵng,dai_hoc,KV_HN_HBT,Hai Bà Trưng,Hai Bà Trưng,Hà Nội,5,ca_hai,200000,excel,hoat_dong,2026-04-03,MON_TOAN,Toán,tu_nhien,LOP_12,Lớp 12,thpt,200000,HS_EX_0312,3.75,2026-03-17
GS_EX_0287,Dương Hoàng Hân,nu,1998,Ky su,Sư phạm Toán,DH_NL_HCM,Đại học Nông Lâm TP.HCM,dai_hoc,KV_HN_TH,Tây Hồ,Tây Hồ,Hà Nội,6,ca_hai,250000,excel,hoat_dong,2026-04-03,MON_ANH,Tiếng Anh,ngoai_ngu,LOP_06,Lớp 6,thcs,250000,HS_EX_0612,4.44,2026-03-21
GS_EX_0288,Hoàng Quang Đạt,nam,2002,Cu nhan,Ngôn ngữ Anh,DH_BK_HCM,Đại học Bách Khoa TP.HCM,dai_hoc,KV_HN_TX,Thanh Xuân,Thanh Xuân,Hà Nội,3,ca_hai,250000,excel,hoat_dong,2026-04-03,MON_TOAN,Toán,tu_nhien,LOP_06,Lớp 6,thcs,250000,,,
GS_EX_0289,Nguyễn Hồng Châu,nu,1996,Cu nhan,Quản trị Kinh doanh,DH_NT_HN,Đại học Ngoại thương Hà Nội,dai_hoc,KV_HN_LB,Long Biên,Long Biên,Hà Nội,6,online,200000,excel,hoat_dong,2026-04-03,MON_LY,Vật lý,tu_nhien,LOP_10,Lớp 10,thpt,200000,,,
GS_EX_0290,Đặng Hải Đức,nam,2000,Ky su,Ngôn ngữ Anh,DH_KT_DN,Đại học Kinh tế Đà Nẵng,dai_hoc,KV_HN_BD,Ba Đình,Ba Đình,Hà Nội,1,online,250000,excel,hoat_dong,2026-04-03,MON_VAN,Ngữ văn,xa_hoi,LOP_10,Lớp 10,thpt,250000,HS_EX_0380,4.97,2026-04-02
GS_EX_0291,Đặng Hữu Hùng,nam,2003,Ky su,Sư phạm Toán,DH_CNTT,Đại học Công nghệ Thông tin TP.HCM,dai_hoc,KV_HN_DD,Đống Đa,Đống Đa,Hà Nội,8,online,250000,excel,hoat_dong,2026-04-03,MON_VAN,Ngữ văn,xa_hoi,LOP_10,Lớp 10,thpt,250000,HS_EX_0037,3.57,2026-03-27
GS_EX_0292,Bùi Thanh Vy,nu,2002,Thac si,Ngôn ngữ Anh,DH_BK_HCM,Đại học Bách Khoa TP.HCM,dai_hoc,KV_HCM_Q8,Quận 8,Quận 8,Hồ Chí Minh,3,online,180000,excel,hoat_dong,2026-04-03,MON_ANH,Tiếng Anh,ngoai_ngu,LOP_10,Lớp 10,thpt,180000,HS_EX_0437,3.86,2026-03-11
GS_EX_0293,Ngô Thanh Thu,nu,1995,Ky su,Công nghệ thông tin,DH_KT_DN,Đại học Kinh tế Đà Nẵng,dai_hoc,KV_HN_HD,Hà Đông,Hà Đông,Hà Nội,7,online,200000,excel,hoat_dong,2026-04-03,MON_VAN,Ngữ văn,xa_hoi,LOP_06,Lớp 6,thcs,200000,HS_EX_0583,3.78,2026-03-09
GS_EX_0294,Phạm Văn Khoa,nam,1995,Ky su,Ngôn ngữ Anh,DH_SP_HN,Đại học Sư phạm Hà Nội,dai_hoc,KV_HN_TX,Thanh Xuân,Thanh Xuân,Hà Nội,4,online,250000,excel,hoat_dong,2026-04-03,MON_VAN,Ngữ văn,xa_hoi,LOP_06,Lớp 6,thcs,250000,HS_EX_0438,4.79,2026-03-04
GS_EX_0295,Vũ Thanh Thảo,nu,1997,Cu nhan,Sư phạm Toán,DH_KTQD,Đại học Kinh tế Quốc dân,dai_hoc,KV_HN_BD,Ba Đình,Ba Đình,Hà Nội,5,truc_tiep,150000,excel,hoat_dong,2026-04-03,MON_VAN,Ngữ văn,xa_hoi,LOP_12,Lớp 12,thpt,150000,HS_EX_0991,4.97,2026-03-15
GS_EX_0296,Dương Hồng Mai,nu,2000,Cu nhan,Công nghệ thông tin,DH_NT_HN,Đại học Ngoại thương Hà Nội,dai_hoc,KV_HCM_Q7,Quận 7,Quận 7,Hồ Chí Minh,5,online,150000,excel,hoat_dong,2026-04-03,MON_VAN,Ngữ văn,xa_hoi,LOP_09,Lớp 9,thcs,150000,HS_EX_0009,3.55,2026-03-13
GS_EX_0297,Lê Thanh Linh,nu,2000,Ky su,Ngôn ngữ Anh,DH_SP_HN,Đại học Sư phạm Hà Nội,dai_hoc,KV_HN_HBT,Hai Bà Trưng,Hai Bà Trưng,Hà Nội,7,truc_tiep,180000,excel,hoat_dong,2026-04-03,MON_ANH,Tiếng Anh,ngoai_ngu,LOP_12,Lớp 12,thpt,180000,HS_EX_0517,3.94,2026-03-15
GS_EX_0298,Lê Quang Khoa,nam,1999,Ky su,Công nghệ thông tin,DH_GTVT,Đại học Giao thông Vận tải,dai_hoc,KV_HCM_GV,Gò Vấp,Gò Vấp,Hồ Chí Minh,6,online,180000,excel,hoat_dong,2026-04-03,MON_TOAN,Toán,tu_nhien,LOP_12,Lớp 12,thpt,180000,HS_EX_0076,4.9,2026-03-14
GS_EX_0299,Đỗ Thái Cường,nam,2003,Ky su,Quản trị Kinh doanh,DH_FPT,Đại học FPT,dai_hoc,KV_HCM_BT,Bình Thạnh,Bình Thạnh,Hồ Chí Minh,3,ca_hai,180000,excel,hoat_dong,2026-04-03,MON_VAN,Ngữ văn,xa_hoi,LOP_10,Lớp 10,thpt,180000,HS_EX_0399,3.75,2026-03-17
GS_EX_0300,Lê Thanh An,nu,1998,Cu nhan,Quản trị Kinh doanh,DH_KTQD,Đại học Kinh tế Quốc dân,dai_hoc,KV_HN_BTL,Bắc Từ Liêm,Bắc Từ Liêm,Hà Nội,3,ca_hai,150000,excel,hoat_dong,2026-04-03,MON_ANH,Tiếng Anh,ngoai_ngu,LOP_06,Lớp 6,thcs,150000,,,
GS_EX_0301,Đặng Hoàng An,nu,2001,Cu nhan,Ngôn ngữ Anh,DH_DN,Đại học Đà Nẵng,dai_hoc,KV_HCM_Q3,Quận 3,Quận 3,Hồ Chí Minh,7,online,200000,excel,hoat_dong,2026-04-03,MON_VAN,Ngữ văn,xa_hoi,LOP_10,Lớp 10,thpt,200000,,,
GS_EX_0302,Nguyễn Trọng Huy,nam,1996,Cu nhan,Quản trị Kinh doanh,DH_BK_HCM,Đại học Bách Khoa TP.HCM,dai_hoc,KV_HN_DD,Đống Đa,Đống Đa,Hà Nội,2,online,150000,excel,hoat_dong,2026-04-03,MON_ANH,Tiếng Anh,ngoai_ngu,LOP_09,Lớp 9,thcs,150000,HS_EX_0577,4.02,2026-03-14
GS_EX_0303,Lê Thanh Nhung,nu,2000,Ky su,Ngôn ngữ Anh,DH_Y_HN,Đại học Y Hà Nội,dai_hoc,KV_HN_BD,Ba Đình,Ba Đình,Hà Nội,6,truc_tiep,180000,excel,hoat_dong,2026-04-03,MON_VAN,Ngữ văn,xa_hoi,LOP_10,Lớp 10,thpt,180000,,,
GS_EX_0304,Dương Thu Thu,nu,1995,Thac si,Ngôn ngữ Anh,DH_Y_HN,Đại học Y Hà Nội,dai_hoc,KV_HN_BTL,Bắc Từ Liêm,Bắc Từ Liêm,Hà Nội,2,online,250000,excel,hoat_dong,2026-04-03,MON_VAN,Ngữ văn,xa_hoi,LOP_12,Lớp 12,thpt,250000,HS_EX_0153,4.63,2026-03-18
GS_EX_0305,Ngô Đình Nam,nam,1999,Cu nhan,Sư phạm Toán,DH_BK_HN,Đại học Bách Khoa Hà Nội,dai_hoc,KV_DN_CL,Cẩm Lệ,Cẩm Lệ,Đà Nẵng,8,online,180000,excel,hoat_dong,2026-04-03,MON_TOAN,Toán,tu_nhien,LOP_10,Lớp 10,thpt,180000,HS_EX_0710,4.9,2026-03-22
GS_EX_0306,Đỗ Văn Khoa,nam,1999,Thac si,Ngôn ngữ Anh,DH_Y_HCM,Đại học Y Dược TP.HCM,dai_hoc,KV_HCM_TB,Tân Bình,Tân Bình,Hồ Chí Minh,3,online,200000,excel,hoat_dong,2026-04-03,MON_VAN,Ngữ văn,xa_hoi,LOP_09,Lớp 9,thcs,200000,HS_EX_0963,4.27,2026-03-27
GS_EX_0307,Lý Hoàng Châu,nu,2003,Ky su,Công nghệ thông tin,DH_Y_HCM,Đại học Y Dược TP.HCM,dai_hoc,KV_HCM_TB,Tân Bình,Tân Bình,Hồ Chí Minh,8,ca_hai,200000,excel,hoat_dong,2026-04-03,MON_LY,Vật lý,tu_nhien,LOP_06,Lớp 6,thcs,200000,HS_EX_0971,3.62,2026-03-07
GS_EX_0308,Phạm Hồng Mai,nu,2001,Thac si,Ngôn ngữ Anh,DH_SP_HN,Đại học Sư phạm Hà Nội,dai_hoc,KV_HN_HK,Hoàn Kiếm,Hoàn Kiếm,Hà Nội,1,ca_hai,250000,excel,hoat_dong,2026-04-03,MON_TOAN,Toán,tu_nhien,LOP_10,Lớp 10,thpt,250000,HS_EX_0808,4.72,2026-03-24
GS_EX_0309,Đỗ Thu Thảo,nu,1998,Thac si,Ngôn ngữ Anh,DH_BK_HN,Đại học Bách Khoa Hà Nội,dai_hoc,KV_HCM_Q8,Quận 8,Quận 8,Hồ Chí Minh,6,ca_hai,180000,excel,hoat_dong,2026-04-03,MON_LY,Vật lý,tu_nhien,LOP_10,Lớp 10,thpt,180000,HS_EX_0931,4.25,2026-03-20
GS_EX_0310,Trần Đức Hùng,nam,1996,Cu nhan,Công nghệ thông tin,DH_SP_HN,Đại học Sư phạm Hà Nội,dai_hoc,KV_HCM_Q3,Quận 3,Quận 3,Hồ Chí Minh,3,online,250000,excel,hoat_dong,2026-04-03,MON_VAN,Ngữ văn,xa_hoi,LOP_10,Lớp 10,thpt,250000,HS_EX_0313,4.17,2026-03-29
GS_EX_0311,Bùi Văn Kiệt,nam,1995,Cu nhan,Quản trị Kinh doanh,DH_QGHN,Đại học Quốc gia Hà Nội,dai_hoc,KV_HCM_BT,Bình Thạnh,Bình Thạnh,Hồ Chí Minh,7,ca_hai,250000,excel,hoat_dong,2026-04-03,MON_ANH,Tiếng Anh,ngoai_ngu,LOP_12,Lớp 12,thpt,250000,HS_EX_0088,4.45,2026-03-08
GS_EX_0312,Lê Trọng Tuấn,nam,1999,Thac si,Ngôn ngữ Anh,DH_KHTN_HCM,Đại học Khoa học Tự nhiên TP.HCM,dai_hoc,KV_HCM_TD,Thủ Đức,Thủ Đức,Hồ Chí Minh,4,online,180000,excel,hoat_dong,2026-04-03,MON_TOAN,Toán,tu_nhien,LOP_09,Lớp 9,thcs,180000,,,
GS_EX_0313,Trần Hải Nam,nam,2003,Thac si,Quản trị Kinh doanh,DH_UEH,Đại học Kinh tế TP.HCM,dai_hoc,KV_DN_ST,Sơn Trà,Sơn Trà,Đà Nẵng,7,online,250000,excel,hoat_dong,2026-04-03,MON_LY,Vật lý,tu_nhien,LOP_06,Lớp 6,thcs,250000,HS_EX_0911,3.54,2026-03-21
GS_EX_0314,Trần Thanh Hân,nu,2003,Ky su,Công nghệ thông tin,DH_Y_HCM,Đại học Y Dược TP.HCM,dai_hoc,KV_DN_ST,Sơn Trà,Sơn Trà,Đà Nẵng,8,truc_tiep,180000,excel,hoat_dong,2026-04-03,MON_VAN,Ngữ văn,xa_hoi,LOP_06,Lớp 6,thcs,180000,HS_EX_0768,3.99,2026-03-28
GS_EX_0315,Trần Trọng Phú,nam,1997,Ky su,Sư phạm Toán,DH_FPT,Đại học FPT,dai_hoc,KV_DN_NHS,Ngũ Hành Sơn,Ngũ Hành Sơn,Đà Nẵng,2,online,200000,excel,hoat_dong,2026-04-03,MON_LY,Vật lý,tu_nhien,LOP_09,Lớp 9,thcs,200000,HS_EX_0442,4.75,2026-03-28
GS_EX_0316,Đỗ Hoàng Nhung,nu,1999,Ky su,Ngôn ngữ Anh,DH_SP_HN,Đại học Sư phạm Hà Nội,dai_hoc,KV_HCM_BT,Bình Thạnh,Bình Thạnh,Hồ Chí Minh,1,ca_hai,200000,excel,hoat_dong,2026-04-03,MON_ANH,Tiếng Anh,ngoai_ngu,LOP_12,Lớp 12,thpt,200000,HS_EX_0444,3.68,2026-03-04
GS_EX_0317,Vũ Đình Cường,nam,1998,Thac si,Sư phạm Toán,DH_CNTT,Đại học Công nghệ Thông tin TP.HCM,dai_hoc,KV_HCM_Q4,Quận 4,Quận 4,Hồ Chí Minh,5,truc_tiep,250000,excel,hoat_dong,2026-04-03,MON_LY,Vật lý,tu_nhien,LOP_10,Lớp 10,thpt,250000,HS_EX_0597,4.19,2026-04-02
GS_EX_0318,Lê Mai Vy,nu,2002,Cu nhan,Quản trị Kinh doanh,DH_XD,Đại học Xây dựng Hà Nội,dai_hoc,KV_HCM_Q7,Quận 7,Quận 7,Hồ Chí Minh,7,truc_tiep,150000,excel,hoat_dong,2026-04-03,MON_LY,Vật lý,tu_nhien,LOP_06,Lớp 6,thcs,150000,HS_EX_0259,4.45,2026-03-22
GS_EX_0319,Hoàng Bảo Nhung,nu,2000,Ky su,Quản trị Kinh doanh,DH_TM,Đại học Thương mại,dai_hoc,KV_HN_HK,Hoàn Kiếm,Hoàn Kiếm,Hà Nội,3,online,250000,excel,hoat_dong,2026-04-03,MON_VAN,Ngữ văn,xa_hoi,LOP_09,Lớp 9,thcs,250000,HS_EX_0699,4.26,2026-03-14
GS_EX_0320,Nguyễn Hoàng An,nu,1995,Ky su,Quản trị Kinh doanh,DH_BK_HCM,Đại học Bách Khoa TP.HCM,dai_hoc,KV_HCM_Q3,Quận 3,Quận 3,Hồ Chí Minh,7,truc_tiep,180000,excel,hoat_dong,2026-04-03,MON_VAN,Ngữ văn,xa_hoi,LOP_06,Lớp 6,thcs,180000,HS_EX_0586,4.92,2026-03-27
GS_EX_0321,Bùi Hữu Đức,nam,2002,Cu nhan,Quản trị Kinh doanh,DH_NL_HCM,Đại học Nông Lâm TP.HCM,dai_hoc,KV_HN_HK,Hoàn Kiếm,Hoàn Kiếm,Hà Nội,5,truc_tiep,150000,excel,hoat_dong,2026-04-03,MON_TOAN,Toán,tu_nhien,LOP_06,Lớp 6,thcs,150000,HS_EX_0518,4.27,2026-03-09
GS_EX_0322,Đỗ Quang Hùng,nam,1999,Thac si,Công nghệ thông tin,DH_Y_HCM,Đại học Y Dược TP.HCM,dai_hoc,KV_HCM_TP,Tân Phú,Tân Phú,Hồ Chí Minh,3,truc_tiep,150000,excel,hoat_dong,2026-04-03,MON_VAN,Ngữ văn,xa_hoi,LOP_10,Lớp 10,thpt,150000,HS_EX_0882,4.44,2026-03-27
GS_EX_0323,Bùi Minh Cường,nam,1997,Cu nhan,Sư phạm Toán,DH_FPT,Đại học FPT,dai_hoc,KV_DN_TK,Thanh Khê,Thanh Khê,Đà Nẵng,4,online,180000,excel,hoat_dong,2026-04-03,MON_TOAN,Toán,tu_nhien,LOP_12,Lớp 12,thpt,180000,HS_EX_0249,4.63,2026-03-25
GS_EX_0324,Hoàng Thái Hùng,nam,1998,Thac si,Quản trị Kinh doanh,DH_TM,Đại học Thương mại,dai_hoc,KV_HN_DD,Đống Đa,Đống Đa,Hà Nội,3,online,150000,excel,hoat_dong,2026-04-03,MON_ANH,Tiếng Anh,ngoai_ngu,LOP_12,Lớp 12,thpt,150000,HS_EX_0364,3.75,2026-03-06
GS_EX_0325,Vũ Thu Thu,nu,2002,Cu nhan,Công nghệ thông tin,DH_FPT,Đại học FPT,dai_hoc,KV_HN_LB,Long Biên,Long Biên,Hà Nội,1,truc_tiep,180000,excel,hoat_dong,2026-04-03,MON_ANH,Tiếng Anh,ngoai_ngu,LOP_12,Lớp 12,thpt,180000,,,
GS_EX_0326,Vũ Hồng Thu,nu,1999,Thac si,Quản trị Kinh doanh,DH_NT_HN,Đại học Ngoại thương Hà Nội,dai_hoc,KV_DN_HC,Hải Châu,Hải Châu,Đà Nẵng,1,ca_hai,200000,excel,hoat_dong,2026-04-03,MON_ANH,Tiếng Anh,ngoai_ngu,LOP_09,Lớp 9,thcs,200000,HS_EX_0684,4.88,2026-03-12
GS_EX_0327,Hoàng Mai Nhung,nu,2003,Ky su,Ngôn ngữ Anh,DH_KHTN_HCM,Đại học Khoa học Tự nhiên TP.HCM,dai_hoc,KV_HN_HBT,Hai Bà Trưng,Hai Bà Trưng,Hà Nội,6,online,150000,excel,hoat_dong,2026-04-03,MON_VAN,Ngữ văn,xa_hoi,LOP_12,Lớp 12,thpt,150000,HS_EX_0611,4.99,2026-03-18
GS_EX_0328,Nguyễn Trọng Đức,nam,2003,Ky su,Quản trị Kinh doanh,DH_FPT,Đại học FPT,dai_hoc,KV_DN_ST,Sơn Trà,Sơn Trà,Đà Nẵng,4,ca_hai,150000,excel,hoat_dong,2026-04-03,MON_TOAN,Toán,tu_nhien,LOP_12,Lớp 12,thpt,150000,,,
GS_EX_0329,Phạm Hải Phú,nam,1999,Thac si,Công nghệ thông tin,DH_KHTN_HN,Đại học Khoa học Tự nhiên Hà Nội,dai_hoc,KV_HCM_TP,Tân Phú,Tân Phú,Hồ Chí Minh,6,truc_tiep,250000,excel,hoat_dong,2026-04-03,MON_LY,Vật lý,tu_nhien,LOP_12,Lớp 12,thpt,250000,HS_EX_0852,4.1,2026-03-10
GS_EX_0330,Lý Hải Kiệt,nam,2000,Ky su,Sư phạm Toán,DH_KHTN_HCM,Đại học Khoa học Tự nhiên TP.HCM,dai_hoc,KV_HN_HK,Hoàn Kiếm,Hoàn Kiếm,Hà Nội,3,online,200000,excel,hoat_dong,2026-04-03,MON_TOAN,Toán,tu_nhien,LOP_06,Lớp 6,thcs,200000,,,
GS_EX_0331,Nguyễn Hồng Trang,nu,2003,Thac si,Công nghệ thông tin,DH_QGHN,Đại học Quốc gia Hà Nội,dai_hoc,KV_HCM_Q8,Quận 8,Quận 8,Hồ Chí Minh,6,truc_tiep,150000,excel,hoat_dong,2026-04-03,MON_TOAN,Toán,tu_nhien,LOP_10,Lớp 10,thpt,150000,HS_EX_0995,4.47,2026-03-20
GS_EX_0332,Dương Hữu Kiệt,nam,2001,Cu nhan,Sư phạm Toán,DH_DN,Đại học Đà Nẵng,dai_hoc,KV_HCM_Q7,Quận 7,Quận 7,Hồ Chí Minh,5,online,150000,excel,hoat_dong,2026-04-03,MON_TOAN,Toán,tu_nhien,LOP_10,Lớp 10,thpt,150000,HS_EX_0597,4.35,2026-03-06
GS_EX_0333,Bùi Thanh Nhung,nu,1996,Cu nhan,Sư phạm Toán,DH_BK_HN,Đại học Bách Khoa Hà Nội,dai_hoc,KV_HN_NTL,Nam Từ Liêm,Nam Từ Liêm,Hà Nội,7,ca_hai,180000,excel,hoat_dong,2026-04-03,MON_TOAN,Toán,tu_nhien,LOP_10,Lớp 10,thpt,180000,HS_EX_0061,3.76,2026-03-30
GS_EX_0334,Lê Văn Phú,nam,2001,Ky su,Sư phạm Toán,DH_KHTN_HN,Đại học Khoa học Tự nhiên Hà Nội,dai_hoc,KV_HCM_PN,Phú Nhuận,Phú Nhuận,Hồ Chí Minh,4,ca_hai,250000,excel,hoat_dong,2026-04-03,MON_ANH,Tiếng Anh,ngoai_ngu,LOP_06,Lớp 6,thcs,250000,HS_EX_0227,3.75,2026-03-17
GS_EX_0335,Hoàng Thanh Hân,nu,1997,Thac si,Sư phạm Toán,DH_GTVT,Đại học Giao thông Vận tải,dai_hoc,KV_HCM_Q8,Quận 8,Quận 8,Hồ Chí Minh,7,online,150000,excel,hoat_dong,2026-04-03,MON_VAN,Ngữ văn,xa_hoi,LOP_10,Lớp 10,thpt,150000,HS_EX_0473,4.13,2026-03-13
GS_EX_0336,Hoàng Bảo Thu,nu,1999,Ky su,Sư phạm Toán,DH_CNTT,Đại học Công nghệ Thông tin TP.HCM,dai_hoc,KV_HCM_PN,Phú Nhuận,Phú Nhuận,Hồ Chí Minh,1,truc_tiep,150000,excel,hoat_dong,2026-04-03,MON_ANH,Tiếng Anh,ngoai_ngu,LOP_10,Lớp 10,thpt,150000,HS_EX_0961,3.87,2026-03-12
GS_EX_0337,Lý Mai An,nu,1996,Cu nhan,Quản trị Kinh doanh,DH_QGHN,Đại học Quốc gia Hà Nội,dai_hoc,KV_HN_HK,Hoàn Kiếm,Hoàn Kiếm,Hà Nội,8,truc_tiep,200000,excel,hoat_dong,2026-04-03,MON_ANH,Tiếng Anh,ngoai_ngu,LOP_06,Lớp 6,thcs,200000,HS_EX_0095,4.79,2026-03-22
GS_EX_0338,Đỗ Hữu Cường,nam,1998,Ky su,Quản trị Kinh doanh,DH_QGHN,Đại học Quốc gia Hà Nội,dai_hoc,KV_DN_LC,Liên Chiểu,Liên Chiểu,Đà Nẵng,6,online,250000,excel,hoat_dong,2026-04-03,MON_LY,Vật lý,tu_nhien,LOP_09,Lớp 9,thcs,250000,HS_EX_0311,4.8,2026-03-13
GS_EX_0339,Bùi Đình Khoa,nam,1995,Thac si,Quản trị Kinh doanh,DH_KHTN_HN,Đại học Khoa học Tự nhiên Hà Nội,dai_hoc,KV_HN_DD,Đống Đa,Đống Đa,Hà Nội,6,ca_hai,250000,excel,hoat_dong,2026-04-03,MON_TOAN,Toán,tu_nhien,LOP_10,Lớp 10,thpt,250000,,,
GS_EX_0340,Bùi Mai Thảo,nu,1996,Cu nhan,Ngôn ngữ Anh,DH_KHTN_HN,Đại học Khoa học Tự nhiên Hà Nội,dai_hoc,KV_HN_LB,Long Biên,Long Biên,Hà Nội,4,online,150000,excel,hoat_dong,2026-04-03,MON_TOAN,Toán,tu_nhien,LOP_09,Lớp 9,thcs,150000,HS_EX_0138,4.42,2026-03-30
GS_EX_0341,Bùi Thanh Linh,nu,2002,Thac si,Sư phạm Toán,DH_KTQD,Đại học Kinh tế Quốc dân,dai_hoc,KV_DN_HC,Hải Châu,Hải Châu,Đà Nẵng,6,truc_tiep,150000,excel,hoat_dong,2026-04-03,MON_TOAN,Toán,tu_nhien,LOP_06,Lớp 6,thcs,150000,HS_EX_0203,4.19,2026-04-01
GS_EX_0342,Bùi Minh Tuấn,nam,1997,Thac si,Sư phạm Toán,DH_XD,Đại học Xây dựng Hà Nội,dai_hoc,KV_HCM_Q1,Quận 1,Quận 1,Hồ Chí Minh,2,ca_hai,150000,excel,hoat_dong,2026-04-03,MON_TOAN,Toán,tu_nhien,LOP_09,Lớp 9,thcs,150000,HS_EX_0418,4.8,2026-03-27
GS_EX_0343,Hoàng Thu Vy,nu,1998,Cu nhan,Công nghệ thông tin,DH_Y_HN,Đại học Y Hà Nội,dai_hoc,KV_HN_BTL,Bắc Từ Liêm,Bắc Từ Liêm,Hà Nội,3,truc_tiep,180000,excel,hoat_dong,2026-04-03,MON_TOAN,Toán,tu_nhien,LOP_06,Lớp 6,thcs,180000,HS_EX_0468,3.94,2026-03-04
GS_EX_0344,Ngô Trọng Tuấn,nam,1997,Ky su,Ngôn ngữ Anh,DH_BK_HCM,Đại học Bách Khoa TP.HCM,dai_hoc,KV_DN_LC,Liên Chiểu,Liên Chiểu,Đà Nẵng,8,ca_hai,180000,excel,hoat_dong,2026-04-03,MON_LY,Vật lý,tu_nhien,LOP_12,Lớp 12,thpt,180000,,,
GS_EX_0345,Ngô Ngọc Nhung,nu,1995,Ky su,Sư phạm Toán,DH_GTVT,Đại học Giao thông Vận tải,dai_hoc,KV_HCM_TB,Tân Bình,Tân Bình,Hồ Chí Minh,2,truc_tiep,200000,excel,hoat_dong,2026-04-03,MON_LY,Vật lý,tu_nhien,LOP_06,Lớp 6,thcs,200000,HS_EX_0757,3.58,2026-03-20
GS_EX_0346,Đỗ Hoàng Hân,nu,2001,Cu nhan,Sư phạm Toán,DH_CNTT,Đại học Công nghệ Thông tin TP.HCM,dai_hoc,KV_DN_NHS,Ngũ Hành Sơn,Ngũ Hành Sơn,Đà Nẵng,1,truc_tiep,250000,excel,hoat_dong,2026-04-03,MON_ANH,Tiếng Anh,ngoai_ngu,LOP_12,Lớp 12,thpt,250000,HS_EX_0389,3.97,2026-03-27
GS_EX_0347,Lý Hải Đức,nam,2001,Thac si,Sư phạm Toán,DH_Y_HCM,Đại học Y Dược TP.HCM,dai_hoc,KV_HN_HD,Hà Đông,Hà Đông,Hà Nội,6,online,250000,excel,hoat_dong,2026-04-03,MON_TOAN,Toán,tu_nhien,LOP_12,Lớp 12,thpt,250000,HS_EX_0096,4.95,2026-03-17
GS_EX_0348,Bùi Hữu Đạt,nam,2002,Ky su,Quản trị Kinh doanh,DH_Y_HN,Đại học Y Hà Nội,dai_hoc,KV_HCM_PN,Phú Nhuận,Phú Nhuận,Hồ Chí Minh,2,truc_tiep,150000,excel,hoat_dong,2026-04-03,MON_TOAN,Toán,tu_nhien,LOP_12,Lớp 12,thpt,150000,HS_EX_0082,4.31,2026-03-24
GS_EX_0349,Vũ Xuân Nhung,nu,2000,Thac si,Công nghệ thông tin,DH_BK_HN,Đại học Bách Khoa Hà Nội,dai_hoc,KV_HCM_TD,Thủ Đức,Thủ Đức,Hồ Chí Minh,4,ca_hai,250000,excel,hoat_dong,2026-04-03,MON_VAN,Ngữ văn,xa_hoi,LOP_06,Lớp 6,thcs,250000,HS_EX_0677,4.91,2026-03-08
GS_EX_0350,Phạm Hữu Đạt,nam,2000,Thac si,Quản trị Kinh doanh,DH_SP_HCM,Đại học Sư phạm TP.HCM,dai_hoc,KV_HN_BTL,Bắc Từ Liêm,Bắc Từ Liêm,Hà Nội,2,online,150000,excel,hoat_dong,2026-04-03,MON_LY,Vật lý,tu_nhien,LOP_10,Lớp 10,thpt,150000,,,
GS_EX_0351,Đỗ Đình Kiệt,nam,2002,Cu nhan,Sư phạm Toán,DH_NL_HCM,Đại học Nông Lâm TP.HCM,dai_hoc,KV_HCM_GV,Gò Vấp,Gò Vấp,Hồ Chí Minh,5,online,150000,excel,hoat_dong,2026-04-03,MON_ANH,Tiếng Anh,ngoai_ngu,LOP_12,Lớp 12,thpt,150000,HS_EX_0480,4.91,2026-03-05
GS_EX_0352,Đặng Thái Phú,nam,1999,Thac si,Sư phạm Toán,DH_UEH,Đại học Kinh tế TP.HCM,dai_hoc,KV_HCM_Q4,Quận 4,Quận 4,Hồ Chí Minh,7,truc_tiep,180000,excel,hoat_dong,2026-04-03,MON_VAN,Ngữ văn,xa_hoi,LOP_09,Lớp 9,thcs,180000,HS_EX_0322,3.75,2026-04-02
GS_EX_0353,Đặng Thị Thảo,nu,2000,Cu nhan,Ngôn ngữ Anh,DH_KHTN_HCM,Đại học Khoa học Tự nhiên TP.HCM,dai_hoc,KV_DN_CL,Cẩm Lệ,Cẩm Lệ,Đà Nẵng,4,truc_tiep,150000,excel,hoat_dong,2026-04-03,MON_TOAN,Toán,tu_nhien,LOP_10,Lớp 10,thpt,150000,HS_EX_0008,4.81,2026-03-08
GS_EX_0354,Đỗ Trọng Phú,nam,2001,Ky su,Công nghệ thông tin,DH_CNTT,Đại học Công nghệ Thông tin TP.HCM,dai_hoc,KV_HCM_TB,Tân Bình,Tân Bình,Hồ Chí Minh,5,truc_tiep,250000,excel,hoat_dong,2026-04-03,MON_TOAN,Toán,tu_nhien,LOP_09,Lớp 9,thcs,250000,HS_EX_0238,4.68,2026-03-06
GS_EX_0355,Lê Hồng Hân,nu,1998,Cu nhan,Công nghệ thông tin,DH_KT_DN,Đại học Kinh tế Đà Nẵng,dai_hoc,KV_HCM_Q10,Quận 10,Quận 10,Hồ Chí Minh,6,truc_tiep,150000,excel,hoat_dong,2026-04-03,MON_TOAN,Toán,tu_nhien,LOP_12,Lớp 12,thpt,150000,HS_EX_0520,4.13,2026-03-28
GS_EX_0356,Trần Đức Hùng,nam,2001,Cu nhan,Công nghệ thông tin,DH_TM,Đại học Thương mại,dai_hoc,KV_DN_NHS,Ngũ Hành Sơn,Ngũ Hành Sơn,Đà Nẵng,2,truc_tiep,200000,excel,hoat_dong,2026-04-03,MON_LY,Vật lý,tu_nhien,LOP_10,Lớp 10,thpt,200000,HS_EX_0778,3.58,2026-03-18
GS_EX_0357,Vũ Hải Kiệt,nam,1996,Cu nhan,Quản trị Kinh doanh,DH_TM,Đại học Thương mại,dai_hoc,KV_HCM_PN,Phú Nhuận,Phú Nhuận,Hồ Chí Minh,7,truc_tiep,150000,excel,hoat_dong,2026-04-03,MON_LY,Vật lý,tu_nhien,LOP_12,Lớp 12,thpt,150000,HS_EX_0836,3.65,2026-03-04
GS_EX_0358,Ngô Ngọc Châu,nu,1996,Cu nhan,Sư phạm Toán,DH_BK_HN,Đại học Bách Khoa Hà Nội,dai_hoc,KV_HCM_TB,Tân Bình,Tân Bình,Hồ Chí Minh,6,ca_hai,250000,excel,hoat_dong,2026-04-03,MON_ANH,Tiếng Anh,ngoai_ngu,LOP_06,Lớp 6,thcs,250000,HS_EX_0996,3.99,2026-03-09
GS_EX_0359,Lý Hải Khoa,nam,2000,Ky su,Công nghệ thông tin,DH_SP_HN,Đại học Sư phạm Hà Nội,dai_hoc,KV_HCM_PN,Phú Nhuận,Phú Nhuận,Hồ Chí Minh,5,ca_hai,200000,excel,hoat_dong,2026-04-03,MON_ANH,Tiếng Anh,ngoai_ngu,LOP_06,Lớp 6,thcs,200000,HS_EX_0299,3.99,2026-03-31
GS_EX_0360,Đặng Hồng Thảo,nu,2002,Cu nhan,Quản trị Kinh doanh,DH_NL_HCM,Đại học Nông Lâm TP.HCM,dai_hoc,KV_HN_LB,Long Biên,Long Biên,Hà Nội,4,ca_hai,200000,excel,hoat_dong,2026-04-03,MON_LY,Vật lý,tu_nhien,LOP_12,Lớp 12,thpt,200000,HS_EX_0513,3.88,2026-03-21
GS_EX_0361,Lý Đức Hùng,nam,1997,Thac si,Sư phạm Toán,DH_SP_HN,Đại học Sư phạm Hà Nội,dai_hoc,KV_HN_BD,Ba Đình,Ba Đình,Hà Nội,4,online,200000,excel,hoat_dong,2026-04-03,MON_LY,Vật lý,tu_nhien,LOP_06,Lớp 6,thcs,200000,HS_EX_0014,4.78,2026-03-30
GS_EX_0362,Trần Bảo Nhung,nu,2002,Cu nhan,Công nghệ thông tin,DH_XD,Đại học Xây dựng Hà Nội,dai_hoc,KV_HCM_Q7,Quận 7,Quận 7,Hồ Chí Minh,1,online,250000,excel,hoat_dong,2026-04-03,MON_VAN,Ngữ văn,xa_hoi,LOP_06,Lớp 6,thcs,250000,HS_EX_0621,4.56,2026-03-20
GS_EX_0363,Trần Thanh An,nu,2003,Ky su,Quản trị Kinh doanh,DH_BK_HN,Đại học Bách Khoa Hà Nội,dai_hoc,KV_HN_HK,Hoàn Kiếm,Hoàn Kiếm,Hà Nội,8,truc_tiep,150000,excel,hoat_dong,2026-04-03,MON_ANH,Tiếng Anh,ngoai_ngu,LOP_09,Lớp 9,thcs,150000,,,
GS_EX_0364,Dương Hải Huy,nam,1997,Thac si,Ngôn ngữ Anh,DH_Y_HN,Đại học Y Hà Nội,dai_hoc,KV_HN_LB,Long Biên,Long Biên,Hà Nội,8,online,250000,excel,hoat_dong,2026-04-03,MON_ANH,Tiếng Anh,ngoai_ngu,LOP_10,Lớp 10,thpt,250000,,,
GS_EX_0365,Ngô Ngọc Vy,nu,1998,Cu nhan,Ngôn ngữ Anh,DH_NL_HCM,Đại học Nông Lâm TP.HCM,dai_hoc,KV_DN_TK,Thanh Khê,Thanh Khê,Đà Nẵng,8,online,200000,excel,hoat_dong,2026-04-03,MON_VAN,Ngữ văn,xa_hoi,LOP_09,Lớp 9,thcs,200000,,,
GS_EX_0366,Bùi Trọng Khoa,nam,2003,Ky su,Sư phạm Toán,DH_Y_HN,Đại học Y Hà Nội,dai_hoc,KV_HN_DD,Đống Đa,Đống Đa,Hà Nội,7,ca_hai,150000,excel,hoat_dong,2026-04-03,MON_VAN,Ngữ văn,xa_hoi,LOP_12,Lớp 12,thpt,150000,HS_EX_0359,3.68,2026-03-29
GS_EX_0367,Lý Thị Trang,nu,1996,Thac si,Quản trị Kinh doanh,DH_Y_HCM,Đại học Y Dược TP.HCM,dai_hoc,KV_HCM_Q8,Quận 8,Quận 8,Hồ Chí Minh,8,online,200000,excel,hoat_dong,2026-04-03,MON_ANH,Tiếng Anh,ngoai_ngu,LOP_10,Lớp 10,thpt,200000,HS_EX_0481,4.3,2026-03-14
GS_EX_0368,Phạm Quang Cường,nam,2000,Cu nhan,Sư phạm Toán,DH_BK_HCM,Đại học Bách Khoa TP.HCM,dai_hoc,KV_DN_HC,Hải Châu,Hải Châu,Đà Nẵng,7,truc_tiep,200000,excel,hoat_dong,2026-04-03,MON_LY,Vật lý,tu_nhien,LOP_12,Lớp 12,thpt,200000,HS_EX_0741,3.87,2026-04-02
GS_EX_0369,Lê Trọng Tuấn,nam,2001,Thac si,Ngôn ngữ Anh,DH_Y_HCM,Đại học Y Dược TP.HCM,dai_hoc,KV_HCM_TB,Tân Bình,Tân Bình,Hồ Chí Minh,4,truc_tiep,250000,excel,hoat_dong,2026-04-03,MON_TOAN,Toán,tu_nhien,LOP_12,Lớp 12,thpt,250000,HS_EX_0699,4.37,2026-03-25
GS_EX_0370,Ngô Hải Phú,nam,2000,Cu nhan,Quản trị Kinh doanh,DH_NL_HCM,Đại học Nông Lâm TP.HCM,dai_hoc,KV_HCM_Q8,Quận 8,Quận 8,Hồ Chí Minh,5,truc_tiep,180000,excel,hoat_dong,2026-04-03,MON_VAN,Ngữ văn,xa_hoi,LOP_09,Lớp 9,thcs,180000,HS_EX_0620,4.12,2026-03-29
GS_EX_0371,Nguyễn Hữu Khoa,nam,1996,Thac si,Quản trị Kinh doanh,DH_GTVT,Đại học Giao thông Vận tải,dai_hoc,KV_HCM_Q5,Quận 5,Quận 5,Hồ Chí Minh,7,truc_tiep,250000,excel,hoat_dong,2026-04-03,MON_TOAN,Toán,tu_nhien,LOP_06,Lớp 6,thcs,250000,HS_EX_0330,4.1,2026-03-24
GS_EX_0372,Nguyễn Đình Đạt,nam,2003,Cu nhan,Sư phạm Toán,DH_KT_DN,Đại học Kinh tế Đà Nẵng,dai_hoc,KV_HN_LB,Long Biên,Long Biên,Hà Nội,4,online,250000,excel,hoat_dong,2026-04-03,MON_VAN,Ngữ văn,xa_hoi,LOP_12,Lớp 12,thpt,250000,,,
GS_EX_0373,Lê Minh Kiệt,nam,2003,Ky su,Sư phạm Toán,DH_Y_HCM,Đại học Y Dược TP.HCM,dai_hoc,KV_HN_TH,Tây Hồ,Tây Hồ,Hà Nội,6,online,150000,excel,hoat_dong,2026-04-03,MON_VAN,Ngữ văn,xa_hoi,LOP_06,Lớp 6,thcs,150000,HS_EX_0611,3.56,2026-03-27
GS_EX_0374,Lý Đức Đức,nam,1999,Cu nhan,Quản trị Kinh doanh,DH_XD,Đại học Xây dựng Hà Nội,dai_hoc,KV_HN_NTL,Nam Từ Liêm,Nam Từ Liêm,Hà Nội,4,online,250000,excel,hoat_dong,2026-04-03,MON_TOAN,Toán,tu_nhien,LOP_10,Lớp 10,thpt,250000,HS_EX_0985,4.58,2026-03-18
GS_EX_0375,Trần Hải Huy,nam,1995,Cu nhan,Quản trị Kinh doanh,DH_SP_HCM,Đại học Sư phạm TP.HCM,dai_hoc,KV_HCM_Q5,Quận 5,Quận 5,Hồ Chí Minh,3,truc_tiep,250000,excel,hoat_dong,2026-04-03,MON_TOAN,Toán,tu_nhien,LOP_06,Lớp 6,thcs,250000,HS_EX_0392,4.54,2026-03-29
GS_EX_0376,Dương Hữu Phú,nam,1996,Cu nhan,Ngôn ngữ Anh,DH_KHTN_HN,Đại học Khoa học Tự nhiên Hà Nội,dai_hoc,KV_HN_NTL,Nam Từ Liêm,Nam Từ Liêm,Hà Nội,1,ca_hai,250000,excel,hoat_dong,2026-04-03,MON_VAN,Ngữ văn,xa_hoi,LOP_09,Lớp 9,thcs,250000,,,
GS_EX_0377,Dương Trọng Khoa,nam,2003,Ky su,Sư phạm Toán,DH_CNTT,Đại học Công nghệ Thông tin TP.HCM,dai_hoc,KV_HCM_Q10,Quận 10,Quận 10,Hồ Chí Minh,7,online,250000,excel,hoat_dong,2026-04-03,MON_LY,Vật lý,tu_nhien,LOP_10,Lớp 10,thpt,250000,HS_EX_0558,3.85,2026-03-19
GS_EX_0378,Vũ Thu Châu,nu,2002,Thac si,Công nghệ thông tin,DH_KTQD,Đại học Kinh tế Quốc dân,dai_hoc,KV_HN_HD,Hà Đông,Hà Đông,Hà Nội,5,online,250000,excel,hoat_dong,2026-04-03,MON_ANH,Tiếng Anh,ngoai_ngu,LOP_10,Lớp 10,thpt,250000,HS_EX_0927,4.63,2026-03-29
GS_EX_0379,Đặng Thái Đạt,nam,2002,Thac si,Ngôn ngữ Anh,DH_DN,Đại học Đà Nẵng,dai_hoc,KV_HN_CG,Cầu Giấy,Cầu Giấy,Hà Nội,6,online,150000,excel,hoat_dong,2026-04-03,MON_TOAN,Toán,tu_nhien,LOP_06,Lớp 6,thcs,150000,HS_EX_0477,3.84,2026-04-02
GS_EX_0380,Lý Hồng Mai,nu,2000,Thac si,Quản trị Kinh doanh,DH_TM,Đại học Thương mại,dai_hoc,KV_HCM_Q4,Quận 4,Quận 4,Hồ Chí Minh,8,ca_hai,180000,excel,hoat_dong,2026-04-03,MON_ANH,Tiếng Anh,ngoai_ngu,LOP_09,Lớp 9,thcs,180000,,,
GS_EX_0381,Vũ Hồng Thảo,nu,2000,Thac si,Công nghệ thông tin,DH_SP_HCM,Đại học Sư phạm TP.HCM,dai_hoc,KV_DN_NHS,Ngũ Hành Sơn,Ngũ Hành Sơn,Đà Nẵng,3,ca_hai,150000,excel,hoat_dong,2026-04-03,MON_TOAN,Toán,tu_nhien,LOP_06,Lớp 6,thcs,150000,HS_EX_0913,4.68,2026-03-04
GS_EX_0382,Vũ Thị Mai,nu,1995,Ky su,Công nghệ thông tin,DH_TM,Đại học Thương mại,dai_hoc,KV_DN_CL,Cẩm Lệ,Cẩm Lệ,Đà Nẵng,5,online,150000,excel,hoat_dong,2026-04-03,MON_ANH,Tiếng Anh,ngoai_ngu,LOP_06,Lớp 6,thcs,150000,HS_EX_0566,3.53,2026-03-26
GS_EX_0383,Lê Thu Vy,nu,2001,Ky su,Công nghệ thông tin,DH_KHTN_HCM,Đại học Khoa học Tự nhiên TP.HCM,dai_hoc,KV_HN_CG,Cầu Giấy,Cầu Giấy,Hà Nội,5,ca_hai,250000,excel,hoat_dong,2026-04-03,MON_LY,Vật lý,tu_nhien,LOP_06,Lớp 6,thcs,250000,,,
GS_EX_0384,Nguyễn Thái Tuấn,nam,2002,Cu nhan,Công nghệ thông tin,DH_KTQD,Đại học Kinh tế Quốc dân,dai_hoc,KV_HCM_Q7,Quận 7,Quận 7,Hồ Chí Minh,2,online,250000,excel,hoat_dong,2026-04-03,MON_TOAN,Toán,tu_nhien,LOP_06,Lớp 6,thcs,250000,HS_EX_0127,4.18,2026-03-24
GS_EX_0385,Đặng Hoàng Thảo,nu,1997,Cu nhan,Sư phạm Toán,DH_KHTN_HN,Đại học Khoa học Tự nhiên Hà Nội,dai_hoc,KV_HN_HK,Hoàn Kiếm,Hoàn Kiếm,Hà Nội,5,ca_hai,200000,excel,hoat_dong,2026-04-03,MON_LY,Vật lý,tu_nhien,LOP_06,Lớp 6,thcs,200000,,,
GS_EX_0386,Vũ Thu Mai,nu,2003,Ky su,Ngôn ngữ Anh,DH_NT_HN,Đại học Ngoại thương Hà Nội,dai_hoc,KV_HN_DD,Đống Đa,Đống Đa,Hà Nội,8,ca_hai,250000,excel,hoat_dong,2026-04-03,MON_ANH,Tiếng Anh,ngoai_ngu,LOP_09,Lớp 9,thcs,250000,,,
GS_EX_0387,Hoàng Thị Châu,nu,1998,Ky su,Quản trị Kinh doanh,DH_KT_DN,Đại học Kinh tế Đà Nẵng,dai_hoc,KV_HCM_Q5,Quận 5,Quận 5,Hồ Chí Minh,4,ca_hai,200000,excel,hoat_dong,2026-04-03,MON_TOAN,Toán,tu_nhien,LOP_12,Lớp 12,thpt,200000,HS_EX_0886,4.02,2026-04-01
GS_EX_0388,Lý Bảo Mai,nu,1996,Ky su,Công nghệ thông tin,DH_BK_HCM,Đại học Bách Khoa TP.HCM,dai_hoc,KV_HCM_TP,Tân Phú,Tân Phú,Hồ Chí Minh,4,truc_tiep,200000,excel,hoat_dong,2026-04-03,MON_VAN,Ngữ văn,xa_hoi,LOP_12,Lớp 12,thpt,200000,,,
GS_EX_0389,Đỗ Xuân Linh,nu,1996,Cu nhan,Ngôn ngữ Anh,DH_KHTN_HN,Đại học Khoa học Tự nhiên Hà Nội,dai_hoc,KV_HN_NTL,Nam Từ Liêm,Nam Từ Liêm,Hà Nội,4,truc_tiep,150000,excel,hoat_dong,2026-04-03,MON_TOAN,Toán,tu_nhien,LOP_12,Lớp 12,thpt,150000,HS_EX_0142,3.8,2026-03-10
GS_EX_0390,Lê Bảo Vy,nu,1998,Thac si,Quản trị Kinh doanh,DH_SP_HCM,Đại học Sư phạm TP.HCM,dai_hoc,KV_HN_NTL,Nam Từ Liêm,Nam Từ Liêm,Hà Nội,8,truc_tiep,250000,excel,hoat_dong,2026-04-03,MON_TOAN,Toán,tu_nhien,LOP_10,Lớp 10,thpt,250000,,,
GS_EX_0391,Trần Thái Nam,nam,1998,Thac si,Công nghệ thông tin,DH_NT_HN,Đại học Ngoại thương Hà Nội,dai_hoc,KV_HCM_TP,Tân Phú,Tân Phú,Hồ Chí Minh,3,truc_tiep,180000,excel,hoat_dong,2026-04-03,MON_VAN,Ngữ văn,xa_hoi,LOP_12,Lớp 12,thpt,180000,HS_EX_0992,3.7,2026-03-20
GS_EX_0392,Ngô Minh Hùng,nam,1995,Thac si,Ngôn ngữ Anh,DH_QGHN,Đại học Quốc gia Hà Nội,dai_hoc,KV_HN_HD,Hà Đông,Hà Đông,Hà Nội,3,truc_tiep,250000,excel,hoat_dong,2026-04-03,MON_TOAN,Toán,tu_nhien,LOP_10,Lớp 10,thpt,250000,HS_EX_0556,4.72,2026-03-09
GS_EX_0393,Trần Thanh Hân,nu,2002,Thac si,Công nghệ thông tin,DH_KHTN_HN,Đại học Khoa học Tự nhiên Hà Nội,dai_hoc,KV_HN_NTL,Nam Từ Liêm,Nam Từ Liêm,Hà Nội,5,truc_tiep,250000,excel,hoat_dong,2026-04-03,MON_TOAN,Toán,tu_nhien,LOP_06,Lớp 6,thcs,250000,HS_EX_0058,3.67,2026-03-22
GS_EX_0394,Lý Hoàng Linh,nu,2000,Ky su,Công nghệ thông tin,DH_SP_HCM,Đại học Sư phạm TP.HCM,dai_hoc,KV_HN_DD,Đống Đa,Đống Đa,Hà Nội,3,ca_hai,180000,excel,hoat_dong,2026-04-03,MON_ANH,Tiếng Anh,ngoai_ngu,LOP_09,Lớp 9,thcs,180000,,,
GS_EX_0395,Đặng Minh Đức,nam,1998,Thac si,Quản trị Kinh doanh,DH_CNTT,Đại học Công nghệ Thông tin TP.HCM,dai_hoc,KV_HN_TX,Thanh Xuân,Thanh Xuân,Hà Nội,2,truc_tiep,250000,excel,hoat_dong,2026-04-03,MON_LY,Vật lý,tu_nhien,LOP_12,Lớp 12,thpt,250000,HS_EX_0175,3.82,2026-03-18
GS_EX_0396,Vũ Thái Tuấn,nam,1996,Thac si,Công nghệ thông tin,DH_NT_HN,Đại học Ngoại thương Hà Nội,dai_hoc,KV_HCM_TB,Tân Bình,Tân Bình,Hồ Chí Minh,6,online,150000,excel,hoat_dong,2026-04-03,MON_ANH,Tiếng Anh,ngoai_ngu,LOP_06,Lớp 6,thcs,150000,HS_EX_0868,4.8,2026-03-31
GS_EX_0397,Lý Hữu Tuấn,nam,2002,Thac si,Sư phạm Toán,DH_GTVT,Đại học Giao thông Vận tải,dai_hoc,KV_HCM_Q5,Quận 5,Quận 5,Hồ Chí Minh,7,truc_tiep,150000,excel,hoat_dong,2026-04-03,MON_TOAN,Toán,tu_nhien,LOP_09,Lớp 9,thcs,150000,HS_EX_0126,3.8,2026-03-30
GS_EX_0398,Nguyễn Thanh Mai,nu,2000,Cu nhan,Sư phạm Toán,DH_CNTT,Đại học Công nghệ Thông tin TP.HCM,dai_hoc,KV_HN_HM,Hoàng Mai,Hoàng Mai,Hà Nội,2,ca_hai,180000,excel,hoat_dong,2026-04-03,MON_TOAN,Toán,tu_nhien,LOP_10,Lớp 10,thpt,180000,HS_EX_0731,4.43,2026-04-01
GS_EX_0399,Bùi Thái Nam,nam,2001,Ky su,Ngôn ngữ Anh,DH_XD,Đại học Xây dựng Hà Nội,dai_hoc,KV_HCM_TB,Tân Bình,Tân Bình,Hồ Chí Minh,8,online,250000,excel,hoat_dong,2026-04-03,MON_ANH,Tiếng Anh,ngoai_ngu,LOP_09,Lớp 9,thcs,250000,HS_EX_0116,4.28,2026-03-12
GS_EX_0400,Lê Hồng An,nu,2003,Thac si,Công nghệ thông tin,DH_KHTN_HN,Đại học Khoa học Tự nhiên Hà Nội,dai_hoc,KV_HN_HBT,Hai Bà Trưng,Hai Bà Trưng,Hà Nội,1,truc_tiep,150000,excel,hoat_dong,2026-04-03,MON_TOAN,Toán,tu_nhien,LOP_06,Lớp 6,thcs,150000,HS_EX_0276,4.42,2026-03-29
GS_EX_0401,Lê Hoàng Linh,nu,2000,Ky su,Công nghệ thông tin,DH_Y_HCM,Đại học Y Dược TP.HCM,dai_hoc,KV_HCM_GV,Gò Vấp,Gò Vấp,Hồ Chí Minh,7,online,150000,excel,hoat_dong,2026-04-03,MON_VAN,Ngữ văn,xa_hoi,LOP_06,Lớp 6,thcs,150000,,,
GS_EX_0402,Dương Minh Hùng,nam,1995,Ky su,Quản trị Kinh doanh,DH_XD,Đại học Xây dựng Hà Nội,dai_hoc,KV_HN_TX,Thanh Xuân,Thanh Xuân,Hà Nội,1,ca_hai,250000,excel,hoat_dong,2026-04-03,MON_ANH,Tiếng Anh,ngoai_ngu,LOP_06,Lớp 6,thcs,250000,HS_EX_0559,4.65,2026-03-22
GS_EX_0403,Nguyễn Trọng Cường,nam,2003,Ky su,Ngôn ngữ Anh,DH_CNTT,Đại học Công nghệ Thông tin TP.HCM,dai_hoc,KV_HCM_PN,Phú Nhuận,Phú Nhuận,Hồ Chí Minh,3,truc_tiep,150000,excel,hoat_dong,2026-04-03,MON_ANH,Tiếng Anh,ngoai_ngu,LOP_10,Lớp 10,thpt,150000,HS_EX_0980,4.45,2026-03-10
GS_EX_0404,Đỗ Xuân Trang,nu,1995,Cu nhan,Quản trị Kinh doanh,DH_NL_HCM,Đại học Nông Lâm TP.HCM,dai_hoc,KV_HCM_Q10,Quận 10,Quận 10,Hồ Chí Minh,2,truc_tiep,180000,excel,hoat_dong,2026-04-03,MON_LY,Vật lý,tu_nhien,LOP_09,Lớp 9,thcs,180000,HS_EX_0271,3.78,2026-03-13
GS_EX_0405,Dương Ngọc Nhung,nu,2001,Thac si,Quản trị Kinh doanh,DH_FPT,Đại học FPT,dai_hoc,KV_DN_CL,Cẩm Lệ,Cẩm Lệ,Đà Nẵng,6,ca_hai,250000,excel,hoat_dong,2026-04-03,MON_VAN,Ngữ văn,xa_hoi,LOP_12,Lớp 12,thpt,250000,HS_EX_0224,4.13,2026-03-04
GS_EX_0406,Đặng Bảo Nhung,nu,1997,Thac si,Sư phạm Toán,DH_KT_DN,Đại học Kinh tế Đà Nẵng,dai_hoc,KV_HN_CG,Cầu Giấy,Cầu Giấy,Hà Nội,6,truc_tiep,200000,excel,hoat_dong,2026-04-03,MON_VAN,Ngữ văn,xa_hoi,LOP_09,Lớp 9,thcs,200000,HS_EX_0447,4.53,2026-03-23
GS_EX_0407,Vũ Ngọc Châu,nu,1999,Thac si,Công nghệ thông tin,DH_KHTN_HN,Đại học Khoa học Tự nhiên Hà Nội,dai_hoc,KV_HCM_TD,Thủ Đức,Thủ Đức,Hồ Chí Minh,6,online,180000,excel,hoat_dong,2026-04-03,MON_TOAN,Toán,tu_nhien,LOP_12,Lớp 12,thpt,180000,HS_EX_0992,4.42,2026-03-06
GS_EX_0408,Trần Mai Mai,nu,1998,Ky su,Quản trị Kinh doanh,DH_UEH,Đại học Kinh tế TP.HCM,dai_hoc,KV_HCM_BT,Bình Thạnh,Bình Thạnh,Hồ Chí Minh,7,online,200000,excel,hoat_dong,2026-04-03,MON_TOAN,Toán,tu_nhien,LOP_12,Lớp 12,thpt,200000,,,
GS_EX_0409,Nguyễn Hữu Đức,nam,1997,Ky su,Công nghệ thông tin,DH_Y_HCM,Đại học Y Dược TP.HCM,dai_hoc,KV_HCM_Q10,Quận 10,Quận 10,Hồ Chí Minh,5,ca_hai,200000,excel,hoat_dong,2026-04-03,MON_LY,Vật lý,tu_nhien,LOP_06,Lớp 6,thcs,200000,HS_EX_0670,4.85,2026-03-06
GS_EX_0410,Hoàng Xuân An,nu,2001,Thac si,Quản trị Kinh doanh,DH_KHTN_HCM,Đại học Khoa học Tự nhiên TP.HCM,dai_hoc,KV_HN_DD,Đống Đa,Đống Đa,Hà Nội,3,online,200000,excel,hoat_dong,2026-04-03,MON_LY,Vật lý,tu_nhien,LOP_06,Lớp 6,thcs,200000,HS_EX_0613,4.39,2026-03-30
GS_EX_0411,Đặng Đức Đức,nam,1998,Ky su,Công nghệ thông tin,DH_QGHN,Đại học Quốc gia Hà Nội,dai_hoc,KV_HN_HBT,Hai Bà Trưng,Hai Bà Trưng,Hà Nội,5,ca_hai,150000,excel,hoat_dong,2026-04-03,MON_ANH,Tiếng Anh,ngoai_ngu,LOP_10,Lớp 10,thpt,150000,HS_EX_0996,4.72,2026-03-21
GS_EX_0412,Phạm Thu An,nu,1998,Ky su,Ngôn ngữ Anh,DH_KTQD,Đại học Kinh tế Quốc dân,dai_hoc,KV_HCM_BT,Bình Thạnh,Bình Thạnh,Hồ Chí Minh,5,truc_tiep,250000,excel,hoat_dong,2026-04-03,MON_TOAN,Toán,tu_nhien,LOP_09,Lớp 9,thcs,250000,HS_EX_0141,3.87,2026-03-27
GS_EX_0413,Trần Đức Khoa,nam,1997,Ky su,Quản trị Kinh doanh,DH_FPT,Đại học FPT,dai_hoc,KV_HN_HBT,Hai Bà Trưng,Hai Bà Trưng,Hà Nội,6,online,250000,excel,hoat_dong,2026-04-03,MON_TOAN,Toán,tu_nhien,LOP_10,Lớp 10,thpt,250000,HS_EX_0792,4.62,2026-03-24
GS_EX_0414,Lê Quang Huy,nam,1996,Cu nhan,Quản trị Kinh doanh,DH_SP_HN,Đại học Sư phạm Hà Nội,dai_hoc,KV_HCM_Q4,Quận 4,Quận 4,Hồ Chí Minh,8,online,150000,excel,hoat_dong,2026-04-03,MON_ANH,Tiếng Anh,ngoai_ngu,LOP_06,Lớp 6,thcs,150000,HS_EX_0082,4.8,2026-03-07
GS_EX_0415,Dương Xuân Nhung,nu,2000,Thac si,Sư phạm Toán,DH_BK_HN,Đại học Bách Khoa Hà Nội,dai_hoc,KV_HN_HM,Hoàng Mai,Hoàng Mai,Hà Nội,3,truc_tiep,200000,excel,hoat_dong,2026-04-03,MON_ANH,Tiếng Anh,ngoai_ngu,LOP_12,Lớp 12,thpt,200000,HS_EX_0950,4.29,2026-03-12
GS_EX_0416,Ngô Bảo Hân,nu,2003,Thac si,Công nghệ thông tin,DH_TM,Đại học Thương mại,dai_hoc,KV_HCM_Q7,Quận 7,Quận 7,Hồ Chí Minh,8,online,150000,excel,hoat_dong,2026-04-03,MON_TOAN,Toán,tu_nhien,LOP_10,Lớp 10,thpt,150000,HS_EX_0528,4.19,2026-03-17
GS_EX_0417,Đặng Hoàng Nhung,nu,1995,Thac si,Sư phạm Toán,DH_KTQD,Đại học Kinh tế Quốc dân,dai_hoc,KV_HCM_Q8,Quận 8,Quận 8,Hồ Chí Minh,7,online,250000,excel,hoat_dong,2026-04-03,MON_TOAN,Toán,tu_nhien,LOP_06,Lớp 6,thcs,250000,HS_EX_0397,4.16,2026-03-25
GS_EX_0418,Phạm Hồng Trang,nu,1996,Cu nhan,Quản trị Kinh doanh,DH_KTQD,Đại học Kinh tế Quốc dân,dai_hoc,KV_HN_HBT,Hai Bà Trưng,Hai Bà Trưng,Hà Nội,8,truc_tiep,200000,excel,hoat_dong,2026-04-03,MON_ANH,Tiếng Anh,ngoai_ngu,LOP_12,Lớp 12,thpt,200000,HS_EX_0156,4.08,2026-03-28
GS_EX_0419,Bùi Hoàng Châu,nu,1996,Thac si,Ngôn ngữ Anh,DH_KHTN_HCM,Đại học Khoa học Tự nhiên TP.HCM,dai_hoc,KV_DN_LC,Liên Chiểu,Liên Chiểu,Đà Nẵng,6,ca_hai,250000,excel,hoat_dong,2026-04-03,MON_TOAN,Toán,tu_nhien,LOP_06,Lớp 6,thcs,250000,HS_EX_0760,3.72,2026-03-27
GS_EX_0420,Hoàng Hữu Đạt,nam,2002,Cu nhan,Quản trị Kinh doanh,DH_DN,Đại học Đà Nẵng,dai_hoc,KV_HCM_Q10,Quận 10,Quận 10,Hồ Chí Minh,4,truc_tiep,180000,excel,hoat_dong,2026-04-03,MON_TOAN,Toán,tu_nhien,LOP_06,Lớp 6,thcs,180000,HS_EX_0692,3.56,2026-03-14
GS_EX_0421,Bùi Đình Khoa,nam,2003,Cu nhan,Công nghệ thông tin,DH_KHTN_HCM,Đại học Khoa học Tự nhiên TP.HCM,dai_hoc,KV_HCM_Q1,Quận 1,Quận 1,Hồ Chí Minh,3,truc_tiep,180000,excel,hoat_dong,2026-04-03,MON_VAN,Ngữ văn,xa_hoi,LOP_12,Lớp 12,thpt,180000,HS_EX_0666,4.56,2026-03-04
GS_EX_0422,Nguyễn Mai Hân,nu,1995,Thac si,Công nghệ thông tin,DH_NL_HCM,Đại học Nông Lâm TP.HCM,dai_hoc,KV_DN_NHS,Ngũ Hành Sơn,Ngũ Hành Sơn,Đà Nẵng,2,online,150000,excel,hoat_dong,2026-04-03,MON_TOAN,Toán,tu_nhien,LOP_09,Lớp 9,thcs,150000,,,
GS_EX_0423,Đỗ Hồng Nhung,nu,1999,Cu nhan,Công nghệ thông tin,DH_XD,Đại học Xây dựng Hà Nội,dai_hoc,KV_HCM_GV,Gò Vấp,Gò Vấp,Hồ Chí Minh,8,truc_tiep,250000,excel,hoat_dong,2026-04-03,MON_TOAN,Toán,tu_nhien,LOP_10,Lớp 10,thpt,250000,,,
GS_EX_0424,Lý Quang Phú,nam,1999,Cu nhan,Quản trị Kinh doanh,DH_QGHN,Đại học Quốc gia Hà Nội,dai_hoc,KV_HCM_TP,Tân Phú,Tân Phú,Hồ Chí Minh,6,truc_tiep,150000,excel,hoat_dong,2026-04-03,MON_ANH,Tiếng Anh,ngoai_ngu,LOP_09,Lớp 9,thcs,150000,,,
GS_EX_0425,Lê Ngọc Trang,nu,1995,Thac si,Ngôn ngữ Anh,DH_DN,Đại học Đà Nẵng,dai_hoc,KV_HCM_Q3,Quận 3,Quận 3,Hồ Chí Minh,8,online,150000,excel,hoat_dong,2026-04-03,MON_LY,Vật lý,tu_nhien,LOP_12,Lớp 12,thpt,150000,,,
GS_EX_0426,Lý Hải Đạt,nam,1995,Cu nhan,Quản trị Kinh doanh,DH_UEH,Đại học Kinh tế TP.HCM,dai_hoc,KV_HN_HBT,Hai Bà Trưng,Hai Bà Trưng,Hà Nội,8,ca_hai,150000,excel,hoat_dong,2026-04-03,MON_TOAN,Toán,tu_nhien,LOP_09,Lớp 9,thcs,150000,HS_EX_0773,4.49,2026-03-16
GS_EX_0427,Vũ Ngọc Thu,nu,2001,Thac si,Ngôn ngữ Anh,DH_TM,Đại học Thương mại,dai_hoc,KV_HN_DD,Đống Đa,Đống Đa,Hà Nội,7,online,250000,excel,hoat_dong,2026-04-03,MON_VAN,Ngữ văn,xa_hoi,LOP_10,Lớp 10,thpt,250000,HS_EX_0572,4.58,2026-03-30
GS_EX_0428,Ngô Quang Khoa,nam,1999,Thac si,Ngôn ngữ Anh,DH_DN,Đại học Đà Nẵng,dai_hoc,KV_HCM_TB,Tân Bình,Tân Bình,Hồ Chí Minh,1,online,250000,excel,hoat_dong,2026-04-03,MON_LY,Vật lý,tu_nhien,LOP_06,Lớp 6,thcs,250000,HS_EX_0200,4.22,2026-03-06
GS_EX_0429,Nguyễn Ngọc Mai,nu,2001,Ky su,Quản trị Kinh doanh,DH_CNTT,Đại học Công nghệ Thông tin TP.HCM,dai_hoc,KV_HN_BD,Ba Đình,Ba Đình,Hà Nội,1,truc_tiep,250000,excel,hoat_dong,2026-04-03,MON_TOAN,Toán,tu_nhien,LOP_10,Lớp 10,thpt,250000,HS_EX_0554,3.98,2026-03-26
GS_EX_0430,Lê Trọng Kiệt,nam,1995,Ky su,Ngôn ngữ Anh,DH_SP_HN,Đại học Sư phạm Hà Nội,dai_hoc,KV_DN_TK,Thanh Khê,Thanh Khê,Đà Nẵng,8,ca_hai,250000,excel,hoat_dong,2026-04-03,MON_TOAN,Toán,tu_nhien,LOP_06,Lớp 6,thcs,250000,HS_EX_0319,4.92,2026-03-18
GS_EX_0431,Đặng Quang Tuấn,nam,1996,Cu nhan,Quản trị Kinh doanh,DH_BK_HN,Đại học Bách Khoa Hà Nội,dai_hoc,KV_HCM_TB,Tân Bình,Tân Bình,Hồ Chí Minh,2,online,200000,excel,hoat_dong,2026-04-03,MON_LY,Vật lý,tu_nhien,LOP_06,Lớp 6,thcs,200000,,,
GS_EX_0432,Vũ Thị Mai,nu,2001,Cu nhan,Ngôn ngữ Anh,DH_DN,Đại học Đà Nẵng,dai_hoc,KV_DN_HC,Hải Châu,Hải Châu,Đà Nẵng,7,online,150000,excel,hoat_dong,2026-04-03,MON_VAN,Ngữ văn,xa_hoi,LOP_09,Lớp 9,thcs,150000,,,
GS_EX_0433,Bùi Minh Kiệt,nam,2000,Ky su,Quản trị Kinh doanh,DH_NT_HN,Đại học Ngoại thương Hà Nội,dai_hoc,KV_DN_TK,Thanh Khê,Thanh Khê,Đà Nẵng,8,ca_hai,200000,excel,hoat_dong,2026-04-03,MON_TOAN,Toán,tu_nhien,LOP_10,Lớp 10,thpt,200000,HS_EX_0980,4.68,2026-03-23
GS_EX_0434,Lý Mai Nhung,nu,1998,Ky su,Sư phạm Toán,DH_NL_HCM,Đại học Nông Lâm TP.HCM,dai_hoc,KV_HN_HBT,Hai Bà Trưng,Hai Bà Trưng,Hà Nội,7,truc_tiep,200000,excel,hoat_dong,2026-04-03,MON_TOAN,Toán,tu_nhien,LOP_12,Lớp 12,thpt,200000,HS_EX_0921,4.64,2026-03-07
GS_EX_0435,Dương Hoàng Trang,nu,2000,Cu nhan,Công nghệ thông tin,DH_CNTT,Đại học Công nghệ Thông tin TP.HCM,dai_hoc,KV_HN_TX,Thanh Xuân,Thanh Xuân,Hà Nội,6,online,180000,excel,hoat_dong,2026-04-03,MON_VAN,Ngữ văn,xa_hoi,LOP_10,Lớp 10,thpt,180000,HS_EX_0684,4.78,2026-03-16
GS_EX_0436,Ngô Văn Phú,nam,1998,Thac si,Sư phạm Toán,DH_Y_HN,Đại học Y Hà Nội,dai_hoc,KV_HCM_Q1,Quận 1,Quận 1,Hồ Chí Minh,8,ca_hai,200000,excel,hoat_dong,2026-04-03,MON_ANH,Tiếng Anh,ngoai_ngu,LOP_09,Lớp 9,thcs,200000,HS_EX_0801,4.95,2026-03-11
GS_EX_0437,Vũ Đức Đạt,nam,1996,Ky su,Sư phạm Toán,DH_SP_HN,Đại học Sư phạm Hà Nội,dai_hoc,KV_HCM_Q7,Quận 7,Quận 7,Hồ Chí Minh,8,truc_tiep,250000,excel,hoat_dong,2026-04-03,MON_LY,Vật lý,tu_nhien,LOP_10,Lớp 10,thpt,250000,HS_EX_0283,4.04,2026-03-17
GS_EX_0438,Trần Hoàng Linh,nu,1999,Ky su,Công nghệ thông tin,DH_QGHN,Đại học Quốc gia Hà Nội,dai_hoc,KV_DN_CL,Cẩm Lệ,Cẩm Lệ,Đà Nẵng,2,truc_tiep,150000,excel,hoat_dong,2026-04-03,MON_VAN,Ngữ văn,xa_hoi,LOP_09,Lớp 9,thcs,150000,HS_EX_0475,3.69,2026-03-30
GS_EX_0439,Ngô Trọng Tuấn,nam,1997,Cu nhan,Quản trị Kinh doanh,DH_KT_DN,Đại học Kinh tế Đà Nẵng,dai_hoc,KV_HCM_Q5,Quận 5,Quận 5,Hồ Chí Minh,2,truc_tiep,150000,excel,hoat_dong,2026-04-03,MON_ANH,Tiếng Anh,ngoai_ngu,LOP_06,Lớp 6,thcs,150000,,,
GS_EX_0440,Đỗ Trọng Khoa,nam,1995,Ky su,Quản trị Kinh doanh,DH_Y_HN,Đại học Y Hà Nội,dai_hoc,KV_HCM_Q4,Quận 4,Quận 4,Hồ Chí Minh,8,truc_tiep,180000,excel,hoat_dong,2026-04-03,MON_VAN,Ngữ văn,xa_hoi,LOP_12,Lớp 12,thpt,180000,HS_EX_0381,4.23,2026-03-12
GS_EX_0441,Vũ Thanh An,nu,1999,Cu nhan,Công nghệ thông tin,DH_CNTT,Đại học Công nghệ Thông tin TP.HCM,dai_hoc,KV_HCM_Q4,Quận 4,Quận 4,Hồ Chí Minh,4,truc_tiep,180000,excel,hoat_dong,2026-04-03,MON_VAN,Ngữ văn,xa_hoi,LOP_12,Lớp 12,thpt,180000,HS_EX_0358,4.7,2026-04-01
GS_EX_0442,Nguyễn Đức Cường,nam,1995,Thac si,Quản trị Kinh doanh,DH_BK_HCM,Đại học Bách Khoa TP.HCM,dai_hoc,KV_HN_BD,Ba Đình,Ba Đình,Hà Nội,6,ca_hai,150000,excel,hoat_dong,2026-04-03,MON_VAN,Ngữ văn,xa_hoi,LOP_09,Lớp 9,thcs,150000,HS_EX_0321,4.45,2026-03-31
GS_EX_0443,Dương Quang Đức,nam,1997,Thac si,Sư phạm Toán,DH_SP_HN,Đại học Sư phạm Hà Nội,dai_hoc,KV_HCM_GV,Gò Vấp,Gò Vấp,Hồ Chí Minh,4,online,200000,excel,hoat_dong,2026-04-03,MON_ANH,Tiếng Anh,ngoai_ngu,LOP_10,Lớp 10,thpt,200000,HS_EX_0510,3.55,2026-03-30
GS_EX_0444,Đặng Hải Nam,nam,1997,Cu nhan,Công nghệ thông tin,DH_BK_HN,Đại học Bách Khoa Hà Nội,dai_hoc,KV_HCM_Q8,Quận 8,Quận 8,Hồ Chí Minh,5,online,200000,excel,hoat_dong,2026-04-03,MON_LY,Vật lý,tu_nhien,LOP_12,Lớp 12,thpt,200000,HS_EX_0478,4.78,2026-03-11
GS_EX_0445,Lý Thu Mai,nu,1997,Thac si,Sư phạm Toán,DH_UEH,Đại học Kinh tế TP.HCM,dai_hoc,KV_HCM_Q3,Quận 3,Quận 3,Hồ Chí Minh,1,online,180000,excel,hoat_dong,2026-04-03,MON_TOAN,Toán,tu_nhien,LOP_12,Lớp 12,thpt,180000,HS_EX_0495,4.18,2026-04-02
GS_EX_0446,Bùi Thu Mai,nu,2000,Cu nhan,Quản trị Kinh doanh,DH_BK_HN,Đại học Bách Khoa Hà Nội,dai_hoc,KV_HN_HBT,Hai Bà Trưng,Hai Bà Trưng,Hà Nội,8,online,200000,excel,hoat_dong,2026-04-03,MON_LY,Vật lý,tu_nhien,LOP_12,Lớp 12,thpt,200000,HS_EX_0787,4.9,2026-03-30
GS_EX_0447,Dương Quang Đạt,nam,2000,Thac si,Công nghệ thông tin,DH_KT_DN,Đại học Kinh tế Đà Nẵng,dai_hoc,KV_HCM_Q5,Quận 5,Quận 5,Hồ Chí Minh,5,truc_tiep,250000,excel,hoat_dong,2026-04-03,MON_VAN,Ngữ văn,xa_hoi,LOP_12,Lớp 12,thpt,250000,,,
GS_EX_0448,Lý Văn Phú,nam,2003,Ky su,Quản trị Kinh doanh,DH_Y_HN,Đại học Y Hà Nội,dai_hoc,KV_HN_HK,Hoàn Kiếm,Hoàn Kiếm,Hà Nội,2,truc_tiep,200000,excel,hoat_dong,2026-04-03,MON_VAN,Ngữ văn,xa_hoi,LOP_09,Lớp 9,thcs,200000,,,
GS_EX_0449,Lý Xuân Nhung,nu,1999,Thac si,Sư phạm Toán,DH_SP_HCM,Đại học Sư phạm TP.HCM,dai_hoc,KV_HCM_TP,Tân Phú,Tân Phú,Hồ Chí Minh,1,truc_tiep,150000,excel,hoat_dong,2026-04-03,MON_TOAN,Toán,tu_nhien,LOP_06,Lớp 6,thcs,150000,HS_EX_0121,4.91,2026-03-30
GS_EX_0450,Lê Thanh Thảo,nu,2002,Cu nhan,Ngôn ngữ Anh,DH_NL_HCM,Đại học Nông Lâm TP.HCM,dai_hoc,KV_HCM_TP,Tân Phú,Tân Phú,Hồ Chí Minh,5,truc_tiep,200000,excel,hoat_dong,2026-04-03,MON_TOAN,Toán,tu_nhien,LOP_10,Lớp 10,thpt,200000,HS_EX_0757,3.99,2026-03-26
GS_EX_0451,Lý Ngọc Hân,nu,1998,Ky su,Ngôn ngữ Anh,DH_KHTN_HN,Đại học Khoa học Tự nhiên Hà Nội,dai_hoc,KV_HCM_PN,Phú Nhuận,Phú Nhuận,Hồ Chí Minh,4,truc_tiep,200000,excel,hoat_dong,2026-04-03,MON_LY,Vật lý,tu_nhien,LOP_09,Lớp 9,thcs,200000,HS_EX_0623,3.59,2026-03-28
GS_EX_0452,Bùi Hồng Châu,nu,1999,Ky su,Công nghệ thông tin,DH_NL_HCM,Đại học Nông Lâm TP.HCM,dai_hoc,KV_HCM_Q5,Quận 5,Quận 5,Hồ Chí Minh,5,online,200000,excel,hoat_dong,2026-04-03,MON_TOAN,Toán,tu_nhien,LOP_09,Lớp 9,thcs,200000,HS_EX_0538,4.46,2026-03-22
GS_EX_0453,Đặng Minh Kiệt,nam,2003,Cu nhan,Ngôn ngữ Anh,DH_TM,Đại học Thương mại,dai_hoc,KV_HN_NTL,Nam Từ Liêm,Nam Từ Liêm,Hà Nội,7,ca_hai,250000,excel,hoat_dong,2026-04-03,MON_VAN,Ngữ văn,xa_hoi,LOP_12,Lớp 12,thpt,250000,HS_EX_0107,4.26,2026-03-17
GS_EX_0454,Ngô Thị Linh,nu,1998,Ky su,Quản trị Kinh doanh,DH_KTQD,Đại học Kinh tế Quốc dân,dai_hoc,KV_HN_TH,Tây Hồ,Tây Hồ,Hà Nội,7,truc_tiep,250000,excel,hoat_dong,2026-04-03,MON_VAN,Ngữ văn,xa_hoi,LOP_12,Lớp 12,thpt,250000,HS_EX_0865,3.95,2026-03-12
GS_EX_0455,Nguyễn Trọng Đạt,nam,1995,Ky su,Công nghệ thông tin,DH_TM,Đại học Thương mại,dai_hoc,KV_HN_CG,Cầu Giấy,Cầu Giấy,Hà Nội,5,online,200000,excel,hoat_dong,2026-04-03,MON_ANH,Tiếng Anh,ngoai_ngu,LOP_06,Lớp 6,thcs,200000,HS_EX_0637,3.96,2026-03-11
GS_EX_0456,Phạm Hữu Đạt,nam,1999,Cu nhan,Ngôn ngữ Anh,DH_SP_HN,Đại học Sư phạm Hà Nội,dai_hoc,KV_HN_TH,Tây Hồ,Tây Hồ,Hà Nội,6,ca_hai,180000,excel,hoat_dong,2026-04-03,MON_LY,Vật lý,tu_nhien,LOP_10,Lớp 10,thpt,180000,HS_EX_0741,4.95,2026-03-20
GS_EX_0457,Ngô Xuân Thu,nu,1999,Cu nhan,Quản trị Kinh doanh,DH_Y_HCM,Đại học Y Dược TP.HCM,dai_hoc,KV_HCM_Q1,Quận 1,Quận 1,Hồ Chí Minh,2,truc_tiep,200000,excel,hoat_dong,2026-04-03,MON_ANH,Tiếng Anh,ngoai_ngu,LOP_10,Lớp 10,thpt,200000,HS_EX_0379,4.09,2026-03-16
GS_EX_0458,Đặng Trọng Hùng,nam,1997,Cu nhan,Công nghệ thông tin,DH_BK_HCM,Đại học Bách Khoa TP.HCM,dai_hoc,KV_DN_CL,Cẩm Lệ,Cẩm Lệ,Đà Nẵng,3,truc_tiep,250000,excel,hoat_dong,2026-04-03,MON_TOAN,Toán,tu_nhien,LOP_06,Lớp 6,thcs,250000,HS_EX_0618,3.6,2026-03-21
GS_EX_0459,Dương Thanh Nhung,nu,1996,Ky su,Ngôn ngữ Anh,DH_Y_HCM,Đại học Y Dược TP.HCM,dai_hoc,KV_HN_HK,Hoàn Kiếm,Hoàn Kiếm,Hà Nội,8,online,250000,excel,hoat_dong,2026-04-03,MON_LY,Vật lý,tu_nhien,LOP_12,Lớp 12,thpt,250000,HS_EX_0698,3.69,2026-03-29
GS_EX_0460,Lê Hải Hùng,nam,1999,Ky su,Sư phạm Toán,DH_QGHN,Đại học Quốc gia Hà Nội,dai_hoc,KV_HCM_Q7,Quận 7,Quận 7,Hồ Chí Minh,5,online,250000,excel,hoat_dong,2026-04-03,MON_LY,Vật lý,tu_nhien,LOP_10,Lớp 10,thpt,250000,HS_EX_0909,4.3,2026-03-22
GS_EX_0461,Đỗ Thái Kiệt,nam,1998,Cu nhan,Sư phạm Toán,DH_NT_HN,Đại học Ngoại thương Hà Nội,dai_hoc,KV_HCM_TP,Tân Phú,Tân Phú,Hồ Chí Minh,4,truc_tiep,200000,excel,hoat_dong,2026-04-03,MON_ANH,Tiếng Anh,ngoai_ngu,LOP_06,Lớp 6,thcs,200000,HS_EX_0530,4.84,2026-03-08
GS_EX_0462,Trần Ngọc Linh,nu,2003,Ky su,Công nghệ thông tin,DH_QGHN,Đại học Quốc gia Hà Nội,dai_hoc,KV_HN_DD,Đống Đa,Đống Đa,Hà Nội,1,truc_tiep,200000,excel,hoat_dong,2026-04-03,MON_LY,Vật lý,tu_nhien,LOP_12,Lớp 12,thpt,200000,HS_EX_0729,4.89,2026-03-21
GS_EX_0463,Phạm Hồng Mai,nu,2003,Thac si,Sư phạm Toán,DH_Y_HN,Đại học Y Hà Nội,dai_hoc,KV_DN_NHS,Ngũ Hành Sơn,Ngũ Hành Sơn,Đà Nẵng,2,online,200000,excel,hoat_dong,2026-04-03,MON_TOAN,Toán,tu_nhien,LOP_12,Lớp 12,thpt,200000,,,
GS_EX_0464,Đỗ Văn Đạt,nam,1995,Cu nhan,Sư phạm Toán,DH_XD,Đại học Xây dựng Hà Nội,dai_hoc,KV_HN_TX,Thanh Xuân,Thanh Xuân,Hà Nội,4,truc_tiep,150000,excel,hoat_dong,2026-04-03,MON_TOAN,Toán,tu_nhien,LOP_06,Lớp 6,thcs,150000,,,
GS_EX_0465,Hoàng Hoàng Thảo,nu,2000,Thac si,Ngôn ngữ Anh,DH_SP_HCM,Đại học Sư phạm TP.HCM,dai_hoc,KV_HN_NTL,Nam Từ Liêm,Nam Từ Liêm,Hà Nội,6,truc_tiep,150000,excel,hoat_dong,2026-04-03,MON_LY,Vật lý,tu_nhien,LOP_10,Lớp 10,thpt,150000,,,
GS_EX_0466,Lý Thị Thu,nu,2003,Thac si,Ngôn ngữ Anh,DH_DN,Đại học Đà Nẵng,dai_hoc,KV_DN_HC,Hải Châu,Hải Châu,Đà Nẵng,5,truc_tiep,180000,excel,hoat_dong,2026-04-03,MON_VAN,Ngữ văn,xa_hoi,LOP_06,Lớp 6,thcs,180000,HS_EX_0525,4.85,2026-03-17
GS_EX_0467,Ngô Thu Châu,nu,1999,Ky su,Sư phạm Toán,DH_BK_HN,Đại học Bách Khoa Hà Nội,dai_hoc,KV_HN_HK,Hoàn Kiếm,Hoàn Kiếm,Hà Nội,4,truc_tiep,180000,excel,hoat_dong,2026-04-03,MON_TOAN,Toán,tu_nhien,LOP_09,Lớp 9,thcs,180000,HS_EX_0006,4.42,2026-03-29
GS_EX_0468,Lê Mai Trang,nu,1995,Thac si,Ngôn ngữ Anh,DH_CNTT,Đại học Công nghệ Thông tin TP.HCM,dai_hoc,KV_HN_LB,Long Biên,Long Biên,Hà Nội,4,truc_tiep,180000,excel,hoat_dong,2026-04-03,MON_TOAN,Toán,tu_nhien,LOP_09,Lớp 9,thcs,180000,HS_EX_0608,4.25,2026-03-11
GS_EX_0469,Hoàng Trọng Nam,nam,1998,Thac si,Sư phạm Toán,DH_KHTN_HN,Đại học Khoa học Tự nhiên Hà Nội,dai_hoc,KV_HN_BD,Ba Đình,Ba Đình,Hà Nội,3,online,250000,excel,hoat_dong,2026-04-03,MON_VAN,Ngữ văn,xa_hoi,LOP_09,Lớp 9,thcs,250000,HS_EX_0467,4.69,2026-03-18
GS_EX_0470,Trần Đình Hùng,nam,2001,Thac si,Quản trị Kinh doanh,DH_FPT,Đại học FPT,dai_hoc,KV_DN_ST,Sơn Trà,Sơn Trà,Đà Nẵng,1,truc_tiep,200000,excel,hoat_dong,2026-04-03,MON_TOAN,Toán,tu_nhien,LOP_06,Lớp 6,thcs,200000,HS_EX_0784,3.6,2026-03-24
GS_EX_0471,Nguyễn Hải Cường,nam,1995,Thac si,Quản trị Kinh doanh,DH_DN,Đại học Đà Nẵng,dai_hoc,KV_HCM_PN,Phú Nhuận,Phú Nhuận,Hồ Chí Minh,7,truc_tiep,180000,excel,hoat_dong,2026-04-03,MON_VAN,Ngữ văn,xa_hoi,LOP_12,Lớp 12,thpt,180000,HS_EX_0296,4.79,2026-03-12
GS_EX_0472,Dương Thái Huy,nam,1997,Ky su,Ngôn ngữ Anh,DH_SP_HN,Đại học Sư phạm Hà Nội,dai_hoc,KV_DN_LC,Liên Chiểu,Liên Chiểu,Đà Nẵng,3,online,150000,excel,hoat_dong,2026-04-03,MON_ANH,Tiếng Anh,ngoai_ngu,LOP_09,Lớp 9,thcs,150000,HS_EX_0867,3.51,2026-03-06
GS_EX_0473,Lê Hữu Đạt,nam,1999,Thac si,Công nghệ thông tin,DH_QGHN,Đại học Quốc gia Hà Nội,dai_hoc,KV_HN_HBT,Hai Bà Trưng,Hai Bà Trưng,Hà Nội,8,ca_hai,250000,excel,hoat_dong,2026-04-03,MON_ANH,Tiếng Anh,ngoai_ngu,LOP_06,Lớp 6,thcs,250000,HS_EX_0707,3.75,2026-03-31
GS_EX_0474,Trần Trọng Tuấn,nam,2000,Cu nhan,Ngôn ngữ Anh,DH_BK_HCM,Đại học Bách Khoa TP.HCM,dai_hoc,KV_DN_ST,Sơn Trà,Sơn Trà,Đà Nẵng,7,ca_hai,200000,excel,hoat_dong,2026-04-03,MON_ANH,Tiếng Anh,ngoai_ngu,LOP_12,Lớp 12,thpt,200000,HS_EX_0203,4.54,2026-03-10
GS_EX_0475,Dương Quang Nam,nam,2001,Thac si,Ngôn ngữ Anh,DH_NT_HN,Đại học Ngoại thương Hà Nội,dai_hoc,KV_HN_HBT,Hai Bà Trưng,Hai Bà Trưng,Hà Nội,1,ca_hai,150000,excel,hoat_dong,2026-04-03,MON_VAN,Ngữ văn,xa_hoi,LOP_12,Lớp 12,thpt,150000,HS_EX_0541,4.87,2026-03-31
GS_EX_0476,Hoàng Ngọc Châu,nu,2003,Ky su,Công nghệ thông tin,DH_SP_HN,Đại học Sư phạm Hà Nội,dai_hoc,KV_HCM_Q5,Quận 5,Quận 5,Hồ Chí Minh,2,ca_hai,200000,excel,hoat_dong,2026-04-03,MON_VAN,Ngữ văn,xa_hoi,LOP_10,Lớp 10,thpt,200000,HS_EX_0600,4.83,2026-03-07
GS_EX_0477,Đỗ Đức Khoa,nam,1999,Thac si,Sư phạm Toán,DH_KT_DN,Đại học Kinh tế Đà Nẵng,dai_hoc,KV_DN_ST,Sơn Trà,Sơn Trà,Đà Nẵng,8,online,200000,excel,hoat_dong,2026-04-03,MON_VAN,Ngữ văn,xa_hoi,LOP_09,Lớp 9,thcs,200000,HS_EX_0609,3.66,2026-03-08
GS_EX_0478,Đỗ Thu Linh,nu,2000,Thac si,Sư phạm Toán,DH_SP_HN,Đại học Sư phạm Hà Nội,dai_hoc,KV_DN_ST,Sơn Trà,Sơn Trà,Đà Nẵng,4,online,200000,excel,hoat_dong,2026-04-03,MON_ANH,Tiếng Anh,ngoai_ngu,LOP_09,Lớp 9,thcs,200000,HS_EX_0276,3.92,2026-03-14
GS_EX_0479,Dương Thu Trang,nu,1995,Ky su,Công nghệ thông tin,DH_TM,Đại học Thương mại,dai_hoc,KV_HCM_PN,Phú Nhuận,Phú Nhuận,Hồ Chí Minh,7,online,150000,excel,hoat_dong,2026-04-03,MON_LY,Vật lý,tu_nhien,LOP_09,Lớp 9,thcs,150000,HS_EX_0751,4.03,2026-03-20
GS_EX_0480,Vũ Thanh Trang,nu,1997,Cu nhan,Sư phạm Toán,DH_DN,Đại học Đà Nẵng,dai_hoc,KV_HCM_Q7,Quận 7,Quận 7,Hồ Chí Minh,4,online,250000,excel,hoat_dong,2026-04-03,MON_TOAN,Toán,tu_nhien,LOP_10,Lớp 10,thpt,250000,HS_EX_0416,3.69,2026-03-05
GS_EX_0481,Phạm Bảo Thảo,nu,1996,Cu nhan,Ngôn ngữ Anh,DH_FPT,Đại học FPT,dai_hoc,KV_HCM_Q8,Quận 8,Quận 8,Hồ Chí Minh,4,ca_hai,180000,excel,hoat_dong,2026-04-03,MON_VAN,Ngữ văn,xa_hoi,LOP_06,Lớp 6,thcs,180000,HS_EX_0126,3.68,2026-03-05
GS_EX_0482,Nguyễn Minh Tuấn,nam,2001,Cu nhan,Sư phạm Toán,DH_BK_HCM,Đại học Bách Khoa TP.HCM,dai_hoc,KV_HN_TX,Thanh Xuân,Thanh Xuân,Hà Nội,8,ca_hai,200000,excel,hoat_dong,2026-04-03,MON_LY,Vật lý,tu_nhien,LOP_06,Lớp 6,thcs,200000,HS_EX_0246,3.51,2026-03-13
GS_EX_0483,Phạm Xuân Trang,nu,1998,Ky su,Quản trị Kinh doanh,DH_DN,Đại học Đà Nẵng,dai_hoc,KV_HCM_TD,Thủ Đức,Thủ Đức,Hồ Chí Minh,4,truc_tiep,250000,excel,hoat_dong,2026-04-03,MON_VAN,Ngữ văn,xa_hoi,LOP_06,Lớp 6,thcs,250000,HS_EX_0027,4.03,2026-03-17
GS_EX_0484,Nguyễn Thị Châu,nu,1998,Ky su,Quản trị Kinh doanh,DH_KHTN_HCM,Đại học Khoa học Tự nhiên TP.HCM,dai_hoc,KV_HCM_Q7,Quận 7,Quận 7,Hồ Chí Minh,3,online,200000,excel,hoat_dong,2026-04-03,MON_ANH,Tiếng Anh,ngoai_ngu,LOP_10,Lớp 10,thpt,200000,HS_EX_0510,4.59,2026-03-18
GS_EX_0485,Nguyễn Văn Nam,nam,2000,Cu nhan,Quản trị Kinh doanh,DH_KHTN_HCM,Đại học Khoa học Tự nhiên TP.HCM,dai_hoc,KV_HN_HD,Hà Đông,Hà Đông,Hà Nội,3,truc_tiep,250000,excel,hoat_dong,2026-04-03,MON_ANH,Tiếng Anh,ngoai_ngu,LOP_06,Lớp 6,thcs,250000,HS_EX_0988,4.04,2026-03-31
GS_EX_0486,Phạm Bảo Linh,nu,1995,Thac si,Ngôn ngữ Anh,DH_NL_HCM,Đại học Nông Lâm TP.HCM,dai_hoc,KV_DN_TK,Thanh Khê,Thanh Khê,Đà Nẵng,6,ca_hai,150000,excel,hoat_dong,2026-04-03,MON_LY,Vật lý,tu_nhien,LOP_12,Lớp 12,thpt,150000,HS_EX_0408,4.27,2026-03-20
GS_EX_0487,Trần Hải Kiệt,nam,2002,Cu nhan,Sư phạm Toán,DH_KTQD,Đại học Kinh tế Quốc dân,dai_hoc,KV_HN_HM,Hoàng Mai,Hoàng Mai,Hà Nội,8,truc_tiep,250000,excel,hoat_dong,2026-04-03,MON_VAN,Ngữ văn,xa_hoi,LOP_06,Lớp 6,thcs,250000,HS_EX_0392,3.74,2026-03-27
GS_EX_0488,Nguyễn Văn Tuấn,nam,2002,Thac si,Công nghệ thông tin,DH_SP_HN,Đại học Sư phạm Hà Nội,dai_hoc,KV_HCM_BT,Bình Thạnh,Bình Thạnh,Hồ Chí Minh,1,online,200000,excel,hoat_dong,2026-04-03,MON_TOAN,Toán,tu_nhien,LOP_12,Lớp 12,thpt,200000,HS_EX_0482,3.56,2026-03-15
GS_EX_0489,Nguyễn Thị Châu,nu,1998,Ky su,Quản trị Kinh doanh,DH_KTQD,Đại học Kinh tế Quốc dân,dai_hoc,KV_HN_HM,Hoàng Mai,Hoàng Mai,Hà Nội,7,online,200000,excel,hoat_dong,2026-04-03,MON_TOAN,Toán,tu_nhien,LOP_10,Lớp 10,thpt,200000,HS_EX_0880,4.14,2026-03-10
GS_EX_0490,Hoàng Thái Tuấn,nam,1999,Thac si,Công nghệ thông tin,DH_Y_HCM,Đại học Y Dược TP.HCM,dai_hoc,KV_HN_TH,Tây Hồ,Tây Hồ,Hà Nội,6,truc_tiep,180000,excel,hoat_dong,2026-04-03,MON_TOAN,Toán,tu_nhien,LOP_10,Lớp 10,thpt,180000,HS_EX_0776,3.65,2026-03-18
GS_EX_0491,Trần Đình Đức,nam,2002,Thac si,Sư phạm Toán,DH_NL_HCM,Đại học Nông Lâm TP.HCM,dai_hoc,KV_HN_TX,Thanh Xuân,Thanh Xuân,Hà Nội,1,online,200000,excel,hoat_dong,2026-04-03,MON_TOAN,Toán,tu_nhien,LOP_12,Lớp 12,thpt,200000,HS_EX_0083,4.6,2026-03-22
GS_EX_0492,Lý Thái Khoa,nam,2003,Cu nhan,Sư phạm Toán,DH_KT_DN,Đại học Kinh tế Đà Nẵng,dai_hoc,KV_HN_BD,Ba Đình,Ba Đình,Hà Nội,8,ca_hai,200000,excel,hoat_dong,2026-04-03,MON_TOAN,Toán,tu_nhien,LOP_09,Lớp 9,thcs,200000,,,
GS_EX_0493,Trần Bảo Vy,nu,1999,Ky su,Công nghệ thông tin,DH_KHTN_HCM,Đại học Khoa học Tự nhiên TP.HCM,dai_hoc,KV_HCM_Q3,Quận 3,Quận 3,Hồ Chí Minh,3,ca_hai,180000,excel,hoat_dong,2026-04-03,MON_VAN,Ngữ văn,xa_hoi,LOP_10,Lớp 10,thpt,180000,HS_EX_0963,4.36,2026-03-16
GS_EX_0494,Đặng Hải Đạt,nam,1999,Ky su,Ngôn ngữ Anh,DH_XD,Đại học Xây dựng Hà Nội,dai_hoc,KV_DN_CL,Cẩm Lệ,Cẩm Lệ,Đà Nẵng,6,truc_tiep,250000,excel,hoat_dong,2026-04-03,MON_LY,Vật lý,tu_nhien,LOP_12,Lớp 12,thpt,250000,,,
GS_EX_0495,Ngô Thị Nhung,nu,2000,Ky su,Công nghệ thông tin,DH_KHTN_HCM,Đại học Khoa học Tự nhiên TP.HCM,dai_hoc,KV_HN_HM,Hoàng Mai,Hoàng Mai,Hà Nội,4,ca_hai,180000,excel,hoat_dong,2026-04-03,MON_TOAN,Toán,tu_nhien,LOP_06,Lớp 6,thcs,180000,HS_EX_0164,3.95,2026-04-02
GS_EX_0496,Ngô Hữu Nam,nam,2003,Cu nhan,Sư phạm Toán,DH_BK_HN,Đại học Bách Khoa Hà Nội,dai_hoc,KV_DN_ST,Sơn Trà,Sơn Trà,Đà Nẵng,7,ca_hai,250000,excel,hoat_dong,2026-04-03,MON_VAN,Ngữ văn,xa_hoi,LOP_10,Lớp 10,thpt,250000,,,
GS_EX_0497,Phạm Thái Kiệt,nam,1997,Cu nhan,Sư phạm Toán,DH_SP_HN,Đại học Sư phạm Hà Nội,dai_hoc,KV_HCM_TB,Tân Bình,Tân Bình,Hồ Chí Minh,6,truc_tiep,180000,excel,hoat_dong,2026-04-03,MON_TOAN,Toán,tu_nhien,LOP_09,Lớp 9,thcs,180000,HS_EX_0552,4.41,2026-03-18
GS_EX_0498,Đặng Xuân Trang,nu,1995,Thac si,Sư phạm Toán,DH_CNTT,Đại học Công nghệ Thông tin TP.HCM,dai_hoc,KV_HCM_Q1,Quận 1,Quận 1,Hồ Chí Minh,6,ca_hai,250000,excel,hoat_dong,2026-04-03,MON_ANH,Tiếng Anh,ngoai_ngu,LOP_10,Lớp 10,thpt,250000,HS_EX_0763,4.72,2026-04-01
GS_EX_0499,Vũ Văn Huy,nam,2000,Cu nhan,Sư phạm Toán,DH_SP_HCM,Đại học Sư phạm TP.HCM,dai_hoc,KV_DN_NHS,Ngũ Hành Sơn,Ngũ Hành Sơn,Đà Nẵng,1,ca_hai,250000,excel,hoat_dong,2026-04-03,MON_ANH,Tiếng Anh,ngoai_ngu,LOP_12,Lớp 12,thpt,250000,HS_EX_0347,3.86,2026-03-23
GS_EX_0500,Bùi Xuân Thảo,nu,1999,Thac si,Ngôn ngữ Anh,DH_BK_HCM,Đại học Bách Khoa TP.HCM,dai_hoc,KV_HN_CG,Cầu Giấy,Cầu Giấy,Hà Nội,3,ca_hai,180000,excel,hoat_dong,2026-04-03,MON_VAN,Ngữ văn,xa_hoi,LOP_10,Lớp 10,thpt,180000,HS_EX_0204,4.36,2026-03-31
GS_EX_0501,Dương Hữu Kiệt,nam,2000,Cu nhan,Quản trị Kinh doanh,DH_UEH,Đại học Kinh tế TP.HCM,dai_hoc,KV_HN_LB,Long Biên,Long Biên,Hà Nội,6,ca_hai,150000,excel,hoat_dong,2026-04-03,MON_VAN,Ngữ văn,xa_hoi,LOP_12,Lớp 12,thpt,150000,HS_EX_0195,4.67,2026-03-15
GS_EX_0502,Nguyễn Minh Đức,nam,1998,Thac si,Công nghệ thông tin,DH_KHTN_HCM,Đại học Khoa học Tự nhiên TP.HCM,dai_hoc,KV_HN_NTL,Nam Từ Liêm,Nam Từ Liêm,Hà Nội,1,truc_tiep,150000,excel,hoat_dong,2026-04-03,MON_VAN,Ngữ văn,xa_hoi,LOP_10,Lớp 10,thpt,150000,HS_EX_0414,4.55,2026-04-01
GS_EX_0503,Bùi Thị Vy,nu,1998,Thac si,Quản trị Kinh doanh,DH_BK_HCM,Đại học Bách Khoa TP.HCM,dai_hoc,KV_HCM_Q1,Quận 1,Quận 1,Hồ Chí Minh,4,ca_hai,150000,excel,hoat_dong,2026-04-03,MON_LY,Vật lý,tu_nhien,LOP_06,Lớp 6,thcs,150000,,,
GS_EX_0504,Trần Hồng Thu,nu,2002,Thac si,Công nghệ thông tin,DH_NT_HN,Đại học Ngoại thương Hà Nội,dai_hoc,KV_HCM_Q1,Quận 1,Quận 1,Hồ Chí Minh,7,truc_tiep,180000,excel,hoat_dong,2026-04-03,MON_TOAN,Toán,tu_nhien,LOP_12,Lớp 12,thpt,180000,HS_EX_0696,3.98,2026-03-26
GS_EX_0505,Trần Thanh Hân,nu,2003,Ky su,Quản trị Kinh doanh,DH_UEH,Đại học Kinh tế TP.HCM,dai_hoc,KV_HCM_Q3,Quận 3,Quận 3,Hồ Chí Minh,5,truc_tiep,150000,excel,hoat_dong,2026-04-03,MON_ANH,Tiếng Anh,ngoai_ngu,LOP_12,Lớp 12,thpt,150000,,,
GS_EX_0506,Đặng Hồng Trang,nu,1998,Cu nhan,Ngôn ngữ Anh,DH_SP_HCM,Đại học Sư phạm TP.HCM,dai_hoc,KV_HN_HBT,Hai Bà Trưng,Hai Bà Trưng,Hà Nội,3,truc_tiep,250000,excel,hoat_dong,2026-04-03,MON_LY,Vật lý,tu_nhien,LOP_09,Lớp 9,thcs,250000,HS_EX_0498,4.89,2026-03-19
GS_EX_0507,Trần Hữu Cường,nam,1997,Ky su,Quản trị Kinh doanh,DH_BK_HCM,Đại học Bách Khoa TP.HCM,dai_hoc,KV_HCM_Q3,Quận 3,Quận 3,Hồ Chí Minh,1,ca_hai,150000,excel,hoat_dong,2026-04-03,MON_ANH,Tiếng Anh,ngoai_ngu,LOP_12,Lớp 12,thpt,150000,HS_EX_0176,4.19,2026-03-18
GS_EX_0508,Vũ Hoàng Linh,nu,1996,Thac si,Sư phạm Toán,DH_UEH,Đại học Kinh tế TP.HCM,dai_hoc,KV_DN_TK,Thanh Khê,Thanh Khê,Đà Nẵng,5,online,200000,excel,hoat_dong,2026-04-03,MON_ANH,Tiếng Anh,ngoai_ngu,LOP_12,Lớp 12,thpt,200000,HS_EX_0354,3.7,2026-03-07
GS_EX_0509,Đặng Bảo Châu,nu,2000,Thac si,Công nghệ thông tin,DH_Y_HCM,Đại học Y Dược TP.HCM,dai_hoc,KV_HN_NTL,Nam Từ Liêm,Nam Từ Liêm,Hà Nội,8,online,200000,excel,hoat_dong,2026-04-03,MON_TOAN,Toán,tu_nhien,LOP_06,Lớp 6,thcs,200000,HS_EX_0074,3.97,2026-03-31
GS_EX_0510,Bùi Trọng Đức,nam,2002,Thac si,Công nghệ thông tin,DH_Y_HN,Đại học Y Hà Nội,dai_hoc,KV_HN_HBT,Hai Bà Trưng,Hai Bà Trưng,Hà Nội,3,truc_tiep,180000,excel,hoat_dong,2026-04-03,MON_LY,Vật lý,tu_nhien,LOP_12,Lớp 12,thpt,180000,HS_EX_0206,3.99,2026-03-28
GS_EX_0511,Phạm Văn Đức,nam,1998,Cu nhan,Ngôn ngữ Anh,DH_CNTT,Đại học Công nghệ Thông tin TP.HCM,dai_hoc,KV_HCM_PN,Phú Nhuận,Phú Nhuận,Hồ Chí Minh,4,online,180000,excel,hoat_dong,2026-04-03,MON_ANH,Tiếng Anh,ngoai_ngu,LOP_12,Lớp 12,thpt,180000,HS_EX_0363,4.42,2026-03-25
GS_EX_0512,Nguyễn Văn Nam,nam,2000,Ky su,Quản trị Kinh doanh,DH_Y_HN,Đại học Y Hà Nội,dai_hoc,KV_HN_NTL,Nam Từ Liêm,Nam Từ Liêm,Hà Nội,3,online,150000,excel,hoat_dong,2026-04-03,MON_TOAN,Toán,tu_nhien,LOP_10,Lớp 10,thpt,150000,HS_EX_0960,3.76,2026-03-13
GS_EX_0513,Lê Thanh Mai,nu,1995,Ky su,Công nghệ thông tin,DH_FPT,Đại học FPT,dai_hoc,KV_HN_TX,Thanh Xuân,Thanh Xuân,Hà Nội,5,online,180000,excel,hoat_dong,2026-04-03,MON_ANH,Tiếng Anh,ngoai_ngu,LOP_10,Lớp 10,thpt,180000,HS_EX_0912,4.1,2026-03-19
GS_EX_0514,Dương Hữu Phú,nam,1996,Cu nhan,Công nghệ thông tin,DH_SP_HCM,Đại học Sư phạm TP.HCM,dai_hoc,KV_HN_LB,Long Biên,Long Biên,Hà Nội,1,truc_tiep,150000,excel,hoat_dong,2026-04-03,MON_ANH,Tiếng Anh,ngoai_ngu,LOP_12,Lớp 12,thpt,150000,HS_EX_0771,4.53,2026-03-19
GS_EX_0515,Hoàng Thị An,nu,2001,Ky su,Quản trị Kinh doanh,DH_CNTT,Đại học Công nghệ Thông tin TP.HCM,dai_hoc,KV_DN_CL,Cẩm Lệ,Cẩm Lệ,Đà Nẵng,4,ca_hai,200000,excel,hoat_dong,2026-04-03,MON_ANH,Tiếng Anh,ngoai_ngu,LOP_10,Lớp 10,thpt,200000,HS_EX_0114,4.03,2026-03-26
GS_EX_0516,Nguyễn Hải Nam,nam,2000,Cu nhan,Ngôn ngữ Anh,DH_KT_DN,Đại học Kinh tế Đà Nẵng,dai_hoc,KV_HCM_PN,Phú Nhuận,Phú Nhuận,Hồ Chí Minh,1,ca_hai,150000,excel,hoat_dong,2026-04-03,MON_VAN,Ngữ văn,xa_hoi,LOP_10,Lớp 10,thpt,150000,HS_EX_0806,3.82,2026-03-13
GS_EX_0517,Nguyễn Hữu Huy,nam,2001,Thac si,Công nghệ thông tin,DH_BK_HN,Đại học Bách Khoa Hà Nội,dai_hoc,KV_HN_HD,Hà Đông,Hà Đông,Hà Nội,3,online,250000,excel,hoat_dong,2026-04-03,MON_VAN,Ngữ văn,xa_hoi,LOP_12,Lớp 12,thpt,250000,HS_EX_0628,4.41,2026-03-10
GS_EX_0518,Nguyễn Đức Nam,nam,2003,Thac si,Ngôn ngữ Anh,DH_FPT,Đại học FPT,dai_hoc,KV_HN_TX,Thanh Xuân,Thanh Xuân,Hà Nội,8,ca_hai,180000,excel,hoat_dong,2026-04-03,MON_ANH,Tiếng Anh,ngoai_ngu,LOP_10,Lớp 10,thpt,180000,HS_EX_0853,3.58,2026-03-27
GS_EX_0519,Lê Đức Hùng,nam,1999,Thac si,Công nghệ thông tin,DH_Y_HN,Đại học Y Hà Nội,dai_hoc,KV_HCM_TP,Tân Phú,Tân Phú,Hồ Chí Minh,7,truc_tiep,180000,excel,hoat_dong,2026-04-03,MON_LY,Vật lý,tu_nhien,LOP_06,Lớp 6,thcs,180000,HS_EX_0175,4.75,2026-03-10
GS_EX_0520,Đặng Xuân Nhung,nu,1998,Cu nhan,Ngôn ngữ Anh,DH_SP_HN,Đại học Sư phạm Hà Nội,dai_hoc,KV_HN_BTL,Bắc Từ Liêm,Bắc Từ Liêm,Hà Nội,5,online,180000,excel,hoat_dong,2026-04-03,MON_LY,Vật lý,tu_nhien,LOP_10,Lớp 10,thpt,180000,HS_EX_0841,3.71,2026-03-06
GS_EX_0521,Bùi Minh Kiệt,nam,1999,Cu nhan,Công nghệ thông tin,DH_SP_HCM,Đại học Sư phạm TP.HCM,dai_hoc,KV_HN_TH,Tây Hồ,Tây Hồ,Hà Nội,2,ca_hai,250000,excel,hoat_dong,2026-04-03,MON_LY,Vật lý,tu_nhien,LOP_10,Lớp 10,thpt,250000,HS_EX_0870,3.56,2026-03-08
GS_EX_0522,Vũ Thanh Thảo,nu,1998,Ky su,Quản trị Kinh doanh,DH_KT_DN,Đại học Kinh tế Đà Nẵng,dai_hoc,KV_DN_ST,Sơn Trà,Sơn Trà,Đà Nẵng,4,truc_tiep,200000,excel,hoat_dong,2026-04-03,MON_TOAN,Toán,tu_nhien,LOP_10,Lớp 10,thpt,200000,HS_EX_0026,3.7,2026-03-14
GS_EX_0523,Hoàng Hồng Linh,nu,2001,Ky su,Quản trị Kinh doanh,DH_BK_HCM,Đại học Bách Khoa TP.HCM,dai_hoc,KV_HN_TH,Tây Hồ,Tây Hồ,Hà Nội,4,online,250000,excel,hoat_dong,2026-04-03,MON_LY,Vật lý,tu_nhien,LOP_09,Lớp 9,thcs,250000,HS_EX_0368,4.82,2026-03-30
GS_EX_0524,Bùi Hữu Đức,nam,2003,Ky su,Quản trị Kinh doanh,DH_Y_HN,Đại học Y Hà Nội,dai_hoc,KV_HCM_Q5,Quận 5,Quận 5,Hồ Chí Minh,7,truc_tiep,180000,excel,hoat_dong,2026-04-03,MON_ANH,Tiếng Anh,ngoai_ngu,LOP_12,Lớp 12,thpt,180000,HS_EX_0771,4.43,2026-03-27
GS_EX_0525,Phạm Hải Kiệt,nam,1995,Thac si,Sư phạm Toán,DH_NL_HCM,Đại học Nông Lâm TP.HCM,dai_hoc,KV_HCM_BT,Bình Thạnh,Bình Thạnh,Hồ Chí Minh,2,online,250000,excel,hoat_dong,2026-04-03,MON_TOAN,Toán,tu_nhien,LOP_12,Lớp 12,thpt,250000,HS_EX_0802,4.17,2026-03-05
GS_EX_0526,Đặng Minh Kiệt,nam,2001,Ky su,Quản trị Kinh doanh,DH_KTQD,Đại học Kinh tế Quốc dân,dai_hoc,KV_HN_HBT,Hai Bà Trưng,Hai Bà Trưng,Hà Nội,6,ca_hai,180000,excel,hoat_dong,2026-04-03,MON_LY,Vật lý,tu_nhien,LOP_10,Lớp 10,thpt,180000,HS_EX_0054,4.87,2026-03-28
GS_EX_0527,Lý Đình Phú,nam,1995,Ky su,Ngôn ngữ Anh,DH_Y_HCM,Đại học Y Dược TP.HCM,dai_hoc,KV_HCM_TD,Thủ Đức,Thủ Đức,Hồ Chí Minh,4,ca_hai,200000,excel,hoat_dong,2026-04-03,MON_LY,Vật lý,tu_nhien,LOP_09,Lớp 9,thcs,200000,HS_EX_0283,4.96,2026-03-25
GS_EX_0528,Hoàng Minh Tuấn,nam,2001,Ky su,Công nghệ thông tin,DH_KHTN_HCM,Đại học Khoa học Tự nhiên TP.HCM,dai_hoc,KV_HCM_PN,Phú Nhuận,Phú Nhuận,Hồ Chí Minh,7,online,200000,excel,hoat_dong,2026-04-03,MON_TOAN,Toán,tu_nhien,LOP_09,Lớp 9,thcs,200000,,,
GS_EX_0529,Nguyễn Hữu Nam,nam,2002,Cu nhan,Công nghệ thông tin,DH_FPT,Đại học FPT,dai_hoc,KV_HCM_GV,Gò Vấp,Gò Vấp,Hồ Chí Minh,7,ca_hai,180000,excel,hoat_dong,2026-04-03,MON_VAN,Ngữ văn,xa_hoi,LOP_12,Lớp 12,thpt,180000,HS_EX_0529,4.8,2026-03-30
GS_EX_0530,Vũ Đình Tuấn,nam,1997,Cu nhan,Công nghệ thông tin,DH_CNTT,Đại học Công nghệ Thông tin TP.HCM,dai_hoc,KV_HCM_TD,Thủ Đức,Thủ Đức,Hồ Chí Minh,8,online,180000,excel,hoat_dong,2026-04-03,MON_ANH,Tiếng Anh,ngoai_ngu,LOP_10,Lớp 10,thpt,180000,HS_EX_0074,4.83,2026-03-27
GS_EX_0531,Hoàng Đức Huy,nam,2002,Thac si,Công nghệ thông tin,DH_Y_HCM,Đại học Y Dược TP.HCM,dai_hoc,KV_DN_ST,Sơn Trà,Sơn Trà,Đà Nẵng,2,truc_tiep,180000,excel,hoat_dong,2026-04-03,MON_TOAN,Toán,tu_nhien,LOP_12,Lớp 12,thpt,180000,HS_EX_0467,4.15,2026-03-15
GS_EX_0532,Đặng Ngọc An,nu,2003,Ky su,Sư phạm Toán,DH_KT_DN,Đại học Kinh tế Đà Nẵng,dai_hoc,KV_DN_HC,Hải Châu,Hải Châu,Đà Nẵng,6,truc_tiep,150000,excel,hoat_dong,2026-04-03,MON_LY,Vật lý,tu_nhien,LOP_12,Lớp 12,thpt,150000,HS_EX_0972,4.92,2026-03-21
GS_EX_0533,Nguyễn Hải Đức,nam,1997,Cu nhan,Sư phạm Toán,DH_TM,Đại học Thương mại,dai_hoc,KV_HCM_GV,Gò Vấp,Gò Vấp,Hồ Chí Minh,7,ca_hai,200000,excel,hoat_dong,2026-04-03,MON_ANH,Tiếng Anh,ngoai_ngu,LOP_06,Lớp 6,thcs,200000,,,
GS_EX_0534,Lê Minh Tuấn,nam,1997,Ky su,Sư phạm Toán,DH_QGHN,Đại học Quốc gia Hà Nội,dai_hoc,KV_HCM_BT,Bình Thạnh,Bình Thạnh,Hồ Chí Minh,8,truc_tiep,150000,excel,hoat_dong,2026-04-03,MON_ANH,Tiếng Anh,ngoai_ngu,LOP_06,Lớp 6,thcs,150000,,,
GS_EX_0535,Lê Quang Nam,nam,1996,Ky su,Công nghệ thông tin,DH_FPT,Đại học FPT,dai_hoc,KV_HN_CG,Cầu Giấy,Cầu Giấy,Hà Nội,3,truc_tiep,200000,excel,hoat_dong,2026-04-03,MON_TOAN,Toán,tu_nhien,LOP_09,Lớp 9,thcs,200000,HS_EX_0140,4.26,2026-03-09
GS_EX_0536,Nguyễn Thu Mai,nu,1996,Thac si,Quản trị Kinh doanh,DH_SP_HN,Đại học Sư phạm Hà Nội,dai_hoc,KV_HCM_TB,Tân Bình,Tân Bình,Hồ Chí Minh,3,online,150000,excel,hoat_dong,2026-04-03,MON_ANH,Tiếng Anh,ngoai_ngu,LOP_12,Lớp 12,thpt,150000,HS_EX_0701,3.76,2026-03-17
GS_EX_0537,Bùi Hoàng Vy,nu,1999,Ky su,Quản trị Kinh doanh,DH_GTVT,Đại học Giao thông Vận tải,dai_hoc,KV_HCM_Q4,Quận 4,Quận 4,Hồ Chí Minh,7,truc_tiep,150000,excel,hoat_dong,2026-04-03,MON_VAN,Ngữ văn,xa_hoi,LOP_09,Lớp 9,thcs,150000,HS_EX_0572,3.79,2026-04-01
GS_EX_0538,Bùi Hữu Đạt,nam,1999,Ky su,Công nghệ thông tin,DH_BK_HCM,Đại học Bách Khoa TP.HCM,dai_hoc,KV_DN_ST,Sơn Trà,Sơn Trà,Đà Nẵng,7,truc_tiep,180000,excel,hoat_dong,2026-04-03,MON_ANH,Tiếng Anh,ngoai_ngu,LOP_10,Lớp 10,thpt,180000,,,
GS_EX_0539,Nguyễn Đình Kiệt,nam,1999,Cu nhan,Công nghệ thông tin,DH_QGHN,Đại học Quốc gia Hà Nội,dai_hoc,KV_HCM_Q1,Quận 1,Quận 1,Hồ Chí Minh,6,truc_tiep,180000,excel,hoat_dong,2026-04-03,MON_TOAN,Toán,tu_nhien,LOP_10,Lớp 10,thpt,180000,HS_EX_0545,4.76,2026-03-07
GS_EX_0540,Ngô Ngọc An,nu,1998,Cu nhan,Quản trị Kinh doanh,DH_SP_HN,Đại học Sư phạm Hà Nội,dai_hoc,KV_DN_HC,Hải Châu,Hải Châu,Đà Nẵng,3,truc_tiep,180000,excel,hoat_dong,2026-04-03,MON_VAN,Ngữ văn,xa_hoi,LOP_09,Lớp 9,thcs,180000,HS_EX_0531,4.94,2026-04-01
GS_EX_0541,Bùi Minh Phú,nam,1996,Ky su,Quản trị Kinh doanh,DH_KHTN_HN,Đại học Khoa học Tự nhiên Hà Nội,dai_hoc,KV_HCM_Q8,Quận 8,Quận 8,Hồ Chí Minh,1,truc_tiep,200000,excel,hoat_dong,2026-04-03,MON_VAN,Ngữ văn,xa_hoi,LOP_06,Lớp 6,thcs,200000,HS_EX_0471,4.12,2026-03-10
GS_EX_0542,Đặng Đình Phú,nam,2003,Cu nhan,Công nghệ thông tin,DH_XD,Đại học Xây dựng Hà Nội,dai_hoc,KV_HN_BD,Ba Đình,Ba Đình,Hà Nội,5,ca_hai,200000,excel,hoat_dong,2026-04-03,MON_TOAN,Toán,tu_nhien,LOP_12,Lớp 12,thpt,200000,,,
GS_EX_0543,Vũ Hoàng An,nu,1999,Cu nhan,Quản trị Kinh doanh,DH_GTVT,Đại học Giao thông Vận tải,dai_hoc,KV_HCM_GV,Gò Vấp,Gò Vấp,Hồ Chí Minh,5,truc_tiep,250000,excel,hoat_dong,2026-04-03,MON_LY,Vật lý,tu_nhien,LOP_10,Lớp 10,thpt,250000,HS_EX_0157,3.68,2026-03-07
GS_EX_0544,Đỗ Trọng Đức,nam,2003,Ky su,Sư phạm Toán,DH_Y_HN,Đại học Y Hà Nội,dai_hoc,KV_DN_TK,Thanh Khê,Thanh Khê,Đà Nẵng,8,online,150000,excel,hoat_dong,2026-04-03,MON_TOAN,Toán,tu_nhien,LOP_12,Lớp 12,thpt,150000,HS_EX_0810,4.72,2026-03-20
GS_EX_0545,Nguyễn Thu Thu,nu,1996,Cu nhan,Sư phạm Toán,DH_Y_HCM,Đại học Y Dược TP.HCM,dai_hoc,KV_HN_NTL,Nam Từ Liêm,Nam Từ Liêm,Hà Nội,5,ca_hai,200000,excel,hoat_dong,2026-04-03,MON_ANH,Tiếng Anh,ngoai_ngu,LOP_12,Lớp 12,thpt,200000,,,
GS_EX_0546,Đỗ Hồng Thảo,nu,2000,Cu nhan,Sư phạm Toán,DH_KT_DN,Đại học Kinh tế Đà Nẵng,dai_hoc,KV_HN_DD,Đống Đa,Đống Đa,Hà Nội,2,ca_hai,250000,excel,hoat_dong,2026-04-03,MON_ANH,Tiếng Anh,ngoai_ngu,LOP_12,Lớp 12,thpt,250000,HS_EX_0018,4.25,2026-03-31
GS_EX_0547,Vũ Trọng Nam,nam,2000,Cu nhan,Công nghệ thông tin,DH_NT_HN,Đại học Ngoại thương Hà Nội,dai_hoc,KV_HCM_Q10,Quận 10,Quận 10,Hồ Chí Minh,1,ca_hai,150000,excel,hoat_dong,2026-04-03,MON_TOAN,Toán,tu_nhien,LOP_10,Lớp 10,thpt,150000,HS_EX_0627,4.03,2026-03-25
GS_EX_0548,Nguyễn Xuân Linh,nu,1997,Thac si,Sư phạm Toán,DH_Y_HN,Đại học Y Hà Nội,dai_hoc,KV_HN_BTL,Bắc Từ Liêm,Bắc Từ Liêm,Hà Nội,4,truc_tiep,150000,excel,hoat_dong,2026-04-03,MON_VAN,Ngữ văn,xa_hoi,LOP_12,Lớp 12,thpt,150000,HS_EX_0086,4.93,2026-04-01
GS_EX_0549,Lý Bảo Nhung,nu,2003,Thac si,Công nghệ thông tin,DH_SP_HN,Đại học Sư phạm Hà Nội,dai_hoc,KV_HCM_TD,Thủ Đức,Thủ Đức,Hồ Chí Minh,4,truc_tiep,250000,excel,hoat_dong,2026-04-03,MON_ANH,Tiếng Anh,ngoai_ngu,LOP_09,Lớp 9,thcs,250000,HS_EX_0300,4.76,2026-03-12
GS_EX_0550,Lê Văn Kiệt,nam,1995,Ky su,Công nghệ thông tin,DH_Y_HN,Đại học Y Hà Nội,dai_hoc,KV_HCM_Q10,Quận 10,Quận 10,Hồ Chí Minh,5,ca_hai,250000,excel,hoat_dong,2026-04-03,MON_TOAN,Toán,tu_nhien,LOP_12,Lớp 12,thpt,250000,HS_EX_0049,4.17,2026-03-28
GS_EX_0551,Dương Thanh Vy,nu,1999,Cu nhan,Ngôn ngữ Anh,DH_Y_HCM,Đại học Y Dược TP.HCM,dai_hoc,KV_DN_CL,Cẩm Lệ,Cẩm Lệ,Đà Nẵng,4,ca_hai,150000,excel,hoat_dong,2026-04-03,MON_TOAN,Toán,tu_nhien,LOP_10,Lớp 10,thpt,150000,HS_EX_0866,4.58,2026-04-02
GS_EX_0552,Lý Đình Đạt,nam,2000,Ky su,Ngôn ngữ Anh,DH_BK_HN,Đại học Bách Khoa Hà Nội,dai_hoc,KV_HCM_PN,Phú Nhuận,Phú Nhuận,Hồ Chí Minh,3,online,180000,excel,hoat_dong,2026-04-03,MON_TOAN,Toán,tu_nhien,LOP_09,Lớp 9,thcs,180000,,,
GS_EX_0553,Trần Đức Đạt,nam,2003,Cu nhan,Quản trị Kinh doanh,DH_FPT,Đại học FPT,dai_hoc,KV_HCM_Q7,Quận 7,Quận 7,Hồ Chí Minh,7,truc_tiep,200000,excel,hoat_dong,2026-04-03,MON_LY,Vật lý,tu_nhien,LOP_12,Lớp 12,thpt,200000,HS_EX_0248,3.68,2026-03-28
GS_EX_0554,Hoàng Đình Khoa,nam,1999,Ky su,Công nghệ thông tin,DH_SP_HCM,Đại học Sư phạm TP.HCM,dai_hoc,KV_HCM_TD,Thủ Đức,Thủ Đức,Hồ Chí Minh,7,ca_hai,250000,excel,hoat_dong,2026-04-03,MON_VAN,Ngữ văn,xa_hoi,LOP_09,Lớp 9,thcs,250000,HS_EX_0150,3.9,2026-03-10
GS_EX_0555,Vũ Quang Tuấn,nam,1996,Ky su,Công nghệ thông tin,DH_UEH,Đại học Kinh tế TP.HCM,dai_hoc,KV_HCM_BT,Bình Thạnh,Bình Thạnh,Hồ Chí Minh,1,online,150000,excel,hoat_dong,2026-04-03,MON_VAN,Ngữ văn,xa_hoi,LOP_06,Lớp 6,thcs,150000,HS_EX_0678,4.69,2026-03-30
GS_EX_0556,Bùi Thu Mai,nu,2001,Cu nhan,Sư phạm Toán,DH_NT_HN,Đại học Ngoại thương Hà Nội,dai_hoc,KV_HN_LB,Long Biên,Long Biên,Hà Nội,4,ca_hai,250000,excel,hoat_dong,2026-04-03,MON_TOAN,Toán,tu_nhien,LOP_06,Lớp 6,thcs,250000,HS_EX_0793,4.4,2026-03-09
GS_EX_0557,Vũ Bảo Linh,nu,2002,Ky su,Quản trị Kinh doanh,DH_QGHN,Đại học Quốc gia Hà Nội,dai_hoc,KV_DN_LC,Liên Chiểu,Liên Chiểu,Đà Nẵng,3,online,200000,excel,hoat_dong,2026-04-03,MON_LY,Vật lý,tu_nhien,LOP_06,Lớp 6,thcs,200000,HS_EX_0453,4.65,2026-04-02
GS_EX_0558,Đặng Thanh Thảo,nu,2000,Cu nhan,Ngôn ngữ Anh,DH_DN,Đại học Đà Nẵng,dai_hoc,KV_HN_CG,Cầu Giấy,Cầu Giấy,Hà Nội,2,truc_tiep,150000,excel,hoat_dong,2026-04-03,MON_LY,Vật lý,tu_nhien,LOP_12,Lớp 12,thpt,150000,HS_EX_0120,4.68,2026-03-17
GS_EX_0559,Bùi Hồng Trang,nu,1998,Thac si,Sư phạm Toán,DH_SP_HN,Đại học Sư phạm Hà Nội,dai_hoc,KV_HN_HBT,Hai Bà Trưng,Hai Bà Trưng,Hà Nội,5,truc_tiep,200000,excel,hoat_dong,2026-04-03,MON_ANH,Tiếng Anh,ngoai_ngu,LOP_09,Lớp 9,thcs,200000,HS_EX_0383,3.77,2026-03-04
GS_EX_0560,Phạm Quang Phú,nam,1998,Thac si,Sư phạm Toán,DH_KT_DN,Đại học Kinh tế Đà Nẵng,dai_hoc,KV_DN_CL,Cẩm Lệ,Cẩm Lệ,Đà Nẵng,8,ca_hai,150000,excel,hoat_dong,2026-04-03,MON_VAN,Ngữ văn,xa_hoi,LOP_09,Lớp 9,thcs,150000,HS_EX_0743,4.53,2026-03-29
GS_EX_0561,Trần Đình Đạt,nam,1998,Thac si,Quản trị Kinh doanh,DH_XD,Đại học Xây dựng Hà Nội,dai_hoc,KV_DN_LC,Liên Chiểu,Liên Chiểu,Đà Nẵng,1,online,180000,excel,hoat_dong,2026-04-03,MON_VAN,Ngữ văn,xa_hoi,LOP_09,Lớp 9,thcs,180000,HS_EX_0519,4.86,2026-03-21
GS_EX_0562,Đỗ Hữu Khoa,nam,1997,Ky su,Quản trị Kinh doanh,DH_FPT,Đại học FPT,dai_hoc,KV_HN_HBT,Hai Bà Trưng,Hai Bà Trưng,Hà Nội,4,online,250000,excel,hoat_dong,2026-04-03,MON_TOAN,Toán,tu_nhien,LOP_10,Lớp 10,thpt,250000,HS_EX_0851,3.82,2026-03-16
GS_EX_0563,Vũ Hoàng Mai,nu,2000,Cu nhan,Công nghệ thông tin,DH_CNTT,Đại học Công nghệ Thông tin TP.HCM,dai_hoc,KV_HN_HD,Hà Đông,Hà Đông,Hà Nội,3,online,180000,excel,hoat_dong,2026-04-03,MON_TOAN,Toán,tu_nhien,LOP_09,Lớp 9,thcs,180000,HS_EX_0330,4.71,2026-03-15
GS_EX_0564,Nguyễn Mai Mai,nu,1999,Thac si,Ngôn ngữ Anh,DH_BK_HCM,Đại học Bách Khoa TP.HCM,dai_hoc,KV_DN_ST,Sơn Trà,Sơn Trà,Đà Nẵng,8,truc_tiep,250000,excel,hoat_dong,2026-04-03,MON_LY,Vật lý,tu_nhien,LOP_10,Lớp 10,thpt,250000,HS_EX_0635,4.86,2026-03-24
GS_EX_0565,Hoàng Mai Châu,nu,2000,Thac si,Công nghệ thông tin,DH_CNTT,Đại học Công nghệ Thông tin TP.HCM,dai_hoc,KV_HCM_TD,Thủ Đức,Thủ Đức,Hồ Chí Minh,6,truc_tiep,200000,excel,hoat_dong,2026-04-03,MON_VAN,Ngữ văn,xa_hoi,LOP_06,Lớp 6,thcs,200000,HS_EX_0377,3.82,2026-03-11
GS_EX_0566,Ngô Trọng Huy,nam,1995,Thac si,Quản trị Kinh doanh,DH_GTVT,Đại học Giao thông Vận tải,dai_hoc,KV_DN_ST,Sơn Trà,Sơn Trà,Đà Nẵng,2,ca_hai,200000,excel,hoat_dong,2026-04-03,MON_TOAN,Toán,tu_nhien,LOP_09,Lớp 9,thcs,200000,HS_EX_0349,4.44,2026-03-24
GS_EX_0567,Lý Thị Mai,nu,1998,Ky su,Quản trị Kinh doanh,DH_UEH,Đại học Kinh tế TP.HCM,dai_hoc,KV_HN_BD,Ba Đình,Ba Đình,Hà Nội,1,ca_hai,250000,excel,hoat_dong,2026-04-03,MON_ANH,Tiếng Anh,ngoai_ngu,LOP_10,Lớp 10,thpt,250000,HS_EX_0074,4.38,2026-03-08
GS_EX_0568,Lê Thanh An,nu,1997,Cu nhan,Quản trị Kinh doanh,DH_CNTT,Đại học Công nghệ Thông tin TP.HCM,dai_hoc,KV_DN_LC,Liên Chiểu,Liên Chiểu,Đà Nẵng,5,truc_tiep,250000,excel,hoat_dong,2026-04-03,MON_VAN,Ngữ văn,xa_hoi,LOP_10,Lớp 10,thpt,250000,HS_EX_0550,3.67,2026-03-21
GS_EX_0569,Đỗ Hoàng Hân,nu,1997,Ky su,Sư phạm Toán,DH_SP_HCM,Đại học Sư phạm TP.HCM,dai_hoc,KV_HCM_TP,Tân Phú,Tân Phú,Hồ Chí Minh,2,ca_hai,250000,excel,hoat_dong,2026-04-03,MON_ANH,Tiếng Anh,ngoai_ngu,LOP_10,Lớp 10,thpt,250000,HS_EX_0475,4.8,2026-03-17
GS_EX_0570,Đỗ Hồng Vy,nu,1995,Ky su,Sư phạm Toán,DH_KHTN_HCM,Đại học Khoa học Tự nhiên TP.HCM,dai_hoc,KV_HCM_TD,Thủ Đức,Thủ Đức,Hồ Chí Minh,5,online,200000,excel,hoat_dong,2026-04-03,MON_ANH,Tiếng Anh,ngoai_ngu,LOP_06,Lớp 6,thcs,200000,HS_EX_0408,4.75,2026-03-29
GS_EX_0571,Ngô Hoàng Vy,nu,1999,Ky su,Ngôn ngữ Anh,DH_BK_HN,Đại học Bách Khoa Hà Nội,dai_hoc,KV_HN_HK,Hoàn Kiếm,Hoàn Kiếm,Hà Nội,8,truc_tiep,180000,excel,hoat_dong,2026-04-03,MON_ANH,Tiếng Anh,ngoai_ngu,LOP_12,Lớp 12,thpt,180000,HS_EX_0364,4.96,2026-03-21
GS_EX_0572,Đặng Bảo Nhung,nu,1999,Thac si,Ngôn ngữ Anh,DH_KTQD,Đại học Kinh tế Quốc dân,dai_hoc,KV_HCM_GV,Gò Vấp,Gò Vấp,Hồ Chí Minh,5,ca_hai,180000,excel,hoat_dong,2026-04-03,MON_TOAN,Toán,tu_nhien,LOP_10,Lớp 10,thpt,180000,,,
GS_EX_0573,Phạm Trọng Kiệt,nam,1998,Thac si,Sư phạm Toán,DH_XD,Đại học Xây dựng Hà Nội,dai_hoc,KV_DN_HC,Hải Châu,Hải Châu,Đà Nẵng,8,ca_hai,250000,excel,hoat_dong,2026-04-03,MON_ANH,Tiếng Anh,ngoai_ngu,LOP_12,Lớp 12,thpt,250000,HS_EX_0831,3.92,2026-03-27
GS_EX_0574,Đỗ Văn Hùng,nam,2002,Thac si,Sư phạm Toán,DH_KHTN_HN,Đại học Khoa học Tự nhiên Hà Nội,dai_hoc,KV_HCM_Q1,Quận 1,Quận 1,Hồ Chí Minh,2,ca_hai,180000,excel,hoat_dong,2026-04-03,MON_TOAN,Toán,tu_nhien,LOP_09,Lớp 9,thcs,180000,HS_EX_0710,4.46,2026-03-22
GS_EX_0575,Đỗ Đức Đạt,nam,2000,Cu nhan,Sư phạm Toán,DH_NT_HN,Đại học Ngoại thương Hà Nội,dai_hoc,KV_HCM_PN,Phú Nhuận,Phú Nhuận,Hồ Chí Minh,6,online,180000,excel,hoat_dong,2026-04-03,MON_VAN,Ngữ văn,xa_hoi,LOP_12,Lớp 12,thpt,180000,HS_EX_0324,4.93,2026-03-18
GS_EX_0576,Lê Đức Cường,nam,1996,Thac si,Quản trị Kinh doanh,DH_KHTN_HCM,Đại học Khoa học Tự nhiên TP.HCM,dai_hoc,KV_DN_ST,Sơn Trà,Sơn Trà,Đà Nẵng,1,ca_hai,200000,excel,hoat_dong,2026-04-03,MON_TOAN,Toán,tu_nhien,LOP_06,Lớp 6,thcs,200000,HS_EX_0550,4.03,2026-03-21
GS_EX_0577,Lý Trọng Phú,nam,1997,Ky su,Sư phạm Toán,DH_CNTT,Đại học Công nghệ Thông tin TP.HCM,dai_hoc,KV_HN_TX,Thanh Xuân,Thanh Xuân,Hà Nội,4,ca_hai,250000,excel,hoat_dong,2026-04-03,MON_LY,Vật lý,tu_nhien,LOP_09,Lớp 9,thcs,250000,HS_EX_0370,3.62,2026-03-07
GS_EX_0578,Đặng Bảo Châu,nu,2001,Thac si,Sư phạm Toán,DH_NT_HN,Đại học Ngoại thương Hà Nội,dai_hoc,KV_DN_CL,Cẩm Lệ,Cẩm Lệ,Đà Nẵng,1,truc_tiep,180000,excel,hoat_dong,2026-04-03,MON_VAN,Ngữ văn,xa_hoi,LOP_12,Lớp 12,thpt,180000,HS_EX_0484,4.94,2026-03-12
GS_EX_0579,Phạm Quang Nam,nam,1997,Thac si,Công nghệ thông tin,DH_QGHN,Đại học Quốc gia Hà Nội,dai_hoc,KV_HCM_Q7,Quận 7,Quận 7,Hồ Chí Minh,7,truc_tiep,200000,excel,hoat_dong,2026-04-03,MON_LY,Vật lý,tu_nhien,LOP_06,Lớp 6,thcs,200000,,,
GS_EX_0580,Vũ Xuân Vy,nu,1999,Ky su,Ngôn ngữ Anh,DH_XD,Đại học Xây dựng Hà Nội,dai_hoc,KV_HN_DD,Đống Đa,Đống Đa,Hà Nội,8,online,200000,excel,hoat_dong,2026-04-03,MON_TOAN,Toán,tu_nhien,LOP_09,Lớp 9,thcs,200000,HS_EX_0670,4.14,2026-03-16
GS_EX_0581,Đặng Thị Linh,nu,1999,Ky su,Công nghệ thông tin,DH_KHTN_HN,Đại học Khoa học Tự nhiên Hà Nội,dai_hoc,KV_HN_TX,Thanh Xuân,Thanh Xuân,Hà Nội,5,truc_tiep,180000,excel,hoat_dong,2026-04-03,MON_LY,Vật lý,tu_nhien,LOP_09,Lớp 9,thcs,180000,HS_EX_0837,4.17,2026-03-13
GS_EX_0582,Đặng Đức Cường,nam,1998,Thac si,Quản trị Kinh doanh,DH_SP_HCM,Đại học Sư phạm TP.HCM,dai_hoc,KV_HN_DD,Đống Đa,Đống Đa,Hà Nội,1,online,180000,excel,hoat_dong,2026-04-03,MON_ANH,Tiếng Anh,ngoai_ngu,LOP_10,Lớp 10,thpt,180000,HS_EX_0704,3.6,2026-03-11
GS_EX_0583,Dương Hồng An,nu,2003,Cu nhan,Quản trị Kinh doanh,DH_Y_HN,Đại học Y Hà Nội,dai_hoc,KV_HN_LB,Long Biên,Long Biên,Hà Nội,2,truc_tiep,250000,excel,hoat_dong,2026-04-03,MON_ANH,Tiếng Anh,ngoai_ngu,LOP_06,Lớp 6,thcs,250000,HS_EX_0738,3.97,2026-03-16
GS_EX_0584,Lê Minh Đạt,nam,2000,Thac si,Công nghệ thông tin,DH_BK_HN,Đại học Bách Khoa Hà Nội,dai_hoc,KV_HCM_Q5,Quận 5,Quận 5,Hồ Chí Minh,5,online,180000,excel,hoat_dong,2026-04-03,MON_ANH,Tiếng Anh,ngoai_ngu,LOP_06,Lớp 6,thcs,180000,HS_EX_0415,4.23,2026-03-31
GS_EX_0585,Trần Quang Tuấn,nam,2002,Ky su,Quản trị Kinh doanh,DH_KTQD,Đại học Kinh tế Quốc dân,dai_hoc,KV_HCM_Q10,Quận 10,Quận 10,Hồ Chí Minh,4,truc_tiep,150000,excel,hoat_dong,2026-04-03,MON_ANH,Tiếng Anh,ngoai_ngu,LOP_10,Lớp 10,thpt,150000,HS_EX_0175,4.51,2026-03-31
GS_EX_0586,Vũ Hoàng Linh,nu,2001,Cu nhan,Ngôn ngữ Anh,DH_FPT,Đại học FPT,dai_hoc,KV_HCM_GV,Gò Vấp,Gò Vấp,Hồ Chí Minh,8,ca_hai,250000,excel,hoat_dong,2026-04-03,MON_ANH,Tiếng Anh,ngoai_ngu,LOP_06,Lớp 6,thcs,250000,HS_EX_0935,4.38,2026-03-14
GS_EX_0587,Trần Quang Cường,nam,1997,Thac si,Công nghệ thông tin,DH_KHTN_HCM,Đại học Khoa học Tự nhiên TP.HCM,dai_hoc,KV_HN_BD,Ba Đình,Ba Đình,Hà Nội,8,ca_hai,200000,excel,hoat_dong,2026-04-03,MON_ANH,Tiếng Anh,ngoai_ngu,LOP_12,Lớp 12,thpt,200000,HS_EX_0975,4.44,2026-04-02
GS_EX_0588,Đặng Quang Tuấn,nam,2001,Ky su,Ngôn ngữ Anh,DH_XD,Đại học Xây dựng Hà Nội,dai_hoc,KV_HN_HD,Hà Đông,Hà Đông,Hà Nội,3,ca_hai,250000,excel,hoat_dong,2026-04-03,MON_TOAN,Toán,tu_nhien,LOP_06,Lớp 6,thcs,250000,HS_EX_0862,3.74,2026-03-05
GS_EX_0589,Lê Thanh Linh,nu,2003,Thac si,Ngôn ngữ Anh,DH_Y_HCM,Đại học Y Dược TP.HCM,dai_hoc,KV_HCM_GV,Gò Vấp,Gò Vấp,Hồ Chí Minh,5,ca_hai,180000,excel,hoat_dong,2026-04-03,MON_LY,Vật lý,tu_nhien,LOP_10,Lớp 10,thpt,180000,HS_EX_0564,4.39,2026-03-21
GS_EX_0590,Trần Hải Nam,nam,2003,Ky su,Sư phạm Toán,DH_KHTN_HN,Đại học Khoa học Tự nhiên Hà Nội,dai_hoc,KV_DN_LC,Liên Chiểu,Liên Chiểu,Đà Nẵng,3,ca_hai,180000,excel,hoat_dong,2026-04-03,MON_TOAN,Toán,tu_nhien,LOP_09,Lớp 9,thcs,180000,HS_EX_0442,3.93,2026-03-11
GS_EX_0591,Lê Thu Mai,nu,2001,Ky su,Công nghệ thông tin,DH_XD,Đại học Xây dựng Hà Nội,dai_hoc,KV_HCM_Q1,Quận 1,Quận 1,Hồ Chí Minh,1,truc_tiep,200000,excel,hoat_dong,2026-04-03,MON_ANH,Tiếng Anh,ngoai_ngu,LOP_12,Lớp 12,thpt,200000,HS_EX_0704,3.89,2026-03-28
GS_EX_0592,Hoàng Quang Hùng,nam,1995,Ky su,Công nghệ thông tin,DH_SP_HCM,Đại học Sư phạm TP.HCM,dai_hoc,KV_HN_CG,Cầu Giấy,Cầu Giấy,Hà Nội,2,truc_tiep,180000,excel,hoat_dong,2026-04-03,MON_ANH,Tiếng Anh,ngoai_ngu,LOP_10,Lớp 10,thpt,180000,,,
GS_EX_0593,Nguyễn Hồng Châu,nu,1995,Cu nhan,Công nghệ thông tin,DH_BK_HCM,Đại học Bách Khoa TP.HCM,dai_hoc,KV_HN_CG,Cầu Giấy,Cầu Giấy,Hà Nội,2,ca_hai,180000,excel,hoat_dong,2026-04-03,MON_LY,Vật lý,tu_nhien,LOP_10,Lớp 10,thpt,180000,HS_EX_0102,4.77,2026-03-16
GS_EX_0594,Vũ Đức Nam,nam,1997,Cu nhan,Sư phạm Toán,DH_NT_HN,Đại học Ngoại thương Hà Nội,dai_hoc,KV_HN_LB,Long Biên,Long Biên,Hà Nội,5,online,150000,excel,hoat_dong,2026-04-03,MON_LY,Vật lý,tu_nhien,LOP_10,Lớp 10,thpt,150000,HS_EX_0252,4.73,2026-03-09
GS_EX_0595,Đặng Bảo Châu,nu,2003,Ky su,Quản trị Kinh doanh,DH_UEH,Đại học Kinh tế TP.HCM,dai_hoc,KV_HN_BD,Ba Đình,Ba Đình,Hà Nội,6,ca_hai,200000,excel,hoat_dong,2026-04-03,MON_TOAN,Toán,tu_nhien,LOP_10,Lớp 10,thpt,200000,,,
GS_EX_0596,Hoàng Trọng Huy,nam,1996,Cu nhan,Công nghệ thông tin,DH_QGHN,Đại học Quốc gia Hà Nội,dai_hoc,KV_HN_LB,Long Biên,Long Biên,Hà Nội,5,truc_tiep,200000,excel,hoat_dong,2026-04-03,MON_ANH,Tiếng Anh,ngoai_ngu,LOP_09,Lớp 9,thcs,200000,HS_EX_0664,3.77,2026-03-30
GS_EX_0597,Lê Ngọc Thu,nu,1999,Ky su,Ngôn ngữ Anh,DH_QGHN,Đại học Quốc gia Hà Nội,dai_hoc,KV_HN_TX,Thanh Xuân,Thanh Xuân,Hà Nội,3,ca_hai,200000,excel,hoat_dong,2026-04-03,MON_LY,Vật lý,tu_nhien,LOP_12,Lớp 12,thpt,200000,,,
GS_EX_0598,Bùi Hữu Đạt,nam,2002,Thac si,Ngôn ngữ Anh,DH_SP_HCM,Đại học Sư phạm TP.HCM,dai_hoc,KV_HCM_PN,Phú Nhuận,Phú Nhuận,Hồ Chí Minh,5,ca_hai,250000,excel,hoat_dong,2026-04-03,MON_ANH,Tiếng Anh,ngoai_ngu,LOP_12,Lớp 12,thpt,250000,,,
GS_EX_0599,Hoàng Minh Cường,nam,1998,Thac si,Quản trị Kinh doanh,DH_XD,Đại học Xây dựng Hà Nội,dai_hoc,KV_HCM_Q1,Quận 1,Quận 1,Hồ Chí Minh,8,truc_tiep,250000,excel,hoat_dong,2026-04-03,MON_VAN,Ngữ văn,xa_hoi,LOP_10,Lớp 10,thpt,250000,HS_EX_0117,4.66,2026-03-22
GS_EX_0600,Ngô Ngọc Hân,nu,1997,Ky su,Quản trị Kinh doanh,DH_CNTT,Đại học Công nghệ Thông tin TP.HCM,dai_hoc,KV_HN_NTL,Nam Từ Liêm,Nam Từ Liêm,Hà Nội,8,truc_tiep,150000,excel,hoat_dong,2026-04-03,MON_VAN,Ngữ văn,xa_hoi,LOP_10,Lớp 10,thpt,150000,,,
GS_EX_0601,Ngô Hồng Mai,nu,1996,Thac si,Quản trị Kinh doanh,DH_KT_DN,Đại học Kinh tế Đà Nẵng,dai_hoc,KV_HN_CG,Cầu Giấy,Cầu Giấy,Hà Nội,3,ca_hai,150000,excel,hoat_dong,2026-04-03,MON_VAN,Ngữ văn,xa_hoi,LOP_12,Lớp 12,thpt,150000,HS_EX_0519,3.73,2026-03-29
GS_EX_0602,Vũ Trọng Nam,nam,2003,Thac si,Ngôn ngữ Anh,DH_BK_HN,Đại học Bách Khoa Hà Nội,dai_hoc,KV_HCM_Q4,Quận 4,Quận 4,Hồ Chí Minh,4,ca_hai,150000,excel,hoat_dong,2026-04-03,MON_TOAN,Toán,tu_nhien,LOP_10,Lớp 10,thpt,150000,HS_EX_0726,4.66,2026-03-13
GS_EX_0603,Phạm Đức Huy,nam,1999,Thac si,Quản trị Kinh doanh,DH_SP_HCM,Đại học Sư phạm TP.HCM,dai_hoc,KV_HN_BTL,Bắc Từ Liêm,Bắc Từ Liêm,Hà Nội,5,online,150000,excel,hoat_dong,2026-04-03,MON_TOAN,Toán,tu_nhien,LOP_12,Lớp 12,thpt,150000,HS_EX_0882,4.62,2026-03-09
GS_EX_0604,Nguyễn Thu An,nu,1995,Cu nhan,Ngôn ngữ Anh,DH_UEH,Đại học Kinh tế TP.HCM,dai_hoc,KV_HCM_Q1,Quận 1,Quận 1,Hồ Chí Minh,6,ca_hai,150000,excel,hoat_dong,2026-04-03,MON_LY,Vật lý,tu_nhien,LOP_12,Lớp 12,thpt,150000,HS_EX_0353,4.44,2026-03-05
GS_EX_0605,Vũ Hữu Tuấn,nam,1998,Thac si,Ngôn ngữ Anh,DH_Y_HN,Đại học Y Hà Nội,dai_hoc,KV_HN_TX,Thanh Xuân,Thanh Xuân,Hà Nội,4,truc_tiep,200000,excel,hoat_dong,2026-04-03,MON_LY,Vật lý,tu_nhien,LOP_12,Lớp 12,thpt,200000,HS_EX_0856,4.41,2026-03-15
GS_EX_0606,Lý Văn Khoa,nam,1998,Ky su,Quản trị Kinh doanh,DH_QGHN,Đại học Quốc gia Hà Nội,dai_hoc,KV_DN_HC,Hải Châu,Hải Châu,Đà Nẵng,4,online,250000,excel,hoat_dong,2026-04-03,MON_TOAN,Toán,tu_nhien,LOP_06,Lớp 6,thcs,250000,HS_EX_0631,4.14,2026-03-25
GS_EX_0607,Vũ Ngọc Thu,nu,1995,Cu nhan,Ngôn ngữ Anh,DH_UEH,Đại học Kinh tế TP.HCM,dai_hoc,KV_DN_LC,Liên Chiểu,Liên Chiểu,Đà Nẵng,1,ca_hai,180000,excel,hoat_dong,2026-04-03,MON_LY,Vật lý,tu_nhien,LOP_09,Lớp 9,thcs,180000,HS_EX_0064,4.58,2026-03-09
GS_EX_0608,Đỗ Hoàng Mai,nu,1998,Thac si,Ngôn ngữ Anh,DH_SP_HCM,Đại học Sư phạm TP.HCM,dai_hoc,KV_HN_BD,Ba Đình,Ba Đình,Hà Nội,6,online,150000,excel,hoat_dong,2026-04-03,MON_LY,Vật lý,tu_nhien,LOP_12,Lớp 12,thpt,150000,HS_EX_0588,4.0,2026-03-17
GS_EX_0609,Hoàng Hữu Nam,nam,1995,Cu nhan,Ngôn ngữ Anh,DH_BK_HN,Đại học Bách Khoa Hà Nội,dai_hoc,KV_HCM_Q10,Quận 10,Quận 10,Hồ Chí Minh,4,ca_hai,180000,excel,hoat_dong,2026-04-03,MON_ANH,Tiếng Anh,ngoai_ngu,LOP_10,Lớp 10,thpt,180000,HS_EX_0007,3.95,2026-03-04
GS_EX_0610,Ngô Thái Khoa,nam,2002,Cu nhan,Ngôn ngữ Anh,DH_Y_HCM,Đại học Y Dược TP.HCM,dai_hoc,KV_HN_NTL,Nam Từ Liêm,Nam Từ Liêm,Hà Nội,1,truc_tiep,150000,excel,hoat_dong,2026-04-03,MON_ANH,Tiếng Anh,ngoai_ngu,LOP_10,Lớp 10,thpt,150000,HS_EX_0173,4.9,2026-03-16
GS_EX_0611,Lê Xuân Nhung,nu,1997,Thac si,Sư phạm Toán,DH_QGHN,Đại học Quốc gia Hà Nội,dai_hoc,KV_HCM_Q3,Quận 3,Quận 3,Hồ Chí Minh,1,online,250000,excel,hoat_dong,2026-04-03,MON_TOAN,Toán,tu_nhien,LOP_06,Lớp 6,thcs,250000,,,
GS_EX_0612,Đỗ Mai Châu,nu,1998,Cu nhan,Ngôn ngữ Anh,DH_TM,Đại học Thương mại,dai_hoc,KV_HCM_Q1,Quận 1,Quận 1,Hồ Chí Minh,4,ca_hai,150000,excel,hoat_dong,2026-04-03,MON_TOAN,Toán,tu_nhien,LOP_12,Lớp 12,thpt,150000,,,
GS_EX_0613,Nguyễn Mai Châu,nu,1995,Thac si,Công nghệ thông tin,DH_CNTT,Đại học Công nghệ Thông tin TP.HCM,dai_hoc,KV_HN_HBT,Hai Bà Trưng,Hai Bà Trưng,Hà Nội,5,ca_hai,150000,excel,hoat_dong,2026-04-03,MON_LY,Vật lý,tu_nhien,LOP_06,Lớp 6,thcs,150000,HS_EX_0040,3.73,2026-03-21
GS_EX_0614,Lê Thu Vy,nu,2000,Thac si,Sư phạm Toán,DH_BK_HCM,Đại học Bách Khoa TP.HCM,dai_hoc,KV_HCM_Q7,Quận 7,Quận 7,Hồ Chí Minh,4,truc_tiep,250000,excel,hoat_dong,2026-04-03,MON_ANH,Tiếng Anh,ngoai_ngu,LOP_12,Lớp 12,thpt,250000,HS_EX_0380,3.68,2026-03-15
GS_EX_0615,Ngô Hữu Tuấn,nam,2003,Thac si,Ngôn ngữ Anh,DH_FPT,Đại học FPT,dai_hoc,KV_HN_LB,Long Biên,Long Biên,Hà Nội,3,truc_tiep,150000,excel,hoat_dong,2026-04-03,MON_ANH,Tiếng Anh,ngoai_ngu,LOP_10,Lớp 10,thpt,150000,,,
GS_EX_0616,Trần Thái Đạt,nam,2000,Ky su,Ngôn ngữ Anh,DH_KHTN_HCM,Đại học Khoa học Tự nhiên TP.HCM,dai_hoc,KV_HN_HK,Hoàn Kiếm,Hoàn Kiếm,Hà Nội,1,truc_tiep,150000,excel,hoat_dong,2026-04-03,MON_TOAN,Toán,tu_nhien,LOP_06,Lớp 6,thcs,150000,HS_EX_0530,4.65,2026-03-12
GS_EX_0617,Dương Văn Cường,nam,2001,Ky su,Sư phạm Toán,DH_GTVT,Đại học Giao thông Vận tải,dai_hoc,KV_HN_HK,Hoàn Kiếm,Hoàn Kiếm,Hà Nội,4,online,180000,excel,hoat_dong,2026-04-03,MON_ANH,Tiếng Anh,ngoai_ngu,LOP_06,Lớp 6,thcs,180000,,,
GS_EX_0618,Lý Quang Cường,nam,1996,Thac si,Sư phạm Toán,DH_BK_HN,Đại học Bách Khoa Hà Nội,dai_hoc,KV_HCM_Q5,Quận 5,Quận 5,Hồ Chí Minh,8,ca_hai,180000,excel,hoat_dong,2026-04-03,MON_TOAN,Toán,tu_nhien,LOP_12,Lớp 12,thpt,180000,,,
GS_EX_0619,Dương Văn Đạt,nam,1999,Ky su,Sư phạm Toán,DH_FPT,Đại học FPT,dai_hoc,KV_HCM_Q10,Quận 10,Quận 10,Hồ Chí Minh,1,truc_tiep,250000,excel,hoat_dong,2026-04-03,MON_VAN,Ngữ văn,xa_hoi,LOP_06,Lớp 6,thcs,250000,HS_EX_0947,4.3,2026-03-06
GS_EX_0620,Hoàng Thu Châu,nu,1998,Thac si,Quản trị Kinh doanh,DH_XD,Đại học Xây dựng Hà Nội,dai_hoc,KV_HN_HK,Hoàn Kiếm,Hoàn Kiếm,Hà Nội,7,ca_hai,200000,excel,hoat_dong,2026-04-03,MON_LY,Vật lý,tu_nhien,LOP_12,Lớp 12,thpt,200000,HS_EX_0441,3.88,2026-03-09
GS_EX_0621,Ngô Hồng Nhung,nu,2000,Cu nhan,Sư phạm Toán,DH_XD,Đại học Xây dựng Hà Nội,dai_hoc,KV_HN_BD,Ba Đình,Ba Đình,Hà Nội,8,ca_hai,250000,excel,hoat_dong,2026-04-03,MON_VAN,Ngữ văn,xa_hoi,LOP_09,Lớp 9,thcs,250000,,,
GS_EX_0622,Vũ Thu An,nu,1998,Thac si,Quản trị Kinh doanh,DH_QGHN,Đại học Quốc gia Hà Nội,dai_hoc,KV_HCM_BT,Bình Thạnh,Bình Thạnh,Hồ Chí Minh,5,ca_hai,150000,excel,hoat_dong,2026-04-03,MON_ANH,Tiếng Anh,ngoai_ngu,LOP_06,Lớp 6,thcs,150000,HS_EX_0253,5.0,2026-04-01
GS_EX_0623,Dương Hữu Huy,nam,2001,Thac si,Sư phạm Toán,DH_BK_HCM,Đại học Bách Khoa TP.HCM,dai_hoc,KV_HCM_Q1,Quận 1,Quận 1,Hồ Chí Minh,6,truc_tiep,200000,excel,hoat_dong,2026-04-03,MON_TOAN,Toán,tu_nhien,LOP_10,Lớp 10,thpt,200000,,,
GS_EX_0624,Ngô Bảo Thu,nu,2002,Cu nhan,Quản trị Kinh doanh,DH_XD,Đại học Xây dựng Hà Nội,dai_hoc,KV_DN_CL,Cẩm Lệ,Cẩm Lệ,Đà Nẵng,3,ca_hai,200000,excel,hoat_dong,2026-04-03,MON_ANH,Tiếng Anh,ngoai_ngu,LOP_12,Lớp 12,thpt,200000,HS_EX_0620,3.94,2026-03-10
GS_EX_0625,Ngô Minh Đức,nam,1998,Thac si,Công nghệ thông tin,DH_FPT,Đại học FPT,dai_hoc,KV_HCM_Q8,Quận 8,Quận 8,Hồ Chí Minh,3,truc_tiep,200000,excel,hoat_dong,2026-04-03,MON_TOAN,Toán,tu_nhien,LOP_10,Lớp 10,thpt,200000,HS_EX_0348,4.7,2026-03-18
GS_EX_0626,Dương Thị Nhung,nu,2000,Thac si,Sư phạm Toán,DH_NT_HN,Đại học Ngoại thương Hà Nội,dai_hoc,KV_HCM_BT,Bình Thạnh,Bình Thạnh,Hồ Chí Minh,6,ca_hai,180000,excel,hoat_dong,2026-04-03,MON_TOAN,Toán,tu_nhien,LOP_12,Lớp 12,thpt,180000,HS_EX_0226,4.88,2026-03-07
GS_EX_0627,Lê Đình Tuấn,nam,2003,Ky su,Quản trị Kinh doanh,DH_GTVT,Đại học Giao thông Vận tải,dai_hoc,KV_HN_BD,Ba Đình,Ba Đình,Hà Nội,1,truc_tiep,250000,excel,hoat_dong,2026-04-03,MON_VAN,Ngữ văn,xa_hoi,LOP_10,Lớp 10,thpt,250000,,,
GS_EX_0628,Đỗ Hữu Cường,nam,1998,Thac si,Quản trị Kinh doanh,DH_BK_HN,Đại học Bách Khoa Hà Nội,dai_hoc,KV_HCM_GV,Gò Vấp,Gò Vấp,Hồ Chí Minh,3,truc_tiep,200000,excel,hoat_dong,2026-04-03,MON_VAN,Ngữ văn,xa_hoi,LOP_06,Lớp 6,thcs,200000,HS_EX_0288,4.02,2026-03-20
GS_EX_0629,Lý Thu Trang,nu,2001,Ky su,Ngôn ngữ Anh,DH_SP_HCM,Đại học Sư phạm TP.HCM,dai_hoc,KV_HCM_TD,Thủ Đức,Thủ Đức,Hồ Chí Minh,5,online,200000,excel,hoat_dong,2026-04-03,MON_LY,Vật lý,tu_nhien,LOP_09,Lớp 9,thcs,200000,,,
GS_EX_0630,Nguyễn Đình Đạt,nam,1997,Ky su,Ngôn ngữ Anh,DH_XD,Đại học Xây dựng Hà Nội,dai_hoc,KV_HN_TH,Tây Hồ,Tây Hồ,Hà Nội,3,online,180000,excel,hoat_dong,2026-04-03,MON_VAN,Ngữ văn,xa_hoi,LOP_10,Lớp 10,thpt,180000,HS_EX_0348,4.9,2026-03-05
GS_EX_0631,Ngô Hải Phú,nam,1998,Thac si,Sư phạm Toán,DH_BK_HN,Đại học Bách Khoa Hà Nội,dai_hoc,KV_HCM_Q8,Quận 8,Quận 8,Hồ Chí Minh,2,truc_tiep,180000,excel,hoat_dong,2026-04-03,MON_LY,Vật lý,tu_nhien,LOP_10,Lớp 10,thpt,180000,,,
GS_EX_0632,Nguyễn Thị Châu,nu,1997,Ky su,Công nghệ thông tin,DH_CNTT,Đại học Công nghệ Thông tin TP.HCM,dai_hoc,KV_HN_LB,Long Biên,Long Biên,Hà Nội,2,ca_hai,150000,excel,hoat_dong,2026-04-03,MON_ANH,Tiếng Anh,ngoai_ngu,LOP_09,Lớp 9,thcs,150000,,,
GS_EX_0633,Hoàng Hồng Thu,nu,2000,Thac si,Ngôn ngữ Anh,DH_KHTN_HN,Đại học Khoa học Tự nhiên Hà Nội,dai_hoc,KV_HCM_Q3,Quận 3,Quận 3,Hồ Chí Minh,4,ca_hai,200000,excel,hoat_dong,2026-04-03,MON_TOAN,Toán,tu_nhien,LOP_10,Lớp 10,thpt,200000,HS_EX_0624,4.98,2026-03-23
GS_EX_0634,Vũ Thị Thu,nu,2003,Ky su,Công nghệ thông tin,DH_UEH,Đại học Kinh tế TP.HCM,dai_hoc,KV_HN_HK,Hoàn Kiếm,Hoàn Kiếm,Hà Nội,4,online,200000,excel,hoat_dong,2026-04-03,MON_ANH,Tiếng Anh,ngoai_ngu,LOP_06,Lớp 6,thcs,200000,HS_EX_0310,4.47,2026-04-01
GS_EX_0635,Trần Đức Hùng,nam,1996,Thac si,Công nghệ thông tin,DH_BK_HCM,Đại học Bách Khoa TP.HCM,dai_hoc,KV_DN_ST,Sơn Trà,Sơn Trà,Đà Nẵng,7,online,180000,excel,hoat_dong,2026-04-03,MON_LY,Vật lý,tu_nhien,LOP_12,Lớp 12,thpt,180000,HS_EX_0234,4.79,2026-03-08
GS_EX_0636,Bùi Đình Đạt,nam,2000,Cu nhan,Quản trị Kinh doanh,DH_DN,Đại học Đà Nẵng,dai_hoc,KV_HCM_Q1,Quận 1,Quận 1,Hồ Chí Minh,4,ca_hai,180000,excel,hoat_dong,2026-04-03,MON_TOAN,Toán,tu_nhien,LOP_10,Lớp 10,thpt,180000,HS_EX_0560,3.53,2026-03-04
GS_EX_0637,Phạm Xuân Thu,nu,1998,Cu nhan,Quản trị Kinh doanh,DH_Y_HN,Đại học Y Hà Nội,dai_hoc,KV_DN_ST,Sơn Trà,Sơn Trà,Đà Nẵng,5,truc_tiep,150000,excel,hoat_dong,2026-04-03,MON_LY,Vật lý,tu_nhien,LOP_09,Lớp 9,thcs,150000,HS_EX_0463,3.57,2026-03-16
GS_EX_0638,Phạm Đình Kiệt,nam,1999,Ky su,Quản trị Kinh doanh,DH_FPT,Đại học FPT,dai_hoc,KV_HCM_Q1,Quận 1,Quận 1,Hồ Chí Minh,5,online,150000,excel,hoat_dong,2026-04-03,MON_LY,Vật lý,tu_nhien,LOP_12,Lớp 12,thpt,150000,HS_EX_0793,4.74,2026-03-17
GS_EX_0639,Phạm Thị Châu,nu,1996,Ky su,Quản trị Kinh doanh,DH_QGHN,Đại học Quốc gia Hà Nội,dai_hoc,KV_HN_BD,Ba Đình,Ba Đình,Hà Nội,1,online,250000,excel,hoat_dong,2026-04-03,MON_LY,Vật lý,tu_nhien,LOP_09,Lớp 9,thcs,250000,HS_EX_0927,3.53,2026-03-13
GS_EX_0640,Vũ Hữu Khoa,nam,1996,Ky su,Quản trị Kinh doanh,DH_KT_DN,Đại học Kinh tế Đà Nẵng,dai_hoc,KV_HCM_TB,Tân Bình,Tân Bình,Hồ Chí Minh,1,truc_tiep,250000,excel,hoat_dong,2026-04-03,MON_ANH,Tiếng Anh,ngoai_ngu,LOP_12,Lớp 12,thpt,250000,HS_EX_0043,4.64,2026-03-12
GS_EX_0641,Bùi Đức Đạt,nam,2002,Cu nhan,Sư phạm Toán,DH_TM,Đại học Thương mại,dai_hoc,KV_HCM_TP,Tân Phú,Tân Phú,Hồ Chí Minh,2,online,180000,excel,hoat_dong,2026-04-03,MON_VAN,Ngữ văn,xa_hoi,LOP_12,Lớp 12,thpt,180000,HS_EX_0293,3.58,2026-03-27
GS_EX_0642,Lý Xuân Hân,nu,1998,Thac si,Công nghệ thông tin,DH_FPT,Đại học FPT,dai_hoc,KV_HCM_Q8,Quận 8,Quận 8,Hồ Chí Minh,4,truc_tiep,180000,excel,hoat_dong,2026-04-03,MON_LY,Vật lý,tu_nhien,LOP_09,Lớp 9,thcs,180000,HS_EX_0318,3.91,2026-03-20
GS_EX_0643,Lý Bảo Nhung,nu,2003,Cu nhan,Quản trị Kinh doanh,DH_FPT,Đại học FPT,dai_hoc,KV_DN_NHS,Ngũ Hành Sơn,Ngũ Hành Sơn,Đà Nẵng,3,online,200000,excel,hoat_dong,2026-04-03,MON_ANH,Tiếng Anh,ngoai_ngu,LOP_06,Lớp 6,thcs,200000,HS_EX_0792,4.04,2026-03-05
GS_EX_0644,Đặng Đình Khoa,nam,2002,Thac si,Ngôn ngữ Anh,DH_Y_HCM,Đại học Y Dược TP.HCM,dai_hoc,KV_HCM_BT,Bình Thạnh,Bình Thạnh,Hồ Chí Minh,5,ca_hai,200000,excel,hoat_dong,2026-04-03,MON_VAN,Ngữ văn,xa_hoi,LOP_10,Lớp 10,thpt,200000,,,
GS_EX_0645,Dương Thị Linh,nu,2000,Cu nhan,Công nghệ thông tin,DH_BK_HN,Đại học Bách Khoa Hà Nội,dai_hoc,KV_DN_TK,Thanh Khê,Thanh Khê,Đà Nẵng,8,ca_hai,180000,excel,hoat_dong,2026-04-03,MON_VAN,Ngữ văn,xa_hoi,LOP_12,Lớp 12,thpt,180000,HS_EX_0205,4.31,2026-03-09
GS_EX_0646,Bùi Hải Đạt,nam,1999,Thac si,Công nghệ thông tin,DH_BK_HN,Đại học Bách Khoa Hà Nội,dai_hoc,KV_HN_DD,Đống Đa,Đống Đa,Hà Nội,7,truc_tiep,150000,excel,hoat_dong,2026-04-03,MON_VAN,Ngữ văn,xa_hoi,LOP_09,Lớp 9,thcs,150000,HS_EX_0211,4.28,2026-03-31
GS_EX_0647,Nguyễn Đức Nam,nam,1998,Cu nhan,Công nghệ thông tin,DH_Y_HCM,Đại học Y Dược TP.HCM,dai_hoc,KV_HN_LB,Long Biên,Long Biên,Hà Nội,3,ca_hai,200000,excel,hoat_dong,2026-04-03,MON_LY,Vật lý,tu_nhien,LOP_10,Lớp 10,thpt,200000,HS_EX_0956,4.15,2026-03-24
GS_EX_0648,Vũ Hải Khoa,nam,1997,Thac si,Công nghệ thông tin,DH_FPT,Đại học FPT,dai_hoc,KV_HN_BD,Ba Đình,Ba Đình,Hà Nội,7,online,150000,excel,hoat_dong,2026-04-03,MON_ANH,Tiếng Anh,ngoai_ngu,LOP_06,Lớp 6,thcs,150000,HS_EX_0834,3.52,2026-03-29
GS_EX_0649,Đỗ Ngọc Linh,nu,1999,Thac si,Sư phạm Toán,DH_QGHN,Đại học Quốc gia Hà Nội,dai_hoc,KV_DN_TK,Thanh Khê,Thanh Khê,Đà Nẵng,5,online,150000,excel,hoat_dong,2026-04-03,MON_LY,Vật lý,tu_nhien,LOP_10,Lớp 10,thpt,150000,,,
GS_EX_0650,Vũ Hồng Hân,nu,2002,Ky su,Sư phạm Toán,DH_KT_DN,Đại học Kinh tế Đà Nẵng,dai_hoc,KV_HCM_TP,Tân Phú,Tân Phú,Hồ Chí Minh,6,truc_tiep,180000,excel,hoat_dong,2026-04-03,MON_LY,Vật lý,tu_nhien,LOP_06,Lớp 6,thcs,180000,,,
GS_EX_0651,Nguyễn Thái Tuấn,nam,2002,Ky su,Quản trị Kinh doanh,DH_Y_HCM,Đại học Y Dược TP.HCM,dai_hoc,KV_HCM_PN,Phú Nhuận,Phú Nhuận,Hồ Chí Minh,1,ca_hai,250000,excel,hoat_dong,2026-04-03,MON_VAN,Ngữ văn,xa_hoi,LOP_10,Lớp 10,thpt,250000,,,
GS_EX_0652,Phạm Bảo Thảo,nu,1998,Cu nhan,Ngôn ngữ Anh,DH_XD,Đại học Xây dựng Hà Nội,dai_hoc,KV_HCM_Q4,Quận 4,Quận 4,Hồ Chí Minh,6,ca_hai,200000,excel,hoat_dong,2026-04-03,MON_VAN,Ngữ văn,xa_hoi,LOP_12,Lớp 12,thpt,200000,HS_EX_0067,4.5,2026-03-26
GS_EX_0653,Hoàng Hải Huy,nam,2002,Ky su,Sư phạm Toán,DH_TM,Đại học Thương mại,dai_hoc,KV_HCM_Q7,Quận 7,Quận 7,Hồ Chí Minh,5,truc_tiep,150000,excel,hoat_dong,2026-04-03,MON_VAN,Ngữ văn,xa_hoi,LOP_06,Lớp 6,thcs,150000,HS_EX_0321,3.95,2026-03-27
GS_EX_0654,Vũ Thu Vy,nu,2001,Ky su,Công nghệ thông tin,DH_TM,Đại học Thương mại,dai_hoc,KV_HN_TH,Tây Hồ,Tây Hồ,Hà Nội,5,online,250000,excel,hoat_dong,2026-04-03,MON_LY,Vật lý,tu_nhien,LOP_09,Lớp 9,thcs,250000,HS_EX_0520,4.1,2026-04-01
GS_EX_0655,Lê Xuân Mai,nu,2000,Thac si,Ngôn ngữ Anh,DH_NL_HCM,Đại học Nông Lâm TP.HCM,dai_hoc,KV_HN_BTL,Bắc Từ Liêm,Bắc Từ Liêm,Hà Nội,6,ca_hai,250000,excel,hoat_dong,2026-04-03,MON_TOAN,Toán,tu_nhien,LOP_12,Lớp 12,thpt,250000,HS_EX_0266,4.31,2026-03-20
GS_EX_0656,Vũ Thanh Trang,nu,2000,Cu nhan,Sư phạm Toán,DH_Y_HN,Đại học Y Hà Nội,dai_hoc,KV_HN_BTL,Bắc Từ Liêm,Bắc Từ Liêm,Hà Nội,5,truc_tiep,150000,excel,hoat_dong,2026-04-03,MON_ANH,Tiếng Anh,ngoai_ngu,LOP_12,Lớp 12,thpt,150000,HS_EX_0605,4.05,2026-03-11
GS_EX_0657,Hoàng Trọng Huy,nam,1998,Ky su,Sư phạm Toán,DH_BK_HN,Đại học Bách Khoa Hà Nội,dai_hoc,KV_HN_HD,Hà Đông,Hà Đông,Hà Nội,3,ca_hai,250000,excel,hoat_dong,2026-04-03,MON_ANH,Tiếng Anh,ngoai_ngu,LOP_12,Lớp 12,thpt,250000,,,
GS_EX_0658,Dương Trọng Cường,nam,1997,Thac si,Công nghệ thông tin,DH_NT_HN,Đại học Ngoại thương Hà Nội,dai_hoc,KV_HCM_TP,Tân Phú,Tân Phú,Hồ Chí Minh,2,online,150000,excel,hoat_dong,2026-04-03,MON_VAN,Ngữ văn,xa_hoi,LOP_09,Lớp 9,thcs,150000,HS_EX_0027,4.02,2026-03-04
GS_EX_0659,Đỗ Đình Cường,nam,2002,Thac si,Ngôn ngữ Anh,DH_GTVT,Đại học Giao thông Vận tải,dai_hoc,KV_HCM_PN,Phú Nhuận,Phú Nhuận,Hồ Chí Minh,4,ca_hai,200000,excel,hoat_dong,2026-04-03,MON_ANH,Tiếng Anh,ngoai_ngu,LOP_09,Lớp 9,thcs,200000,,,
GS_EX_0660,Lê Thu Thảo,nu,1999,Thac si,Quản trị Kinh doanh,DH_XD,Đại học Xây dựng Hà Nội,dai_hoc,KV_HN_HBT,Hai Bà Trưng,Hai Bà Trưng,Hà Nội,8,truc_tiep,150000,excel,hoat_dong,2026-04-03,MON_ANH,Tiếng Anh,ngoai_ngu,LOP_06,Lớp 6,thcs,150000,HS_EX_0536,4.13,2026-03-25
GS_EX_0661,Đặng Hoàng Trang,nu,1995,Ky su,Sư phạm Toán,DH_TM,Đại học Thương mại,dai_hoc,KV_HCM_TD,Thủ Đức,Thủ Đức,Hồ Chí Minh,5,ca_hai,180000,excel,hoat_dong,2026-04-03,MON_TOAN,Toán,tu_nhien,LOP_10,Lớp 10,thpt,180000,,,
GS_EX_0662,Nguyễn Hải Huy,nam,1998,Ky su,Sư phạm Toán,DH_NT_HN,Đại học Ngoại thương Hà Nội,dai_hoc,KV_HN_LB,Long Biên,Long Biên,Hà Nội,8,online,180000,excel,hoat_dong,2026-04-03,MON_ANH,Tiếng Anh,ngoai_ngu,LOP_12,Lớp 12,thpt,180000,HS_EX_0045,3.57,2026-03-12
GS_EX_0663,Phạm Văn Đức,nam,1997,Cu nhan,Sư phạm Toán,DH_SP_HCM,Đại học Sư phạm TP.HCM,dai_hoc,KV_DN_TK,Thanh Khê,Thanh Khê,Đà Nẵng,2,truc_tiep,150000,excel,hoat_dong,2026-04-03,MON_ANH,Tiếng Anh,ngoai_ngu,LOP_10,Lớp 10,thpt,150000,HS_EX_0224,4.8,2026-03-09
GS_EX_0664,Vũ Văn Hùng,nam,1998,Thac si,Ngôn ngữ Anh,DH_CNTT,Đại học Công nghệ Thông tin TP.HCM,dai_hoc,KV_DN_CL,Cẩm Lệ,Cẩm Lệ,Đà Nẵng,5,ca_hai,150000,excel,hoat_dong,2026-04-03,MON_TOAN,Toán,tu_nhien,LOP_12,Lớp 12,thpt,150000,HS_EX_0239,4.44,2026-03-08
GS_EX_0665,Đỗ Thu An,nu,1996,Cu nhan,Công nghệ thông tin,DH_Y_HCM,Đại học Y Dược TP.HCM,dai_hoc,KV_DN_NHS,Ngũ Hành Sơn,Ngũ Hành Sơn,Đà Nẵng,7,truc_tiep,250000,excel,hoat_dong,2026-04-03,MON_LY,Vật lý,tu_nhien,LOP_09,Lớp 9,thcs,250000,,,
GS_EX_0666,Phạm Mai Hân,nu,2002,Thac si,Sư phạm Toán,DH_XD,Đại học Xây dựng Hà Nội,dai_hoc,KV_DN_HC,Hải Châu,Hải Châu,Đà Nẵng,7,online,180000,excel,hoat_dong,2026-04-03,MON_VAN,Ngữ văn,xa_hoi,LOP_09,Lớp 9,thcs,180000,HS_EX_0198,4.83,2026-03-13
GS_EX_0667,Bùi Văn Huy,nam,1997,Thac si,Quản trị Kinh doanh,DH_KT_DN,Đại học Kinh tế Đà Nẵng,dai_hoc,KV_HCM_Q1,Quận 1,Quận 1,Hồ Chí Minh,4,ca_hai,180000,excel,hoat_dong,2026-04-03,MON_VAN,Ngữ văn,xa_hoi,LOP_09,Lớp 9,thcs,180000,HS_EX_0585,4.86,2026-03-26
GS_EX_0668,Lê Đức Huy,nam,2001,Thac si,Công nghệ thông tin,DH_SP_HN,Đại học Sư phạm Hà Nội,dai_hoc,KV_HCM_Q10,Quận 10,Quận 10,Hồ Chí Minh,6,online,180000,excel,hoat_dong,2026-04-03,MON_VAN,Ngữ văn,xa_hoi,LOP_12,Lớp 12,thpt,180000,HS_EX_0098,4.18,2026-03-08
GS_EX_0669,Phạm Thái Huy,nam,1995,Ky su,Ngôn ngữ Anh,DH_KHTN_HCM,Đại học Khoa học Tự nhiên TP.HCM,dai_hoc,KV_HCM_GV,Gò Vấp,Gò Vấp,Hồ Chí Minh,1,online,180000,excel,hoat_dong,2026-04-03,MON_TOAN,Toán,tu_nhien,LOP_12,Lớp 12,thpt,180000,HS_EX_0206,3.55,2026-03-08
GS_EX_0670,Vũ Minh Huy,nam,1999,Ky su,Công nghệ thông tin,DH_BK_HCM,Đại học Bách Khoa TP.HCM,dai_hoc,KV_HN_NTL,Nam Từ Liêm,Nam Từ Liêm,Hà Nội,5,truc_tiep,180000,excel,hoat_dong,2026-04-03,MON_TOAN,Toán,tu_nhien,LOP_09,Lớp 9,thcs,180000,HS_EX_0639,3.87,2026-03-21
GS_EX_0671,Đặng Đình Phú,nam,2003,Cu nhan,Sư phạm Toán,DH_GTVT,Đại học Giao thông Vận tải,dai_hoc,KV_HN_HM,Hoàng Mai,Hoàng Mai,Hà Nội,5,truc_tiep,250000,excel,hoat_dong,2026-04-03,MON_VAN,Ngữ văn,xa_hoi,LOP_09,Lớp 9,thcs,250000,HS_EX_0347,4.09,2026-03-28
GS_EX_0672,Đỗ Đức Kiệt,nam,1995,Ky su,Công nghệ thông tin,DH_KHTN_HN,Đại học Khoa học Tự nhiên Hà Nội,dai_hoc,KV_HN_HD,Hà Đông,Hà Đông,Hà Nội,7,online,150000,excel,hoat_dong,2026-04-03,MON_ANH,Tiếng Anh,ngoai_ngu,LOP_06,Lớp 6,thcs,150000,,,
GS_EX_0673,Nguyễn Ngọc Hân,nu,2002,Ky su,Sư phạm Toán,DH_BK_HCM,Đại học Bách Khoa TP.HCM,dai_hoc,KV_HCM_Q3,Quận 3,Quận 3,Hồ Chí Minh,1,online,250000,excel,hoat_dong,2026-04-03,MON_VAN,Ngữ văn,xa_hoi,LOP_09,Lớp 9,thcs,250000,HS_EX_0066,3.78,2026-03-21
GS_EX_0674,Ngô Hữu Tuấn,nam,2002,Ky su,Ngôn ngữ Anh,DH_TM,Đại học Thương mại,dai_hoc,KV_HN_HM,Hoàng Mai,Hoàng Mai,Hà Nội,8,ca_hai,200000,excel,hoat_dong,2026-04-03,MON_ANH,Tiếng Anh,ngoai_ngu,LOP_12,Lớp 12,thpt,200000,HS_EX_0906,4.45,2026-03-10
GS_EX_0675,Trần Quang Cường,nam,2000,Thac si,Sư phạm Toán,DH_Y_HN,Đại học Y Hà Nội,dai_hoc,KV_HN_BD,Ba Đình,Ba Đình,Hà Nội,8,truc_tiep,180000,excel,hoat_dong,2026-04-03,MON_VAN,Ngữ văn,xa_hoi,LOP_10,Lớp 10,thpt,180000,HS_EX_0553,4.25,2026-03-06
GS_EX_0676,Phạm Đức Tuấn,nam,1996,Thac si,Sư phạm Toán,DH_FPT,Đại học FPT,dai_hoc,KV_HN_CG,Cầu Giấy,Cầu Giấy,Hà Nội,6,truc_tiep,180000,excel,hoat_dong,2026-04-03,MON_VAN,Ngữ văn,xa_hoi,LOP_10,Lớp 10,thpt,180000,,,
GS_EX_0677,Vũ Đình Cường,nam,1999,Cu nhan,Sư phạm Toán,DH_KHTN_HCM,Đại học Khoa học Tự nhiên TP.HCM,dai_hoc,KV_DN_LC,Liên Chiểu,Liên Chiểu,Đà Nẵng,5,truc_tiep,250000,excel,hoat_dong,2026-04-03,MON_LY,Vật lý,tu_nhien,LOP_09,Lớp 9,thcs,250000,HS_EX_0077,4.0,2026-03-14
GS_EX_0678,Lý Thanh Mai,nu,1995,Ky su,Quản trị Kinh doanh,DH_SP_HN,Đại học Sư phạm Hà Nội,dai_hoc,KV_HCM_PN,Phú Nhuận,Phú Nhuận,Hồ Chí Minh,7,ca_hai,200000,excel,hoat_dong,2026-04-03,MON_VAN,Ngữ văn,xa_hoi,LOP_12,Lớp 12,thpt,200000,HS_EX_0215,4.28,2026-03-13
GS_EX_0679,Ngô Hải Tuấn,nam,1999,Cu nhan,Ngôn ngữ Anh,DH_KTQD,Đại học Kinh tế Quốc dân,dai_hoc,KV_HCM_PN,Phú Nhuận,Phú Nhuận,Hồ Chí Minh,3,online,150000,excel,hoat_dong,2026-04-03,MON_TOAN,Toán,tu_nhien,LOP_10,Lớp 10,thpt,150000,HS_EX_0412,4.65,2026-03-17
GS_EX_0680,Dương Thanh Mai,nu,2002,Ky su,Công nghệ thông tin,DH_UEH,Đại học Kinh tế TP.HCM,dai_hoc,KV_HN_HK,Hoàn Kiếm,Hoàn Kiếm,Hà Nội,2,ca_hai,150000,excel,hoat_dong,2026-04-03,MON_VAN,Ngữ văn,xa_hoi,LOP_06,Lớp 6,thcs,150000,HS_EX_0387,4.11,2026-03-28
GS_EX_0681,Bùi Hải Huy,nam,1997,Ky su,Sư phạm Toán,DH_KHTN_HCM,Đại học Khoa học Tự nhiên TP.HCM,dai_hoc,KV_HCM_Q1,Quận 1,Quận 1,Hồ Chí Minh,8,ca_hai,200000,excel,hoat_dong,2026-04-03,MON_TOAN,Toán,tu_nhien,LOP_09,Lớp 9,thcs,200000,,,
GS_EX_0682,Phạm Thanh An,nu,1997,Ky su,Sư phạm Toán,DH_KTQD,Đại học Kinh tế Quốc dân,dai_hoc,KV_HN_TX,Thanh Xuân,Thanh Xuân,Hà Nội,5,online,150000,excel,hoat_dong,2026-04-03,MON_LY,Vật lý,tu_nhien,LOP_09,Lớp 9,thcs,150000,HS_EX_0840,4.85,2026-03-04
GS_EX_0683,Trần Thanh An,nu,1995,Ky su,Công nghệ thông tin,DH_TM,Đại học Thương mại,dai_hoc,KV_HCM_TP,Tân Phú,Tân Phú,Hồ Chí Minh,8,truc_tiep,180000,excel,hoat_dong,2026-04-03,MON_ANH,Tiếng Anh,ngoai_ngu,LOP_10,Lớp 10,thpt,180000,HS_EX_0576,3.73,2026-03-09
GS_EX_0684,Đặng Văn Đức,nam,2000,Cu nhan,Ngôn ngữ Anh,DH_KHTN_HCM,Đại học Khoa học Tự nhiên TP.HCM,dai_hoc,KV_HCM_TP,Tân Phú,Tân Phú,Hồ Chí Minh,8,online,250000,excel,hoat_dong,2026-04-03,MON_VAN,Ngữ văn,xa_hoi,LOP_12,Lớp 12,thpt,250000,HS_EX_0722,3.8,2026-03-24
GS_EX_0685,Hoàng Đình Phú,nam,1997,Ky su,Quản trị Kinh doanh,DH_Y_HCM,Đại học Y Dược TP.HCM,dai_hoc,KV_HCM_Q3,Quận 3,Quận 3,Hồ Chí Minh,7,ca_hai,200000,excel,hoat_dong,2026-04-03,MON_VAN,Ngữ văn,xa_hoi,LOP_12,Lớp 12,thpt,200000,HS_EX_0656,4.75,2026-03-08
GS_EX_0686,Dương Văn Tuấn,nam,2001,Cu nhan,Sư phạm Toán,DH_Y_HCM,Đại học Y Dược TP.HCM,dai_hoc,KV_HN_CG,Cầu Giấy,Cầu Giấy,Hà Nội,4,ca_hai,250000,excel,hoat_dong,2026-04-03,MON_VAN,Ngữ văn,xa_hoi,LOP_12,Lớp 12,thpt,250000,HS_EX_0162,4.66,2026-03-30
GS_EX_0687,Phạm Mai Linh,nu,1997,Cu nhan,Ngôn ngữ Anh,DH_FPT,Đại học FPT,dai_hoc,KV_HN_BD,Ba Đình,Ba Đình,Hà Nội,1,online,180000,excel,hoat_dong,2026-04-03,MON_LY,Vật lý,tu_nhien,LOP_12,Lớp 12,thpt,180000,,,
GS_EX_0688,Hoàng Minh Phú,nam,1996,Cu nhan,Ngôn ngữ Anh,DH_XD,Đại học Xây dựng Hà Nội,dai_hoc,KV_DN_LC,Liên Chiểu,Liên Chiểu,Đà Nẵng,6,ca_hai,180000,excel,hoat_dong,2026-04-03,MON_TOAN,Toán,tu_nhien,LOP_10,Lớp 10,thpt,180000,HS_EX_0714,3.99,2026-03-19
GS_EX_0689,Bùi Minh Đạt,nam,1996,Ky su,Sư phạm Toán,DH_BK_HCM,Đại học Bách Khoa TP.HCM,dai_hoc,KV_HCM_Q8,Quận 8,Quận 8,Hồ Chí Minh,8,ca_hai,250000,excel,hoat_dong,2026-04-03,MON_VAN,Ngữ văn,xa_hoi,LOP_12,Lớp 12,thpt,250000,HS_EX_0934,3.65,2026-03-27
GS_EX_0690,Nguyễn Bảo Trang,nu,1996,Ky su,Ngôn ngữ Anh,DH_FPT,Đại học FPT,dai_hoc,KV_HN_BD,Ba Đình,Ba Đình,Hà Nội,6,truc_tiep,180000,excel,hoat_dong,2026-04-03,MON_TOAN,Toán,tu_nhien,LOP_09,Lớp 9,thcs,180000,HS_EX_0840,4.66,2026-03-18
GS_EX_0691,Ngô Đình Tuấn,nam,2003,Cu nhan,Sư phạm Toán,DH_KTQD,Đại học Kinh tế Quốc dân,dai_hoc,KV_DN_HC,Hải Châu,Hải Châu,Đà Nẵng,1,ca_hai,200000,excel,hoat_dong,2026-04-03,MON_VAN,Ngữ văn,xa_hoi,LOP_09,Lớp 9,thcs,200000,HS_EX_0175,4.99,2026-03-26
GS_EX_0692,Ngô Mai An,nu,1996,Cu nhan,Công nghệ thông tin,DH_Y_HCM,Đại học Y Dược TP.HCM,dai_hoc,KV_HN_HM,Hoàng Mai,Hoàng Mai,Hà Nội,7,ca_hai,150000,excel,hoat_dong,2026-04-03,MON_LY,Vật lý,tu_nhien,LOP_06,Lớp 6,thcs,150000,HS_EX_0328,4.3,2026-03-25
GS_EX_0693,Đỗ Trọng Phú,nam,1999,Ky su,Sư phạm Toán,DH_TM,Đại học Thương mại,dai_hoc,KV_HCM_Q7,Quận 7,Quận 7,Hồ Chí Minh,1,ca_hai,150000,excel,hoat_dong,2026-04-03,MON_LY,Vật lý,tu_nhien,LOP_10,Lớp 10,thpt,150000,,,
GS_EX_0694,Lê Đức Huy,nam,1995,Ky su,Quản trị Kinh doanh,DH_TM,Đại học Thương mại,dai_hoc,KV_DN_CL,Cẩm Lệ,Cẩm Lệ,Đà Nẵng,3,online,180000,excel,hoat_dong,2026-04-03,MON_ANH,Tiếng Anh,ngoai_ngu,LOP_06,Lớp 6,thcs,180000,HS_EX_0876,4.72,2026-03-19
GS_EX_0695,Nguyễn Hoàng An,nu,2001,Thac si,Ngôn ngữ Anh,DH_UEH,Đại học Kinh tế TP.HCM,dai_hoc,KV_HN_TX,Thanh Xuân,Thanh Xuân,Hà Nội,4,ca_hai,200000,excel,hoat_dong,2026-04-03,MON_TOAN,Toán,tu_nhien,LOP_10,Lớp 10,thpt,200000,HS_EX_0229,4.3,2026-03-07
GS_EX_0696,Đặng Đức Huy,nam,1996,Thac si,Sư phạm Toán,DH_FPT,Đại học FPT,dai_hoc,KV_HN_HM,Hoàng Mai,Hoàng Mai,Hà Nội,2,truc_tiep,150000,excel,hoat_dong,2026-04-03,MON_LY,Vật lý,tu_nhien,LOP_12,Lớp 12,thpt,150000,HS_EX_0863,4.2,2026-03-10
GS_EX_0697,Ngô Văn Đạt,nam,1996,Ky su,Quản trị Kinh doanh,DH_KHTN_HCM,Đại học Khoa học Tự nhiên TP.HCM,dai_hoc,KV_HCM_TP,Tân Phú,Tân Phú,Hồ Chí Minh,1,truc_tiep,200000,excel,hoat_dong,2026-04-03,MON_TOAN,Toán,tu_nhien,LOP_10,Lớp 10,thpt,200000,HS_EX_0857,4.82,2026-03-28
GS_EX_0698,Hoàng Hoàng Vy,nu,2003,Cu nhan,Công nghệ thông tin,DH_TM,Đại học Thương mại,dai_hoc,KV_HN_BD,Ba Đình,Ba Đình,Hà Nội,4,ca_hai,150000,excel,hoat_dong,2026-04-03,MON_TOAN,Toán,tu_nhien,LOP_09,Lớp 9,thcs,150000,HS_EX_0036,4.28,2026-03-29
GS_EX_0699,Đặng Minh Huy,nam,2003,Thac si,Ngôn ngữ Anh,DH_NL_HCM,Đại học Nông Lâm TP.HCM,dai_hoc,KV_HCM_Q7,Quận 7,Quận 7,Hồ Chí Minh,4,truc_tiep,250000,excel,hoat_dong,2026-04-03,MON_TOAN,Toán,tu_nhien,LOP_06,Lớp 6,thcs,250000,HS_EX_0635,4.97,2026-03-18
GS_EX_0700,Trần Mai Nhung,nu,1997,Thac si,Ngôn ngữ Anh,DH_UEH,Đại học Kinh tế TP.HCM,dai_hoc,KV_DN_TK,Thanh Khê,Thanh Khê,Đà Nẵng,1,online,250000,excel,hoat_dong,2026-04-03,MON_LY,Vật lý,tu_nhien,LOP_06,Lớp 6,thcs,250000,HS_EX_0458,4.16,2026-03-11
GS_EX_0701,Bùi Minh Khoa,nam,1997,Ky su,Sư phạm Toán,DH_SP_HN,Đại học Sư phạm Hà Nội,dai_hoc,KV_HCM_Q4,Quận 4,Quận 4,Hồ Chí Minh,2,ca_hai,150000,excel,hoat_dong,2026-04-03,MON_TOAN,Toán,tu_nhien,LOP_12,Lớp 12,thpt,150000,HS_EX_0380,3.5,2026-03-10
GS_EX_0702,Lê Minh Đức,nam,1998,Cu nhan,Quản trị Kinh doanh,DH_QGHN,Đại học Quốc gia Hà Nội,dai_hoc,KV_HN_BD,Ba Đình,Ba Đình,Hà Nội,3,online,250000,excel,hoat_dong,2026-04-03,MON_ANH,Tiếng Anh,ngoai_ngu,LOP_10,Lớp 10,thpt,250000,,,
GS_EX_0703,Bùi Xuân Hân,nu,1997,Ky su,Quản trị Kinh doanh,DH_NL_HCM,Đại học Nông Lâm TP.HCM,dai_hoc,KV_HN_CG,Cầu Giấy,Cầu Giấy,Hà Nội,2,truc_tiep,250000,excel,hoat_dong,2026-04-03,MON_VAN,Ngữ văn,xa_hoi,LOP_06,Lớp 6,thcs,250000,HS_EX_0282,4.3,2026-03-16
GS_EX_0704,Vũ Thu Thu,nu,2003,Thac si,Ngôn ngữ Anh,DH_NL_HCM,Đại học Nông Lâm TP.HCM,dai_hoc,KV_HN_HD,Hà Đông,Hà Đông,Hà Nội,1,truc_tiep,250000,excel,hoat_dong,2026-04-03,MON_ANH,Tiếng Anh,ngoai_ngu,LOP_09,Lớp 9,thcs,250000,HS_EX_0619,4.63,2026-03-06
GS_EX_0705,Ngô Thái Huy,nam,1995,Ky su,Sư phạm Toán,DH_QGHN,Đại học Quốc gia Hà Nội,dai_hoc,KV_HCM_Q1,Quận 1,Quận 1,Hồ Chí Minh,7,ca_hai,200000,excel,hoat_dong,2026-04-03,MON_ANH,Tiếng Anh,ngoai_ngu,LOP_06,Lớp 6,thcs,200000,HS_EX_0445,4.85,2026-03-09
GS_EX_0706,Trần Hải Tuấn,nam,2002,Thac si,Sư phạm Toán,DH_NT_HN,Đại học Ngoại thương Hà Nội,dai_hoc,KV_DN_TK,Thanh Khê,Thanh Khê,Đà Nẵng,2,ca_hai,200000,excel,hoat_dong,2026-04-03,MON_TOAN,Toán,tu_nhien,LOP_10,Lớp 10,thpt,200000,HS_EX_0505,4.94,2026-03-24
GS_EX_0707,Lý Xuân Thu,nu,2002,Ky su,Ngôn ngữ Anh,DH_TM,Đại học Thương mại,dai_hoc,KV_HCM_GV,Gò Vấp,Gò Vấp,Hồ Chí Minh,2,ca_hai,150000,excel,hoat_dong,2026-04-03,MON_ANH,Tiếng Anh,ngoai_ngu,LOP_12,Lớp 12,thpt,150000,HS_EX_0113,4.64,2026-03-11
GS_EX_0708,Lý Bảo Thảo,nu,2003,Cu nhan,Công nghệ thông tin,DH_QGHN,Đại học Quốc gia Hà Nội,dai_hoc,KV_HCM_PN,Phú Nhuận,Phú Nhuận,Hồ Chí Minh,6,truc_tiep,250000,excel,hoat_dong,2026-04-03,MON_ANH,Tiếng Anh,ngoai_ngu,LOP_10,Lớp 10,thpt,250000,HS_EX_0368,4.9,2026-03-30
GS_EX_0709,Nguyễn Thái Hùng,nam,2000,Ky su,Công nghệ thông tin,DH_KTQD,Đại học Kinh tế Quốc dân,dai_hoc,KV_HN_BD,Ba Đình,Ba Đình,Hà Nội,5,truc_tiep,180000,excel,hoat_dong,2026-04-03,MON_LY,Vật lý,tu_nhien,LOP_09,Lớp 9,thcs,180000,HS_EX_0718,4.33,2026-03-23
GS_EX_0710,Bùi Hải Phú,nam,1995,Cu nhan,Công nghệ thông tin,DH_KHTN_HCM,Đại học Khoa học Tự nhiên TP.HCM,dai_hoc,KV_HCM_BT,Bình Thạnh,Bình Thạnh,Hồ Chí Minh,5,online,250000,excel,hoat_dong,2026-04-03,MON_VAN,Ngữ văn,xa_hoi,LOP_06,Lớp 6,thcs,250000,HS_EX_0744,4.35,2026-03-22
GS_EX_0711,Phạm Thu Linh,nu,1999,Ky su,Sư phạm Toán,DH_Y_HN,Đại học Y Hà Nội,dai_hoc,KV_HN_NTL,Nam Từ Liêm,Nam Từ Liêm,Hà Nội,1,online,180000,excel,hoat_dong,2026-04-03,MON_LY,Vật lý,tu_nhien,LOP_12,Lớp 12,thpt,180000,HS_EX_0010,4.18,2026-03-09
GS_EX_0712,Bùi Minh Phú,nam,2000,Cu nhan,Ngôn ngữ Anh,DH_FPT,Đại học FPT,dai_hoc,KV_HN_TX,Thanh Xuân,Thanh Xuân,Hà Nội,6,online,250000,excel,hoat_dong,2026-04-03,MON_LY,Vật lý,tu_nhien,LOP_06,Lớp 6,thcs,250000,,,
GS_EX_0713,Vũ Hải Huy,nam,1998,Ky su,Công nghệ thông tin,DH_BK_HCM,Đại học Bách Khoa TP.HCM,dai_hoc,KV_HCM_TB,Tân Bình,Tân Bình,Hồ Chí Minh,8,ca_hai,150000,excel,hoat_dong,2026-04-03,MON_LY,Vật lý,tu_nhien,LOP_09,Lớp 9,thcs,150000,HS_EX_0307,4.1,2026-03-22
GS_EX_0714,Vũ Hữu Nam,nam,2000,Cu nhan,Ngôn ngữ Anh,DH_QGHN,Đại học Quốc gia Hà Nội,dai_hoc,KV_HN_HM,Hoàng Mai,Hoàng Mai,Hà Nội,5,truc_tiep,250000,excel,hoat_dong,2026-04-03,MON_LY,Vật lý,tu_nhien,LOP_06,Lớp 6,thcs,250000,HS_EX_0867,4.47,2026-03-25
GS_EX_0715,Hoàng Trọng Đạt,nam,1998,Thac si,Ngôn ngữ Anh,DH_SP_HN,Đại học Sư phạm Hà Nội,dai_hoc,KV_HCM_PN,Phú Nhuận,Phú Nhuận,Hồ Chí Minh,1,online,150000,excel,hoat_dong,2026-04-03,MON_ANH,Tiếng Anh,ngoai_ngu,LOP_09,Lớp 9,thcs,150000,HS_EX_0285,3.8,2026-03-05
GS_EX_0716,Đặng Thị Châu,nu,1996,Thac si,Sư phạm Toán,DH_QGHN,Đại học Quốc gia Hà Nội,dai_hoc,KV_HCM_Q10,Quận 10,Quận 10,Hồ Chí Minh,4,online,150000,excel,hoat_dong,2026-04-03,MON_LY,Vật lý,tu_nhien,LOP_06,Lớp 6,thcs,150000,,,
GS_EX_0717,Lê Hữu Tuấn,nam,2000,Ky su,Sư phạm Toán,DH_KHTN_HCM,Đại học Khoa học Tự nhiên TP.HCM,dai_hoc,KV_DN_TK,Thanh Khê,Thanh Khê,Đà Nẵng,7,ca_hai,250000,excel,hoat_dong,2026-04-03,MON_VAN,Ngữ văn,xa_hoi,LOP_10,Lớp 10,thpt,250000,HS_EX_0727,3.55,2026-03-11
GS_EX_0718,Vũ Mai Thu,nu,2002,Thac si,Sư phạm Toán,DH_SP_HCM,Đại học Sư phạm TP.HCM,dai_hoc,KV_DN_LC,Liên Chiểu,Liên Chiểu,Đà Nẵng,1,online,180000,excel,hoat_dong,2026-04-03,MON_TOAN,Toán,tu_nhien,LOP_12,Lớp 12,thpt,180000,HS_EX_0037,4.98,2026-03-27
GS_EX_0719,Trần Minh Nam,nam,2003,Cu nhan,Công nghệ thông tin,DH_XD,Đại học Xây dựng Hà Nội,dai_hoc,KV_DN_LC,Liên Chiểu,Liên Chiểu,Đà Nẵng,5,truc_tiep,150000,excel,hoat_dong,2026-04-03,MON_LY,Vật lý,tu_nhien,LOP_06,Lớp 6,thcs,150000,HS_EX_0071,3.56,2026-03-20
GS_EX_0720,Nguyễn Đức Đức,nam,1996,Thac si,Quản trị Kinh doanh,DH_SP_HN,Đại học Sư phạm Hà Nội,dai_hoc,KV_HCM_Q1,Quận 1,Quận 1,Hồ Chí Minh,8,online,200000,excel,hoat_dong,2026-04-03,MON_ANH,Tiếng Anh,ngoai_ngu,LOP_09,Lớp 9,thcs,200000,HS_EX_0929,4.16,2026-03-10
GS_EX_0721,Lê Bảo Linh,nu,1998,Cu nhan,Quản trị Kinh doanh,DH_UEH,Đại học Kinh tế TP.HCM,dai_hoc,KV_HCM_Q1,Quận 1,Quận 1,Hồ Chí Minh,7,online,200000,excel,hoat_dong,2026-04-03,MON_ANH,Tiếng Anh,ngoai_ngu,LOP_09,Lớp 9,thcs,200000,,,
GS_EX_0722,Lý Trọng Tuấn,nam,1997,Ky su,Quản trị Kinh doanh,DH_CNTT,Đại học Công nghệ Thông tin TP.HCM,dai_hoc,KV_HCM_Q7,Quận 7,Quận 7,Hồ Chí Minh,7,ca_hai,180000,excel,hoat_dong,2026-04-03,MON_LY,Vật lý,tu_nhien,LOP_09,Lớp 9,thcs,180000,,,
GS_EX_0723,Phạm Thái Tuấn,nam,1996,Ky su,Công nghệ thông tin,DH_Y_HCM,Đại học Y Dược TP.HCM,dai_hoc,KV_HCM_BT,Bình Thạnh,Bình Thạnh,Hồ Chí Minh,4,ca_hai,200000,excel,hoat_dong,2026-04-03,MON_TOAN,Toán,tu_nhien,LOP_06,Lớp 6,thcs,200000,HS_EX_0514,4.65,2026-03-04
GS_EX_0724,Vũ Thị Mai,nu,1995,Cu nhan,Sư phạm Toán,DH_Y_HN,Đại học Y Hà Nội,dai_hoc,KV_DN_LC,Liên Chiểu,Liên Chiểu,Đà Nẵng,8,online,200000,excel,hoat_dong,2026-04-03,MON_TOAN,Toán,tu_nhien,LOP_10,Lớp 10,thpt,200000,HS_EX_0302,4.12,2026-03-26
GS_EX_0725,Bùi Hữu Huy,nam,2002,Cu nhan,Công nghệ thông tin,DH_KHTN_HCM,Đại học Khoa học Tự nhiên TP.HCM,dai_hoc,KV_HN_TH,Tây Hồ,Tây Hồ,Hà Nội,7,ca_hai,250000,excel,hoat_dong,2026-04-03,MON_TOAN,Toán,tu_nhien,LOP_12,Lớp 12,thpt,250000,HS_EX_0924,3.61,2026-03-08
GS_EX_0726,Lê Hoàng Mai,nu,1995,Thac si,Quản trị Kinh doanh,DH_NT_HN,Đại học Ngoại thương Hà Nội,dai_hoc,KV_DN_NHS,Ngũ Hành Sơn,Ngũ Hành Sơn,Đà Nẵng,4,online,200000,excel,hoat_dong,2026-04-03,MON_ANH,Tiếng Anh,ngoai_ngu,LOP_09,Lớp 9,thcs,200000,,,
GS_EX_0727,Lê Xuân Thảo,nu,2002,Thac si,Sư phạm Toán,DH_Y_HCM,Đại học Y Dược TP.HCM,dai_hoc,KV_HCM_Q7,Quận 7,Quận 7,Hồ Chí Minh,2,online,200000,excel,hoat_dong,2026-04-03,MON_VAN,Ngữ văn,xa_hoi,LOP_12,Lớp 12,thpt,200000,HS_EX_0595,4.19,2026-03-18
GS_EX_0728,Phạm Hồng Mai,nu,1998,Thac si,Ngôn ngữ Anh,DH_NL_HCM,Đại học Nông Lâm TP.HCM,dai_hoc,KV_HCM_Q4,Quận 4,Quận 4,Hồ Chí Minh,5,online,200000,excel,hoat_dong,2026-04-03,MON_LY,Vật lý,tu_nhien,LOP_10,Lớp 10,thpt,200000,HS_EX_0061,4.0,2026-04-02
GS_EX_0729,Lý Bảo Thảo,nu,2002,Cu nhan,Ngôn ngữ Anh,DH_UEH,Đại học Kinh tế TP.HCM,dai_hoc,KV_DN_LC,Liên Chiểu,Liên Chiểu,Đà Nẵng,7,truc_tiep,250000,excel,hoat_dong,2026-04-03,MON_TOAN,Toán,tu_nhien,LOP_12,Lớp 12,thpt,250000,,,
GS_EX_0730,Ngô Hoàng Hân,nu,2003,Ky su,Quản trị Kinh doanh,DH_TM,Đại học Thương mại,dai_hoc,KV_DN_TK,Thanh Khê,Thanh Khê,Đà Nẵng,5,ca_hai,180000,excel,hoat_dong,2026-04-03,MON_LY,Vật lý,tu_nhien,LOP_12,Lớp 12,thpt,180000,HS_EX_0112,4.93,2026-03-31
GS_EX_0731,Lê Hồng Thảo,nu,2002,Ky su,Quản trị Kinh doanh,DH_DN,Đại học Đà Nẵng,dai_hoc,KV_HCM_Q10,Quận 10,Quận 10,Hồ Chí Minh,6,online,250000,excel,hoat_dong,2026-04-03,MON_VAN,Ngữ văn,xa_hoi,LOP_10,Lớp 10,thpt,250000,HS_EX_0678,3.7,2026-03-19
GS_EX_0732,Dương Trọng Tuấn,nam,2003,Thac si,Ngôn ngữ Anh,DH_KHTN_HN,Đại học Khoa học Tự nhiên Hà Nội,dai_hoc,KV_HCM_Q5,Quận 5,Quận 5,Hồ Chí Minh,2,ca_hai,180000,excel,hoat_dong,2026-04-03,MON_VAN,Ngữ văn,xa_hoi,LOP_09,Lớp 9,thcs,180000,HS_EX_0680,4.2,2026-03-11
GS_EX_0733,Nguyễn Mai Vy,nu,1998,Thac si,Công nghệ thông tin,DH_BK_HCM,Đại học Bách Khoa TP.HCM,dai_hoc,KV_DN_ST,Sơn Trà,Sơn Trà,Đà Nẵng,6,ca_hai,200000,excel,hoat_dong,2026-04-03,MON_LY,Vật lý,tu_nhien,LOP_09,Lớp 9,thcs,200000,HS_EX_0704,4.04,2026-03-17
GS_EX_0734,Nguyễn Hải Phú,nam,1998,Cu nhan,Quản trị Kinh doanh,DH_BK_HN,Đại học Bách Khoa Hà Nội,dai_hoc,KV_HN_HBT,Hai Bà Trưng,Hai Bà Trưng,Hà Nội,5,online,180000,excel,hoat_dong,2026-04-03,MON_LY,Vật lý,tu_nhien,LOP_12,Lớp 12,thpt,180000,HS_EX_0413,4.97,2026-03-25
GS_EX_0735,Ngô Bảo Linh,nu,2000,Cu nhan,Ngôn ngữ Anh,DH_KTQD,Đại học Kinh tế Quốc dân,dai_hoc,KV_HN_HD,Hà Đông,Hà Đông,Hà Nội,1,truc_tiep,150000,excel,hoat_dong,2026-04-03,MON_VAN,Ngữ văn,xa_hoi,LOP_10,Lớp 10,thpt,150000,HS_EX_0633,3.53,2026-03-13
GS_EX_0736,Ngô Hồng Mai,nu,2003,Thac si,Công nghệ thông tin,DH_NT_HN,Đại học Ngoại thương Hà Nội,dai_hoc,KV_DN_HC,Hải Châu,Hải Châu,Đà Nẵng,4,ca_hai,200000,excel,hoat_dong,2026-04-03,MON_VAN,Ngữ văn,xa_hoi,LOP_10,Lớp 10,thpt,200000,,,
GS_EX_0737,Đỗ Văn Đức,nam,1996,Cu nhan,Quản trị Kinh doanh,DH_Y_HCM,Đại học Y Dược TP.HCM,dai_hoc,KV_HCM_TP,Tân Phú,Tân Phú,Hồ Chí Minh,8,online,250000,excel,hoat_dong,2026-04-03,MON_ANH,Tiếng Anh,ngoai_ngu,LOP_12,Lớp 12,thpt,250000,HS_EX_0920,3.92,2026-03-22
GS_EX_0738,Trần Thanh Linh,nu,2001,Ky su,Sư phạm Toán,DH_GTVT,Đại học Giao thông Vận tải,dai_hoc,KV_DN_LC,Liên Chiểu,Liên Chiểu,Đà Nẵng,3,online,250000,excel,hoat_dong,2026-04-03,MON_VAN,Ngữ văn,xa_hoi,LOP_09,Lớp 9,thcs,250000,HS_EX_0666,4.11,2026-03-18
GS_EX_0739,Dương Xuân Thu,nu,1995,Ky su,Công nghệ thông tin,DH_NL_HCM,Đại học Nông Lâm TP.HCM,dai_hoc,KV_HCM_TP,Tân Phú,Tân Phú,Hồ Chí Minh,4,ca_hai,180000,excel,hoat_dong,2026-04-03,MON_ANH,Tiếng Anh,ngoai_ngu,LOP_09,Lớp 9,thcs,180000,,,
GS_EX_0740,Ngô Đức Phú,nam,1995,Ky su,Ngôn ngữ Anh,DH_BK_HN,Đại học Bách Khoa Hà Nội,dai_hoc,KV_HCM_BT,Bình Thạnh,Bình Thạnh,Hồ Chí Minh,3,ca_hai,150000,excel,hoat_dong,2026-04-03,MON_VAN,Ngữ văn,xa_hoi,LOP_09,Lớp 9,thcs,150000,HS_EX_0456,3.67,2026-03-05
GS_EX_0741,Đặng Thu Thảo,nu,1997,Thac si,Quản trị Kinh doanh,DH_SP_HCM,Đại học Sư phạm TP.HCM,dai_hoc,KV_HN_BTL,Bắc Từ Liêm,Bắc Từ Liêm,Hà Nội,2,truc_tiep,250000,excel,hoat_dong,2026-04-03,MON_VAN,Ngữ văn,xa_hoi,LOP_06,Lớp 6,thcs,250000,HS_EX_0322,4.95,2026-03-10
GS_EX_0742,Đặng Hồng Hân,nu,2001,Cu nhan,Sư phạm Toán,DH_TM,Đại học Thương mại,dai_hoc,KV_DN_ST,Sơn Trà,Sơn Trà,Đà Nẵng,1,ca_hai,200000,excel,hoat_dong,2026-04-03,MON_ANH,Tiếng Anh,ngoai_ngu,LOP_09,Lớp 9,thcs,200000,HS_EX_0300,4.27,2026-04-02
GS_EX_0743,Ngô Hải Hùng,nam,1997,Cu nhan,Sư phạm Toán,DH_SP_HN,Đại học Sư phạm Hà Nội,dai_hoc,KV_HN_DD,Đống Đa,Đống Đa,Hà Nội,5,truc_tiep,200000,excel,hoat_dong,2026-04-03,MON_LY,Vật lý,tu_nhien,LOP_10,Lớp 10,thpt,200000,HS_EX_0298,4.89,2026-03-21
GS_EX_0744,Lý Hồng Mai,nu,1998,Ky su,Quản trị Kinh doanh,DH_DN,Đại học Đà Nẵng,dai_hoc,KV_HCM_Q8,Quận 8,Quận 8,Hồ Chí Minh,1,truc_tiep,150000,excel,hoat_dong,2026-04-03,MON_VAN,Ngữ văn,xa_hoi,LOP_06,Lớp 6,thcs,150000,HS_EX_0950,4.6,2026-03-05
GS_EX_0745,Đặng Hữu Đạt,nam,1995,Cu nhan,Quản trị Kinh doanh,DH_UEH,Đại học Kinh tế TP.HCM,dai_hoc,KV_HCM_Q1,Quận 1,Quận 1,Hồ Chí Minh,2,truc_tiep,200000,excel,hoat_dong,2026-04-03,MON_ANH,Tiếng Anh,ngoai_ngu,LOP_06,Lớp 6,thcs,200000,HS_EX_0673,4.73,2026-03-13
GS_EX_0746,Ngô Xuân Thảo,nu,1999,Cu nhan,Quản trị Kinh doanh,DH_GTVT,Đại học Giao thông Vận tải,dai_hoc,KV_HN_HK,Hoàn Kiếm,Hoàn Kiếm,Hà Nội,1,online,250000,excel,hoat_dong,2026-04-03,MON_ANH,Tiếng Anh,ngoai_ngu,LOP_12,Lớp 12,thpt,250000,,,
GS_EX_0747,Vũ Thị Linh,nu,2002,Ky su,Ngôn ngữ Anh,DH_SP_HCM,Đại học Sư phạm TP.HCM,dai_hoc,KV_HN_HM,Hoàng Mai,Hoàng Mai,Hà Nội,2,truc_tiep,200000,excel,hoat_dong,2026-04-03,MON_ANH,Tiếng Anh,ngoai_ngu,LOP_06,Lớp 6,thcs,200000,HS_EX_0022,4.99,2026-03-18
GS_EX_0748,Ngô Hải Đạt,nam,2002,Cu nhan,Công nghệ thông tin,DH_NL_HCM,Đại học Nông Lâm TP.HCM,dai_hoc,KV_HN_DD,Đống Đa,Đống Đa,Hà Nội,8,ca_hai,180000,excel,hoat_dong,2026-04-03,MON_LY,Vật lý,tu_nhien,LOP_06,Lớp 6,thcs,180000,HS_EX_0647,4.72,2026-03-20
GS_EX_0749,Đặng Văn Đạt,nam,2000,Cu nhan,Công nghệ thông tin,DH_FPT,Đại học FPT,dai_hoc,KV_HN_HK,Hoàn Kiếm,Hoàn Kiếm,Hà Nội,4,truc_tiep,200000,excel,hoat_dong,2026-04-03,MON_TOAN,Toán,tu_nhien,LOP_06,Lớp 6,thcs,200000,HS_EX_0901,3.82,2026-03-13
GS_EX_0750,Trần Đình Nam,nam,1997,Ky su,Ngôn ngữ Anh,DH_NL_HCM,Đại học Nông Lâm TP.HCM,dai_hoc,KV_DN_LC,Liên Chiểu,Liên Chiểu,Đà Nẵng,2,online,180000,excel,hoat_dong,2026-04-03,MON_TOAN,Toán,tu_nhien,LOP_12,Lớp 12,thpt,180000,HS_EX_0850,4.75,2026-03-29
GS_EX_0751,Phạm Minh Kiệt,nam,2000,Cu nhan,Quản trị Kinh doanh,DH_Y_HN,Đại học Y Hà Nội,dai_hoc,KV_DN_TK,Thanh Khê,Thanh Khê,Đà Nẵng,6,online,200000,excel,hoat_dong,2026-04-03,MON_TOAN,Toán,tu_nhien,LOP_10,Lớp 10,thpt,200000,HS_EX_0591,4.85,2026-03-27
GS_EX_0752,Đỗ Mai An,nu,1998,Ky su,Quản trị Kinh doanh,DH_FPT,Đại học FPT,dai_hoc,KV_HN_BTL,Bắc Từ Liêm,Bắc Từ Liêm,Hà Nội,1,truc_tiep,180000,excel,hoat_dong,2026-04-03,MON_ANH,Tiếng Anh,ngoai_ngu,LOP_12,Lớp 12,thpt,180000,HS_EX_0910,3.67,2026-03-15
GS_EX_0753,Dương Thái Kiệt,nam,2000,Cu nhan,Ngôn ngữ Anh,DH_Y_HN,Đại học Y Hà Nội,dai_hoc,KV_DN_TK,Thanh Khê,Thanh Khê,Đà Nẵng,8,truc_tiep,250000,excel,hoat_dong,2026-04-03,MON_ANH,Tiếng Anh,ngoai_ngu,LOP_09,Lớp 9,thcs,250000,HS_EX_0819,4.25,2026-03-15
GS_EX_0754,Vũ Bảo Mai,nu,1998,Cu nhan,Công nghệ thông tin,DH_BK_HN,Đại học Bách Khoa Hà Nội,dai_hoc,KV_HN_CG,Cầu Giấy,Cầu Giấy,Hà Nội,2,truc_tiep,180000,excel,hoat_dong,2026-04-03,MON_VAN,Ngữ văn,xa_hoi,LOP_12,Lớp 12,thpt,180000,HS_EX_0034,3.79,2026-03-19
GS_EX_0755,Dương Thị Linh,nu,1996,Ky su,Công nghệ thông tin,DH_CNTT,Đại học Công nghệ Thông tin TP.HCM,dai_hoc,KV_HCM_Q7,Quận 7,Quận 7,Hồ Chí Minh,3,ca_hai,150000,excel,hoat_dong,2026-04-03,MON_VAN,Ngữ văn,xa_hoi,LOP_10,Lớp 10,thpt,150000,,,
GS_EX_0756,Phạm Thanh Mai,nu,2002,Thac si,Sư phạm Toán,DH_QGHN,Đại học Quốc gia Hà Nội,dai_hoc,KV_HN_NTL,Nam Từ Liêm,Nam Từ Liêm,Hà Nội,7,truc_tiep,180000,excel,hoat_dong,2026-04-03,MON_LY,Vật lý,tu_nhien,LOP_12,Lớp 12,thpt,180000,HS_EX_0942,3.69,2026-03-11
GS_EX_0757,Ngô Đức Nam,nam,2003,Cu nhan,Sư phạm Toán,DH_BK_HN,Đại học Bách Khoa Hà Nội,dai_hoc,KV_HN_HK,Hoàn Kiếm,Hoàn Kiếm,Hà Nội,2,ca_hai,150000,excel,hoat_dong,2026-04-03,MON_ANH,Tiếng Anh,ngoai_ngu,LOP_12,Lớp 12,thpt,150000,,,
GS_EX_0758,Phạm Thị Hân,nu,2003,Ky su,Sư phạm Toán,DH_Y_HCM,Đại học Y Dược TP.HCM,dai_hoc,KV_DN_TK,Thanh Khê,Thanh Khê,Đà Nẵng,8,truc_tiep,250000,excel,hoat_dong,2026-04-03,MON_TOAN,Toán,tu_nhien,LOP_06,Lớp 6,thcs,250000,,,
GS_EX_0759,Nguyễn Thu Nhung,nu,2003,Ky su,Công nghệ thông tin,DH_NL_HCM,Đại học Nông Lâm TP.HCM,dai_hoc,KV_HCM_TP,Tân Phú,Tân Phú,Hồ Chí Minh,8,online,250000,excel,hoat_dong,2026-04-03,MON_ANH,Tiếng Anh,ngoai_ngu,LOP_09,Lớp 9,thcs,250000,HS_EX_0977,4.59,2026-03-08
GS_EX_0760,Trần Hữu Khoa,nam,1996,Thac si,Ngôn ngữ Anh,DH_Y_HCM,Đại học Y Dược TP.HCM,dai_hoc,KV_DN_NHS,Ngũ Hành Sơn,Ngũ Hành Sơn,Đà Nẵng,5,online,150000,excel,hoat_dong,2026-04-03,MON_TOAN,Toán,tu_nhien,LOP_12,Lớp 12,thpt,150000,,,
GS_EX_0761,Trần Hải Phú,nam,1996,Ky su,Ngôn ngữ Anh,DH_UEH,Đại học Kinh tế TP.HCM,dai_hoc,KV_HCM_Q4,Quận 4,Quận 4,Hồ Chí Minh,8,truc_tiep,150000,excel,hoat_dong,2026-04-03,MON_ANH,Tiếng Anh,ngoai_ngu,LOP_09,Lớp 9,thcs,150000,,,
GS_EX_0762,Lý Ngọc Châu,nu,2002,Cu nhan,Quản trị Kinh doanh,DH_TM,Đại học Thương mại,dai_hoc,KV_HCM_Q10,Quận 10,Quận 10,Hồ Chí Minh,7,online,250000,excel,hoat_dong,2026-04-03,MON_ANH,Tiếng Anh,ngoai_ngu,LOP_10,Lớp 10,thpt,250000,HS_EX_0129,4.13,2026-03-31
GS_EX_0763,Bùi Hoàng Vy,nu,1997,Ky su,Sư phạm Toán,DH_KT_DN,Đại học Kinh tế Đà Nẵng,dai_hoc,KV_DN_CL,Cẩm Lệ,Cẩm Lệ,Đà Nẵng,3,online,150000,excel,hoat_dong,2026-04-03,MON_VAN,Ngữ văn,xa_hoi,LOP_12,Lớp 12,thpt,150000,HS_EX_0211,4.63,2026-03-05
GS_EX_0764,Vũ Hải Đức,nam,1995,Cu nhan,Ngôn ngữ Anh,DH_QGHN,Đại học Quốc gia Hà Nội,dai_hoc,KV_HN_HBT,Hai Bà Trưng,Hai Bà Trưng,Hà Nội,7,truc_tiep,150000,excel,hoat_dong,2026-04-03,MON_ANH,Tiếng Anh,ngoai_ngu,LOP_06,Lớp 6,thcs,150000,HS_EX_0894,3.83,2026-03-04
GS_EX_0765,Dương Trọng Hùng,nam,1997,Ky su,Sư phạm Toán,DH_SP_HN,Đại học Sư phạm Hà Nội,dai_hoc,KV_HCM_Q3,Quận 3,Quận 3,Hồ Chí Minh,1,truc_tiep,150000,excel,hoat_dong,2026-04-03,MON_LY,Vật lý,tu_nhien,LOP_12,Lớp 12,thpt,150000,HS_EX_0444,4.63,2026-03-22
GS_EX_0766,Lê Hồng Vy,nu,2000,Cu nhan,Quản trị Kinh doanh,DH_UEH,Đại học Kinh tế TP.HCM,dai_hoc,KV_HN_LB,Long Biên,Long Biên,Hà Nội,1,ca_hai,180000,excel,hoat_dong,2026-04-03,MON_VAN,Ngữ văn,xa_hoi,LOP_06,Lớp 6,thcs,180000,,,
GS_EX_0767,Đỗ Văn Nam,nam,2003,Ky su,Công nghệ thông tin,DH_NT_HN,Đại học Ngoại thương Hà Nội,dai_hoc,KV_DN_TK,Thanh Khê,Thanh Khê,Đà Nẵng,7,truc_tiep,250000,excel,hoat_dong,2026-04-03,MON_TOAN,Toán,tu_nhien,LOP_12,Lớp 12,thpt,250000,HS_EX_0411,4.18,2026-03-22
GS_EX_0768,Vũ Hoàng Hân,nu,2000,Ky su,Công nghệ thông tin,DH_SP_HN,Đại học Sư phạm Hà Nội,dai_hoc,KV_HCM_GV,Gò Vấp,Gò Vấp,Hồ Chí Minh,2,ca_hai,200000,excel,hoat_dong,2026-04-03,MON_LY,Vật lý,tu_nhien,LOP_12,Lớp 12,thpt,200000,HS_EX_0564,4.58,2026-03-16
GS_EX_0769,Phạm Hải Hùng,nam,1997,Ky su,Công nghệ thông tin,DH_NT_HN,Đại học Ngoại thương Hà Nội,dai_hoc,KV_HN_NTL,Nam Từ Liêm,Nam Từ Liêm,Hà Nội,2,ca_hai,250000,excel,hoat_dong,2026-04-03,MON_TOAN,Toán,tu_nhien,LOP_12,Lớp 12,thpt,250000,HS_EX_0844,4.82,2026-03-27
GS_EX_0770,Đặng Xuân Nhung,nu,2000,Thac si,Quản trị Kinh doanh,DH_SP_HCM,Đại học Sư phạm TP.HCM,dai_hoc,KV_HN_HBT,Hai Bà Trưng,Hai Bà Trưng,Hà Nội,2,online,200000,excel,hoat_dong,2026-04-03,MON_ANH,Tiếng Anh,ngoai_ngu,LOP_12,Lớp 12,thpt,200000,HS_EX_0007,4.42,2026-03-12
GS_EX_0771,Trần Minh Hùng,nam,2002,Ky su,Ngôn ngữ Anh,DH_KHTN_HCM,Đại học Khoa học Tự nhiên TP.HCM,dai_hoc,KV_HCM_Q10,Quận 10,Quận 10,Hồ Chí Minh,4,truc_tiep,150000,excel,hoat_dong,2026-04-03,MON_VAN,Ngữ văn,xa_hoi,LOP_12,Lớp 12,thpt,150000,,,
GS_EX_0772,Nguyễn Quang Đạt,nam,1998,Cu nhan,Ngôn ngữ Anh,DH_Y_HN,Đại học Y Hà Nội,dai_hoc,KV_HCM_Q8,Quận 8,Quận 8,Hồ Chí Minh,7,truc_tiep,200000,excel,hoat_dong,2026-04-03,MON_TOAN,Toán,tu_nhien,LOP_12,Lớp 12,thpt,200000,HS_EX_0708,4.63,2026-03-25
GS_EX_0773,Ngô Trọng Huy,nam,1996,Thac si,Quản trị Kinh doanh,DH_UEH,Đại học Kinh tế TP.HCM,dai_hoc,KV_HN_BD,Ba Đình,Ba Đình,Hà Nội,8,online,200000,excel,hoat_dong,2026-04-03,MON_ANH,Tiếng Anh,ngoai_ngu,LOP_12,Lớp 12,thpt,200000,HS_EX_0790,4.65,2026-03-15
GS_EX_0774,Nguyễn Hữu Đức,nam,1999,Ky su,Sư phạm Toán,DH_SP_HCM,Đại học Sư phạm TP.HCM,dai_hoc,KV_HCM_TP,Tân Phú,Tân Phú,Hồ Chí Minh,3,ca_hai,200000,excel,hoat_dong,2026-04-03,MON_VAN,Ngữ văn,xa_hoi,LOP_12,Lớp 12,thpt,200000,HS_EX_0111,4.6,2026-03-04
GS_EX_0775,Dương Mai Nhung,nu,2003,Ky su,Quản trị Kinh doanh,DH_NT_HN,Đại học Ngoại thương Hà Nội,dai_hoc,KV_HCM_Q3,Quận 3,Quận 3,Hồ Chí Minh,4,truc_tiep,250000,excel,hoat_dong,2026-04-03,MON_VAN,Ngữ văn,xa_hoi,LOP_09,Lớp 9,thcs,250000,HS_EX_0081,4.72,2026-03-31
GS_EX_0776,Hoàng Xuân Nhung,nu,1996,Thac si,Sư phạm Toán,DH_KTQD,Đại học Kinh tế Quốc dân,dai_hoc,KV_HN_HBT,Hai Bà Trưng,Hai Bà Trưng,Hà Nội,7,online,150000,excel,hoat_dong,2026-04-03,MON_ANH,Tiếng Anh,ngoai_ngu,LOP_12,Lớp 12,thpt,150000,HS_EX_0222,3.57,2026-03-19
GS_EX_0777,Đặng Thu Trang,nu,2002,Thac si,Sư phạm Toán,DH_GTVT,Đại học Giao thông Vận tải,dai_hoc,KV_DN_TK,Thanh Khê,Thanh Khê,Đà Nẵng,8,truc_tiep,250000,excel,hoat_dong,2026-04-03,MON_VAN,Ngữ văn,xa_hoi,LOP_10,Lớp 10,thpt,250000,HS_EX_0903,4.13,2026-03-06
GS_EX_0778,Đặng Đình Tuấn,nam,2002,Ky su,Ngôn ngữ Anh,DH_GTVT,Đại học Giao thông Vận tải,dai_hoc,KV_HCM_Q5,Quận 5,Quận 5,Hồ Chí Minh,7,truc_tiep,180000,excel,hoat_dong,2026-04-03,MON_VAN,Ngữ văn,xa_hoi,LOP_10,Lớp 10,thpt,180000,HS_EX_0863,4.4,2026-03-13
GS_EX_0779,Trần Mai An,nu,1996,Ky su,Ngôn ngữ Anh,DH_NL_HCM,Đại học Nông Lâm TP.HCM,dai_hoc,KV_DN_TK,Thanh Khê,Thanh Khê,Đà Nẵng,4,online,250000,excel,hoat_dong,2026-04-03,MON_VAN,Ngữ văn,xa_hoi,LOP_06,Lớp 6,thcs,250000,HS_EX_0264,3.58,2026-03-18
GS_EX_0780,Vũ Thanh An,nu,2003,Cu nhan,Công nghệ thông tin,DH_DN,Đại học Đà Nẵng,dai_hoc,KV_HCM_Q8,Quận 8,Quận 8,Hồ Chí Minh,2,ca_hai,250000,excel,hoat_dong,2026-04-03,MON_LY,Vật lý,tu_nhien,LOP_06,Lớp 6,thcs,250000,HS_EX_0712,3.54,2026-03-09
GS_EX_0781,Lê Minh Đạt,nam,1995,Cu nhan,Quản trị Kinh doanh,DH_BK_HCM,Đại học Bách Khoa TP.HCM,dai_hoc,KV_HN_NTL,Nam Từ Liêm,Nam Từ Liêm,Hà Nội,8,truc_tiep,180000,excel,hoat_dong,2026-04-03,MON_LY,Vật lý,tu_nhien,LOP_12,Lớp 12,thpt,180000,HS_EX_0428,4.5,2026-03-11
GS_EX_0782,Bùi Hoàng Châu,nu,1995,Cu nhan,Quản trị Kinh doanh,DH_KT_DN,Đại học Kinh tế Đà Nẵng,dai_hoc,KV_HN_CG,Cầu Giấy,Cầu Giấy,Hà Nội,6,ca_hai,180000,excel,hoat_dong,2026-04-03,MON_ANH,Tiếng Anh,ngoai_ngu,LOP_09,Lớp 9,thcs,180000,HS_EX_0434,4.23,2026-03-13
GS_EX_0783,Hoàng Ngọc Nhung,nu,2000,Ky su,Sư phạm Toán,DH_KHTN_HCM,Đại học Khoa học Tự nhiên TP.HCM,dai_hoc,KV_HN_CG,Cầu Giấy,Cầu Giấy,Hà Nội,6,ca_hai,180000,excel,hoat_dong,2026-04-03,MON_LY,Vật lý,tu_nhien,LOP_12,Lớp 12,thpt,180000,HS_EX_0797,4.79,2026-03-08
GS_EX_0784,Phạm Bảo Mai,nu,2003,Cu nhan,Quản trị Kinh doanh,DH_KT_DN,Đại học Kinh tế Đà Nẵng,dai_hoc,KV_DN_CL,Cẩm Lệ,Cẩm Lệ,Đà Nẵng,3,online,150000,excel,hoat_dong,2026-04-03,MON_ANH,Tiếng Anh,ngoai_ngu,LOP_12,Lớp 12,thpt,150000,HS_EX_0309,3.52,2026-03-31
GS_EX_0785,Lê Thu Mai,nu,1999,Thac si,Sư phạm Toán,DH_Y_HCM,Đại học Y Dược TP.HCM,dai_hoc,KV_HN_CG,Cầu Giấy,Cầu Giấy,Hà Nội,3,truc_tiep,150000,excel,hoat_dong,2026-04-03,MON_LY,Vật lý,tu_nhien,LOP_09,Lớp 9,thcs,150000,,,
GS_EX_0786,Trần Xuân Thu,nu,1996,Thac si,Ngôn ngữ Anh,DH_QGHN,Đại học Quốc gia Hà Nội,dai_hoc,KV_DN_LC,Liên Chiểu,Liên Chiểu,Đà Nẵng,5,online,200000,excel,hoat_dong,2026-04-03,MON_VAN,Ngữ văn,xa_hoi,LOP_10,Lớp 10,thpt,200000,HS_EX_0078,4.33,2026-03-10
GS_EX_0787,Đặng Ngọc Nhung,nu,1995,Ky su,Ngôn ngữ Anh,DH_NL_HCM,Đại học Nông Lâm TP.HCM,dai_hoc,KV_HCM_TB,Tân Bình,Tân Bình,Hồ Chí Minh,3,truc_tiep,250000,excel,hoat_dong,2026-04-03,MON_VAN,Ngữ văn,xa_hoi,LOP_10,Lớp 10,thpt,250000,,,
GS_EX_0788,Hoàng Mai Nhung,nu,1996,Thac si,Sư phạm Toán,DH_GTVT,Đại học Giao thông Vận tải,dai_hoc,KV_HN_BTL,Bắc Từ Liêm,Bắc Từ Liêm,Hà Nội,2,ca_hai,180000,excel,hoat_dong,2026-04-03,MON_VAN,Ngữ văn,xa_hoi,LOP_09,Lớp 9,thcs,180000,HS_EX_0989,4.65,2026-03-25
GS_EX_0789,Bùi Hồng Mai,nu,1999,Cu nhan,Công nghệ thông tin,DH_GTVT,Đại học Giao thông Vận tải,dai_hoc,KV_HCM_TD,Thủ Đức,Thủ Đức,Hồ Chí Minh,7,online,250000,excel,hoat_dong,2026-04-03,MON_TOAN,Toán,tu_nhien,LOP_06,Lớp 6,thcs,250000,HS_EX_0986,4.19,2026-03-31
GS_EX_0790,Hoàng Thanh Linh,nu,1995,Ky su,Ngôn ngữ Anh,DH_SP_HCM,Đại học Sư phạm TP.HCM,dai_hoc,KV_HCM_PN,Phú Nhuận,Phú Nhuận,Hồ Chí Minh,5,online,180000,excel,hoat_dong,2026-04-03,MON_LY,Vật lý,tu_nhien,LOP_10,Lớp 10,thpt,180000,,,
GS_EX_0791,Bùi Đình Nam,nam,2002,Cu nhan,Ngôn ngữ Anh,DH_BK_HCM,Đại học Bách Khoa TP.HCM,dai_hoc,KV_DN_TK,Thanh Khê,Thanh Khê,Đà Nẵng,7,online,150000,excel,hoat_dong,2026-04-03,MON_VAN,Ngữ văn,xa_hoi,LOP_06,Lớp 6,thcs,150000,HS_EX_0326,3.52,2026-03-29
GS_EX_0792,Đặng Bảo Thu,nu,2001,Thac si,Ngôn ngữ Anh,DH_QGHN,Đại học Quốc gia Hà Nội,dai_hoc,KV_HCM_TP,Tân Phú,Tân Phú,Hồ Chí Minh,5,ca_hai,180000,excel,hoat_dong,2026-04-03,MON_TOAN,Toán,tu_nhien,LOP_09,Lớp 9,thcs,180000,HS_EX_0232,4.46,2026-03-20
GS_EX_0793,Nguyễn Hải Huy,nam,1997,Thac si,Ngôn ngữ Anh,DH_FPT,Đại học FPT,dai_hoc,KV_DN_LC,Liên Chiểu,Liên Chiểu,Đà Nẵng,8,ca_hai,200000,excel,hoat_dong,2026-04-03,MON_ANH,Tiếng Anh,ngoai_ngu,LOP_12,Lớp 12,thpt,200000,HS_EX_0724,4.09,2026-03-20
GS_EX_0794,Nguyễn Thanh Linh,nu,2001,Ky su,Công nghệ thông tin,DH_SP_HN,Đại học Sư phạm Hà Nội,dai_hoc,KV_HN_HD,Hà Đông,Hà Đông,Hà Nội,5,online,180000,excel,hoat_dong,2026-04-03,MON_LY,Vật lý,tu_nhien,LOP_06,Lớp 6,thcs,180000,HS_EX_0506,4.31,2026-03-14
GS_EX_0795,Dương Mai Mai,nu,1997,Cu nhan,Công nghệ thông tin,DH_DN,Đại học Đà Nẵng,dai_hoc,KV_HN_NTL,Nam Từ Liêm,Nam Từ Liêm,Hà Nội,5,online,250000,excel,hoat_dong,2026-04-03,MON_TOAN,Toán,tu_nhien,LOP_10,Lớp 10,thpt,250000,HS_EX_0159,3.78,2026-03-11
GS_EX_0796,Lê Ngọc Linh,nu,1998,Cu nhan,Quản trị Kinh doanh,DH_NL_HCM,Đại học Nông Lâm TP.HCM,dai_hoc,KV_DN_NHS,Ngũ Hành Sơn,Ngũ Hành Sơn,Đà Nẵng,5,ca_hai,150000,excel,hoat_dong,2026-04-03,MON_TOAN,Toán,tu_nhien,LOP_12,Lớp 12,thpt,150000,,,
GS_EX_0797,Trần Đình Phú,nam,1996,Thac si,Sư phạm Toán,DH_SP_HN,Đại học Sư phạm Hà Nội,dai_hoc,KV_HN_TH,Tây Hồ,Tây Hồ,Hà Nội,2,online,180000,excel,hoat_dong,2026-04-03,MON_LY,Vật lý,tu_nhien,LOP_12,Lớp 12,thpt,180000,HS_EX_0718,3.68,2026-04-01
GS_EX_0798,Vũ Xuân Mai,nu,2000,Thac si,Quản trị Kinh doanh,DH_Y_HN,Đại học Y Hà Nội,dai_hoc,KV_DN_CL,Cẩm Lệ,Cẩm Lệ,Đà Nẵng,7,truc_tiep,180000,excel,hoat_dong,2026-04-03,MON_ANH,Tiếng Anh,ngoai_ngu,LOP_09,Lớp 9,thcs,180000,HS_EX_0907,4.37,2026-03-10
GS_EX_0799,Lê Mai Thu,nu,1996,Ky su,Ngôn ngữ Anh,DH_UEH,Đại học Kinh tế TP.HCM,dai_hoc,KV_DN_LC,Liên Chiểu,Liên Chiểu,Đà Nẵng,5,ca_hai,200000,excel,hoat_dong,2026-04-03,MON_TOAN,Toán,tu_nhien,LOP_12,Lớp 12,thpt,200000,HS_EX_0786,4.8,2026-03-15
GS_EX_0800,Phạm Mai Nhung,nu,1999,Thac si,Quản trị Kinh doanh,DH_KHTN_HCM,Đại học Khoa học Tự nhiên TP.HCM,dai_hoc,KV_HCM_BT,Bình Thạnh,Bình Thạnh,Hồ Chí Minh,8,truc_tiep,150000,excel,hoat_dong,2026-04-03,MON_VAN,Ngữ văn,xa_hoi,LOP_09,Lớp 9,thcs,150000,HS_EX_0899,4.89,2026-03-14
GS_EX_0801,Lý Thu Thu,nu,2000,Thac si,Sư phạm Toán,DH_BK_HN,Đại học Bách Khoa Hà Nội,dai_hoc,KV_DN_ST,Sơn Trà,Sơn Trà,Đà Nẵng,6,truc_tiep,150000,excel,hoat_dong,2026-04-03,MON_ANH,Tiếng Anh,ngoai_ngu,LOP_06,Lớp 6,thcs,150000,HS_EX_0476,4.61,2026-03-10
GS_EX_0802,Đặng Thu Nhung,nu,2003,Cu nhan,Sư phạm Toán,DH_XD,Đại học Xây dựng Hà Nội,dai_hoc,KV_HCM_PN,Phú Nhuận,Phú Nhuận,Hồ Chí Minh,3,ca_hai,150000,excel,hoat_dong,2026-04-03,MON_VAN,Ngữ văn,xa_hoi,LOP_06,Lớp 6,thcs,150000,HS_EX_0042,4.59,2026-03-06
GS_EX_0803,Trần Thanh Thảo,nu,2003,Cu nhan,Công nghệ thông tin,DH_NT_HN,Đại học Ngoại thương Hà Nội,dai_hoc,KV_HCM_TB,Tân Bình,Tân Bình,Hồ Chí Minh,2,online,250000,excel,hoat_dong,2026-04-03,MON_LY,Vật lý,tu_nhien,LOP_12,Lớp 12,thpt,250000,,,
GS_EX_0804,Dương Bảo Thu,nu,1996,Cu nhan,Công nghệ thông tin,DH_GTVT,Đại học Giao thông Vận tải,dai_hoc,KV_DN_ST,Sơn Trà,Sơn Trà,Đà Nẵng,1,online,200000,excel,hoat_dong,2026-04-03,MON_LY,Vật lý,tu_nhien,LOP_12,Lớp 12,thpt,200000,HS_EX_0851,3.53,2026-03-29
GS_EX_0805,Đặng Đức Phú,nam,1997,Thac si,Sư phạm Toán,DH_BK_HN,Đại học Bách Khoa Hà Nội,dai_hoc,KV_HCM_PN,Phú Nhuận,Phú Nhuận,Hồ Chí Minh,3,ca_hai,150000,excel,hoat_dong,2026-04-03,MON_TOAN,Toán,tu_nhien,LOP_06,Lớp 6,thcs,150000,HS_EX_0237,3.57,2026-03-31
GS_EX_0806,Đỗ Bảo Thu,nu,2001,Ky su,Ngôn ngữ Anh,DH_BK_HCM,Đại học Bách Khoa TP.HCM,dai_hoc,KV_HCM_Q1,Quận 1,Quận 1,Hồ Chí Minh,7,truc_tiep,150000,excel,hoat_dong,2026-04-03,MON_LY,Vật lý,tu_nhien,LOP_06,Lớp 6,thcs,150000,HS_EX_0325,4.13,2026-03-23
GS_EX_0807,Nguyễn Xuân Thu,nu,2003,Ky su,Ngôn ngữ Anh,DH_NL_HCM,Đại học Nông Lâm TP.HCM,dai_hoc,KV_HCM_GV,Gò Vấp,Gò Vấp,Hồ Chí Minh,2,online,250000,excel,hoat_dong,2026-04-03,MON_ANH,Tiếng Anh,ngoai_ngu,LOP_09,Lớp 9,thcs,250000,,,
GS_EX_0808,Vũ Minh Hùng,nam,2001,Ky su,Quản trị Kinh doanh,DH_XD,Đại học Xây dựng Hà Nội,dai_hoc,KV_HCM_Q1,Quận 1,Quận 1,Hồ Chí Minh,8,online,150000,excel,hoat_dong,2026-04-03,MON_VAN,Ngữ văn,xa_hoi,LOP_12,Lớp 12,thpt,150000,HS_EX_0974,4.98,2026-03-10
GS_EX_0809,Lý Bảo Hân,nu,2000,Thac si,Quản trị Kinh doanh,DH_SP_HN,Đại học Sư phạm Hà Nội,dai_hoc,KV_HCM_Q5,Quận 5,Quận 5,Hồ Chí Minh,8,truc_tiep,150000,excel,hoat_dong,2026-04-03,MON_VAN,Ngữ văn,xa_hoi,LOP_09,Lớp 9,thcs,150000,HS_EX_0379,3.57,2026-03-09
GS_EX_0810,Ngô Đức Phú,nam,1998,Cu nhan,Sư phạm Toán,DH_CNTT,Đại học Công nghệ Thông tin TP.HCM,dai_hoc,KV_HN_TH,Tây Hồ,Tây Hồ,Hà Nội,8,online,200000,excel,hoat_dong,2026-04-03,MON_VAN,Ngữ văn,xa_hoi,LOP_10,Lớp 10,thpt,200000,HS_EX_0344,4.11,2026-03-15
GS_EX_0811,Lý Xuân Linh,nu,1995,Thac si,Công nghệ thông tin,DH_SP_HN,Đại học Sư phạm Hà Nội,dai_hoc,KV_HCM_Q4,Quận 4,Quận 4,Hồ Chí Minh,1,ca_hai,150000,excel,hoat_dong,2026-04-03,MON_VAN,Ngữ văn,xa_hoi,LOP_12,Lớp 12,thpt,150000,HS_EX_0482,4.14,2026-03-17
GS_EX_0812,Lý Thu An,nu,1996,Ky su,Công nghệ thông tin,DH_NL_HCM,Đại học Nông Lâm TP.HCM,dai_hoc,KV_HCM_Q1,Quận 1,Quận 1,Hồ Chí Minh,1,online,250000,excel,hoat_dong,2026-04-03,MON_ANH,Tiếng Anh,ngoai_ngu,LOP_12,Lớp 12,thpt,250000,HS_EX_0587,4.08,2026-03-15
GS_EX_0813,Bùi Văn Đạt,nam,1998,Cu nhan,Ngôn ngữ Anh,DH_Y_HN,Đại học Y Hà Nội,dai_hoc,KV_HCM_BT,Bình Thạnh,Bình Thạnh,Hồ Chí Minh,8,ca_hai,150000,excel,hoat_dong,2026-04-03,MON_ANH,Tiếng Anh,ngoai_ngu,LOP_12,Lớp 12,thpt,150000,,,
GS_EX_0814,Vũ Trọng Hùng,nam,1999,Ky su,Ngôn ngữ Anh,DH_CNTT,Đại học Công nghệ Thông tin TP.HCM,dai_hoc,KV_DN_HC,Hải Châu,Hải Châu,Đà Nẵng,8,truc_tiep,180000,excel,hoat_dong,2026-04-03,MON_ANH,Tiếng Anh,ngoai_ngu,LOP_12,Lớp 12,thpt,180000,HS_EX_0386,4.21,2026-03-06
GS_EX_0815,Bùi Thu Trang,nu,1998,Cu nhan,Sư phạm Toán,DH_KTQD,Đại học Kinh tế Quốc dân,dai_hoc,KV_DN_LC,Liên Chiểu,Liên Chiểu,Đà Nẵng,2,online,150000,excel,hoat_dong,2026-04-03,MON_TOAN,Toán,tu_nhien,LOP_12,Lớp 12,thpt,150000,HS_EX_0797,4.69,2026-03-26
GS_EX_0816,Lý Đức Khoa,nam,2000,Thac si,Ngôn ngữ Anh,DH_KHTN_HCM,Đại học Khoa học Tự nhiên TP.HCM,dai_hoc,KV_HCM_Q4,Quận 4,Quận 4,Hồ Chí Minh,4,online,180000,excel,hoat_dong,2026-04-03,MON_VAN,Ngữ văn,xa_hoi,LOP_12,Lớp 12,thpt,180000,HS_EX_0055,4.15,2026-03-17
GS_EX_0817,Đặng Ngọc An,nu,2000,Cu nhan,Sư phạm Toán,DH_KHTN_HCM,Đại học Khoa học Tự nhiên TP.HCM,dai_hoc,KV_HCM_TB,Tân Bình,Tân Bình,Hồ Chí Minh,4,ca_hai,180000,excel,hoat_dong,2026-04-03,MON_TOAN,Toán,tu_nhien,LOP_10,Lớp 10,thpt,180000,HS_EX_0196,3.93,2026-03-05
GS_EX_0818,Đặng Thanh Thảo,nu,1997,Thac si,Ngôn ngữ Anh,DH_KTQD,Đại học Kinh tế Quốc dân,dai_hoc,KV_HCM_TD,Thủ Đức,Thủ Đức,Hồ Chí Minh,8,online,150000,excel,hoat_dong,2026-04-03,MON_VAN,Ngữ văn,xa_hoi,LOP_12,Lớp 12,thpt,150000,HS_EX_0168,4.56,2026-03-05
GS_EX_0819,Dương Hải Tuấn,nam,2001,Thac si,Công nghệ thông tin,DH_SP_HN,Đại học Sư phạm Hà Nội,dai_hoc,KV_HCM_TB,Tân Bình,Tân Bình,Hồ Chí Minh,4,truc_tiep,200000,excel,hoat_dong,2026-04-03,MON_VAN,Ngữ văn,xa_hoi,LOP_12,Lớp 12,thpt,200000,HS_EX_0470,4.46,2026-04-01
GS_EX_0820,Lý Đức Đức,nam,2000,Thac si,Quản trị Kinh doanh,DH_KHTN_HN,Đại học Khoa học Tự nhiên Hà Nội,dai_hoc,KV_HN_LB,Long Biên,Long Biên,Hà Nội,7,online,180000,excel,hoat_dong,2026-04-03,MON_LY,Vật lý,tu_nhien,LOP_09,Lớp 9,thcs,180000,HS_EX_0408,4.59,2026-03-10
GS_EX_0821,Hoàng Trọng Nam,nam,1996,Cu nhan,Công nghệ thông tin,DH_QGHN,Đại học Quốc gia Hà Nội,dai_hoc,KV_HCM_BT,Bình Thạnh,Bình Thạnh,Hồ Chí Minh,8,ca_hai,180000,excel,hoat_dong,2026-04-03,MON_ANH,Tiếng Anh,ngoai_ngu,LOP_09,Lớp 9,thcs,180000,,,
GS_EX_0822,Nguyễn Thu Nhung,nu,1998,Thac si,Sư phạm Toán,DH_CNTT,Đại học Công nghệ Thông tin TP.HCM,dai_hoc,KV_DN_TK,Thanh Khê,Thanh Khê,Đà Nẵng,3,ca_hai,250000,excel,hoat_dong,2026-04-03,MON_LY,Vật lý,tu_nhien,LOP_10,Lớp 10,thpt,250000,HS_EX_0638,3.57,2026-03-09
GS_EX_0823,Đặng Minh Phú,nam,2001,Cu nhan,Ngôn ngữ Anh,DH_DN,Đại học Đà Nẵng,dai_hoc,KV_HCM_Q8,Quận 8,Quận 8,Hồ Chí Minh,7,ca_hai,200000,excel,hoat_dong,2026-04-03,MON_ANH,Tiếng Anh,ngoai_ngu,LOP_10,Lớp 10,thpt,200000,HS_EX_0441,3.99,2026-03-12
GS_EX_0824,Bùi Đức Đạt,nam,2002,Ky su,Ngôn ngữ Anh,DH_UEH,Đại học Kinh tế TP.HCM,dai_hoc,KV_HN_HD,Hà Đông,Hà Đông,Hà Nội,1,online,180000,excel,hoat_dong,2026-04-03,MON_TOAN,Toán,tu_nhien,LOP_09,Lớp 9,thcs,180000,,,
GS_EX_0825,Lý Đức Hùng,nam,1999,Cu nhan,Quản trị Kinh doanh,DH_TM,Đại học Thương mại,dai_hoc,KV_HCM_Q5,Quận 5,Quận 5,Hồ Chí Minh,5,truc_tiep,180000,excel,hoat_dong,2026-04-03,MON_VAN,Ngữ văn,xa_hoi,LOP_06,Lớp 6,thcs,180000,HS_EX_0677,4.48,2026-03-28
GS_EX_0826,Vũ Thái Đạt,nam,1997,Thac si,Sư phạm Toán,DH_XD,Đại học Xây dựng Hà Nội,dai_hoc,KV_HN_CG,Cầu Giấy,Cầu Giấy,Hà Nội,1,online,150000,excel,hoat_dong,2026-04-03,MON_VAN,Ngữ văn,xa_hoi,LOP_09,Lớp 9,thcs,150000,HS_EX_0943,4.75,2026-04-01
GS_EX_0827,Vũ Hoàng Mai,nu,1998,Ky su,Công nghệ thông tin,DH_NT_HN,Đại học Ngoại thương Hà Nội,dai_hoc,KV_DN_LC,Liên Chiểu,Liên Chiểu,Đà Nẵng,1,ca_hai,250000,excel,hoat_dong,2026-04-03,MON_ANH,Tiếng Anh,ngoai_ngu,LOP_10,Lớp 10,thpt,250000,HS_EX_0591,4.89,2026-03-15
GS_EX_0828,Hoàng Hữu Huy,nam,1998,Thac si,Ngôn ngữ Anh,DH_KTQD,Đại học Kinh tế Quốc dân,dai_hoc,KV_HN_BD,Ba Đình,Ba Đình,Hà Nội,3,ca_hai,250000,excel,hoat_dong,2026-04-03,MON_VAN,Ngữ văn,xa_hoi,LOP_09,Lớp 9,thcs,250000,,,
GS_EX_0829,Lê Đình Phú,nam,2000,Cu nhan,Quản trị Kinh doanh,DH_BK_HCM,Đại học Bách Khoa TP.HCM,dai_hoc,KV_DN_ST,Sơn Trà,Sơn Trà,Đà Nẵng,5,truc_tiep,200000,excel,hoat_dong,2026-04-03,MON_LY,Vật lý,tu_nhien,LOP_12,Lớp 12,thpt,200000,HS_EX_0198,3.76,2026-03-16
GS_EX_0830,Trần Bảo Thu,nu,2002,Thac si,Công nghệ thông tin,DH_QGHN,Đại học Quốc gia Hà Nội,dai_hoc,KV_DN_LC,Liên Chiểu,Liên Chiểu,Đà Nẵng,1,online,200000,excel,hoat_dong,2026-04-03,MON_ANH,Tiếng Anh,ngoai_ngu,LOP_06,Lớp 6,thcs,200000,HS_EX_0987,4.19,2026-03-23
GS_EX_0831,Đặng Thái Đức,nam,2000,Cu nhan,Công nghệ thông tin,DH_UEH,Đại học Kinh tế TP.HCM,dai_hoc,KV_HN_DD,Đống Đa,Đống Đa,Hà Nội,6,ca_hai,250000,excel,hoat_dong,2026-04-03,MON_LY,Vật lý,tu_nhien,LOP_12,Lớp 12,thpt,250000,HS_EX_0542,4.42,2026-03-14
GS_EX_0832,Lê Quang Đạt,nam,1997,Cu nhan,Công nghệ thông tin,DH_Y_HN,Đại học Y Hà Nội,dai_hoc,KV_DN_HC,Hải Châu,Hải Châu,Đà Nẵng,6,online,180000,excel,hoat_dong,2026-04-03,MON_ANH,Tiếng Anh,ngoai_ngu,LOP_06,Lớp 6,thcs,180000,HS_EX_0685,3.69,2026-04-01
GS_EX_0833,Hoàng Xuân Mai,nu,2000,Cu nhan,Ngôn ngữ Anh,DH_NT_HN,Đại học Ngoại thương Hà Nội,dai_hoc,KV_HN_BTL,Bắc Từ Liêm,Bắc Từ Liêm,Hà Nội,5,online,250000,excel,hoat_dong,2026-04-03,MON_VAN,Ngữ văn,xa_hoi,LOP_06,Lớp 6,thcs,250000,HS_EX_0905,4.53,2026-03-15
GS_EX_0834,Đỗ Thu Châu,nu,1996,Ky su,Sư phạm Toán,DH_KTQD,Đại học Kinh tế Quốc dân,dai_hoc,KV_HCM_TD,Thủ Đức,Thủ Đức,Hồ Chí Minh,7,truc_tiep,180000,excel,hoat_dong,2026-04-03,MON_VAN,Ngữ văn,xa_hoi,LOP_06,Lớp 6,thcs,180000,HS_EX_0213,4.98,2026-03-14
GS_EX_0835,Đặng Đức Đức,nam,2000,Thac si,Quản trị Kinh doanh,DH_CNTT,Đại học Công nghệ Thông tin TP.HCM,dai_hoc,KV_DN_CL,Cẩm Lệ,Cẩm Lệ,Đà Nẵng,3,truc_tiep,250000,excel,hoat_dong,2026-04-03,MON_LY,Vật lý,tu_nhien,LOP_06,Lớp 6,thcs,250000,HS_EX_0311,3.98,2026-03-04
GS_EX_0836,Đỗ Đức Nam,nam,1997,Thac si,Quản trị Kinh doanh,DH_DN,Đại học Đà Nẵng,dai_hoc,KV_DN_NHS,Ngũ Hành Sơn,Ngũ Hành Sơn,Đà Nẵng,7,ca_hai,200000,excel,hoat_dong,2026-04-03,MON_VAN,Ngữ văn,xa_hoi,LOP_12,Lớp 12,thpt,200000,HS_EX_0658,4.56,2026-03-24
GS_EX_0837,Trần Hải Phú,nam,1998,Thac si,Công nghệ thông tin,DH_KT_DN,Đại học Kinh tế Đà Nẵng,dai_hoc,KV_HCM_TB,Tân Bình,Tân Bình,Hồ Chí Minh,8,online,250000,excel,hoat_dong,2026-04-03,MON_LY,Vật lý,tu_nhien,LOP_09,Lớp 9,thcs,250000,HS_EX_0873,3.88,2026-03-12
GS_EX_0838,Dương Hải Đạt,nam,2003,Ky su,Quản trị Kinh doanh,DH_BK_HN,Đại học Bách Khoa Hà Nội,dai_hoc,KV_HN_HK,Hoàn Kiếm,Hoàn Kiếm,Hà Nội,4,online,180000,excel,hoat_dong,2026-04-03,MON_TOAN,Toán,tu_nhien,LOP_12,Lớp 12,thpt,180000,HS_EX_0425,3.62,2026-03-23
GS_EX_0839,Dương Hoàng Vy,nu,1996,Cu nhan,Công nghệ thông tin,DH_UEH,Đại học Kinh tế TP.HCM,dai_hoc,KV_DN_TK,Thanh Khê,Thanh Khê,Đà Nẵng,1,online,250000,excel,hoat_dong,2026-04-03,MON_TOAN,Toán,tu_nhien,LOP_06,Lớp 6,thcs,250000,HS_EX_0401,4.85,2026-03-09
GS_EX_0840,Vũ Thanh An,nu,2003,Cu nhan,Sư phạm Toán,DH_KTQD,Đại học Kinh tế Quốc dân,dai_hoc,KV_HCM_Q3,Quận 3,Quận 3,Hồ Chí Minh,2,online,180000,excel,hoat_dong,2026-04-03,MON_TOAN,Toán,tu_nhien,LOP_06,Lớp 6,thcs,180000,HS_EX_0432,4.41,2026-03-06
GS_EX_0841,Trần Đức Huy,nam,1996,Cu nhan,Ngôn ngữ Anh,DH_TM,Đại học Thương mại,dai_hoc,KV_HN_LB,Long Biên,Long Biên,Hà Nội,5,ca_hai,180000,excel,hoat_dong,2026-04-03,MON_ANH,Tiếng Anh,ngoai_ngu,LOP_10,Lớp 10,thpt,180000,,,
GS_EX_0842,Phạm Trọng Phú,nam,1999,Cu nhan,Quản trị Kinh doanh,DH_BK_HCM,Đại học Bách Khoa TP.HCM,dai_hoc,KV_DN_ST,Sơn Trà,Sơn Trà,Đà Nẵng,5,ca_hai,180000,excel,hoat_dong,2026-04-03,MON_LY,Vật lý,tu_nhien,LOP_09,Lớp 9,thcs,180000,HS_EX_0819,4.39,2026-03-24
GS_EX_0843,Đỗ Thị Thu,nu,2003,Ky su,Công nghệ thông tin,DH_KHTN_HN,Đại học Khoa học Tự nhiên Hà Nội,dai_hoc,KV_HN_NTL,Nam Từ Liêm,Nam Từ Liêm,Hà Nội,6,truc_tiep,250000,excel,hoat_dong,2026-04-03,MON_VAN,Ngữ văn,xa_hoi,LOP_09,Lớp 9,thcs,250000,HS_EX_0809,4.41,2026-03-06
GS_EX_0844,Phạm Thu An,nu,2002,Cu nhan,Sư phạm Toán,DH_NT_HN,Đại học Ngoại thương Hà Nội,dai_hoc,KV_HN_LB,Long Biên,Long Biên,Hà Nội,6,truc_tiep,250000,excel,hoat_dong,2026-04-03,MON_TOAN,Toán,tu_nhien,LOP_09,Lớp 9,thcs,250000,HS_EX_0340,4.49,2026-03-26
GS_EX_0845,Lý Hồng Trang,nu,2001,Thac si,Công nghệ thông tin,DH_NL_HCM,Đại học Nông Lâm TP.HCM,dai_hoc,KV_DN_HC,Hải Châu,Hải Châu,Đà Nẵng,4,online,150000,excel,hoat_dong,2026-04-03,MON_ANH,Tiếng Anh,ngoai_ngu,LOP_09,Lớp 9,thcs,150000,HS_EX_0222,3.51,2026-03-24
GS_EX_0846,Nguyễn Xuân Châu,nu,2000,Cu nhan,Ngôn ngữ Anh,DH_Y_HCM,Đại học Y Dược TP.HCM,dai_hoc,KV_DN_NHS,Ngũ Hành Sơn,Ngũ Hành Sơn,Đà Nẵng,4,online,200000,excel,hoat_dong,2026-04-03,MON_VAN,Ngữ văn,xa_hoi,LOP_06,Lớp 6,thcs,200000,HS_EX_0888,3.57,2026-03-08
GS_EX_0847,Trần Đình Hùng,nam,2002,Thac si,Sư phạm Toán,DH_TM,Đại học Thương mại,dai_hoc,KV_DN_LC,Liên Chiểu,Liên Chiểu,Đà Nẵng,2,online,150000,excel,hoat_dong,2026-04-03,MON_TOAN,Toán,tu_nhien,LOP_06,Lớp 6,thcs,150000,HS_EX_0976,3.79,2026-03-23
GS_EX_0848,Bùi Mai Mai,nu,1998,Ky su,Sư phạm Toán,DH_NT_HN,Đại học Ngoại thương Hà Nội,dai_hoc,KV_DN_ST,Sơn Trà,Sơn Trà,Đà Nẵng,5,ca_hai,250000,excel,hoat_dong,2026-04-03,MON_TOAN,Toán,tu_nhien,LOP_10,Lớp 10,thpt,250000,HS_EX_0563,3.53,2026-03-08
GS_EX_0849,Vũ Đức Nam,nam,2002,Cu nhan,Quản trị Kinh doanh,DH_NT_HN,Đại học Ngoại thương Hà Nội,dai_hoc,KV_HCM_Q7,Quận 7,Quận 7,Hồ Chí Minh,3,truc_tiep,180000,excel,hoat_dong,2026-04-03,MON_VAN,Ngữ văn,xa_hoi,LOP_09,Lớp 9,thcs,180000,HS_EX_0577,3.85,2026-03-11
GS_EX_0850,Bùi Mai Thu,nu,2001,Thac si,Quản trị Kinh doanh,DH_KHTN_HN,Đại học Khoa học Tự nhiên Hà Nội,dai_hoc,KV_HN_CG,Cầu Giấy,Cầu Giấy,Hà Nội,6,ca_hai,250000,excel,hoat_dong,2026-04-03,MON_LY,Vật lý,tu_nhien,LOP_09,Lớp 9,thcs,250000,HS_EX_0363,3.7,2026-03-06
GS_EX_0851,Trần Đình Phú,nam,2000,Ky su,Quản trị Kinh doanh,DH_CNTT,Đại học Công nghệ Thông tin TP.HCM,dai_hoc,KV_DN_TK,Thanh Khê,Thanh Khê,Đà Nẵng,3,ca_hai,250000,excel,hoat_dong,2026-04-03,MON_ANH,Tiếng Anh,ngoai_ngu,LOP_06,Lớp 6,thcs,250000,HS_EX_0135,4.77,2026-03-31
GS_EX_0852,Lý Bảo An,nu,2002,Ky su,Sư phạm Toán,DH_NT_HN,Đại học Ngoại thương Hà Nội,dai_hoc,KV_HN_BTL,Bắc Từ Liêm,Bắc Từ Liêm,Hà Nội,5,ca_hai,250000,excel,hoat_dong,2026-04-03,MON_TOAN,Toán,tu_nhien,LOP_09,Lớp 9,thcs,250000,HS_EX_0478,4.01,2026-03-24
GS_EX_0853,Dương Thu An,nu,1997,Ky su,Sư phạm Toán,DH_NL_HCM,Đại học Nông Lâm TP.HCM,dai_hoc,KV_HCM_Q4,Quận 4,Quận 4,Hồ Chí Minh,5,online,250000,excel,hoat_dong,2026-04-03,MON_VAN,Ngữ văn,xa_hoi,LOP_06,Lớp 6,thcs,250000,HS_EX_0301,3.73,2026-03-17
GS_EX_0854,Ngô Quang Kiệt,nam,2003,Thac si,Quản trị Kinh doanh,DH_NL_HCM,Đại học Nông Lâm TP.HCM,dai_hoc,KV_DN_NHS,Ngũ Hành Sơn,Ngũ Hành Sơn,Đà Nẵng,8,ca_hai,250000,excel,hoat_dong,2026-04-03,MON_LY,Vật lý,tu_nhien,LOP_12,Lớp 12,thpt,250000,HS_EX_0816,4.18,2026-03-22
GS_EX_0855,Hoàng Ngọc Thảo,nu,1995,Cu nhan,Công nghệ thông tin,DH_XD,Đại học Xây dựng Hà Nội,dai_hoc,KV_HCM_GV,Gò Vấp,Gò Vấp,Hồ Chí Minh,7,truc_tiep,150000,excel,hoat_dong,2026-04-03,MON_VAN,Ngữ văn,xa_hoi,LOP_06,Lớp 6,thcs,150000,HS_EX_0591,3.54,2026-03-25
GS_EX_0856,Hoàng Minh Hùng,nam,1996,Cu nhan,Ngôn ngữ Anh,DH_Y_HCM,Đại học Y Dược TP.HCM,dai_hoc,KV_HN_DD,Đống Đa,Đống Đa,Hà Nội,7,ca_hai,150000,excel,hoat_dong,2026-04-03,MON_ANH,Tiếng Anh,ngoai_ngu,LOP_09,Lớp 9,thcs,150000,,,
GS_EX_0857,Lê Hữu Cường,nam,2003,Thac si,Công nghệ thông tin,DH_QGHN,Đại học Quốc gia Hà Nội,dai_hoc,KV_HN_HM,Hoàng Mai,Hoàng Mai,Hà Nội,6,truc_tiep,150000,excel,hoat_dong,2026-04-03,MON_VAN,Ngữ văn,xa_hoi,LOP_09,Lớp 9,thcs,150000,HS_EX_0195,4.79,2026-04-01
GS_EX_0858,Đỗ Thu Hân,nu,2001,Thac si,Sư phạm Toán,DH_BK_HCM,Đại học Bách Khoa TP.HCM,dai_hoc,KV_HCM_PN,Phú Nhuận,Phú Nhuận,Hồ Chí Minh,5,online,250000,excel,hoat_dong,2026-04-03,MON_VAN,Ngữ văn,xa_hoi,LOP_06,Lớp 6,thcs,250000,HS_EX_0170,4.44,2026-03-24
GS_EX_0859,Lê Minh Huy,nam,2002,Thac si,Ngôn ngữ Anh,DH_DN,Đại học Đà Nẵng,dai_hoc,KV_HN_BTL,Bắc Từ Liêm,Bắc Từ Liêm,Hà Nội,2,truc_tiep,180000,excel,hoat_dong,2026-04-03,MON_VAN,Ngữ văn,xa_hoi,LOP_12,Lớp 12,thpt,180000,HS_EX_0767,4.45,2026-03-29
GS_EX_0860,Đặng Xuân Thu,nu,2001,Thac si,Công nghệ thông tin,DH_BK_HCM,Đại học Bách Khoa TP.HCM,dai_hoc,KV_HCM_TD,Thủ Đức,Thủ Đức,Hồ Chí Minh,1,online,150000,excel,hoat_dong,2026-04-03,MON_TOAN,Toán,tu_nhien,LOP_10,Lớp 10,thpt,150000,HS_EX_0317,3.97,2026-03-14
GS_EX_0861,Lê Trọng Kiệt,nam,1999,Ky su,Quản trị Kinh doanh,DH_TM,Đại học Thương mại,dai_hoc,KV_HN_HM,Hoàng Mai,Hoàng Mai,Hà Nội,6,ca_hai,150000,excel,hoat_dong,2026-04-03,MON_VAN,Ngữ văn,xa_hoi,LOP_06,Lớp 6,thcs,150000,HS_EX_0742,4.15,2026-03-14
GS_EX_0862,Nguyễn Xuân Thu,nu,2003,Cu nhan,Công nghệ thông tin,DH_Y_HCM,Đại học Y Dược TP.HCM,dai_hoc,KV_HCM_Q1,Quận 1,Quận 1,Hồ Chí Minh,1,online,200000,excel,hoat_dong,2026-04-03,MON_ANH,Tiếng Anh,ngoai_ngu,LOP_06,Lớp 6,thcs,200000,HS_EX_0223,3.5,2026-03-07
GS_EX_0863,Bùi Thanh Linh,nu,2001,Ky su,Ngôn ngữ Anh,DH_NL_HCM,Đại học Nông Lâm TP.HCM,dai_hoc,KV_DN_ST,Sơn Trà,Sơn Trà,Đà Nẵng,8,online,180000,excel,hoat_dong,2026-04-03,MON_LY,Vật lý,tu_nhien,LOP_09,Lớp 9,thcs,180000,,,
GS_EX_0864,Lê Văn Nam,nam,2002,Ky su,Công nghệ thông tin,DH_NT_HN,Đại học Ngoại thương Hà Nội,dai_hoc,KV_DN_CL,Cẩm Lệ,Cẩm Lệ,Đà Nẵng,7,truc_tiep,250000,excel,hoat_dong,2026-04-03,MON_ANH,Tiếng Anh,ngoai_ngu,LOP_06,Lớp 6,thcs,250000,HS_EX_0676,3.95,2026-03-21
GS_EX_0865,Dương Minh Khoa,nam,1996,Ky su,Quản trị Kinh doanh,DH_NT_HN,Đại học Ngoại thương Hà Nội,dai_hoc,KV_HN_HD,Hà Đông,Hà Đông,Hà Nội,8,online,250000,excel,hoat_dong,2026-04-03,MON_ANH,Tiếng Anh,ngoai_ngu,LOP_10,Lớp 10,thpt,250000,HS_EX_0837,3.87,2026-03-16
GS_EX_0866,Lê Thanh An,nu,1998,Cu nhan,Quản trị Kinh doanh,DH_BK_HCM,Đại học Bách Khoa TP.HCM,dai_hoc,KV_HN_LB,Long Biên,Long Biên,Hà Nội,8,ca_hai,250000,excel,hoat_dong,2026-04-03,MON_VAN,Ngữ văn,xa_hoi,LOP_10,Lớp 10,thpt,250000,HS_EX_0308,3.76,2026-03-12
GS_EX_0867,Đặng Thanh Thảo,nu,1995,Ky su,Công nghệ thông tin,DH_UEH,Đại học Kinh tế TP.HCM,dai_hoc,KV_DN_HC,Hải Châu,Hải Châu,Đà Nẵng,2,online,200000,excel,hoat_dong,2026-04-03,MON_TOAN,Toán,tu_nhien,LOP_06,Lớp 6,thcs,200000,HS_EX_0176,4.6,2026-03-25
GS_EX_0868,Trần Đức Khoa,nam,2001,Ky su,Quản trị Kinh doanh,DH_KHTN_HN,Đại học Khoa học Tự nhiên Hà Nội,dai_hoc,KV_DN_CL,Cẩm Lệ,Cẩm Lệ,Đà Nẵng,1,online,200000,excel,hoat_dong,2026-04-03,MON_TOAN,Toán,tu_nhien,LOP_10,Lớp 10,thpt,200000,HS_EX_0817,3.74,2026-03-14
GS_EX_0869,Lý Minh Tuấn,nam,2002,Ky su,Công nghệ thông tin,DH_BK_HCM,Đại học Bách Khoa TP.HCM,dai_hoc,KV_DN_NHS,Ngũ Hành Sơn,Ngũ Hành Sơn,Đà Nẵng,7,ca_hai,200000,excel,hoat_dong,2026-04-03,MON_LY,Vật lý,tu_nhien,LOP_09,Lớp 9,thcs,200000,HS_EX_0290,4.1,2026-03-04
GS_EX_0870,Phạm Văn Tuấn,nam,2003,Cu nhan,Sư phạm Toán,DH_NT_HN,Đại học Ngoại thương Hà Nội,dai_hoc,KV_HCM_PN,Phú Nhuận,Phú Nhuận,Hồ Chí Minh,5,online,180000,excel,hoat_dong,2026-04-03,MON_TOAN,Toán,tu_nhien,LOP_09,Lớp 9,thcs,180000,HS_EX_0520,4.87,2026-03-27
GS_EX_0871,Ngô Thị Trang,nu,2001,Thac si,Quản trị Kinh doanh,DH_SP_HCM,Đại học Sư phạm TP.HCM,dai_hoc,KV_HN_LB,Long Biên,Long Biên,Hà Nội,8,ca_hai,150000,excel,hoat_dong,2026-04-03,MON_LY,Vật lý,tu_nhien,LOP_12,Lớp 12,thpt,150000,HS_EX_0495,4.5,2026-03-16
GS_EX_0872,Bùi Trọng Kiệt,nam,1997,Cu nhan,Sư phạm Toán,DH_SP_HN,Đại học Sư phạm Hà Nội,dai_hoc,KV_HCM_Q5,Quận 5,Quận 5,Hồ Chí Minh,6,online,180000,excel,hoat_dong,2026-04-03,MON_ANH,Tiếng Anh,ngoai_ngu,LOP_09,Lớp 9,thcs,180000,,,
GS_EX_0873,Phạm Văn Phú,nam,1995,Ky su,Quản trị Kinh doanh,DH_TM,Đại học Thương mại,dai_hoc,KV_HCM_TB,Tân Bình,Tân Bình,Hồ Chí Minh,2,ca_hai,250000,excel,hoat_dong,2026-04-03,MON_LY,Vật lý,tu_nhien,LOP_12,Lớp 12,thpt,250000,HS_EX_0354,4.52,2026-04-01
GS_EX_0874,Hoàng Thị Châu,nu,1995,Thac si,Quản trị Kinh doanh,DH_KHTN_HCM,Đại học Khoa học Tự nhiên TP.HCM,dai_hoc,KV_HCM_GV,Gò Vấp,Gò Vấp,Hồ Chí Minh,2,ca_hai,180000,excel,hoat_dong,2026-04-03,MON_ANH,Tiếng Anh,ngoai_ngu,LOP_09,Lớp 9,thcs,180000,,,
GS_EX_0875,Đỗ Thái Nam,nam,2000,Cu nhan,Sư phạm Toán,DH_NT_HN,Đại học Ngoại thương Hà Nội,dai_hoc,KV_HN_BTL,Bắc Từ Liêm,Bắc Từ Liêm,Hà Nội,4,online,150000,excel,hoat_dong,2026-04-03,MON_TOAN,Toán,tu_nhien,LOP_12,Lớp 12,thpt,150000,HS_EX_0104,4.19,2026-03-20
GS_EX_0876,Vũ Ngọc Thảo,nu,2003,Thac si,Công nghệ thông tin,DH_CNTT,Đại học Công nghệ Thông tin TP.HCM,dai_hoc,KV_HCM_Q4,Quận 4,Quận 4,Hồ Chí Minh,6,online,150000,excel,hoat_dong,2026-04-03,MON_TOAN,Toán,tu_nhien,LOP_12,Lớp 12,thpt,150000,HS_EX_0300,3.89,2026-03-31
GS_EX_0877,Đặng Xuân Vy,nu,1997,Ky su,Sư phạm Toán,DH_UEH,Đại học Kinh tế TP.HCM,dai_hoc,KV_HCM_TD,Thủ Đức,Thủ Đức,Hồ Chí Minh,4,ca_hai,150000,excel,hoat_dong,2026-04-03,MON_TOAN,Toán,tu_nhien,LOP_09,Lớp 9,thcs,150000,HS_EX_0332,3.84,2026-03-09
GS_EX_0878,Bùi Đức Đạt,nam,2000,Thac si,Sư phạm Toán,DH_TM,Đại học Thương mại,dai_hoc,KV_HN_BD,Ba Đình,Ba Đình,Hà Nội,8,truc_tiep,150000,excel,hoat_dong,2026-04-03,MON_LY,Vật lý,tu_nhien,LOP_09,Lớp 9,thcs,150000,HS_EX_0429,4.42,2026-03-09
GS_EX_0879,Đặng Bảo Thu,nu,1997,Thac si,Sư phạm Toán,DH_SP_HN,Đại học Sư phạm Hà Nội,dai_hoc,KV_DN_CL,Cẩm Lệ,Cẩm Lệ,Đà Nẵng,3,online,200000,excel,hoat_dong,2026-04-03,MON_ANH,Tiếng Anh,ngoai_ngu,LOP_06,Lớp 6,thcs,200000,HS_EX_0008,3.8,2026-03-27
GS_EX_0880,Nguyễn Xuân Mai,nu,1995,Ky su,Công nghệ thông tin,DH_SP_HCM,Đại học Sư phạm TP.HCM,dai_hoc,KV_HCM_PN,Phú Nhuận,Phú Nhuận,Hồ Chí Minh,1,ca_hai,200000,excel,hoat_dong,2026-04-03,MON_LY,Vật lý,tu_nhien,LOP_10,Lớp 10,thpt,200000,HS_EX_0795,4.24,2026-03-29
GS_EX_0881,Nguyễn Quang Huy,nam,2001,Thac si,Công nghệ thông tin,DH_UEH,Đại học Kinh tế TP.HCM,dai_hoc,KV_HN_BTL,Bắc Từ Liêm,Bắc Từ Liêm,Hà Nội,3,truc_tiep,250000,excel,hoat_dong,2026-04-03,MON_ANH,Tiếng Anh,ngoai_ngu,LOP_09,Lớp 9,thcs,250000,,,
GS_EX_0882,Hoàng Thu An,nu,2000,Cu nhan,Công nghệ thông tin,DH_NT_HN,Đại học Ngoại thương Hà Nội,dai_hoc,KV_HN_NTL,Nam Từ Liêm,Nam Từ Liêm,Hà Nội,2,online,150000,excel,hoat_dong,2026-04-03,MON_ANH,Tiếng Anh,ngoai_ngu,LOP_09,Lớp 9,thcs,150000,,,
GS_EX_0883,Đỗ Hoàng Châu,nu,2000,Ky su,Quản trị Kinh doanh,DH_KTQD,Đại học Kinh tế Quốc dân,dai_hoc,KV_HCM_GV,Gò Vấp,Gò Vấp,Hồ Chí Minh,1,truc_tiep,200000,excel,hoat_dong,2026-04-03,MON_TOAN,Toán,tu_nhien,LOP_06,Lớp 6,thcs,200000,HS_EX_0803,4.75,2026-03-13
GS_EX_0884,Đỗ Bảo Thu,nu,2001,Ky su,Ngôn ngữ Anh,DH_SP_HCM,Đại học Sư phạm TP.HCM,dai_hoc,KV_HCM_Q7,Quận 7,Quận 7,Hồ Chí Minh,5,truc_tiep,250000,excel,hoat_dong,2026-04-03,MON_TOAN,Toán,tu_nhien,LOP_09,Lớp 9,thcs,250000,HS_EX_0817,3.65,2026-04-01
GS_EX_0885,Đặng Hồng Hân,nu,2002,Ky su,Công nghệ thông tin,DH_BK_HCM,Đại học Bách Khoa TP.HCM,dai_hoc,KV_HN_DD,Đống Đa,Đống Đa,Hà Nội,2,ca_hai,150000,excel,hoat_dong,2026-04-03,MON_ANH,Tiếng Anh,ngoai_ngu,LOP_09,Lớp 9,thcs,150000,HS_EX_0744,4.23,2026-03-10
GS_EX_0886,Trần Thị Mai,nu,2001,Ky su,Quản trị Kinh doanh,DH_XD,Đại học Xây dựng Hà Nội,dai_hoc,KV_HCM_TD,Thủ Đức,Thủ Đức,Hồ Chí Minh,8,truc_tiep,250000,excel,hoat_dong,2026-04-03,MON_TOAN,Toán,tu_nhien,LOP_12,Lớp 12,thpt,250000,HS_EX_0463,5.0,2026-03-29
GS_EX_0887,Vũ Hữu Hùng,nam,1998,Ky su,Sư phạm Toán,DH_NT_HN,Đại học Ngoại thương Hà Nội,dai_hoc,KV_HCM_TB,Tân Bình,Tân Bình,Hồ Chí Minh,7,truc_tiep,250000,excel,hoat_dong,2026-04-03,MON_ANH,Tiếng Anh,ngoai_ngu,LOP_09,Lớp 9,thcs,250000,HS_EX_0180,3.97,2026-03-18
GS_EX_0888,Bùi Ngọc Trang,nu,2000,Thac si,Sư phạm Toán,DH_FPT,Đại học FPT,dai_hoc,KV_HN_CG,Cầu Giấy,Cầu Giấy,Hà Nội,4,ca_hai,180000,excel,hoat_dong,2026-04-03,MON_ANH,Tiếng Anh,ngoai_ngu,LOP_06,Lớp 6,thcs,180000,HS_EX_0977,3.51,2026-03-25
GS_EX_0889,Vũ Mai An,nu,1995,Ky su,Ngôn ngữ Anh,DH_QGHN,Đại học Quốc gia Hà Nội,dai_hoc,KV_HN_HD,Hà Đông,Hà Đông,Hà Nội,7,truc_tiep,150000,excel,hoat_dong,2026-04-03,MON_LY,Vật lý,tu_nhien,LOP_06,Lớp 6,thcs,150000,HS_EX_0323,3.67,2026-03-16
GS_EX_0890,Vũ Thị Trang,nu,2001,Ky su,Ngôn ngữ Anh,DH_NL_HCM,Đại học Nông Lâm TP.HCM,dai_hoc,KV_HCM_BT,Bình Thạnh,Bình Thạnh,Hồ Chí Minh,2,truc_tiep,180000,excel,hoat_dong,2026-04-03,MON_LY,Vật lý,tu_nhien,LOP_09,Lớp 9,thcs,180000,HS_EX_0194,4.74,2026-03-13
GS_EX_0891,Ngô Thị Vy,nu,2002,Ky su,Công nghệ thông tin,DH_SP_HN,Đại học Sư phạm Hà Nội,dai_hoc,KV_HCM_PN,Phú Nhuận,Phú Nhuận,Hồ Chí Minh,5,truc_tiep,150000,excel,hoat_dong,2026-04-03,MON_VAN,Ngữ văn,xa_hoi,LOP_06,Lớp 6,thcs,150000,HS_EX_0723,4.37,2026-03-12
GS_EX_0892,Hoàng Xuân Thảo,nu,1995,Ky su,Công nghệ thông tin,DH_BK_HN,Đại học Bách Khoa Hà Nội,dai_hoc,KV_HCM_Q7,Quận 7,Quận 7,Hồ Chí Minh,6,online,180000,excel,hoat_dong,2026-04-03,MON_LY,Vật lý,tu_nhien,LOP_06,Lớp 6,thcs,180000,HS_EX_0922,4.39,2026-03-16
GS_EX_0893,Lê Ngọc Linh,nu,1997,Ky su,Quản trị Kinh doanh,DH_BK_HN,Đại học Bách Khoa Hà Nội,dai_hoc,KV_HCM_Q3,Quận 3,Quận 3,Hồ Chí Minh,2,online,150000,excel,hoat_dong,2026-04-03,MON_VAN,Ngữ văn,xa_hoi,LOP_09,Lớp 9,thcs,150000,HS_EX_0175,4.52,2026-03-09
GS_EX_0894,Nguyễn Thái Kiệt,nam,2002,Cu nhan,Ngôn ngữ Anh,DH_SP_HN,Đại học Sư phạm Hà Nội,dai_hoc,KV_HCM_Q4,Quận 4,Quận 4,Hồ Chí Minh,8,online,180000,excel,hoat_dong,2026-04-03,MON_TOAN,Toán,tu_nhien,LOP_10,Lớp 10,thpt,180000,HS_EX_0178,4.18,2026-03-14
GS_EX_0895,Lý Minh Huy,nam,2003,Ky su,Ngôn ngữ Anh,DH_KTQD,Đại học Kinh tế Quốc dân,dai_hoc,KV_DN_LC,Liên Chiểu,Liên Chiểu,Đà Nẵng,8,ca_hai,180000,excel,hoat_dong,2026-04-03,MON_VAN,Ngữ văn,xa_hoi,LOP_09,Lớp 9,thcs,180000,HS_EX_0394,4.45,2026-03-13
GS_EX_0896,Lê Thái Phú,nam,2002,Thac si,Công nghệ thông tin,DH_SP_HCM,Đại học Sư phạm TP.HCM,dai_hoc,KV_HCM_Q7,Quận 7,Quận 7,Hồ Chí Minh,7,online,250000,excel,hoat_dong,2026-04-03,MON_TOAN,Toán,tu_nhien,LOP_10,Lớp 10,thpt,250000,HS_EX_0346,4.77,2026-03-29
GS_EX_0897,Đặng Minh Đức,nam,1997,Thac si,Ngôn ngữ Anh,DH_QGHN,Đại học Quốc gia Hà Nội,dai_hoc,KV_HCM_GV,Gò Vấp,Gò Vấp,Hồ Chí Minh,3,online,250000,excel,hoat_dong,2026-04-03,MON_LY,Vật lý,tu_nhien,LOP_06,Lớp 6,thcs,250000,HS_EX_0531,4.86,2026-03-07
GS_EX_0898,Phạm Thu Vy,nu,2003,Ky su,Sư phạm Toán,DH_NT_HN,Đại học Ngoại thương Hà Nội,dai_hoc,KV_HN_HD,Hà Đông,Hà Đông,Hà Nội,6,ca_hai,250000,excel,hoat_dong,2026-04-03,MON_VAN,Ngữ văn,xa_hoi,LOP_10,Lớp 10,thpt,250000,HS_EX_0889,3.75,2026-03-19
GS_EX_0899,Vũ Bảo Thu,nu,2003,Cu nhan,Công nghệ thông tin,DH_SP_HCM,Đại học Sư phạm TP.HCM,dai_hoc,KV_HN_TH,Tây Hồ,Tây Hồ,Hà Nội,4,truc_tiep,250000,excel,hoat_dong,2026-04-03,MON_VAN,Ngữ văn,xa_hoi,LOP_12,Lớp 12,thpt,250000,HS_EX_0251,4.54,2026-03-12
GS_EX_0900,Lý Bảo Hân,nu,1996,Cu nhan,Công nghệ thông tin,DH_NT_HN,Đại học Ngoại thương Hà Nội,dai_hoc,KV_HN_LB,Long Biên,Long Biên,Hà Nội,8,online,180000,excel,hoat_dong,2026-04-03,MON_LY,Vật lý,tu_nhien,LOP_06,Lớp 6,thcs,180000,HS_EX_0541,4.59,2026-04-02
GS_EX_0901,Đặng Đức Huy,nam,1998,Ky su,Quản trị Kinh doanh,DH_NT_HN,Đại học Ngoại thương Hà Nội,dai_hoc,KV_HCM_Q3,Quận 3,Quận 3,Hồ Chí Minh,7,ca_hai,250000,excel,hoat_dong,2026-04-03,MON_ANH,Tiếng Anh,ngoai_ngu,LOP_09,Lớp 9,thcs,250000,HS_EX_0046,4.98,2026-03-27
GS_EX_0902,Vũ Thanh Linh,nu,2003,Cu nhan,Sư phạm Toán,DH_BK_HCM,Đại học Bách Khoa TP.HCM,dai_hoc,KV_HCM_TP,Tân Phú,Tân Phú,Hồ Chí Minh,5,online,250000,excel,hoat_dong,2026-04-03,MON_TOAN,Toán,tu_nhien,LOP_10,Lớp 10,thpt,250000,,,
GS_EX_0903,Lý Thu Hân,nu,1999,Cu nhan,Sư phạm Toán,DH_CNTT,Đại học Công nghệ Thông tin TP.HCM,dai_hoc,KV_HCM_TP,Tân Phú,Tân Phú,Hồ Chí Minh,4,online,150000,excel,hoat_dong,2026-04-03,MON_VAN,Ngữ văn,xa_hoi,LOP_09,Lớp 9,thcs,150000,,,
GS_EX_0904,Trần Thanh Thu,nu,1995,Ky su,Ngôn ngữ Anh,DH_TM,Đại học Thương mại,dai_hoc,KV_DN_CL,Cẩm Lệ,Cẩm Lệ,Đà Nẵng,3,ca_hai,250000,excel,hoat_dong,2026-04-03,MON_ANH,Tiếng Anh,ngoai_ngu,LOP_09,Lớp 9,thcs,250000,HS_EX_0656,4.34,2026-03-16
GS_EX_0905,Vũ Xuân Thu,nu,1995,Ky su,Sư phạm Toán,DH_KTQD,Đại học Kinh tế Quốc dân,dai_hoc,KV_HCM_Q5,Quận 5,Quận 5,Hồ Chí Minh,7,truc_tiep,200000,excel,hoat_dong,2026-04-03,MON_TOAN,Toán,tu_nhien,LOP_10,Lớp 10,thpt,200000,HS_EX_0399,3.75,2026-03-16
GS_EX_0906,Lê Bảo Thu,nu,2002,Thac si,Ngôn ngữ Anh,DH_KT_DN,Đại học Kinh tế Đà Nẵng,dai_hoc,KV_HCM_Q4,Quận 4,Quận 4,Hồ Chí Minh,4,ca_hai,200000,excel,hoat_dong,2026-04-03,MON_ANH,Tiếng Anh,ngoai_ngu,LOP_12,Lớp 12,thpt,200000,HS_EX_0543,4.4,2026-03-09
GS_EX_0907,Lý Văn Tuấn,nam,1997,Cu nhan,Công nghệ thông tin,DH_SP_HCM,Đại học Sư phạm TP.HCM,dai_hoc,KV_HN_BD,Ba Đình,Ba Đình,Hà Nội,7,online,150000,excel,hoat_dong,2026-04-03,MON_LY,Vật lý,tu_nhien,LOP_10,Lớp 10,thpt,150000,HS_EX_0395,4.96,2026-03-09
GS_EX_0908,Nguyễn Đình Cường,nam,1996,Thac si,Công nghệ thông tin,DH_KHTN_HN,Đại học Khoa học Tự nhiên Hà Nội,dai_hoc,KV_HN_TH,Tây Hồ,Tây Hồ,Hà Nội,3,ca_hai,150000,excel,hoat_dong,2026-04-03,MON_VAN,Ngữ văn,xa_hoi,LOP_10,Lớp 10,thpt,150000,,,
GS_EX_0909,Phạm Mai Nhung,nu,1999,Cu nhan,Sư phạm Toán,DH_NT_HN,Đại học Ngoại thương Hà Nội,dai_hoc,KV_HCM_TB,Tân Bình,Tân Bình,Hồ Chí Minh,4,truc_tiep,200000,excel,hoat_dong,2026-04-03,MON_LY,Vật lý,tu_nhien,LOP_09,Lớp 9,thcs,200000,HS_EX_0892,4.12,2026-03-19
GS_EX_0910,Bùi Xuân Vy,nu,2000,Cu nhan,Sư phạm Toán,DH_UEH,Đại học Kinh tế TP.HCM,dai_hoc,KV_HCM_TD,Thủ Đức,Thủ Đức,Hồ Chí Minh,1,online,250000,excel,hoat_dong,2026-04-03,MON_VAN,Ngữ văn,xa_hoi,LOP_06,Lớp 6,thcs,250000,,,
GS_EX_0911,Lý Bảo Châu,nu,2003,Thac si,Công nghệ thông tin,DH_SP_HN,Đại học Sư phạm Hà Nội,dai_hoc,KV_HCM_GV,Gò Vấp,Gò Vấp,Hồ Chí Minh,7,ca_hai,180000,excel,hoat_dong,2026-04-03,MON_ANH,Tiếng Anh,ngoai_ngu,LOP_12,Lớp 12,thpt,180000,HS_EX_0582,3.79,2026-03-27
GS_EX_0912,Đỗ Đình Khoa,nam,2003,Thac si,Quản trị Kinh doanh,DH_SP_HCM,Đại học Sư phạm TP.HCM,dai_hoc,KV_DN_CL,Cẩm Lệ,Cẩm Lệ,Đà Nẵng,8,truc_tiep,150000,excel,hoat_dong,2026-04-03,MON_TOAN,Toán,tu_nhien,LOP_09,Lớp 9,thcs,150000,HS_EX_0280,4.9,2026-03-30
GS_EX_0913,Phạm Văn Khoa,nam,1997,Cu nhan,Ngôn ngữ Anh,DH_SP_HN,Đại học Sư phạm Hà Nội,dai_hoc,KV_HCM_PN,Phú Nhuận,Phú Nhuận,Hồ Chí Minh,5,ca_hai,180000,excel,hoat_dong,2026-04-03,MON_TOAN,Toán,tu_nhien,LOP_10,Lớp 10,thpt,180000,HS_EX_0034,4.52,2026-03-13
GS_EX_0914,Hoàng Minh Kiệt,nam,1995,Ky su,Quản trị Kinh doanh,DH_KHTN_HN,Đại học Khoa học Tự nhiên Hà Nội,dai_hoc,KV_HCM_Q10,Quận 10,Quận 10,Hồ Chí Minh,8,online,200000,excel,hoat_dong,2026-04-03,MON_LY,Vật lý,tu_nhien,LOP_06,Lớp 6,thcs,200000,HS_EX_0651,3.53,2026-03-10
GS_EX_0915,Vũ Hoàng Vy,nu,2000,Cu nhan,Công nghệ thông tin,DH_KHTN_HN,Đại học Khoa học Tự nhiên Hà Nội,dai_hoc,KV_DN_HC,Hải Châu,Hải Châu,Đà Nẵng,4,truc_tiep,150000,excel,hoat_dong,2026-04-03,MON_ANH,Tiếng Anh,ngoai_ngu,LOP_12,Lớp 12,thpt,150000,,,
GS_EX_0916,Đặng Trọng Khoa,nam,2000,Cu nhan,Quản trị Kinh doanh,DH_FPT,Đại học FPT,dai_hoc,KV_HCM_TD,Thủ Đức,Thủ Đức,Hồ Chí Minh,5,online,200000,excel,hoat_dong,2026-04-03,MON_LY,Vật lý,tu_nhien,LOP_12,Lớp 12,thpt,200000,HS_EX_0389,4.28,2026-03-10
GS_EX_0917,Lê Văn Nam,nam,1998,Cu nhan,Quản trị Kinh doanh,DH_KTQD,Đại học Kinh tế Quốc dân,dai_hoc,KV_DN_CL,Cẩm Lệ,Cẩm Lệ,Đà Nẵng,5,ca_hai,150000,excel,hoat_dong,2026-04-03,MON_VAN,Ngữ văn,xa_hoi,LOP_12,Lớp 12,thpt,150000,HS_EX_0983,3.91,2026-03-05
GS_EX_0918,Đỗ Minh Đạt,nam,2000,Ky su,Ngôn ngữ Anh,DH_NT_HN,Đại học Ngoại thương Hà Nội,dai_hoc,KV_HN_HM,Hoàng Mai,Hoàng Mai,Hà Nội,2,online,150000,excel,hoat_dong,2026-04-03,MON_LY,Vật lý,tu_nhien,LOP_12,Lớp 12,thpt,150000,HS_EX_0307,4.88,2026-03-21
GS_EX_0919,Dương Thị Vy,nu,1997,Thac si,Ngôn ngữ Anh,DH_GTVT,Đại học Giao thông Vận tải,dai_hoc,KV_HCM_GV,Gò Vấp,Gò Vấp,Hồ Chí Minh,6,ca_hai,250000,excel,hoat_dong,2026-04-03,MON_TOAN,Toán,tu_nhien,LOP_10,Lớp 10,thpt,250000,HS_EX_0463,3.75,2026-03-17
GS_EX_0920,Phạm Quang Đạt,nam,1997,Thac si,Công nghệ thông tin,DH_UEH,Đại học Kinh tế TP.HCM,dai_hoc,KV_HN_LB,Long Biên,Long Biên,Hà Nội,2,online,180000,excel,hoat_dong,2026-04-03,MON_LY,Vật lý,tu_nhien,LOP_09,Lớp 9,thcs,180000,,,
GS_EX_0921,Đỗ Đức Đức,nam,2002,Cu nhan,Ngôn ngữ Anh,DH_QGHN,Đại học Quốc gia Hà Nội,dai_hoc,KV_HCM_TD,Thủ Đức,Thủ Đức,Hồ Chí Minh,8,online,250000,excel,hoat_dong,2026-04-03,MON_ANH,Tiếng Anh,ngoai_ngu,LOP_10,Lớp 10,thpt,250000,,,
GS_EX_0922,Lê Hải Kiệt,nam,2002,Cu nhan,Công nghệ thông tin,DH_KT_DN,Đại học Kinh tế Đà Nẵng,dai_hoc,KV_HCM_Q1,Quận 1,Quận 1,Hồ Chí Minh,5,truc_tiep,180000,excel,hoat_dong,2026-04-03,MON_ANH,Tiếng Anh,ngoai_ngu,LOP_09,Lớp 9,thcs,180000,,,
GS_EX_0923,Hoàng Văn Kiệt,nam,1999,Ky su,Sư phạm Toán,DH_BK_HCM,Đại học Bách Khoa TP.HCM,dai_hoc,KV_HCM_Q5,Quận 5,Quận 5,Hồ Chí Minh,5,online,200000,excel,hoat_dong,2026-04-03,MON_LY,Vật lý,tu_nhien,LOP_12,Lớp 12,thpt,200000,HS_EX_0189,4.14,2026-03-29
GS_EX_0924,Lê Thanh Mai,nu,2002,Ky su,Quản trị Kinh doanh,DH_DN,Đại học Đà Nẵng,dai_hoc,KV_DN_TK,Thanh Khê,Thanh Khê,Đà Nẵng,4,ca_hai,150000,excel,hoat_dong,2026-04-03,MON_LY,Vật lý,tu_nhien,LOP_10,Lớp 10,thpt,150000,HS_EX_0239,3.83,2026-03-14
GS_EX_0925,Bùi Trọng Tuấn,nam,1995,Ky su,Quản trị Kinh doanh,DH_NT_HN,Đại học Ngoại thương Hà Nội,dai_hoc,KV_HCM_Q8,Quận 8,Quận 8,Hồ Chí Minh,1,ca_hai,180000,excel,hoat_dong,2026-04-03,MON_LY,Vật lý,tu_nhien,LOP_06,Lớp 6,thcs,180000,HS_EX_0867,4.79,2026-03-28
GS_EX_0926,Lý Minh Kiệt,nam,1996,Cu nhan,Quản trị Kinh doanh,DH_KTQD,Đại học Kinh tế Quốc dân,dai_hoc,KV_HCM_Q1,Quận 1,Quận 1,Hồ Chí Minh,4,truc_tiep,200000,excel,hoat_dong,2026-04-03,MON_ANH,Tiếng Anh,ngoai_ngu,LOP_09,Lớp 9,thcs,200000,HS_EX_0004,3.95,2026-03-06
GS_EX_0927,Vũ Minh Đức,nam,2001,Cu nhan,Sư phạm Toán,DH_QGHN,Đại học Quốc gia Hà Nội,dai_hoc,KV_HN_HBT,Hai Bà Trưng,Hai Bà Trưng,Hà Nội,2,online,180000,excel,hoat_dong,2026-04-03,MON_TOAN,Toán,tu_nhien,LOP_12,Lớp 12,thpt,180000,HS_EX_0201,4.25,2026-03-23
GS_EX_0928,Dương Thu Thu,nu,2002,Thac si,Ngôn ngữ Anh,DH_NL_HCM,Đại học Nông Lâm TP.HCM,dai_hoc,KV_DN_LC,Liên Chiểu,Liên Chiểu,Đà Nẵng,2,truc_tiep,150000,excel,hoat_dong,2026-04-03,MON_LY,Vật lý,tu_nhien,LOP_10,Lớp 10,thpt,150000,,,
GS_EX_0929,Ngô Trọng Đức,nam,1998,Cu nhan,Công nghệ thông tin,DH_UEH,Đại học Kinh tế TP.HCM,dai_hoc,KV_HN_HBT,Hai Bà Trưng,Hai Bà Trưng,Hà Nội,6,truc_tiep,150000,excel,hoat_dong,2026-04-03,MON_TOAN,Toán,tu_nhien,LOP_09,Lớp 9,thcs,150000,HS_EX_0951,4.81,2026-04-02
GS_EX_0930,Đặng Hồng Linh,nu,2003,Ky su,Sư phạm Toán,DH_CNTT,Đại học Công nghệ Thông tin TP.HCM,dai_hoc,KV_DN_TK,Thanh Khê,Thanh Khê,Đà Nẵng,6,online,180000,excel,hoat_dong,2026-04-03,MON_ANH,Tiếng Anh,ngoai_ngu,LOP_12,Lớp 12,thpt,180000,HS_EX_0466,3.68,2026-04-01
GS_EX_0931,Đặng Mai Hân,nu,1996,Ky su,Quản trị Kinh doanh,DH_SP_HN,Đại học Sư phạm Hà Nội,dai_hoc,KV_DN_ST,Sơn Trà,Sơn Trà,Đà Nẵng,8,online,150000,excel,hoat_dong,2026-04-03,MON_LY,Vật lý,tu_nhien,LOP_12,Lớp 12,thpt,150000,HS_EX_0746,4.18,2026-03-09
GS_EX_0932,Phạm Thái Nam,nam,1995,Thac si,Quản trị Kinh doanh,DH_KHTN_HCM,Đại học Khoa học Tự nhiên TP.HCM,dai_hoc,KV_HN_BD,Ba Đình,Ba Đình,Hà Nội,7,online,200000,excel,hoat_dong,2026-04-03,MON_TOAN,Toán,tu_nhien,LOP_10,Lớp 10,thpt,200000,,,
GS_EX_0933,Vũ Văn Hùng,nam,2003,Cu nhan,Sư phạm Toán,DH_KT_DN,Đại học Kinh tế Đà Nẵng,dai_hoc,KV_HN_DD,Đống Đa,Đống Đa,Hà Nội,5,online,180000,excel,hoat_dong,2026-04-03,MON_LY,Vật lý,tu_nhien,LOP_10,Lớp 10,thpt,180000,HS_EX_0330,4.99,2026-03-17
GS_EX_0934,Nguyễn Thanh Hân,nu,2001,Ky su,Ngôn ngữ Anh,DH_CNTT,Đại học Công nghệ Thông tin TP.HCM,dai_hoc,KV_HCM_TD,Thủ Đức,Thủ Đức,Hồ Chí Minh,1,ca_hai,180000,excel,hoat_dong,2026-04-03,MON_LY,Vật lý,tu_nhien,LOP_10,Lớp 10,thpt,180000,,,
GS_EX_0935,Đỗ Đức Phú,nam,2003,Ky su,Sư phạm Toán,DH_XD,Đại học Xây dựng Hà Nội,dai_hoc,KV_HCM_GV,Gò Vấp,Gò Vấp,Hồ Chí Minh,7,ca_hai,150000,excel,hoat_dong,2026-04-03,MON_TOAN,Toán,tu_nhien,LOP_10,Lớp 10,thpt,150000,,,
GS_EX_0936,Lý Hải Đạt,nam,1995,Thac si,Công nghệ thông tin,DH_FPT,Đại học FPT,dai_hoc,KV_HCM_Q5,Quận 5,Quận 5,Hồ Chí Minh,2,online,150000,excel,hoat_dong,2026-04-03,MON_VAN,Ngữ văn,xa_hoi,LOP_06,Lớp 6,thcs,150000,HS_EX_0575,4.12,2026-03-14
GS_EX_0937,Đặng Ngọc Mai,nu,2001,Cu nhan,Công nghệ thông tin,DH_Y_HN,Đại học Y Hà Nội,dai_hoc,KV_HN_HD,Hà Đông,Hà Đông,Hà Nội,4,online,180000,excel,hoat_dong,2026-04-03,MON_ANH,Tiếng Anh,ngoai_ngu,LOP_12,Lớp 12,thpt,180000,HS_EX_0685,4.95,2026-03-31
GS_EX_0938,Đỗ Hoàng Nhung,nu,1998,Thac si,Công nghệ thông tin,DH_QGHN,Đại học Quốc gia Hà Nội,dai_hoc,KV_HN_DD,Đống Đa,Đống Đa,Hà Nội,8,online,150000,excel,hoat_dong,2026-04-03,MON_ANH,Tiếng Anh,ngoai_ngu,LOP_12,Lớp 12,thpt,150000,,,
GS_EX_0939,Lý Hoàng Thu,nu,2002,Ky su,Ngôn ngữ Anh,DH_KT_DN,Đại học Kinh tế Đà Nẵng,dai_hoc,KV_HCM_Q8,Quận 8,Quận 8,Hồ Chí Minh,8,online,250000,excel,hoat_dong,2026-04-03,MON_ANH,Tiếng Anh,ngoai_ngu,LOP_06,Lớp 6,thcs,250000,HS_EX_0462,4.84,2026-03-25
GS_EX_0940,Trần Bảo Thu,nu,1999,Thac si,Quản trị Kinh doanh,DH_GTVT,Đại học Giao thông Vận tải,dai_hoc,KV_HN_BTL,Bắc Từ Liêm,Bắc Từ Liêm,Hà Nội,6,online,200000,excel,hoat_dong,2026-04-03,MON_LY,Vật lý,tu_nhien,LOP_12,Lớp 12,thpt,200000,HS_EX_0040,3.52,2026-03-20
GS_EX_0941,Đặng Ngọc Thảo,nu,2003,Cu nhan,Công nghệ thông tin,DH_TM,Đại học Thương mại,dai_hoc,KV_HCM_GV,Gò Vấp,Gò Vấp,Hồ Chí Minh,8,online,250000,excel,hoat_dong,2026-04-03,MON_ANH,Tiếng Anh,ngoai_ngu,LOP_12,Lớp 12,thpt,250000,,,
GS_EX_0942,Nguyễn Hồng An,nu,2001,Ky su,Quản trị Kinh doanh,DH_XD,Đại học Xây dựng Hà Nội,dai_hoc,KV_HCM_Q1,Quận 1,Quận 1,Hồ Chí Minh,6,truc_tiep,150000,excel,hoat_dong,2026-04-03,MON_LY,Vật lý,tu_nhien,LOP_10,Lớp 10,thpt,150000,HS_EX_0530,3.72,2026-03-26
GS_EX_0943,Hoàng Đức Tuấn,nam,2003,Thac si,Quản trị Kinh doanh,DH_NT_HN,Đại học Ngoại thương Hà Nội,dai_hoc,KV_HN_TH,Tây Hồ,Tây Hồ,Hà Nội,1,ca_hai,180000,excel,hoat_dong,2026-04-03,MON_VAN,Ngữ văn,xa_hoi,LOP_10,Lớp 10,thpt,180000,HS_EX_0277,4.19,2026-03-25
GS_EX_0944,Ngô Đình Phú,nam,1999,Thac si,Ngôn ngữ Anh,DH_GTVT,Đại học Giao thông Vận tải,dai_hoc,KV_HCM_TD,Thủ Đức,Thủ Đức,Hồ Chí Minh,4,online,200000,excel,hoat_dong,2026-04-03,MON_VAN,Ngữ văn,xa_hoi,LOP_12,Lớp 12,thpt,200000,HS_EX_0556,4.54,2026-03-17
GS_EX_0945,Dương Mai Mai,nu,2002,Thac si,Ngôn ngữ Anh,DH_KHTN_HCM,Đại học Khoa học Tự nhiên TP.HCM,dai_hoc,KV_HN_TH,Tây Hồ,Tây Hồ,Hà Nội,7,truc_tiep,200000,excel,hoat_dong,2026-04-03,MON_LY,Vật lý,tu_nhien,LOP_09,Lớp 9,thcs,200000,HS_EX_0430,4.62,2026-03-24
GS_EX_0946,Ngô Thái Đạt,nam,2002,Ky su,Ngôn ngữ Anh,DH_FPT,Đại học FPT,dai_hoc,KV_HN_CG,Cầu Giấy,Cầu Giấy,Hà Nội,2,ca_hai,180000,excel,hoat_dong,2026-04-03,MON_VAN,Ngữ văn,xa_hoi,LOP_06,Lớp 6,thcs,180000,,,
GS_EX_0947,Đỗ Thu Linh,nu,2002,Cu nhan,Sư phạm Toán,DH_Y_HN,Đại học Y Hà Nội,dai_hoc,KV_HCM_Q5,Quận 5,Quận 5,Hồ Chí Minh,1,truc_tiep,150000,excel,hoat_dong,2026-04-03,MON_LY,Vật lý,tu_nhien,LOP_09,Lớp 9,thcs,150000,,,
GS_EX_0948,Lê Thị Vy,nu,1998,Thac si,Quản trị Kinh doanh,DH_UEH,Đại học Kinh tế TP.HCM,dai_hoc,KV_HN_CG,Cầu Giấy,Cầu Giấy,Hà Nội,7,truc_tiep,250000,excel,hoat_dong,2026-04-03,MON_ANH,Tiếng Anh,ngoai_ngu,LOP_10,Lớp 10,thpt,250000,,,
GS_EX_0949,Đỗ Trọng Phú,nam,1997,Ky su,Công nghệ thông tin,DH_Y_HN,Đại học Y Hà Nội,dai_hoc,KV_HN_HBT,Hai Bà Trưng,Hai Bà Trưng,Hà Nội,4,ca_hai,250000,excel,hoat_dong,2026-04-03,MON_LY,Vật lý,tu_nhien,LOP_12,Lớp 12,thpt,250000,HS_EX_0512,4.06,2026-03-13
GS_EX_0950,Hoàng Thị Linh,nu,2000,Ky su,Công nghệ thông tin,DH_UEH,Đại học Kinh tế TP.HCM,dai_hoc,KV_HCM_Q1,Quận 1,Quận 1,Hồ Chí Minh,1,ca_hai,200000,excel,hoat_dong,2026-04-03,MON_LY,Vật lý,tu_nhien,LOP_06,Lớp 6,thcs,200000,HS_EX_0134,4.27,2026-04-02
GS_EX_0951,Trần Xuân Vy,nu,2003,Cu nhan,Sư phạm Toán,DH_BK_HCM,Đại học Bách Khoa TP.HCM,dai_hoc,KV_HCM_TP,Tân Phú,Tân Phú,Hồ Chí Minh,1,ca_hai,200000,excel,hoat_dong,2026-04-03,MON_VAN,Ngữ văn,xa_hoi,LOP_12,Lớp 12,thpt,200000,HS_EX_0729,4.15,2026-03-17
GS_EX_0952,Lý Thanh Thu,nu,1995,Ky su,Công nghệ thông tin,DH_TM,Đại học Thương mại,dai_hoc,KV_HN_HD,Hà Đông,Hà Đông,Hà Nội,8,online,200000,excel,hoat_dong,2026-04-03,MON_TOAN,Toán,tu_nhien,LOP_06,Lớp 6,thcs,200000,HS_EX_0432,4.87,2026-03-13
GS_EX_0953,Vũ Văn Khoa,nam,2000,Ky su,Công nghệ thông tin,DH_BK_HN,Đại học Bách Khoa Hà Nội,dai_hoc,KV_HN_TH,Tây Hồ,Tây Hồ,Hà Nội,3,online,250000,excel,hoat_dong,2026-04-03,MON_VAN,Ngữ văn,xa_hoi,LOP_09,Lớp 9,thcs,250000,HS_EX_0797,3.68,2026-03-13
GS_EX_0954,Dương Thu Vy,nu,2002,Cu nhan,Công nghệ thông tin,DH_GTVT,Đại học Giao thông Vận tải,dai_hoc,KV_HCM_Q7,Quận 7,Quận 7,Hồ Chí Minh,3,truc_tiep,250000,excel,hoat_dong,2026-04-03,MON_ANH,Tiếng Anh,ngoai_ngu,LOP_09,Lớp 9,thcs,250000,HS_EX_0184,3.83,2026-03-21
GS_EX_0955,Đỗ Đình Kiệt,nam,1998,Ky su,Ngôn ngữ Anh,DH_KHTN_HN,Đại học Khoa học Tự nhiên Hà Nội,dai_hoc,KV_HCM_Q4,Quận 4,Quận 4,Hồ Chí Minh,3,truc_tiep,200000,excel,hoat_dong,2026-04-03,MON_TOAN,Toán,tu_nhien,LOP_06,Lớp 6,thcs,200000,HS_EX_0841,3.66,2026-03-30
GS_EX_0956,Vũ Đình Huy,nam,2003,Ky su,Ngôn ngữ Anh,DH_GTVT,Đại học Giao thông Vận tải,dai_hoc,KV_DN_LC,Liên Chiểu,Liên Chiểu,Đà Nẵng,8,ca_hai,200000,excel,hoat_dong,2026-04-03,MON_TOAN,Toán,tu_nhien,LOP_06,Lớp 6,thcs,200000,HS_EX_0111,3.95,2026-03-28
GS_EX_0957,Nguyễn Quang Nam,nam,2002,Cu nhan,Quản trị Kinh doanh,DH_SP_HN,Đại học Sư phạm Hà Nội,dai_hoc,KV_DN_NHS,Ngũ Hành Sơn,Ngũ Hành Sơn,Đà Nẵng,3,online,250000,excel,hoat_dong,2026-04-03,MON_TOAN,Toán,tu_nhien,LOP_12,Lớp 12,thpt,250000,HS_EX_0703,4.89,2026-03-18
GS_EX_0958,Lê Thái Tuấn,nam,2001,Cu nhan,Ngôn ngữ Anh,DH_KT_DN,Đại học Kinh tế Đà Nẵng,dai_hoc,KV_HN_HM,Hoàng Mai,Hoàng Mai,Hà Nội,3,ca_hai,200000,excel,hoat_dong,2026-04-03,MON_VAN,Ngữ văn,xa_hoi,LOP_12,Lớp 12,thpt,200000,,,
GS_EX_0959,Nguyễn Hải Khoa,nam,1996,Thac si,Công nghệ thông tin,DH_FPT,Đại học FPT,dai_hoc,KV_DN_LC,Liên Chiểu,Liên Chiểu,Đà Nẵng,1,truc_tiep,180000,excel,hoat_dong,2026-04-03,MON_TOAN,Toán,tu_nhien,LOP_12,Lớp 12,thpt,180000,HS_EX_0393,3.55,2026-04-01
GS_EX_0960,Bùi Hoàng An,nu,2000,Cu nhan,Ngôn ngữ Anh,DH_BK_HN,Đại học Bách Khoa Hà Nội,dai_hoc,KV_HN_HK,Hoàn Kiếm,Hoàn Kiếm,Hà Nội,4,truc_tiep,200000,excel,hoat_dong,2026-04-03,MON_TOAN,Toán,tu_nhien,LOP_10,Lớp 10,thpt,200000,HS_EX_0635,4.82,2026-03-20
GS_EX_0961,Trần Thái Kiệt,nam,1997,Thac si,Sư phạm Toán,DH_CNTT,Đại học Công nghệ Thông tin TP.HCM,dai_hoc,KV_HCM_PN,Phú Nhuận,Phú Nhuận,Hồ Chí Minh,8,ca_hai,200000,excel,hoat_dong,2026-04-03,MON_ANH,Tiếng Anh,ngoai_ngu,LOP_09,Lớp 9,thcs,200000,,,
GS_EX_0962,Đặng Hoàng Linh,nu,1995,Cu nhan,Quản trị Kinh doanh,DH_BK_HCM,Đại học Bách Khoa TP.HCM,dai_hoc,KV_HN_HD,Hà Đông,Hà Đông,Hà Nội,4,online,200000,excel,hoat_dong,2026-04-03,MON_ANH,Tiếng Anh,ngoai_ngu,LOP_06,Lớp 6,thcs,200000,HS_EX_0121,4.07,2026-03-04
GS_EX_0963,Vũ Ngọc Thu,nu,1998,Thac si,Sư phạm Toán,DH_BK_HN,Đại học Bách Khoa Hà Nội,dai_hoc,KV_HN_BTL,Bắc Từ Liêm,Bắc Từ Liêm,Hà Nội,6,truc_tiep,150000,excel,hoat_dong,2026-04-03,MON_TOAN,Toán,tu_nhien,LOP_06,Lớp 6,thcs,150000,,,
GS_EX_0964,Lý Thanh Châu,nu,2000,Cu nhan,Quản trị Kinh doanh,DH_DN,Đại học Đà Nẵng,dai_hoc,KV_HN_HD,Hà Đông,Hà Đông,Hà Nội,7,online,180000,excel,hoat_dong,2026-04-03,MON_TOAN,Toán,tu_nhien,LOP_12,Lớp 12,thpt,180000,HS_EX_0187,4.64,2026-03-31
GS_EX_0965,Ngô Thị Hân,nu,2003,Ky su,Công nghệ thông tin,DH_GTVT,Đại học Giao thông Vận tải,dai_hoc,KV_HCM_Q7,Quận 7,Quận 7,Hồ Chí Minh,2,truc_tiep,150000,excel,hoat_dong,2026-04-03,MON_TOAN,Toán,tu_nhien,LOP_06,Lớp 6,thcs,150000,HS_EX_0897,4.27,2026-03-06
GS_EX_0966,Vũ Ngọc Mai,nu,1997,Cu nhan,Quản trị Kinh doanh,DH_SP_HCM,Đại học Sư phạm TP.HCM,dai_hoc,KV_HN_BTL,Bắc Từ Liêm,Bắc Từ Liêm,Hà Nội,2,online,250000,excel,hoat_dong,2026-04-03,MON_VAN,Ngữ văn,xa_hoi,LOP_09,Lớp 9,thcs,250000,HS_EX_0320,3.86,2026-03-14
GS_EX_0967,Đỗ Văn Nam,nam,1996,Cu nhan,Sư phạm Toán,DH_BK_HN,Đại học Bách Khoa Hà Nội,dai_hoc,KV_HCM_Q4,Quận 4,Quận 4,Hồ Chí Minh,7,ca_hai,180000,excel,hoat_dong,2026-04-03,MON_LY,Vật lý,tu_nhien,LOP_10,Lớp 10,thpt,180000,HS_EX_0987,3.95,2026-03-08
GS_EX_0968,Lê Thanh Trang,nu,2000,Ky su,Sư phạm Toán,DH_UEH,Đại học Kinh tế TP.HCM,dai_hoc,KV_HN_HBT,Hai Bà Trưng,Hai Bà Trưng,Hà Nội,6,online,250000,excel,hoat_dong,2026-04-03,MON_VAN,Ngữ văn,xa_hoi,LOP_09,Lớp 9,thcs,250000,HS_EX_0157,3.88,2026-03-11
GS_EX_0969,Ngô Thái Hùng,nam,1996,Cu nhan,Quản trị Kinh doanh,DH_Y_HCM,Đại học Y Dược TP.HCM,dai_hoc,KV_HCM_TD,Thủ Đức,Thủ Đức,Hồ Chí Minh,6,ca_hai,150000,excel,hoat_dong,2026-04-03,MON_TOAN,Toán,tu_nhien,LOP_06,Lớp 6,thcs,150000,HS_EX_0710,4.97,2026-03-13
GS_EX_0970,Lý Thu Mai,nu,1998,Thac si,Ngôn ngữ Anh,DH_SP_HN,Đại học Sư phạm Hà Nội,dai_hoc,KV_HCM_TP,Tân Phú,Tân Phú,Hồ Chí Minh,2,ca_hai,180000,excel,hoat_dong,2026-04-03,MON_ANH,Tiếng Anh,ngoai_ngu,LOP_09,Lớp 9,thcs,180000,,,
GS_EX_0971,Nguyễn Bảo Trang,nu,2000,Cu nhan,Công nghệ thông tin,DH_Y_HCM,Đại học Y Dược TP.HCM,dai_hoc,KV_HCM_Q10,Quận 10,Quận 10,Hồ Chí Minh,5,online,150000,excel,hoat_dong,2026-04-03,MON_ANH,Tiếng Anh,ngoai_ngu,LOP_09,Lớp 9,thcs,150000,,,
GS_EX_0972,Trần Mai Mai,nu,2002,Thac si,Ngôn ngữ Anh,DH_NL_HCM,Đại học Nông Lâm TP.HCM,dai_hoc,KV_HCM_Q7,Quận 7,Quận 7,Hồ Chí Minh,2,truc_tiep,250000,excel,hoat_dong,2026-04-03,MON_TOAN,Toán,tu_nhien,LOP_06,Lớp 6,thcs,250000,HS_EX_0349,4.54,2026-03-24
GS_EX_0973,Dương Xuân Mai,nu,1999,Thac si,Công nghệ thông tin,DH_NL_HCM,Đại học Nông Lâm TP.HCM,dai_hoc,KV_HCM_TD,Thủ Đức,Thủ Đức,Hồ Chí Minh,3,ca_hai,150000,excel,hoat_dong,2026-04-03,MON_VAN,Ngữ văn,xa_hoi,LOP_06,Lớp 6,thcs,150000,HS_EX_0971,3.72,2026-03-06
GS_EX_0974,Vũ Thái Phú,nam,1999,Thac si,Quản trị Kinh doanh,DH_QGHN,Đại học Quốc gia Hà Nội,dai_hoc,KV_HCM_Q8,Quận 8,Quận 8,Hồ Chí Minh,3,ca_hai,250000,excel,hoat_dong,2026-04-03,MON_VAN,Ngữ văn,xa_hoi,LOP_09,Lớp 9,thcs,250000,HS_EX_0909,4.93,2026-03-06
GS_EX_0975,Đỗ Hữu Hùng,nam,1997,Ky su,Quản trị Kinh doanh,DH_NL_HCM,Đại học Nông Lâm TP.HCM,dai_hoc,KV_DN_TK,Thanh Khê,Thanh Khê,Đà Nẵng,6,ca_hai,200000,excel,hoat_dong,2026-04-03,MON_LY,Vật lý,tu_nhien,LOP_10,Lớp 10,thpt,200000,HS_EX_0307,3.56,2026-03-31
GS_EX_0976,Vũ Văn Nam,nam,2002,Thac si,Sư phạm Toán,DH_GTVT,Đại học Giao thông Vận tải,dai_hoc,KV_DN_NHS,Ngũ Hành Sơn,Ngũ Hành Sơn,Đà Nẵng,2,online,250000,excel,hoat_dong,2026-04-03,MON_ANH,Tiếng Anh,ngoai_ngu,LOP_09,Lớp 9,thcs,250000,HS_EX_0523,4.91,2026-03-04
GS_EX_0977,Phạm Hữu Kiệt,nam,1995,Cu nhan,Quản trị Kinh doanh,DH_KTQD,Đại học Kinh tế Quốc dân,dai_hoc,KV_HN_TX,Thanh Xuân,Thanh Xuân,Hà Nội,4,truc_tiep,250000,excel,hoat_dong,2026-04-03,MON_ANH,Tiếng Anh,ngoai_ngu,LOP_09,Lớp 9,thcs,250000,HS_EX_0146,3.78,2026-03-20
GS_EX_0978,Đặng Hoàng Thảo,nu,2002,Cu nhan,Ngôn ngữ Anh,DH_KT_DN,Đại học Kinh tế Đà Nẵng,dai_hoc,KV_HN_DD,Đống Đa,Đống Đa,Hà Nội,5,ca_hai,200000,excel,hoat_dong,2026-04-03,MON_LY,Vật lý,tu_nhien,LOP_06,Lớp 6,thcs,200000,HS_EX_0139,3.7,2026-03-31
GS_EX_0979,Bùi Thái Tuấn,nam,1996,Cu nhan,Ngôn ngữ Anh,DH_QGHN,Đại học Quốc gia Hà Nội,dai_hoc,KV_HCM_TD,Thủ Đức,Thủ Đức,Hồ Chí Minh,8,online,180000,excel,hoat_dong,2026-04-03,MON_TOAN,Toán,tu_nhien,LOP_10,Lớp 10,thpt,180000,HS_EX_0993,4.78,2026-03-14
GS_EX_0980,Hoàng Ngọc Thu,nu,1996,Ky su,Công nghệ thông tin,DH_FPT,Đại học FPT,dai_hoc,KV_HCM_BT,Bình Thạnh,Bình Thạnh,Hồ Chí Minh,8,truc_tiep,180000,excel,hoat_dong,2026-04-03,MON_ANH,Tiếng Anh,ngoai_ngu,LOP_10,Lớp 10,thpt,180000,HS_EX_0926,3.77,2026-03-12
GS_EX_0981,Đặng Đình Tuấn,nam,1998,Thac si,Quản trị Kinh doanh,DH_TM,Đại học Thương mại,dai_hoc,KV_HN_LB,Long Biên,Long Biên,Hà Nội,2,truc_tiep,250000,excel,hoat_dong,2026-04-03,MON_ANH,Tiếng Anh,ngoai_ngu,LOP_12,Lớp 12,thpt,250000,HS_EX_0991,4.04,2026-03-24
GS_EX_0982,Bùi Thu Thu,nu,1999,Thac si,Sư phạm Toán,DH_Y_HN,Đại học Y Hà Nội,dai_hoc,KV_HN_HD,Hà Đông,Hà Đông,Hà Nội,4,truc_tiep,150000,excel,hoat_dong,2026-04-03,MON_LY,Vật lý,tu_nhien,LOP_10,Lớp 10,thpt,150000,HS_EX_0583,3.54,2026-03-29
GS_EX_0983,Bùi Đức Tuấn,nam,1995,Thac si,Sư phạm Toán,DH_CNTT,Đại học Công nghệ Thông tin TP.HCM,dai_hoc,KV_DN_CL,Cẩm Lệ,Cẩm Lệ,Đà Nẵng,4,truc_tiep,250000,excel,hoat_dong,2026-04-03,MON_ANH,Tiếng Anh,ngoai_ngu,LOP_10,Lớp 10,thpt,250000,HS_EX_0494,3.83,2026-03-30
GS_EX_0984,Trần Ngọc Linh,nu,1996,Cu nhan,Ngôn ngữ Anh,DH_QGHN,Đại học Quốc gia Hà Nội,dai_hoc,KV_HN_NTL,Nam Từ Liêm,Nam Từ Liêm,Hà Nội,5,online,180000,excel,hoat_dong,2026-04-03,MON_TOAN,Toán,tu_nhien,LOP_06,Lớp 6,thcs,180000,HS_EX_0320,3.71,2026-03-24
GS_EX_0985,Vũ Minh Hùng,nam,1995,Thac si,Quản trị Kinh doanh,DH_NL_HCM,Đại học Nông Lâm TP.HCM,dai_hoc,KV_HN_HM,Hoàng Mai,Hoàng Mai,Hà Nội,7,ca_hai,180000,excel,hoat_dong,2026-04-03,MON_VAN,Ngữ văn,xa_hoi,LOP_12,Lớp 12,thpt,180000,HS_EX_0051,3.56,2026-03-13
GS_EX_0986,Hoàng Mai Trang,nu,1999,Cu nhan,Quản trị Kinh doanh,DH_CNTT,Đại học Công nghệ Thông tin TP.HCM,dai_hoc,KV_DN_HC,Hải Châu,Hải Châu,Đà Nẵng,8,truc_tiep,200000,excel,hoat_dong,2026-04-03,MON_VAN,Ngữ văn,xa_hoi,LOP_06,Lớp 6,thcs,200000,,,
GS_EX_0987,Hoàng Hoàng Châu,nu,1998,Cu nhan,Ngôn ngữ Anh,DH_QGHN,Đại học Quốc gia Hà Nội,dai_hoc,KV_DN_TK,Thanh Khê,Thanh Khê,Đà Nẵng,3,online,250000,excel,hoat_dong,2026-04-03,MON_TOAN,Toán,tu_nhien,LOP_09,Lớp 9,thcs,250000,HS_EX_0797,3.72,2026-04-02
GS_EX_0988,Ngô Ngọc Mai,nu,1995,Cu nhan,Sư phạm Toán,DH_KTQD,Đại học Kinh tế Quốc dân,dai_hoc,KV_HN_DD,Đống Đa,Đống Đa,Hà Nội,2,ca_hai,200000,excel,hoat_dong,2026-04-03,MON_LY,Vật lý,tu_nhien,LOP_10,Lớp 10,thpt,200000,HS_EX_0043,4.44,2026-03-22
GS_EX_0989,Ngô Mai Thu,nu,1996,Thac si,Sư phạm Toán,DH_NL_HCM,Đại học Nông Lâm TP.HCM,dai_hoc,KV_HCM_GV,Gò Vấp,Gò Vấp,Hồ Chí Minh,6,online,150000,excel,hoat_dong,2026-04-03,MON_TOAN,Toán,tu_nhien,LOP_10,Lớp 10,thpt,150000,HS_EX_0037,3.85,2026-03-11
GS_EX_0990,Trần Hải Hùng,nam,2002,Thac si,Công nghệ thông tin,DH_SP_HN,Đại học Sư phạm Hà Nội,dai_hoc,KV_HN_HD,Hà Đông,Hà Đông,Hà Nội,3,online,180000,excel,hoat_dong,2026-04-03,MON_VAN,Ngữ văn,xa_hoi,LOP_12,Lớp 12,thpt,180000,,,
GS_EX_0991,Đặng Quang Hùng,nam,1996,Cu nhan,Quản trị Kinh doanh,DH_TM,Đại học Thương mại,dai_hoc,KV_HN_TX,Thanh Xuân,Thanh Xuân,Hà Nội,7,online,250000,excel,hoat_dong,2026-04-03,MON_VAN,Ngữ văn,xa_hoi,LOP_12,Lớp 12,thpt,250000,HS_EX_0159,3.99,2026-03-29
GS_EX_0992,Hoàng Thái Tuấn,nam,2002,Thac si,Ngôn ngữ Anh,DH_SP_HN,Đại học Sư phạm Hà Nội,dai_hoc,KV_HN_HK,Hoàn Kiếm,Hoàn Kiếm,Hà Nội,6,ca_hai,150000,excel,hoat_dong,2026-04-03,MON_LY,Vật lý,tu_nhien,LOP_10,Lớp 10,thpt,150000,,,
GS_EX_0993,Lý Mai Hân,nu,1999,Cu nhan,Công nghệ thông tin,DH_Y_HN,Đại học Y Hà Nội,dai_hoc,KV_DN_CL,Cẩm Lệ,Cẩm Lệ,Đà Nẵng,4,truc_tiep,200000,excel,hoat_dong,2026-04-03,MON_TOAN,Toán,tu_nhien,LOP_10,Lớp 10,thpt,200000,,,
GS_EX_0994,Vũ Hải Kiệt,nam,2001,Ky su,Quản trị Kinh doanh,DH_Y_HN,Đại học Y Hà Nội,dai_hoc,KV_HCM_Q8,Quận 8,Quận 8,Hồ Chí Minh,6,online,180000,excel,hoat_dong,2026-04-03,MON_VAN,Ngữ văn,xa_hoi,LOP_06,Lớp 6,thcs,180000,HS_EX_0118,3.86,2026-04-02
GS_EX_0995,Bùi Ngọc An,nu,1998,Ky su,Ngôn ngữ Anh,DH_XD,Đại học Xây dựng Hà Nội,dai_hoc,KV_HCM_TB,Tân Bình,Tân Bình,Hồ Chí Minh,8,online,180000,excel,hoat_dong,2026-04-03,MON_LY,Vật lý,tu_nhien,LOP_06,Lớp 6,thcs,180000,HS_EX_0419,3.84,2026-03-09
GS_EX_0996,Đỗ Đức Tuấn,nam,1997,Ky su,Ngôn ngữ Anh,DH_BK_HCM,Đại học Bách Khoa TP.HCM,dai_hoc,KV_HN_DD,Đống Đa,Đống Đa,Hà Nội,8,online,250000,excel,hoat_dong,2026-04-03,MON_ANH,Tiếng Anh,ngoai_ngu,LOP_09,Lớp 9,thcs,250000,HS_EX_0377,3.59,2026-03-05
GS_EX_0997,Lý Đình Huy,nam,1996,Thac si,Công nghệ thông tin,DH_XD,Đại học Xây dựng Hà Nội,dai_hoc,KV_HCM_Q3,Quận 3,Quận 3,Hồ Chí Minh,8,ca_hai,150000,excel,hoat_dong,2026-04-03,MON_TOAN,Toán,tu_nhien,LOP_10,Lớp 10,thpt,150000,,,
GS_EX_0998,Nguyễn Thái Nam,nam,2000,Cu nhan,Công nghệ thông tin,DH_BK_HCM,Đại học Bách Khoa TP.HCM,dai_hoc,KV_HN_BD,Ba Đình,Ba Đình,Hà Nội,6,truc_tiep,250000,excel,hoat_dong,2026-04-03,MON_VAN,Ngữ văn,xa_hoi,LOP_10,Lớp 10,thpt,250000,HS_EX_0459,3.63,2026-03-28
GS_EX_0999,Dương Văn Cường,nam,1995,Ky su,Công nghệ thông tin,DH_Y_HCM,Đại học Y Dược TP.HCM,dai_hoc,KV_HCM_Q4,Quận 4,Quận 4,Hồ Chí Minh,7,ca_hai,250000,excel,hoat_dong,2026-04-03,MON_VAN,Ngữ văn,xa_hoi,LOP_10,Lớp 10,thpt,250000,HS_EX_0700,4.14,2026-03-29
GS_EX_1000,Vũ Thái Phú,nam,2002,Cu nhan,Công nghệ thông tin,DH_SP_HN,Đại học Sư phạm Hà Nội,dai_hoc,KV_HCM_BT,Bình Thạnh,Bình Thạnh,Hồ Chí Minh,3,online,150000,excel,hoat_dong,2026-04-03,MON_LY,Vật lý,tu_nhien,LOP_10,Lớp 10,thpt,150000,HS_EX_0600,3.82,2026-03-07
