ma_hoc_sinh,ho_ten,truong_hoc_ma,truong_hoc_ten,loai_truong,lop_hoc_ma,lop_hoc_ten,cap_hoc,khu_vuc_ma,ten_khu_vuc,quan_huyen,tinh_thanh,hoc_luc,nguon_du_lieu,trang_thai,ngay_cap_nhat,mon_hoc_ma,ten_mon_hoc,nhom_mon_hoc,hinh_thuc_hoc,muc_tieu_hoc_tap,ngan_sach_toi_da_gio,so_buoi_moi_tuan,trang_thai_nhu_cau,ngay_dang
HS_WB_0001,Lý Thái Huy,THPT_TDN,THPT Chuyên Trần Đại Nghĩa,thpt,LOP_10,Lớp 10,thpt,KV_HN_HM,Hoàng Mai,Hoàng Mai,Hà Nội,xuat_sac,web,hoat_dong,2026-04-03,MON_TOAN,Toán,tu_nhien,ca_hai,Cải thiện điểm số,150000,4,dang_tim_gia_su,2026-03-25
HS_WB_0002,Lê Thanh Thu,THPT_TL,THPT Thăng Long,thpt,LOP_09,Lớp 9,thcs,KV_DN_LC,Liên Chiểu,Liên Chiểu,Đà Nẵng,kha,web,hoat_dong,2026-04-03,MON_VAN,Ngữ văn,xa_hoi,online,Cải thiện điểm số,150000,3,dang_tim_gia_su,2026-03-10
HS_WB_0003,Vũ Thanh Thu,THPT_TTT,THPT Tôn Thất Tùng,thpt,LOP_12,Lớp 12,thpt,KV_HN_HM,Hoàng Mai,Hoàng Mai,Hà Nội,xuat_sac,web,hoat_dong,2026-04-03,MON_LY,Vật lý,tu_nhien,truc_tiep,Cải thiện điểm số,150000,2,dang_tim_gia_su,2026-03-08
HS_WB_0004,Phạm Đức Huy,THPT_TPh,THPT Thái Phiên,thpt,LOP_12,Lớp 12,thpt,KV_DN_CL,Cẩm Lệ,Cẩm Lệ,Đà Nẵng,xuat_sac,web,hoat_dong,2026-04-03,MON_ANH,Tiếng Anh,ngoai_ngu,ca_hai,Cải thiện điểm số,250000,2,dang_tim_gia_su,2026-03-13
HS_WB_0005,Phạm Đức Cường,THPT_NH,THPT Nguyễn Hiền,thpt,LOP_06,Lớp 6,thcs,KV_DN_ST,Sơn Trà,Sơn Trà,Đà Nẵng,xuat_sac,web,hoat_dong,2026-04-03,MON_VAN,Ngữ văn,xa_hoi,ca_hai,Cải thiện điểm số,150000,4,dang_tim_gia_su,2026-03-11
HS_WB_0006,Bùi Thị An,THPT_GD,THPT Gia Định,thpt,LOP_12,Lớp 12,thpt,KV_HCM_Q4,Quận 4,Quận 4,Hồ Chí Minh,yeu,web,hoat_dong,2026-04-03,MON_TOAN,Toán,tu_nhien,truc_tiep,Cải thiện điểm số,200000,2,dang_tim_gia_su,2026-03-18
HS_WB_0007,Lý Thái Đạt,THPT_TP_DN,THPT Trần Phú,thpt,LOP_10,Lớp 10,thpt,KV_HCM_Q1,Quận 1,Quận 1,Hồ Chí Minh,xuat_sac,web,hoat_dong,2026-04-03,MON_ANH,Tiếng Anh,ngoai_ngu,ca_hai,Cải thiện điểm số,250000,2,dang_tim_gia_su,2026-03-15
HS_WB_0008,Bùi Thái Phú,THPT_CVA,THPT Chu Văn An,thpt,LOP_10,Lớp 10,thpt,KV_HN_NTL,Nam Từ Liêm,Nam Từ Liêm,Hà Nội,trung_binh,web,hoat_dong,2026-04-03,MON_TOAN,Toán,tu_nhien,truc_tiep,Cải thiện điểm số,200000,2,dang_tim_gia_su,2026-03-16
HS_WB_0009,Đỗ Xuân Mai,THPT_NTH_HCM,THPT Nguyễn Thượng Hiền,thpt,LOP_10,Lớp 10,thpt,KV_DN_TK,Thanh Khê,Thanh Khê,Đà Nẵng,trung_binh,web,hoat_dong,2026-04-03,MON_ANH,Tiếng Anh,ngoai_ngu,truc_tiep,Cải thiện điểm số,150000,2,dang_tim_gia_su,2026-03-06
HS_WB_0010,Đặng Thu Trang,THPT_LHP,THPT Chuyên Lê Hồng Phong,thpt,LOP_10,Lớp 10,thpt,KV_HN_DD,Đống Đa,Đống Đa,Hà Nội,gioi,web,hoat_dong,2026-04-03,MON_VAN,Ngữ văn,xa_hoi,truc_tiep,Cải thiện điểm số,150000,4,dang_tim_gia_su,2026-04-03
HS_WB_0011,Phạm Thái Đức,THPT_NTH_HCM,THPT Nguyễn Thượng Hiền,thpt,LOP_10,Lớp 10,thpt,KV_HCM_BT,Bình Thạnh,Bình Thạnh,Hồ Chí Minh,kha,web,hoat_dong,2026-04-03,MON_ANH,Tiếng Anh,ngoai_ngu,truc_tiep,Cải thiện điểm số,250000,2,dang_tim_gia_su,2026-03-16
HS_WB_0012,Lê Thị Thu,THPT_NVT,THPT Nguyễn Văn Trỗi,thpt,LOP_09,Lớp 9,thcs,KV_DN_NHS,Ngũ Hành Sơn,Ngũ Hành Sơn,Đà Nẵng,trung_binh,web,hoat_dong,2026-04-03,MON_VAN,Ngữ văn,xa_hoi,ca_hai,Cải thiện điểm số,200000,4,dang_tim_gia_su,2026-03-19
HS_WB_0013,Nguyễn Hữu Đức,THPT_CVD,THPT Cẩm Lệ,thpt,LOP_12,Lớp 12,thpt,KV_DN_TK,Thanh Khê,Thanh Khê,Đà Nẵng,gioi,web,hoat_dong,2026-04-03,MON_VAN,Ngữ văn,xa_hoi,online,Cải thiện điểm số,250000,2,dang_tim_gia_su,2026-03-19
HS_WB_0014,Phạm Hữu Cường,THPT_LQD_DN,THPT Chuyên Lê Quý Đôn,thpt,LOP_12,Lớp 12,thpt,KV_HN_TX,Thanh Xuân,Thanh Xuân,Hà Nội,xuat_sac,web,hoat_dong,2026-04-03,MON_TOAN,Toán,tu_nhien,ca_hai,Cải thiện điểm số,250000,3,dang_tim_gia_su,2026-03-22
HS_WB_0015,Trần Thanh Vy,THPT_MQ,THPT Mạc Đĩnh Chi,thpt,LOP_06,Lớp 6,thcs,KV_HN_DD,Đống Đa,Đống Đa,Hà Nội,gioi,web,hoat_dong,2026-04-03,MON_TOAN,Toán,tu_nhien,ca_hai,Cải thiện điểm số,150000,4,dang_tim_gia_su,2026-03-23
HS_WB_0016,Đặng Đình Hùng,THPT_TL,THPT Thăng Long,thpt,LOP_10,Lớp 10,thpt,KV_HCM_Q1,Quận 1,Quận 1,Hồ Chí Minh,xuat_sac,web,hoat_dong,2026-04-03,MON_VAN,Ngữ văn,xa_hoi,ca_hai,Cải thiện điểm số,200000,3,dang_tim_gia_su,2026-03-10
HS_WB_0017,Phạm Trọng Hùng,THPT_NH,THPT Nguyễn Hiền,thpt,LOP_06,Lớp 6,thcs,KV_HCM_Q4,Quận 4,Quận 4,Hồ Chí Minh,gioi,web,hoat_dong,2026-04-03,MON_VAN,Ngữ văn,xa_hoi,ca_hai,Cải thiện điểm số,150000,3,dang_tim_gia_su,2026-04-02
HS_WB_0018,Phạm Trọng Phú,THPT_OIK,THPT Ông Ích Khiêm,thpt,LOP_09,Lớp 9,thcs,KV_HCM_TB,Tân Bình,Tân Bình,Hồ Chí Minh,trung_binh,web,hoat_dong,2026-04-03,MON_LY,Vật lý,tu_nhien,ca_hai,Cải thiện điểm số,250000,2,dang_tim_gia_su,2026-03-08
HS_WB_0019,Đặng Bảo Châu,THPT_TTT,THPT Tôn Thất Tùng,thpt,LOP_09,Lớp 9,thcs,KV_HCM_BT,Bình Thạnh,Bình Thạnh,Hồ Chí Minh,yeu,web,hoat_dong,2026-04-03,MON_ANH,Tiếng Anh,ngoai_ngu,ca_hai,Cải thiện điểm số,150000,3,dang_tim_gia_su,2026-03-23
HS_WB_0020,Phạm Trọng Khoa,THPT_LQD_DN,THPT Chuyên Lê Quý Đôn,thpt,LOP_06,Lớp 6,thcs,KV_DN_NHS,Ngũ Hành Sơn,Ngũ Hành Sơn,Đà Nẵng,trung_binh,web,hoat_dong,2026-04-03,MON_ANH,Tiếng Anh,ngoai_ngu,ca_hai,Cải thiện điểm số,150000,2,dang_tim_gia_su,2026-03-08
HS_WB_0021,Phạm Thanh Vy,THPT_MC,THPT Marie Curie,thpt,LOP_09,Lớp 9,thcs,KV_DN_LC,Liên Chiểu,Liên Chiểu,Đà Nẵng,trung_binh,web,hoat_dong,2026-04-03,MON_LY,Vật lý,tu_nhien,truc_tiep,Cải thiện điểm số,200000,3,dang_tim_gia_su,2026-03-08
HS_WB_0022,Dương Thị Thảo,THPT_TD,THPT Thủ Đức,thpt,LOP_09,Lớp 9,thcs,KV_HCM_PN,Phú Nhuận,Phú Nhuận,Hồ Chí Minh,gioi,web,hoat_dong,2026-04-03,MON_ANH,Tiếng Anh,ngoai_ngu,ca_hai,Cải thiện điểm số,150000,4,dang_tim_gia_su,2026-03-16
HS_WB_0023,Đỗ Quang Kiệt,THPT_NT_HCM,THPT Nguyễn Trãi,thpt,LOP_06,Lớp 6,thcs,KV_HN_HM,Hoàng Mai,Hoàng Mai,Hà Nội,gioi,web,hoat_dong,2026-04-03,MON_VAN,Ngữ văn,xa_hoi,ca_hai,Cải thiện điểm số,250000,4,dang_tim_gia_su,2026-03-16
HS_WB_0024,Lê Minh Đức,THPT_AMS,THPT Chuyên Hà Nội - Amsterdam,thpt,LOP_12,Lớp 12,thpt,KV_HCM_Q10,Quận 10,Quận 10,Hồ Chí Minh,kha,web,hoat_dong,2026-04-03,MON_ANH,Tiếng Anh,ngoai_ngu,ca_hai,Cải thiện điểm số,150000,4,dang_tim_gia_su,2026-03-19
HS_WB_0025,Lý Minh Khoa,THPT_TL,THPT Thăng Long,thpt,LOP_06,Lớp 6,thcs,KV_HCM_Q4,Quận 4,Quận 4,Hồ Chí Minh,kha,web,hoat_dong,2026-04-03,MON_LY,Vật lý,tu_nhien,truc_tiep,Cải thiện điểm số,150000,2,dang_tim_gia_su,2026-03-29
HS_WB_0026,Bùi Đình Kiệt,THPT_ND,THPT Nguyễn Du,thpt,LOP_09,Lớp 9,thcs,KV_HN_HD,Hà Đông,Hà Đông,Hà Nội,yeu,web,hoat_dong,2026-04-03,MON_TOAN,Toán,tu_nhien,truc_tiep,Cải thiện điểm số,200000,3,dang_tim_gia_su,2026-03-26
HS_WB_0027,Vũ Văn Phú,THPT_DD,THPT Đống Đa,thpt,LOP_10,Lớp 10,thpt,KV_HN_TX,Thanh Xuân,Thanh Xuân,Hà Nội,kha,web,hoat_dong,2026-04-03,MON_LY,Vật lý,tu_nhien,online,Cải thiện điểm số,250000,2,dang_tim_gia_su,2026-03-25
HS_WB_0028,Bùi Ngọc Linh,THPT_DA,THPT Đông Anh,thpt,LOP_10,Lớp 10,thpt,KV_DN_LC,Liên Chiểu,Liên Chiểu,Đà Nẵng,xuat_sac,web,hoat_dong,2026-04-03,MON_LY,Vật lý,tu_nhien,online,Cải thiện điểm số,250000,3,dang_tim_gia_su,2026-04-03
HS_WB_0029,Vũ Quang Nam,THPT_AMS,THPT Chuyên Hà Nội - Amsterdam,thpt,LOP_10,Lớp 10,thpt,KV_HN_NTL,Nam Từ Liêm,Nam Từ Liêm,Hà Nội,trung_binh,web,hoat_dong,2026-04-03,MON_TOAN,Toán,tu_nhien,truc_tiep,Cải thiện điểm số,150000,2,dang_tim_gia_su,2026-03-22
HS_WB_0030,Lê Xuân Hân,THPT_HHT,THPT Hoàng Hoa Thám,thpt,LOP_10,Lớp 10,thpt,KV_HN_LB,Long Biên,Long Biên,Hà Nội,kha,web,hoat_dong,2026-04-03,MON_TOAN,Toán,tu_nhien,online,Cải thiện điểm số,200000,3,dang_tim_gia_su,2026-03-10
HS_WB_0031,Ngô Bảo Thu,THPT_CVA,THPT Chu Văn An,thpt,LOP_06,Lớp 6,thcs,KV_HCM_BT,Bình Thạnh,Bình Thạnh,Hồ Chí Minh,trung_binh,web,hoat_dong,2026-04-03,MON_ANH,Tiếng Anh,ngoai_ngu,ca_hai,Cải thiện điểm số,200000,2,dang_tim_gia_su,2026-03-25
HS_WB_0032,Lê Hải Kiệt,THPT_NMK,THPT Nguyễn Thị Minh Khai,thpt,LOP_09,Lớp 9,thcs,KV_HCM_PN,Phú Nhuận,Phú Nhuận,Hồ Chí Minh,trung_binh,web,hoat_dong,2026-04-03,MON_ANH,Tiếng Anh,ngoai_ngu,ca_hai,Cải thiện điểm số,250000,2,dang_tim_gia_su,2026-03-27
HS_WB_0033,Lê Bảo Thảo,THPT_MQ,THPT Mạc Đĩnh Chi,thpt,LOP_06,Lớp 6,thcs,KV_DN_HC,Hải Châu,Hải Châu,Đà Nẵng,trung_binh,web,hoat_dong,2026-04-03,MON_LY,Vật lý,tu_nhien,ca_hai,Cải thiện điểm số,150000,4,dang_tim_gia_su,2026-03-23
HS_WB_0034,Lê Văn Phú,THPT_NHS,THPT Ngũ Hành Sơn,thpt,LOP_06,Lớp 6,thcs,KV_HN_HM,Hoàng Mai,Hoàng Mai,Hà Nội,gioi,web,hoat_dong,2026-04-03,MON_LY,Vật lý,tu_nhien,ca_hai,Cải thiện điểm số,150000,4,dang_tim_gia_su,2026-03-31
HS_WB_0035,Đặng Hữu Kiệt,THPT_PDP,THPT Phan Đình Phùng,thpt,LOP_12,Lớp 12,thpt,KV_HCM_TP,Tân Phú,Tân Phú,Hồ Chí Minh,trung_binh,web,hoat_dong,2026-04-03,MON_TOAN,Toán,tu_nhien,truc_tiep,Cải thiện điểm số,250000,3,dang_tim_gia_su,2026-04-03
HS_WB_0036,Đỗ Bảo Thảo,THPT_TPh,THPT Thái Phiên,thpt,LOP_12,Lớp 12,thpt,KV_HN_HK,Hoàn Kiếm,Hoàn Kiếm,Hà Nội,trung_binh,web,hoat_dong,2026-04-03,MON_ANH,Tiếng Anh,ngoai_ngu,online,Cải thiện điểm số,250000,2,dang_tim_gia_su,2026-04-02
HS_WB_0037,Đỗ Hoàng Linh,THPT_VD,THPT Việt Đức,thpt,LOP_10,Lớp 10,thpt,KV_HN_HM,Hoàng Mai,Hoàng Mai,Hà Nội,yeu,web,hoat_dong,2026-04-03,MON_LY,Vật lý,tu_nhien,online,Cải thiện điểm số,200000,4,dang_tim_gia_su,2026-03-23
HS_WB_0038,Phạm Thu Vy,THPT_LQD_HN,THPT Lê Quý Đôn - Đống Đa,thpt,LOP_12,Lớp 12,thpt,KV_HCM_Q1,Quận 1,Quận 1,Hồ Chí Minh,trung_binh,web,hoat_dong,2026-04-03,MON_VAN,Ngữ văn,xa_hoi,online,Cải thiện điểm số,250000,2,dang_tim_gia_su,2026-03-07
HS_WB_0039,Hoàng Quang Khoa,THPT_MC,THPT Marie Curie,thpt,LOP_10,Lớp 10,thpt,KV_HCM_TP,Tân Phú,Tân Phú,Hồ Chí Minh,trung_binh,web,hoat_dong,2026-04-03,MON_ANH,Tiếng Anh,ngoai_ngu,online,Cải thiện điểm số,250000,4,dang_tim_gia_su,2026-03-24
HS_WB_0040,Dương Thái Cường,THPT_TTT,THPT Tôn Thất Tùng,thpt,LOP_10,Lớp 10,thpt,KV_HN_CG,Cầu Giấy,Cầu Giấy,Hà Nội,gioi,web,hoat_dong,2026-04-03,MON_VAN,Ngữ văn,xa_hoi,online,Cải thiện điểm số,150000,3,dang_tim_gia_su,2026-03-21
HS_WB_0041,Trần Hồng Linh,THPT_NVT,THPT Nguyễn Văn Trỗi,thpt,LOP_10,Lớp 10,thpt,KV_HN_TH,Tây Hồ,Tây Hồ,Hà Nội,trung_binh,web,hoat_dong,2026-04-03,MON_LY,Vật lý,tu_nhien,online,Cải thiện điểm số,250000,2,dang_tim_gia_su,2026-03-16
HS_WB_0042,Vũ Hải Đạt,THPT_KL,THPT Kim Liên,thpt,LOP_06,Lớp 6,thcs,KV_HN_NTL,Nam Từ Liêm,Nam Từ Liêm,Hà Nội,yeu,web,hoat_dong,2026-04-03,MON_VAN,Ngữ văn,xa_hoi,online,Cải thiện điểm số,250000,3,dang_tim_gia_su,2026-03-16
HS_WB_0043,Vũ Đức Đức,THPT_NVT,THPT Nguyễn Văn Trỗi,thpt,LOP_12,Lớp 12,thpt,KV_HN_NTL,Nam Từ Liêm,Nam Từ Liêm,Hà Nội,gioi,web,hoat_dong,2026-04-03,MON_TOAN,Toán,tu_nhien,truc_tiep,Cải thiện điểm số,200000,2,dang_tim_gia_su,2026-03-16
HS_WB_0044,Lý Thanh Nhung,THPT_ST,THPT Sơn Tây,thpt,LOP_10,Lớp 10,thpt,KV_DN_TK,Thanh Khê,Thanh Khê,Đà Nẵng,yeu,web,hoat_dong,2026-04-03,MON_TOAN,Toán,tu_nhien,truc_tiep,Cải thiện điểm số,250000,4,dang_tim_gia_su,2026-03-14
HS_WB_0045,Vũ Ngọc Mai,THPT_TL,THPT Thăng Long,thpt,LOP_10,Lớp 10,thpt,KV_HCM_Q3,Quận 3,Quận 3,Hồ Chí Minh,kha,web,hoat_dong,2026-04-03,MON_LY,Vật lý,tu_nhien,online,Cải thiện điểm số,250000,4,dang_tim_gia_su,2026-03-25
HS_WB_0046,Đỗ Quang Đức,THPT_TPh,THPT Thái Phiên,thpt,LOP_09,Lớp 9,thcs,KV_HCM_Q3,Quận 3,Quận 3,Hồ Chí Minh,xuat_sac,web,hoat_dong,2026-04-03,MON_ANH,Tiếng Anh,ngoai_ngu,truc_tiep,Cải thiện điểm số,250000,2,dang_tim_gia_su,2026-04-01
HS_WB_0047,Vũ Hải Khoa,THPT_TD,THPT Thủ Đức,thpt,LOP_12,Lớp 12,thpt,KV_HCM_Q3,Quận 3,Quận 3,Hồ Chí Minh,yeu,web,hoat_dong,2026-04-03,MON_ANH,Tiếng Anh,ngoai_ngu,truc_tiep,Cải thiện điểm số,150000,3,dang_tim_gia_su,2026-03-04
HS_WB_0048,Bùi Đình Kiệt,THPT_DA,THPT Đông Anh,thpt,LOP_09,Lớp 9,thcs,KV_HCM_Q5,Quận 5,Quận 5,Hồ Chí Minh,yeu,web,hoat_dong,2026-04-03,MON_ANH,Tiếng Anh,ngoai_ngu,online,Cải thiện điểm số,150000,4,dang_tim_gia_su,2026-03-24
HS_WB_0049,Trần Hồng Linh,THPT_NH,THPT Nguyễn Hiền,thpt,LOP_09,Lớp 9,thcs,KV_DN_CL,Cẩm Lệ,Cẩm Lệ,Đà Nẵng,gioi,web,hoat_dong,2026-04-03,MON_VAN,Ngữ văn,xa_hoi,online,Cải thiện điểm số,250000,2,dang_tim_gia_su,2026-03-26
HS_WB_0050,Nguyễn Thanh Linh,THPT_PN,THPT Phú Nhuận,thpt,LOP_09,Lớp 9,thcs,KV_HCM_Q8,Quận 8,Quận 8,Hồ Chí Minh,gioi,web,hoat_dong,2026-04-03,MON_TOAN,Toán,tu_nhien,online,Cải thiện điểm số,150000,4,dang_tim_gia_su,2026-03-26
HS_WB_0051,Vũ Thị Thu,THPT_TPh,THPT Thái Phiên,thpt,LOP_10,Lớp 10,thpt,KV_DN_NHS,Ngũ Hành Sơn,Ngũ Hành Sơn,Đà Nẵng,gioi,web,hoat_dong,2026-04-03,MON_VAN,Ngữ văn,xa_hoi,truc_tiep,Cải thiện điểm số,200000,3,dang_tim_gia_su,2026-03-11
HS_WB_0052,Phạm Thanh Trang,THPT_GD,THPT Gia Định,thpt,LOP_06,Lớp 6,thcs,KV_DN_TK,Thanh Khê,Thanh Khê,Đà Nẵng,trung_binh,web,hoat_dong,2026-04-03,MON_VAN,Ngữ văn,xa_hoi,online,Cải thiện điểm số,200000,3,dang_tim_gia_su,2026-04-03
HS_WB_0053,Hoàng Xuân Nhung,THPT_MC,THPT Marie Curie,thpt,LOP_10,Lớp 10,thpt,KV_HN_HM,Hoàng Mai,Hoàng Mai,Hà Nội,trung_binh,web,hoat_dong,2026-04-03,MON_ANH,Tiếng Anh,ngoai_ngu,online,Cải thiện điểm số,150000,3,dang_tim_gia_su,2026-03-21
HS_WB_0054,Phạm Xuân Linh,THPT_KL,THPT Kim Liên,thpt,LOP_12,Lớp 12,thpt,KV_HN_NTL,Nam Từ Liêm,Nam Từ Liêm,Hà Nội,kha,web,hoat_dong,2026-04-03,MON_LY,Vật lý,tu_nhien,ca_hai,Cải thiện điểm số,250000,3,dang_tim_gia_su,2026-03-13
HS_WB_0055,Bùi Hoàng Thu,THPT_NMK,THPT Nguyễn Thị Minh Khai,thpt,LOP_06,Lớp 6,thcs,KV_DN_LC,Liên Chiểu,Liên Chiểu,Đà Nẵng,yeu,web,hoat_dong,2026-04-03,MON_ANH,Tiếng Anh,ngoai_ngu,truc_tiep,Cải thiện điểm số,250000,4,dang_tim_gia_su,2026-03-23
HS_WB_0056,Nguyễn Đức Tuấn,THPT_KL,THPT Kim Liên,thpt,LOP_12,Lớp 12,thpt,KV_HN_BD,Ba Đình,Ba Đình,Hà Nội,gioi,web,hoat_dong,2026-04-03,MON_ANH,Tiếng Anh,ngoai_ngu,ca_hai,Cải thiện điểm số,200000,3,dang_tim_gia_su,2026-03-08
HS_WB_0057,Đỗ Ngọc An,THPT_CVA,THPT Chu Văn An,thpt,LOP_09,Lớp 9,thcs,KV_HCM_Q8,Quận 8,Quận 8,Hồ Chí Minh,yeu,web,hoat_dong,2026-04-03,MON_ANH,Tiếng Anh,ngoai_ngu,truc_tiep,Cải thiện điểm số,150000,4,dang_tim_gia_su,2026-03-29
HS_WB_0058,Đỗ Hải Kiệt,THPT_LHP,THPT Chuyên Lê Hồng Phong,thpt,LOP_06,Lớp 6,thcs,KV_HN_HK,Hoàn Kiếm,Hoàn Kiếm,Hà Nội,xuat_sac,web,hoat_dong,2026-04-03,MON_TOAN,Toán,tu_nhien,ca_hai,Cải thiện điểm số,200000,2,dang_tim_gia_su,2026-03-08
HS_WB_0059,Hoàng Hữu Đức,THPT_NVT,THPT Nguyễn Văn Trỗi,thpt,LOP_12,Lớp 12,thpt,KV_DN_ST,Sơn Trà,Sơn Trà,Đà Nẵng,kha,web,hoat_dong,2026-04-03,MON_ANH,Tiếng Anh,ngoai_ngu,online,Cải thiện điểm số,200000,4,dang_tim_gia_su,2026-03-16
HS_WB_0060,Bùi Thu Thu,THPT_TPh,THPT Thái Phiên,thpt,LOP_09,Lớp 9,thcs,KV_HN_NTL,Nam Từ Liêm,Nam Từ Liêm,Hà Nội,kha,web,hoat_dong,2026-04-03,MON_TOAN,Toán,tu_nhien,truc_tiep,Cải thiện điểm số,250000,2,dang_tim_gia_su,2026-03-10
HS_WB_0061,Phạm Thu Trang,THPT_LQD_HCM,THPT Lê Quý Đôn,thpt,LOP_06,Lớp 6,thcs,KV_HCM_Q8,Quận 8,Quận 8,Hồ Chí Minh,kha,web,hoat_dong,2026-04-03,MON_ANH,Tiếng Anh,ngoai_ngu,online,Cải thiện điểm số,250000,2,dang_tim_gia_su,2026-03-12
HS_WB_0062,Phạm Hữu Hùng,THPT_TPh,THPT Thái Phiên,thpt,LOP_12,Lớp 12,thpt,KV_HCM_TP,Tân Phú,Tân Phú,Hồ Chí Minh,trung_binh,web,hoat_dong,2026-04-03,MON_TOAN,Toán,tu_nhien,truc_tiep,Cải thiện điểm số,250000,4,dang_tim_gia_su,2026-03-12
HS_WB_0063,Đỗ Minh Nam,THPT_PDP,THPT Phan Đình Phùng,thpt,LOP_06,Lớp 6,thcs,KV_HCM_Q3,Quận 3,Quận 3,Hồ Chí Minh,kha,web,hoat_dong,2026-04-03,MON_VAN,Ngữ văn,xa_hoi,ca_hai,Cải thiện điểm số,200000,2,dang_tim_gia_su,2026-04-02
HS_WB_0064,Vũ Thái Nam,THPT_VD,THPT Việt Đức,thpt,LOP_12,Lớp 12,thpt,KV_DN_LC,Liên Chiểu,Liên Chiểu,Đà Nẵng,yeu,web,hoat_dong,2026-04-03,MON_ANH,Tiếng Anh,ngoai_ngu,online,Cải thiện điểm số,200000,4,dang_tim_gia_su,2026-03-21
HS_WB_0065,Đỗ Thị Thảo,THPT_NT_HCM,THPT Nguyễn Trãi,thpt,LOP_06,Lớp 6,thcs,KV_HN_TX,Thanh Xuân,Thanh Xuân,Hà Nội,gioi,web,hoat_dong,2026-04-03,MON_ANH,Tiếng Anh,ngoai_ngu,ca_hai,Cải thiện điểm số,150000,4,dang_tim_gia_su,2026-04-03
HS_WB_0066,Trần Hữu Tuấn,THPT_MQ,THPT Mạc Đĩnh Chi,thpt,LOP_12,Lớp 12,thpt,KV_HN_BTL,Bắc Từ Liêm,Bắc Từ Liêm,Hà Nội,gioi,web,hoat_dong,2026-04-03,MON_ANH,Tiếng Anh,ngoai_ngu,online,Cải thiện điểm số,200000,3,dang_tim_gia_su,2026-03-05
HS_WB_0067,Lý Ngọc Trang,THPT_DD,THPT Đống Đa,thpt,LOP_09,Lớp 9,thcs,KV_DN_NHS,Ngũ Hành Sơn,Ngũ Hành Sơn,Đà Nẵng,xuat_sac,web,hoat_dong,2026-04-03,MON_LY,Vật lý,tu_nhien,online,Cải thiện điểm số,150000,4,dang_tim_gia_su,2026-03-10
HS_WB_0068,Trần Thanh Trang,THPT_TD,THPT Thủ Đức,thpt,LOP_10,Lớp 10,thpt,KV_HN_HBT,Hai Bà Trưng,Hai Bà Trưng,Hà Nội,xuat_sac,web,hoat_dong,2026-04-03,MON_LY,Vật lý,tu_nhien,ca_hai,Cải thiện điểm số,200000,4,dang_tim_gia_su,2026-03-12
HS_WB_0069,Hoàng Minh Khoa,THPT_DD,THPT Đống Đa,thpt,LOP_12,Lớp 12,thpt,KV_HCM_TB,Tân Bình,Tân Bình,Hồ Chí Minh,xuat_sac,web,hoat_dong,2026-04-03,MON_ANH,Tiếng Anh,ngoai_ngu,truc_tiep,Cải thiện điểm số,200000,4,dang_tim_gia_su,2026-03-09
HS_WB_0070,Lý Hải Huy,THPT_KL,THPT Kim Liên,thpt,LOP_10,Lớp 10,thpt,KV_HN_TH,Tây Hồ,Tây Hồ,Hà Nội,yeu,web,hoat_dong,2026-04-03,MON_VAN,Ngữ văn,xa_hoi,online,Cải thiện điểm số,200000,2,dang_tim_gia_su,2026-03-15
HS_WB_0071,Bùi Văn Huy,THPT_YH,THPT Yên Hòa,thpt,LOP_12,Lớp 12,thpt,KV_HN_TH,Tây Hồ,Tây Hồ,Hà Nội,yeu,web,hoat_dong,2026-04-03,MON_LY,Vật lý,tu_nhien,truc_tiep,Cải thiện điểm số,250000,3,dang_tim_gia_su,2026-03-26
HS_WB_0072,Vũ Hải Cường,THPT_TPh,THPT Thái Phiên,thpt,LOP_09,Lớp 9,thcs,KV_HN_TH,Tây Hồ,Tây Hồ,Hà Nội,gioi,web,hoat_dong,2026-04-03,MON_LY,Vật lý,tu_nhien,ca_hai,Cải thiện điểm số,200000,4,dang_tim_gia_su,2026-04-02
HS_WB_0073,Ngô Hữu Đức,THPT_LHP,THPT Chuyên Lê Hồng Phong,thpt,LOP_12,Lớp 12,thpt,KV_HCM_Q8,Quận 8,Quận 8,Hồ Chí Minh,gioi,web,hoat_dong,2026-04-03,MON_LY,Vật lý,tu_nhien,ca_hai,Cải thiện điểm số,150000,3,dang_tim_gia_su,2026-03-16
HS_WB_0074,Dương Xuân Linh,THPT_TPh,THPT Thái Phiên,thpt,LOP_09,Lớp 9,thcs,KV_HCM_Q3,Quận 3,Quận 3,Hồ Chí Minh,kha,web,hoat_dong,2026-04-03,MON_TOAN,Toán,tu_nhien,truc_tiep,Cải thiện điểm số,150000,2,dang_tim_gia_su,2026-03-04
HS_WB_0075,Phạm Xuân Nhung,THPT_NH,THPT Nguyễn Hiền,thpt,LOP_06,Lớp 6,thcs,KV_DN_HC,Hải Châu,Hải Châu,Đà Nẵng,xuat_sac,web,hoat_dong,2026-04-03,MON_VAN,Ngữ văn,xa_hoi,ca_hai,Cải thiện điểm số,200000,2,dang_tim_gia_su,2026-03-28
HS_WB_0076,Phạm Đình Cường,THPT_TL,THPT Thăng Long,thpt,LOP_12,Lớp 12,thpt,KV_HCM_Q4,Quận 4,Quận 4,Hồ Chí Minh,trung_binh,web,hoat_dong,2026-04-03,MON_TOAN,Toán,tu_nhien,online,Cải thiện điểm số,200000,3,dang_tim_gia_su,2026-03-11
HS_WB_0077,Vũ Bảo Châu,THPT_PCT,THPT Chuyên Phan Châu Trinh,thpt,LOP_12,Lớp 12,thpt,KV_HCM_BT,Bình Thạnh,Bình Thạnh,Hồ Chí Minh,yeu,web,hoat_dong,2026-04-03,MON_LY,Vật lý,tu_nhien,truc_tiep,Cải thiện điểm số,250000,4,dang_tim_gia_su,2026-03-17
HS_WB_0078,Hoàng Mai Mai,THPT_LQD_DN,THPT Chuyên Lê Quý Đôn,thpt,LOP_10,Lớp 10,thpt,KV_HCM_TD,Thủ Đức,Thủ Đức,Hồ Chí Minh,kha,web,hoat_dong,2026-04-03,MON_TOAN,Toán,tu_nhien,ca_hai,Cải thiện điểm số,250000,3,dang_tim_gia_su,2026-03-25
HS_WB_0079,Đỗ Thanh Hân,THPT_PDP,THPT Phan Đình Phùng,thpt,LOP_06,Lớp 6,thcs,KV_HCM_Q5,Quận 5,Quận 5,Hồ Chí Minh,xuat_sac,web,hoat_dong,2026-04-03,MON_ANH,Tiếng Anh,ngoai_ngu,truc_tiep,Cải thiện điểm số,200000,4,dang_tim_gia_su,2026-03-10
HS_WB_0080,Hoàng Thái Huy,THPT_YH,THPT Yên Hòa,thpt,LOP_10,Lớp 10,thpt,KV_HCM_TP,Tân Phú,Tân Phú,Hồ Chí Minh,gioi,web,hoat_dong,2026-04-03,MON_LY,Vật lý,tu_nhien,truc_tiep,Cải thiện điểm số,150000,4,dang_tim_gia_su,2026-03-30
HS_WB_0081,Đặng Mai Mai,THPT_CVD,THPT Cẩm Lệ,thpt,LOP_06,Lớp 6,thcs,KV_HN_LB,Long Biên,Long Biên,Hà Nội,xuat_sac,web,hoat_dong,2026-04-03,MON_VAN,Ngữ văn,xa_hoi,online,Cải thiện điểm số,200000,2,dang_tim_gia_su,2026-03-31
HS_WB_0082,Trần Hoàng Mai,THPT_MC,THPT Marie Curie,thpt,LOP_10,Lớp 10,thpt,KV_DN_NHS,Ngũ Hành Sơn,Ngũ Hành Sơn,Đà Nẵng,gioi,web,hoat_dong,2026-04-03,MON_VAN,Ngữ văn,xa_hoi,online,Cải thiện điểm số,200000,4,dang_tim_gia_su,2026-03-15
HS_WB_0083,Hoàng Minh Nam,THPT_NTH_HCM,THPT Nguyễn Thượng Hiền,thpt,LOP_09,Lớp 9,thcs,KV_DN_HC,Hải Châu,Hải Châu,Đà Nẵng,gioi,web,hoat_dong,2026-04-03,MON_TOAN,Toán,tu_nhien,truc_tiep,Cải thiện điểm số,200000,4,dang_tim_gia_su,2026-04-02
HS_WB_0084,Bùi Mai Linh,THPT_LHP,THPT Chuyên Lê Hồng Phong,thpt,LOP_06,Lớp 6,thcs,KV_HN_HM,Hoàng Mai,Hoàng Mai,Hà Nội,gioi,web,hoat_dong,2026-04-03,MON_LY,Vật lý,tu_nhien,online,Cải thiện điểm số,200000,4,dang_tim_gia_su,2026-03-18
HS_WB_0085,Dương Hoàng Linh,THPT_KL,THPT Kim Liên,thpt,LOP_10,Lớp 10,thpt,KV_HCM_TB,Tân Bình,Tân Bình,Hồ Chí Minh,xuat_sac,web,hoat_dong,2026-04-03,MON_VAN,Ngữ văn,xa_hoi,truc_tiep,Cải thiện điểm số,250000,4,dang_tim_gia_su,2026-03-10
HS_WB_0086,Ngô Hoàng Trang,THPT_PN,THPT Phú Nhuận,thpt,LOP_12,Lớp 12,thpt,KV_HN_TX,Thanh Xuân,Thanh Xuân,Hà Nội,gioi,web,hoat_dong,2026-04-03,MON_ANH,Tiếng Anh,ngoai_ngu,truc_tiep,Cải thiện điểm số,250000,2,dang_tim_gia_su,2026-03-29
HS_WB_0087,Trần Quang Kiệt,THPT_MQ,THPT Mạc Đĩnh Chi,thpt,LOP_09,Lớp 9,thcs,KV_HN_NTL,Nam Từ Liêm,Nam Từ Liêm,Hà Nội,trung_binh,web,hoat_dong,2026-04-03,MON_VAN,Ngữ văn,xa_hoi,online,Cải thiện điểm số,250000,3,dang_tim_gia_su,2026-03-31
HS_WB_0088,Lê Quang Cường,THPT_MQ,THPT Mạc Đĩnh Chi,thpt,LOP_12,Lớp 12,thpt,KV_HCM_TP,Tân Phú,Tân Phú,Hồ Chí Minh,kha,web,hoat_dong,2026-04-03,MON_VAN,Ngữ văn,xa_hoi,ca_hai,Cải thiện điểm số,150000,4,dang_tim_gia_su,2026-03-30
HS_WB_0089,Lê Thị Hân,THPT_TP_DN,THPT Trần Phú,thpt,LOP_10,Lớp 10,thpt,KV_HCM_TD,Thủ Đức,Thủ Đức,Hồ Chí Minh,yeu,web,hoat_dong,2026-04-03,MON_ANH,Tiếng Anh,ngoai_ngu,truc_tiep,Cải thiện điểm số,150000,2,dang_tim_gia_su,2026-03-08
HS_WB_0090,Dương Bảo Châu,THPT_MQ,THPT Mạc Đĩnh Chi,thpt,LOP_06,Lớp 6,thcs,KV_DN_TK,Thanh Khê,Thanh Khê,Đà Nẵng,kha,web,hoat_dong,2026-04-03,MON_TOAN,Toán,tu_nhien,truc_tiep,Cải thiện điểm số,150000,2,dang_tim_gia_su,2026-03-31
HS_WB_0091,Hoàng Hoàng Hân,THPT_NT_HCM,THPT Nguyễn Trãi,thpt,LOP_09,Lớp 9,thcs,KV_DN_NHS,Ngũ Hành Sơn,Ngũ Hành Sơn,Đà Nẵng,kha,web,hoat_dong,2026-04-03,MON_ANH,Tiếng Anh,ngoai_ngu,ca_hai,Cải thiện điểm số,150000,4,dang_tim_gia_su,2026-03-07
HS_WB_0092,Đặng Thu Châu,THPT_TTT,THPT Tôn Thất Tùng,thpt,LOP_09,Lớp 9,thcs,KV_HCM_Q7,Quận 7,Quận 7,Hồ Chí Minh,gioi,web,hoat_dong,2026-04-03,MON_ANH,Tiếng Anh,ngoai_ngu,truc_tiep,Cải thiện điểm số,200000,4,dang_tim_gia_su,2026-03-27
HS_WB_0093,Bùi Bảo Trang,THPT_MQ,THPT Mạc Đĩnh Chi,thpt,LOP_09,Lớp 9,thcs,KV_HCM_Q7,Quận 7,Quận 7,Hồ Chí Minh,gioi,web,hoat_dong,2026-04-03,MON_LY,Vật lý,tu_nhien,truc_tiep,Cải thiện điểm số,250000,2,dang_tim_gia_su,2026-03-17
HS_WB_0094,Nguyễn Thị Châu,THPT_DA,THPT Đông Anh,thpt,LOP_06,Lớp 6,thcs,KV_DN_CL,Cẩm Lệ,Cẩm Lệ,Đà Nẵng,yeu,web,hoat_dong,2026-04-03,MON_ANH,Tiếng Anh,ngoai_ngu,truc_tiep,Cải thiện điểm số,150000,4,dang_tim_gia_su,2026-03-10
HS_WB_0095,Đặng Mai Trang,THPT_NT_HCM,THPT Nguyễn Trãi,thpt,LOP_12,Lớp 12,thpt,KV_DN_TK,Thanh Khê,Thanh Khê,Đà Nẵng,xuat_sac,web,hoat_dong,2026-04-03,MON_LY,Vật lý,tu_nhien,ca_hai,Cải thiện điểm số,150000,2,dang_tim_gia_su,2026-03-06
HS_WB_0096,Hoàng Đình Tuấn,THPT_ND,THPT Nguyễn Du,thpt,LOP_10,Lớp 10,thpt,KV_HCM_Q4,Quận 4,Quận 4,Hồ Chí Minh,gioi,web,hoat_dong,2026-04-03,MON_TOAN,Toán,tu_nhien,online,Cải thiện điểm số,200000,3,dang_tim_gia_su,2026-03-04
HS_WB_0097,Đặng Hoàng Nhung,THPT_NMK,THPT Nguyễn Thị Minh Khai,thpt,LOP_12,Lớp 12,thpt,KV_HN_CG,Cầu Giấy,Cầu Giấy,Hà Nội,xuat_sac,web,hoat_dong,2026-04-03,MON_LY,Vật lý,tu_nhien,online,Cải thiện điểm số,250000,3,dang_tim_gia_su,2026-03-30
HS_WB_0098,Hoàng Quang Đạt,THPT_TD,THPT Thủ Đức,thpt,LOP_10,Lớp 10,thpt,KV_DN_LC,Liên Chiểu,Liên Chiểu,Đà Nẵng,yeu,web,hoat_dong,2026-04-03,MON_ANH,Tiếng Anh,ngoai_ngu,truc_tiep,Cải thiện điểm số,150000,4,dang_tim_gia_su,2026-03-10
HS_WB_0099,Dương Bảo Linh,THPT_LQD_DN,THPT Chuyên Lê Quý Đôn,thpt,LOP_12,Lớp 12,thpt,KV_HN_HM,Hoàng Mai,Hoàng Mai,Hà Nội,yeu,web,hoat_dong,2026-04-03,MON_ANH,Tiếng Anh,ngoai_ngu,online,Cải thiện điểm số,250000,3,dang_tim_gia_su,2026-03-06
HS_WB_0100,Dương Thị Nhung,THPT_LQD_HCM,THPT Lê Quý Đôn,thpt,LOP_06,Lớp 6,thcs,KV_HCM_TP,Tân Phú,Tân Phú,Hồ Chí Minh,trung_binh,web,hoat_dong,2026-04-03,MON_TOAN,Toán,tu_nhien,truc_tiep,Cải thiện điểm số,150000,4,dang_tim_gia_su,2026-03-09
HS_WB_0101,Trần Mai Trang,THPT_NH,THPT Nguyễn Hiền,thpt,LOP_09,Lớp 9,thcs,KV_HCM_TB,Tân Bình,Tân Bình,Hồ Chí Minh,gioi,web,hoat_dong,2026-04-03,MON_VAN,Ngữ văn,xa_hoi,online,Cải thiện điểm số,150000,2,dang_tim_gia_su,2026-03-30
HS_WB_0102,Ngô Hữu Phú,THPT_NTH_HCM,THPT Nguyễn Thượng Hiền,thpt,LOP_10,Lớp 10,thpt,KV_HCM_PN,Phú Nhuận,Phú Nhuận,Hồ Chí Minh,yeu,web,hoat_dong,2026-04-03,MON_VAN,Ngữ văn,xa_hoi,online,Cải thiện điểm số,250000,3,dang_tim_gia_su,2026-03-30
HS_WB_0103,Đỗ Quang Huy,THPT_TDN,THPT Chuyên Trần Đại Nghĩa,thpt,LOP_09,Lớp 9,thcs,KV_HCM_Q4,Quận 4,Quận 4,Hồ Chí Minh,xuat_sac,web,hoat_dong,2026-04-03,MON_LY,Vật lý,tu_nhien,ca_hai,Cải thiện điểm số,200000,4,dang_tim_gia_su,2026-03-28
HS_WB_0104,Hoàng Văn Kiệt,THPT_YH,THPT Yên Hòa,thpt,LOP_09,Lớp 9,thcs,KV_HCM_TP,Tân Phú,Tân Phú,Hồ Chí Minh,yeu,web,hoat_dong,2026-04-03,MON_VAN,Ngữ văn,xa_hoi,online,Cải thiện điểm số,250000,4,dang_tim_gia_su,2026-03-20
HS_WB_0105,Ngô Đình Nam,THPT_BTX,THPT Bùi Thị Xuân,thpt,LOP_06,Lớp 6,thcs,KV_HCM_BT,Bình Thạnh,Bình Thạnh,Hồ Chí Minh,gioi,web,hoat_dong,2026-04-03,MON_LY,Vật lý,tu_nhien,online,Cải thiện điểm số,150000,4,dang_tim_gia_su,2026-03-10
HS_WB_0106,Bùi Ngọc Châu,THPT_DA,THPT Đông Anh,thpt,LOP_12,Lớp 12,thpt,KV_HCM_Q3,Quận 3,Quận 3,Hồ Chí Minh,yeu,web,hoat_dong,2026-04-03,MON_VAN,Ngữ văn,xa_hoi,truc_tiep,Cải thiện điểm số,150000,3,dang_tim_gia_su,2026-04-02
HS_WB_0107,Ngô Hồng Mai,THPT_YH,THPT Yên Hòa,thpt,LOP_09,Lớp 9,thcs,KV_HN_TH,Tây Hồ,Tây Hồ,Hà Nội,kha,web,hoat_dong,2026-04-03,MON_TOAN,Toán,tu_nhien,online,Cải thiện điểm số,150000,3,dang_tim_gia_su,2026-03-29
HS_WB_0108,Phạm Đức Nam,THPT_LQD_DN,THPT Chuyên Lê Quý Đôn,thpt,LOP_12,Lớp 12,thpt,KV_HN_BTL,Bắc Từ Liêm,Bắc Từ Liêm,Hà Nội,yeu,web,hoat_dong,2026-04-03,MON_VAN,Ngữ văn,xa_hoi,truc_tiep,Cải thiện điểm số,150000,2,dang_tim_gia_su,2026-03-05
HS_WB_0109,Lê Hải Đạt,THPT_LQD_DN,THPT Chuyên Lê Quý Đôn,thpt,LOP_10,Lớp 10,thpt,KV_HN_HBT,Hai Bà Trưng,Hai Bà Trưng,Hà Nội,kha,web,hoat_dong,2026-04-03,MON_TOAN,Toán,tu_nhien,ca_hai,Cải thiện điểm số,150000,2,dang_tim_gia_su,2026-03-14
HS_WB_0110,Hoàng Đức Đạt,THPT_KL,THPT Kim Liên,thpt,LOP_06,Lớp 6,thcs,KV_HCM_TB,Tân Bình,Tân Bình,Hồ Chí Minh,yeu,web,hoat_dong,2026-04-03,MON_LY,Vật lý,tu_nhien,truc_tiep,Cải thiện điểm số,150000,4,dang_tim_gia_su,2026-04-03
HS_WB_0111,Hoàng Trọng Huy,THPT_VTS,THPT Võ Thị Sáu,thpt,LOP_09,Lớp 9,thcs,KV_DN_ST,Sơn Trà,Sơn Trà,Đà Nẵng,gioi,web,hoat_dong,2026-04-03,MON_VAN,Ngữ văn,xa_hoi,truc_tiep,Cải thiện điểm số,250000,4,dang_tim_gia_su,2026-03-31
HS_WB_0112,Hoàng Minh Cường,THPT_DD,THPT Đống Đa,thpt,LOP_10,Lớp 10,thpt,KV_DN_CL,Cẩm Lệ,Cẩm Lệ,Đà Nẵng,gioi,web,hoat_dong,2026-04-03,MON_VAN,Ngữ văn,xa_hoi,ca_hai,Cải thiện điểm số,200000,4,dang_tim_gia_su,2026-03-08
HS_WB_0113,Dương Minh Đạt,THPT_YH,THPT Yên Hòa,thpt,LOP_12,Lớp 12,thpt,KV_HCM_TD,Thủ Đức,Thủ Đức,Hồ Chí Minh,yeu,web,hoat_dong,2026-04-03,MON_VAN,Ngữ văn,xa_hoi,truc_tiep,Cải thiện điểm số,200000,4,dang_tim_gia_su,2026-03-24
HS_WB_0114,Lê Thu An,THPT_CVD,THPT Cẩm Lệ,thpt,LOP_06,Lớp 6,thcs,KV_HCM_Q10,Quận 10,Quận 10,Hồ Chí Minh,trung_binh,web,hoat_dong,2026-04-03,MON_LY,Vật lý,tu_nhien,online,Cải thiện điểm số,250000,2,dang_tim_gia_su,2026-03-30
HS_WB_0115,Vũ Đức Nam,THPT_CG,THPT Cầu Giấy,thpt,LOP_06,Lớp 6,thcs,KV_HN_HBT,Hai Bà Trưng,Hai Bà Trưng,Hà Nội,trung_binh,web,hoat_dong,2026-04-03,MON_ANH,Tiếng Anh,ngoai_ngu,online,Cải thiện điểm số,250000,3,dang_tim_gia_su,2026-03-06
HS_WB_0116,Ngô Đình Đức,THPT_CG,THPT Cầu Giấy,thpt,LOP_06,Lớp 6,thcs,KV_HN_BD,Ba Đình,Ba Đình,Hà Nội,kha,web,hoat_dong,2026-04-03,MON_LY,Vật lý,tu_nhien,online,Cải thiện điểm số,250000,4,dang_tim_gia_su,2026-03-04
HS_WB_0117,Nguyễn Đình Đạt,THPT_LHP,THPT Chuyên Lê Hồng Phong,thpt,LOP_10,Lớp 10,thpt,KV_HCM_BT,Bình Thạnh,Bình Thạnh,Hồ Chí Minh,trung_binh,web,hoat_dong,2026-04-03,MON_TOAN,Toán,tu_nhien,ca_hai,Cải thiện điểm số,250000,4,dang_tim_gia_su,2026-03-28
HS_WB_0118,Phạm Xuân Thu,THPT_CVD,THPT Cẩm Lệ,thpt,LOP_10,Lớp 10,thpt,KV_HCM_Q8,Quận 8,Quận 8,Hồ Chí Minh,kha,web,hoat_dong,2026-04-03,MON_LY,Vật lý,tu_nhien,online,Cải thiện điểm số,200000,4,dang_tim_gia_su,2026-03-27
HS_WB_0119,Nguyễn Xuân Hân,THPT_TD,THPT Thủ Đức,thpt,LOP_10,Lớp 10,thpt,KV_DN_ST,Sơn Trà,Sơn Trà,Đà Nẵng,yeu,web,hoat_dong,2026-04-03,MON_VAN,Ngữ văn,xa_hoi,ca_hai,Cải thiện điểm số,250000,2,dang_tim_gia_su,2026-03-19
HS_WB_0120,Dương Quang Nam,THPT_NMK,THPT Nguyễn Thị Minh Khai,thpt,LOP_10,Lớp 10,thpt,KV_HCM_BT,Bình Thạnh,Bình Thạnh,Hồ Chí Minh,kha,web,hoat_dong,2026-04-03,MON_LY,Vật lý,tu_nhien,ca_hai,Cải thiện điểm số,250000,4,dang_tim_gia_su,2026-03-16
HS_WB_0121,Bùi Đức Khoa,THPT_LQD_DN,THPT Chuyên Lê Quý Đôn,thpt,LOP_06,Lớp 6,thcs,KV_HCM_TP,Tân Phú,Tân Phú,Hồ Chí Minh,trung_binh,web,hoat_dong,2026-04-03,MON_ANH,Tiếng Anh,ngoai_ngu,truc_tiep,Cải thiện điểm số,250000,2,dang_tim_gia_su,2026-03-28
HS_WB_0122,Ngô Quang Phú,THPT_GD,THPT Gia Định,thpt,LOP_12,Lớp 12,thpt,KV_HCM_Q7,Quận 7,Quận 7,Hồ Chí Minh,kha,web,hoat_dong,2026-04-03,MON_LY,Vật lý,tu_nhien,online,Cải thiện điểm số,150000,3,dang_tim_gia_su,2026-03-27
HS_WB_0123,Đỗ Quang Đạt,THPT_VD,THPT Việt Đức,thpt,LOP_12,Lớp 12,thpt,KV_HCM_Q7,Quận 7,Quận 7,Hồ Chí Minh,trung_binh,web,hoat_dong,2026-04-03,MON_LY,Vật lý,tu_nhien,truc_tiep,Cải thiện điểm số,250000,4,dang_tim_gia_su,2026-03-06
HS_WB_0124,Ngô Đức Đức,THPT_CG,THPT Cầu Giấy,thpt,LOP_12,Lớp 12,thpt,KV_HN_HM,Hoàng Mai,Hoàng Mai,Hà Nội,gioi,web,hoat_dong,2026-04-03,MON_VAN,Ngữ văn,xa_hoi,online,Cải thiện điểm số,150000,4,dang_tim_gia_su,2026-03-14
HS_WB_0125,Đặng Đình Kiệt,THPT_NT_HCM,THPT Nguyễn Trãi,thpt,LOP_12,Lớp 12,thpt,KV_HCM_BT,Bình Thạnh,Bình Thạnh,Hồ Chí Minh,yeu,web,hoat_dong,2026-04-03,MON_LY,Vật lý,tu_nhien,truc_tiep,Cải thiện điểm số,150000,3,dang_tim_gia_su,2026-03-21
HS_WB_0126,Phạm Mai Vy,THPT_CBQ,THPT Cao Bá Quát,thpt,LOP_06,Lớp 6,thcs,KV_DN_ST,Sơn Trà,Sơn Trà,Đà Nẵng,xuat_sac,web,hoat_dong,2026-04-03,MON_VAN,Ngữ văn,xa_hoi,truc_tiep,Cải thiện điểm số,150000,2,dang_tim_gia_su,2026-03-17
HS_WB_0127,Ngô Hữu Hùng,THPT_NT_HCM,THPT Nguyễn Trãi,thpt,LOP_06,Lớp 6,thcs,KV_DN_ST,Sơn Trà,Sơn Trà,Đà Nẵng,gioi,web,hoat_dong,2026-04-03,MON_LY,Vật lý,tu_nhien,truc_tiep,Cải thiện điểm số,250000,2,dang_tim_gia_su,2026-04-01
HS_WB_0128,Đỗ Trọng Kiệt,THPT_DA,THPT Đông Anh,thpt,LOP_09,Lớp 9,thcs,KV_HCM_TP,Tân Phú,Tân Phú,Hồ Chí Minh,xuat_sac,web,hoat_dong,2026-04-03,MON_VAN,Ngữ văn,xa_hoi,truc_tiep,Cải thiện điểm số,200000,2,dang_tim_gia_su,2026-03-30
HS_WB_0129,Phạm Đình Cường,THPT_PN,THPT Phú Nhuận,thpt,LOP_06,Lớp 6,thcs,KV_DN_TK,Thanh Khê,Thanh Khê,Đà Nẵng,kha,web,hoat_dong,2026-04-03,MON_TOAN,Toán,tu_nhien,online,Cải thiện điểm số,250000,3,dang_tim_gia_su,2026-03-17
HS_WB_0130,Nguyễn Minh Nam,THPT_OIK,THPT Ông Ích Khiêm,thpt,LOP_06,Lớp 6,thcs,KV_DN_CL,Cẩm Lệ,Cẩm Lệ,Đà Nẵng,yeu,web,hoat_dong,2026-04-03,MON_TOAN,Toán,tu_nhien,online,Cải thiện điểm số,250000,4,dang_tim_gia_su,2026-03-17
HS_WB_0131,Bùi Thanh Vy,THPT_DD,THPT Đống Đa,thpt,LOP_09,Lớp 9,thcs,KV_HCM_Q8,Quận 8,Quận 8,Hồ Chí Minh,gioi,web,hoat_dong,2026-04-03,MON_TOAN,Toán,tu_nhien,online,Cải thiện điểm số,200000,4,dang_tim_gia_su,2026-03-24
HS_WB_0132,Vũ Xuân Nhung,THPT_NVT,THPT Nguyễn Văn Trỗi,thpt,LOP_12,Lớp 12,thpt,KV_DN_ST,Sơn Trà,Sơn Trà,Đà Nẵng,trung_binh,web,hoat_dong,2026-04-03,MON_VAN,Ngữ văn,xa_hoi,truc_tiep,Cải thiện điểm số,150000,4,dang_tim_gia_su,2026-03-13
HS_WB_0133,Trần Hữu Tuấn,THPT_LQD_DN,THPT Chuyên Lê Quý Đôn,thpt,LOP_06,Lớp 6,thcs,KV_HCM_Q7,Quận 7,Quận 7,Hồ Chí Minh,trung_binh,web,hoat_dong,2026-04-03,MON_ANH,Tiếng Anh,ngoai_ngu,truc_tiep,Cải thiện điểm số,200000,4,dang_tim_gia_su,2026-03-06
HS_WB_0134,Phạm Thái Nam,THPT_KL,THPT Kim Liên,thpt,LOP_06,Lớp 6,thcs,KV_HN_HBT,Hai Bà Trưng,Hai Bà Trưng,Hà Nội,kha,web,hoat_dong,2026-04-03,MON_ANH,Tiếng Anh,ngoai_ngu,online,Cải thiện điểm số,150000,2,dang_tim_gia_su,2026-03-19
HS_WB_0135,Vũ Xuân Trang,THPT_ST,THPT Sơn Tây,thpt,LOP_10,Lớp 10,thpt,KV_HN_DD,Đống Đa,Đống Đa,Hà Nội,yeu,web,hoat_dong,2026-04-03,MON_TOAN,Toán,tu_nhien,online,Cải thiện điểm số,200000,3,dang_tim_gia_su,2026-03-05
HS_WB_0136,Ngô Thái Nam,THPT_PDP,THPT Phan Đình Phùng,thpt,LOP_09,Lớp 9,thcs,KV_HN_DD,Đống Đa,Đống Đa,Hà Nội,trung_binh,web,hoat_dong,2026-04-03,MON_VAN,Ngữ văn,xa_hoi,ca_hai,Cải thiện điểm số,150000,3,dang_tim_gia_su,2026-03-16
HS_WB_0137,Lê Hữu Tuấn,THPT_TPh,THPT Thái Phiên,thpt,LOP_06,Lớp 6,thcs,KV_HCM_TB,Tân Bình,Tân Bình,Hồ Chí Minh,yeu,web,hoat_dong,2026-04-03,MON_ANH,Tiếng Anh,ngoai_ngu,online,Cải thiện điểm số,150000,2,dang_tim_gia_su,2026-03-17
HS_WB_0138,Phạm Xuân Mai,THPT_CVA,THPT Chu Văn An,thpt,LOP_09,Lớp 9,thcs,KV_DN_TK,Thanh Khê,Thanh Khê,Đà Nẵng,gioi,web,hoat_dong,2026-04-03,MON_TOAN,Toán,tu_nhien,ca_hai,Cải thiện điểm số,250000,3,dang_tim_gia_su,2026-04-02
HS_WB_0139,Trần Hoàng An,THPT_CVA,THPT Chu Văn An,thpt,LOP_09,Lớp 9,thcs,KV_HN_CG,Cầu Giấy,Cầu Giấy,Hà Nội,trung_binh,web,hoat_dong,2026-04-03,MON_LY,Vật lý,tu_nhien,online,Cải thiện điểm số,150000,3,dang_tim_gia_su,2026-03-07
HS_WB_0140,Phạm Thanh Thảo,THPT_NT_HN,THPT Nguyễn Trãi - Ba Đình,thpt,LOP_06,Lớp 6,thcs,KV_HCM_PN,Phú Nhuận,Phú Nhuận,Hồ Chí Minh,xuat_sac,web,hoat_dong,2026-04-03,MON_TOAN,Toán,tu_nhien,online,Cải thiện điểm số,200000,4,dang_tim_gia_su,2026-04-01
HS_WB_0141,Phạm Minh Huy,THPT_NTH_HCM,THPT Nguyễn Thượng Hiền,thpt,LOP_06,Lớp 6,thcs,KV_HCM_Q1,Quận 1,Quận 1,Hồ Chí Minh,kha,web,hoat_dong,2026-04-03,MON_LY,Vật lý,tu_nhien,online,Cải thiện điểm số,150000,2,dang_tim_gia_su,2026-03-20
HS_WB_0142,Đặng Xuân Linh,THPT_ND,THPT Nguyễn Du,thpt,LOP_09,Lớp 9,thcs,KV_HN_BD,Ba Đình,Ba Đình,Hà Nội,trung_binh,web,hoat_dong,2026-04-03,MON_VAN,Ngữ văn,xa_hoi,online,Cải thiện điểm số,150000,3,dang_tim_gia_su,2026-03-10
HS_WB_0143,Ngô Thái Cường,THPT_PCT,THPT Chuyên Phan Châu Trinh,thpt,LOP_09,Lớp 9,thcs,KV_HN_TH,Tây Hồ,Tây Hồ,Hà Nội,gioi,web,hoat_dong,2026-04-03,MON_LY,Vật lý,tu_nhien,online,Cải thiện điểm số,200000,3,dang_tim_gia_su,2026-03-27
HS_WB_0144,Đặng Thị An,THPT_CVD,THPT Cẩm Lệ,thpt,LOP_06,Lớp 6,thcs,KV_HCM_TB,Tân Bình,Tân Bình,Hồ Chí Minh,trung_binh,web,hoat_dong,2026-04-03,MON_ANH,Tiếng Anh,ngoai_ngu,truc_tiep,Cải thiện điểm số,250000,3,dang_tim_gia_su,2026-03-23
HS_WB_0145,Đặng Thái Khoa,THPT_TP_HN,THPT Trần Phú - Hoàn Kiếm,thpt,LOP_09,Lớp 9,thcs,KV_HN_BTL,Bắc Từ Liêm,Bắc Từ Liêm,Hà Nội,gioi,web,hoat_dong,2026-04-03,MON_ANH,Tiếng Anh,ngoai_ngu,ca_hai,Cải thiện điểm số,150000,2,dang_tim_gia_su,2026-03-15
HS_WB_0146,Lê Bảo Thu,THPT_VTS,THPT Võ Thị Sáu,thpt,LOP_06,Lớp 6,thcs,KV_HCM_Q5,Quận 5,Quận 5,Hồ Chí Minh,kha,web,hoat_dong,2026-04-03,MON_LY,Vật lý,tu_nhien,ca_hai,Cải thiện điểm số,150000,2,dang_tim_gia_su,2026-03-07
HS_WB_0147,Đặng Đình Đạt,THPT_DA,THPT Đông Anh,thpt,LOP_06,Lớp 6,thcs,KV_DN_ST,Sơn Trà,Sơn Trà,Đà Nẵng,trung_binh,web,hoat_dong,2026-04-03,MON_TOAN,Toán,tu_nhien,online,Cải thiện điểm số,250000,4,dang_tim_gia_su,2026-03-12
HS_WB_0148,Lý Trọng Cường,THPT_MQ,THPT Mạc Đĩnh Chi,thpt,LOP_10,Lớp 10,thpt,KV_HCM_Q3,Quận 3,Quận 3,Hồ Chí Minh,trung_binh,web,hoat_dong,2026-04-03,MON_VAN,Ngữ văn,xa_hoi,ca_hai,Cải thiện điểm số,250000,2,dang_tim_gia_su,2026-03-13
HS_WB_0149,Ngô Trọng Tuấn,THPT_DD,THPT Đống Đa,thpt,LOP_10,Lớp 10,thpt,KV_HCM_Q7,Quận 7,Quận 7,Hồ Chí Minh,kha,web,hoat_dong,2026-04-03,MON_ANH,Tiếng Anh,ngoai_ngu,online,Cải thiện điểm số,150000,2,dang_tim_gia_su,2026-03-23
HS_WB_0150,Ngô Xuân Trang,THPT_TPh,THPT Thái Phiên,thpt,LOP_06,Lớp 6,thcs,KV_HCM_TD,Thủ Đức,Thủ Đức,Hồ Chí Minh,yeu,web,hoat_dong,2026-04-03,MON_TOAN,Toán,tu_nhien,truc_tiep,Cải thiện điểm số,250000,3,dang_tim_gia_su,2026-03-27
HS_WB_0151,Ngô Mai Linh,THPT_PN,THPT Phú Nhuận,thpt,LOP_12,Lớp 12,thpt,KV_DN_TK,Thanh Khê,Thanh Khê,Đà Nẵng,gioi,web,hoat_dong,2026-04-03,MON_TOAN,Toán,tu_nhien,online,Cải thiện điểm số,200000,4,dang_tim_gia_su,2026-03-26
HS_WB_0152,Ngô Mai An,THPT_NT_HN,THPT Nguyễn Trãi - Ba Đình,thpt,LOP_09,Lớp 9,thcs,KV_HN_TH,Tây Hồ,Tây Hồ,Hà Nội,yeu,web,hoat_dong,2026-04-03,MON_LY,Vật lý,tu_nhien,online,Cải thiện điểm số,250000,3,dang_tim_gia_su,2026-03-09
HS_WB_0153,Đặng Thị Thu,THPT_ND,THPT Nguyễn Du,thpt,LOP_09,Lớp 9,thcs,KV_HCM_PN,Phú Nhuận,Phú Nhuận,Hồ Chí Minh,yeu,web,hoat_dong,2026-04-03,MON_ANH,Tiếng Anh,ngoai_ngu,truc_tiep,Cải thiện điểm số,250000,3,dang_tim_gia_su,2026-03-27
HS_WB_0154,Lý Hoàng Trang,THPT_PDP,THPT Phan Đình Phùng,thpt,LOP_09,Lớp 9,thcs,KV_HN_HD,Hà Đông,Hà Đông,Hà Nội,yeu,web,hoat_dong,2026-04-03,MON_VAN,Ngữ văn,xa_hoi,truc_tiep,Cải thiện điểm số,200000,3,dang_tim_gia_su,2026-03-07
HS_WB_0155,Lê Hoàng Nhung,THPT_YH,THPT Yên Hòa,thpt,LOP_12,Lớp 12,thpt,KV_HCM_Q7,Quận 7,Quận 7,Hồ Chí Minh,xuat_sac,web,hoat_dong,2026-04-03,MON_ANH,Tiếng Anh,ngoai_ngu,truc_tiep,Cải thiện điểm số,200000,2,dang_tim_gia_su,2026-04-02
HS_WB_0156,Vũ Xuân Linh,THPT_NVT,THPT Nguyễn Văn Trỗi,thpt,LOP_06,Lớp 6,thcs,KV_HCM_Q4,Quận 4,Quận 4,Hồ Chí Minh,gioi,web,hoat_dong,2026-04-03,MON_ANH,Tiếng Anh,ngoai_ngu,online,Cải thiện điểm số,150000,2,dang_tim_gia_su,2026-03-16
HS_WB_0157,Bùi Văn Cường,THPT_OIK,THPT Ông Ích Khiêm,thpt,LOP_10,Lớp 10,thpt,KV_HCM_PN,Phú Nhuận,Phú Nhuận,Hồ Chí Minh,gioi,web,hoat_dong,2026-04-03,MON_TOAN,Toán,tu_nhien,truc_tiep,Cải thiện điểm số,250000,3,dang_tim_gia_su,2026-03-12
HS_WB_0158,Đặng Xuân Trang,THPT_VTS,THPT Võ Thị Sáu,thpt,LOP_09,Lớp 9,thcs,KV_HCM_TP,Tân Phú,Tân Phú,Hồ Chí Minh,trung_binh,web,hoat_dong,2026-04-03,MON_VAN,Ngữ văn,xa_hoi,ca_hai,Cải thiện điểm số,150000,3,dang_tim_gia_su,2026-03-29
HS_WB_0159,Ngô Đức Đức,THPT_DD,THPT Đống Đa,thpt,LOP_06,Lớp 6,thcs,KV_DN_ST,Sơn Trà,Sơn Trà,Đà Nẵng,kha,web,hoat_dong,2026-04-03,MON_VAN,Ngữ văn,xa_hoi,ca_hai,Cải thiện điểm số,200000,3,dang_tim_gia_su,2026-03-11
HS_WB_0160,Dương Đức Nam,THPT_OIK,THPT Ông Ích Khiêm,thpt,LOP_09,Lớp 9,thcs,KV_HCM_Q8,Quận 8,Quận 8,Hồ Chí Minh,gioi,web,hoat_dong,2026-04-03,MON_LY,Vật lý,tu_nhien,ca_hai,Cải thiện điểm số,150000,3,dang_tim_gia_su,2026-03-04
HS_WB_0161,Vũ Mai Châu,THPT_VD,THPT Việt Đức,thpt,LOP_12,Lớp 12,thpt,KV_HCM_Q8,Quận 8,Quận 8,Hồ Chí Minh,trung_binh,web,hoat_dong,2026-04-03,MON_ANH,Tiếng Anh,ngoai_ngu,online,Cải thiện điểm số,250000,2,dang_tim_gia_su,2026-03-27
HS_WB_0162,Nguyễn Hồng Thu,THPT_PDP,THPT Phan Đình Phùng,thpt,LOP_09,Lớp 9,thcs,KV_DN_HC,Hải Châu,Hải Châu,Đà Nẵng,gioi,web,hoat_dong,2026-04-03,MON_ANH,Tiếng Anh,ngoai_ngu,ca_hai,Cải thiện điểm số,200000,3,dang_tim_gia_su,2026-03-15
HS_WB_0163,Đỗ Ngọc Vy,THPT_CBQ,THPT Cao Bá Quát,thpt,LOP_10,Lớp 10,thpt,KV_HN_HK,Hoàn Kiếm,Hoàn Kiếm,Hà Nội,gioi,web,hoat_dong,2026-04-03,MON_VAN,Ngữ văn,xa_hoi,ca_hai,Cải thiện điểm số,200000,3,dang_tim_gia_su,2026-03-05
HS_WB_0164,Trần Bảo Hân,THPT_TP_DN,THPT Trần Phú,thpt,LOP_06,Lớp 6,thcs,KV_DN_CL,Cẩm Lệ,Cẩm Lệ,Đà Nẵng,gioi,web,hoat_dong,2026-04-03,MON_LY,Vật lý,tu_nhien,online,Cải thiện điểm số,250000,2,dang_tim_gia_su,2026-03-30
HS_WB_0165,Vũ Thu Hân,THPT_NH,THPT Nguyễn Hiền,thpt,LOP_09,Lớp 9,thcs,KV_HCM_PN,Phú Nhuận,Phú Nhuận,Hồ Chí Minh,kha,web,hoat_dong,2026-04-03,MON_VAN,Ngữ văn,xa_hoi,ca_hai,Cải thiện điểm số,150000,4,dang_tim_gia_su,2026-03-24
HS_WB_0166,Bùi Quang Đạt,THPT_OIK,THPT Ông Ích Khiêm,thpt,LOP_12,Lớp 12,thpt,KV_HCM_Q1,Quận 1,Quận 1,Hồ Chí Minh,xuat_sac,web,hoat_dong,2026-04-03,MON_LY,Vật lý,tu_nhien,truc_tiep,Cải thiện điểm số,150000,3,dang_tim_gia_su,2026-03-04
HS_WB_0167,Đỗ Văn Huy,THPT_TL,THPT Thăng Long,thpt,LOP_12,Lớp 12,thpt,KV_HCM_Q1,Quận 1,Quận 1,Hồ Chí Minh,trung_binh,web,hoat_dong,2026-04-03,MON_TOAN,Toán,tu_nhien,ca_hai,Cải thiện điểm số,250000,3,dang_tim_gia_su,2026-03-31
HS_WB_0168,Đặng Thanh Thu,THPT_YH,THPT Yên Hòa,thpt,LOP_12,Lớp 12,thpt,KV_HN_HD,Hà Đông,Hà Đông,Hà Nội,yeu,web,hoat_dong,2026-04-03,MON_TOAN,Toán,tu_nhien,ca_hai,Cải thiện điểm số,200000,2,dang_tim_gia_su,2026-03-29
HS_WB_0169,Nguyễn Hồng Thu,THPT_KL,THPT Kim Liên,thpt,LOP_10,Lớp 10,thpt,KV_HCM_Q8,Quận 8,Quận 8,Hồ Chí Minh,yeu,web,hoat_dong,2026-04-03,MON_VAN,Ngữ văn,xa_hoi,online,Cải thiện điểm số,150000,4,dang_tim_gia_su,2026-03-10
HS_WB_0170,Vũ Mai Hân,THPT_LQD_HN,THPT Lê Quý Đôn - Đống Đa,thpt,LOP_10,Lớp 10,thpt,KV_HCM_Q7,Quận 7,Quận 7,Hồ Chí Minh,trung_binh,web,hoat_dong,2026-04-03,MON_VAN,Ngữ văn,xa_hoi,truc_tiep,Cải thiện điểm số,150000,4,dang_tim_gia_su,2026-03-21
HS_WB_0171,Nguyễn Thái Huy,THPT_CVD,THPT Cẩm Lệ,thpt,LOP_06,Lớp 6,thcs,KV_DN_TK,Thanh Khê,Thanh Khê,Đà Nẵng,yeu,web,hoat_dong,2026-04-03,MON_VAN,Ngữ văn,xa_hoi,truc_tiep,Cải thiện điểm số,150000,3,dang_tim_gia_su,2026-03-29
HS_WB_0172,Hoàng Thanh Trang,THPT_TDN,THPT Chuyên Trần Đại Nghĩa,thpt,LOP_09,Lớp 9,thcs,KV_DN_NHS,Ngũ Hành Sơn,Ngũ Hành Sơn,Đà Nẵng,kha,web,hoat_dong,2026-04-03,MON_VAN,Ngữ văn,xa_hoi,truc_tiep,Cải thiện điểm số,200000,2,dang_tim_gia_su,2026-03-30
HS_WB_0173,Phạm Hoàng Hân,THPT_ST,THPT Sơn Tây,thpt,LOP_06,Lớp 6,thcs,KV_HCM_TD,Thủ Đức,Thủ Đức,Hồ Chí Minh,trung_binh,web,hoat_dong,2026-04-03,MON_ANH,Tiếng Anh,ngoai_ngu,truc_tiep,Cải thiện điểm số,250000,4,dang_tim_gia_su,2026-03-28
HS_WB_0174,Ngô Trọng Đức,THPT_HHT,THPT Hoàng Hoa Thám,thpt,LOP_06,Lớp 6,thcs,KV_HCM_TD,Thủ Đức,Thủ Đức,Hồ Chí Minh,gioi,web,hoat_dong,2026-04-03,MON_LY,Vật lý,tu_nhien,online,Cải thiện điểm số,200000,4,dang_tim_gia_su,2026-03-12
HS_WB_0175,Trần Quang Kiệt,THPT_TL,THPT Thăng Long,thpt,LOP_06,Lớp 6,thcs,KV_DN_ST,Sơn Trà,Sơn Trà,Đà Nẵng,yeu,web,hoat_dong,2026-04-03,MON_VAN,Ngữ văn,xa_hoi,online,Cải thiện điểm số,250000,2,dang_tim_gia_su,2026-03-20
HS_WB_0176,Bùi Hồng Thảo,THPT_TTT,THPT Tôn Thất Tùng,thpt,LOP_09,Lớp 9,thcs,KV_DN_HC,Hải Châu,Hải Châu,Đà Nẵng,yeu,web,hoat_dong,2026-04-03,MON_LY,Vật lý,tu_nhien,ca_hai,Cải thiện điểm số,200000,4,dang_tim_gia_su,2026-03-13
HS_WB_0177,Nguyễn Minh Tuấn,THPT_BTX,THPT Bùi Thị Xuân,thpt,LOP_06,Lớp 6,thcs,KV_HN_TX,Thanh Xuân,Thanh Xuân,Hà Nội,yeu,web,hoat_dong,2026-04-03,MON_LY,Vật lý,tu_nhien,online,Cải thiện điểm số,200000,3,dang_tim_gia_su,2026-03-26
HS_WB_0178,Lý Ngọc Mai,THPT_PN,THPT Phú Nhuận,thpt,LOP_09,Lớp 9,thcs,KV_HN_CG,Cầu Giấy,Cầu Giấy,Hà Nội,yeu,web,hoat_dong,2026-04-03,MON_ANH,Tiếng Anh,ngoai_ngu,online,Cải thiện điểm số,150000,4,dang_tim_gia_su,2026-03-20
HS_WB_0179,Hoàng Đức Phú,THPT_NHS,THPT Ngũ Hành Sơn,thpt,LOP_09,Lớp 9,thcs,KV_HCM_PN,Phú Nhuận,Phú Nhuận,Hồ Chí Minh,yeu,web,hoat_dong,2026-04-03,MON_ANH,Tiếng Anh,ngoai_ngu,online,Cải thiện điểm số,200000,4,dang_tim_gia_su,2026-03-04
HS_WB_0180,Lý Hữu Hùng,THPT_DD,THPT Đống Đa,thpt,LOP_12,Lớp 12,thpt,KV_HN_HM,Hoàng Mai,Hoàng Mai,Hà Nội,kha,web,hoat_dong,2026-04-03,MON_VAN,Ngữ văn,xa_hoi,truc_tiep,Cải thiện điểm số,250000,4,dang_tim_gia_su,2026-03-28
HS_WB_0181,Ngô Hải Phú,THPT_NT_HN,THPT Nguyễn Trãi - Ba Đình,thpt,LOP_06,Lớp 6,thcs,KV_HN_HK,Hoàn Kiếm,Hoàn Kiếm,Hà Nội,kha,web,hoat_dong,2026-04-03,MON_ANH,Tiếng Anh,ngoai_ngu,truc_tiep,Cải thiện điểm số,250000,4,dang_tim_gia_su,2026-03-13
HS_WB_0182,Dương Xuân Mai,THPT_PN,THPT Phú Nhuận,thpt,LOP_12,Lớp 12,thpt,KV_HN_LB,Long Biên,Long Biên,Hà Nội,trung_binh,web,hoat_dong,2026-04-03,MON_ANH,Tiếng Anh,ngoai_ngu,truc_tiep,Cải thiện điểm số,200000,3,dang_tim_gia_su,2026-04-03
HS_WB_0183,Vũ Quang Huy,THPT_NT_HCM,THPT Nguyễn Trãi,thpt,LOP_12,Lớp 12,thpt,KV_HCM_TB,Tân Bình,Tân Bình,Hồ Chí Minh,xuat_sac,web,hoat_dong,2026-04-03,MON_LY,Vật lý,tu_nhien,ca_hai,Cải thiện điểm số,150000,4,dang_tim_gia_su,2026-03-22
HS_WB_0184,Trần Hoàng Trang,THPT_CG,THPT Cầu Giấy,thpt,LOP_12,Lớp 12,thpt,KV_HCM_Q1,Quận 1,Quận 1,Hồ Chí Minh,trung_binh,web,hoat_dong,2026-04-03,MON_VAN,Ngữ văn,xa_hoi,ca_hai,Cải thiện điểm số,150000,3,dang_tim_gia_su,2026-04-01
HS_WB_0185,Ngô Đức Khoa,THPT_LHP,THPT Chuyên Lê Hồng Phong,thpt,LOP_12,Lớp 12,thpt,KV_HN_HD,Hà Đông,Hà Đông,Hà Nội,yeu,web,hoat_dong,2026-04-03,MON_VAN,Ngữ văn,xa_hoi,truc_tiep,Cải thiện điểm số,150000,3,dang_tim_gia_su,2026-03-07
HS_WB_0186,Đặng Hải Đức,THPT_ST,THPT Sơn Tây,thpt,LOP_12,Lớp 12,thpt,KV_HCM_PN,Phú Nhuận,Phú Nhuận,Hồ Chí Minh,trung_binh,web,hoat_dong,2026-04-03,MON_ANH,Tiếng Anh,ngoai_ngu,online,Cải thiện điểm số,150000,3,dang_tim_gia_su,2026-03-22
HS_WB_0187,Đặng Văn Đức,THPT_NT_HCM,THPT Nguyễn Trãi,thpt,LOP_12,Lớp 12,thpt,KV_DN_CL,Cẩm Lệ,Cẩm Lệ,Đà Nẵng,yeu,web,hoat_dong,2026-04-03,MON_LY,Vật lý,tu_nhien,ca_hai,Cải thiện điểm số,250000,4,dang_tim_gia_su,2026-03-24
HS_WB_0188,Lý Mai Trang,THPT_DD,THPT Đống Đa,thpt,LOP_06,Lớp 6,thcs,KV_DN_NHS,Ngũ Hành Sơn,Ngũ Hành Sơn,Đà Nẵng,kha,web,hoat_dong,2026-04-03,MON_LY,Vật lý,tu_nhien,truc_tiep,Cải thiện điểm số,150000,3,dang_tim_gia_su,2026-03-08
HS_WB_0189,Vũ Thị Nhung,THPT_CBQ,THPT Cao Bá Quát,thpt,LOP_06,Lớp 6,thcs,KV_HCM_Q7,Quận 7,Quận 7,Hồ Chí Minh,xuat_sac,web,hoat_dong,2026-04-03,MON_TOAN,Toán,tu_nhien,ca_hai,Cải thiện điểm số,150000,2,dang_tim_gia_su,2026-03-18
HS_WB_0190,Đặng Quang Tuấn,THPT_NT_HCM,THPT Nguyễn Trãi,thpt,LOP_09,Lớp 9,thcs,KV_DN_TK,Thanh Khê,Thanh Khê,Đà Nẵng,yeu,web,hoat_dong,2026-04-03,MON_VAN,Ngữ văn,xa_hoi,ca_hai,Cải thiện điểm số,250000,3,dang_tim_gia_su,2026-03-27
HS_WB_0191,Trần Đình Phú,THPT_NHS,THPT Ngũ Hành Sơn,thpt,LOP_06,Lớp 6,thcs,KV_HCM_Q7,Quận 7,Quận 7,Hồ Chí Minh,trung_binh,web,hoat_dong,2026-04-03,MON_ANH,Tiếng Anh,ngoai_ngu,truc_tiep,Cải thiện điểm số,150000,3,dang_tim_gia_su,2026-03-14
HS_WB_0192,Bùi Thanh Vy,THPT_LHP,THPT Chuyên Lê Hồng Phong,thpt,LOP_12,Lớp 12,thpt,KV_HN_LB,Long Biên,Long Biên,Hà Nội,kha,web,hoat_dong,2026-04-03,MON_LY,Vật lý,tu_nhien,online,Cải thiện điểm số,250000,3,dang_tim_gia_su,2026-03-26
HS_WB_0193,Đỗ Hữu Kiệt,THPT_CBQ,THPT Cao Bá Quát,thpt,LOP_10,Lớp 10,thpt,KV_HN_TH,Tây Hồ,Tây Hồ,Hà Nội,yeu,web,hoat_dong,2026-04-03,MON_ANH,Tiếng Anh,ngoai_ngu,online,Cải thiện điểm số,250000,2,dang_tim_gia_su,2026-03-28
HS_WB_0194,Trần Thị Linh,THPT_HHT,THPT Hoàng Hoa Thám,thpt,LOP_06,Lớp 6,thcs,KV_HCM_Q8,Quận 8,Quận 8,Hồ Chí Minh,gioi,web,hoat_dong,2026-04-03,MON_LY,Vật lý,tu_nhien,online,Cải thiện điểm số,150000,3,dang_tim_gia_su,2026-03-06
HS_WB_0195,Hoàng Xuân Vy,THPT_TDN,THPT Chuyên Trần Đại Nghĩa,thpt,LOP_06,Lớp 6,thcs,KV_HN_BTL,Bắc Từ Liêm,Bắc Từ Liêm,Hà Nội,kha,web,hoat_dong,2026-04-03,MON_TOAN,Toán,tu_nhien,truc_tiep,Cải thiện điểm số,250000,3,dang_tim_gia_su,2026-03-29
HS_WB_0196,Đặng Thu Trang,THPT_OIK,THPT Ông Ích Khiêm,thpt,LOP_06,Lớp 6,thcs,KV_HN_NTL,Nam Từ Liêm,Nam Từ Liêm,Hà Nội,xuat_sac,web,hoat_dong,2026-04-03,MON_LY,Vật lý,tu_nhien,truc_tiep,Cải thiện điểm số,250000,3,dang_tim_gia_su,2026-04-01
HS_WB_0197,Lê Bảo Vy,THPT_CVD,THPT Cẩm Lệ,thpt,LOP_12,Lớp 12,thpt,KV_HCM_BT,Bình Thạnh,Bình Thạnh,Hồ Chí Minh,trung_binh,web,hoat_dong,2026-04-03,MON_VAN,Ngữ văn,xa_hoi,ca_hai,Cải thiện điểm số,150000,2,dang_tim_gia_su,2026-03-18
HS_WB_0198,Ngô Văn Huy,THPT_TDN,THPT Chuyên Trần Đại Nghĩa,thpt,LOP_09,Lớp 9,thcs,KV_HN_NTL,Nam Từ Liêm,Nam Từ Liêm,Hà Nội,yeu,web,hoat_dong,2026-04-03,MON_LY,Vật lý,tu_nhien,truc_tiep,Cải thiện điểm số,200000,2,dang_tim_gia_su,2026-03-29
HS_WB_0199,Lý Hồng Vy,THPT_VD,THPT Việt Đức,thpt,LOP_12,Lớp 12,thpt,KV_HN_TX,Thanh Xuân,Thanh Xuân,Hà Nội,gioi,web,hoat_dong,2026-04-03,MON_VAN,Ngữ văn,xa_hoi,ca_hai,Cải thiện điểm số,250000,4,dang_tim_gia_su,2026-03-09
HS_WB_0200,Đặng Hải Đạt,THPT_VD,THPT Việt Đức,thpt,LOP_12,Lớp 12,thpt,KV_HCM_Q10,Quận 10,Quận 10,Hồ Chí Minh,kha,web,hoat_dong,2026-04-03,MON_LY,Vật lý,tu_nhien,truc_tiep,Cải thiện điểm số,150000,2,dang_tim_gia_su,2026-03-19
HS_WB_0201,Nguyễn Đình Kiệt,THPT_CVD,THPT Cẩm Lệ,thpt,LOP_10,Lớp 10,thpt,KV_HN_HBT,Hai Bà Trưng,Hai Bà Trưng,Hà Nội,kha,web,hoat_dong,2026-04-03,MON_LY,Vật lý,tu_nhien,ca_hai,Cải thiện điểm số,150000,4,dang_tim_gia_su,2026-03-24
HS_WB_0202,Bùi Bảo Vy,THPT_NMK,THPT Nguyễn Thị Minh Khai,thpt,LOP_09,Lớp 9,thcs,KV_HCM_Q5,Quận 5,Quận 5,Hồ Chí Minh,xuat_sac,web,hoat_dong,2026-04-03,MON_VAN,Ngữ văn,xa_hoi,online,Cải thiện điểm số,250000,4,dang_tim_gia_su,2026-03-13
HS_WB_0203,Ngô Thanh An,THPT_TL,THPT Thăng Long,thpt,LOP_10,Lớp 10,thpt,KV_HCM_Q3,Quận 3,Quận 3,Hồ Chí Minh,kha,web,hoat_dong,2026-04-03,MON_ANH,Tiếng Anh,ngoai_ngu,ca_hai,Cải thiện điểm số,250000,4,dang_tim_gia_su,2026-03-24
HS_WB_0204,Phạm Văn Nam,THPT_HHT,THPT Hoàng Hoa Thám,thpt,LOP_09,Lớp 9,thcs,KV_HN_TX,Thanh Xuân,Thanh Xuân,Hà Nội,xuat_sac,web,hoat_dong,2026-04-03,MON_VAN,Ngữ văn,xa_hoi,truc_tiep,Cải thiện điểm số,150000,4,dang_tim_gia_su,2026-03-10
HS_WB_0205,Vũ Đình Khoa,THPT_NT_HN,THPT Nguyễn Trãi - Ba Đình,thpt,LOP_09,Lớp 9,thcs,KV_HCM_Q5,Quận 5,Quận 5,Hồ Chí Minh,trung_binh,web,hoat_dong,2026-04-03,MON_ANH,Tiếng Anh,ngoai_ngu,ca_hai,Cải thiện điểm số,250000,2,dang_tim_gia_su,2026-03-22
HS_WB_0206,Nguyễn Đức Cường,THPT_TP_HN,THPT Trần Phú - Hoàn Kiếm,thpt,LOP_09,Lớp 9,thcs,KV_DN_ST,Sơn Trà,Sơn Trà,Đà Nẵng,kha,web,hoat_dong,2026-04-03,MON_TOAN,Toán,tu_nhien,ca_hai,Cải thiện điểm số,250000,3,dang_tim_gia_su,2026-03-10
HS_WB_0207,Lý Thu Nhung,THPT_NVT,THPT Nguyễn Văn Trỗi,thpt,LOP_12,Lớp 12,thpt,KV_HN_HK,Hoàn Kiếm,Hoàn Kiếm,Hà Nội,kha,web,hoat_dong,2026-04-03,MON_TOAN,Toán,tu_nhien,truc_tiep,Cải thiện điểm số,250000,2,dang_tim_gia_su,2026-03-19
HS_WB_0208,Vũ Ngọc Châu,THPT_MC,THPT Marie Curie,thpt,LOP_10,Lớp 10,thpt,KV_HN_NTL,Nam Từ Liêm,Nam Từ Liêm,Hà Nội,yeu,web,hoat_dong,2026-04-03,MON_ANH,Tiếng Anh,ngoai_ngu,online,Cải thiện điểm số,150000,2,dang_tim_gia_su,2026-03-07
HS_WB_0209,Nguyễn Hoàng An,THPT_CG,THPT Cầu Giấy,thpt,LOP_06,Lớp 6,thcs,KV_HCM_Q5,Quận 5,Quận 5,Hồ Chí Minh,yeu,web,hoat_dong,2026-04-03,MON_VAN,Ngữ văn,xa_hoi,truc_tiep,Cải thiện điểm số,150000,3,dang_tim_gia_su,2026-03-11
HS_WB_0210,Bùi Trọng Đạt,THPT_CVD,THPT Cẩm Lệ,thpt,LOP_06,Lớp 6,thcs,KV_HN_DD,Đống Đa,Đống Đa,Hà Nội,xuat_sac,web,hoat_dong,2026-04-03,MON_VAN,Ngữ văn,xa_hoi,online,Cải thiện điểm số,200000,4,dang_tim_gia_su,2026-03-25
HS_WB_0211,Dương Quang Kiệt,THPT_TP_HN,THPT Trần Phú - Hoàn Kiếm,thpt,LOP_10,Lớp 10,thpt,KV_HCM_Q5,Quận 5,Quận 5,Hồ Chí Minh,yeu,web,hoat_dong,2026-04-03,MON_VAN,Ngữ văn,xa_hoi,online,Cải thiện điểm số,200000,3,dang_tim_gia_su,2026-03-30
HS_WB_0212,Đỗ Hồng Nhung,THPT_OIK,THPT Ông Ích Khiêm,thpt,LOP_09,Lớp 9,thcs,KV_DN_TK,Thanh Khê,Thanh Khê,Đà Nẵng,xuat_sac,web,hoat_dong,2026-04-03,MON_TOAN,Toán,tu_nhien,online,Cải thiện điểm số,150000,2,dang_tim_gia_su,2026-03-22
HS_WB_0213,Bùi Ngọc Thu,THPT_CBQ,THPT Cao Bá Quát,thpt,LOP_09,Lớp 9,thcs,KV_HCM_Q1,Quận 1,Quận 1,Hồ Chí Minh,trung_binh,web,hoat_dong,2026-04-03,MON_LY,Vật lý,tu_nhien,ca_hai,Cải thiện điểm số,200000,4,dang_tim_gia_su,2026-03-29
HS_WB_0214,Vũ Minh Hùng,THPT_PDP,THPT Phan Đình Phùng,thpt,LOP_12,Lớp 12,thpt,KV_HN_BD,Ba Đình,Ba Đình,Hà Nội,gioi,web,hoat_dong,2026-04-03,MON_LY,Vật lý,tu_nhien,ca_hai,Cải thiện điểm số,200000,4,dang_tim_gia_su,2026-03-05
HS_WB_0215,Đặng Xuân Châu,THPT_LQD_DN,THPT Chuyên Lê Quý Đôn,thpt,LOP_10,Lớp 10,thpt,KV_HCM_Q8,Quận 8,Quận 8,Hồ Chí Minh,trung_binh,web,hoat_dong,2026-04-03,MON_ANH,Tiếng Anh,ngoai_ngu,truc_tiep,Cải thiện điểm số,200000,2,dang_tim_gia_su,2026-03-29
HS_WB_0216,Trần Hoàng Thảo,THPT_YH,THPT Yên Hòa,thpt,LOP_12,Lớp 12,thpt,KV_HN_HM,Hoàng Mai,Hoàng Mai,Hà Nội,xuat_sac,web,hoat_dong,2026-04-03,MON_TOAN,Toán,tu_nhien,truc_tiep,Cải thiện điểm số,200000,3,dang_tim_gia_su,2026-03-13
HS_WB_0217,Ngô Đình Kiệt,THPT_NHS,THPT Ngũ Hành Sơn,thpt,LOP_10,Lớp 10,thpt,KV_HN_TH,Tây Hồ,Tây Hồ,Hà Nội,yeu,web,hoat_dong,2026-04-03,MON_TOAN,Toán,tu_nhien,truc_tiep,Cải thiện điểm số,250000,4,dang_tim_gia_su,2026-04-03
HS_WB_0218,Vũ Hồng Châu,THPT_TDN,THPT Chuyên Trần Đại Nghĩa,thpt,LOP_06,Lớp 6,thcs,KV_HN_HK,Hoàn Kiếm,Hoàn Kiếm,Hà Nội,xuat_sac,web,hoat_dong,2026-04-03,MON_ANH,Tiếng Anh,ngoai_ngu,truc_tiep,Cải thiện điểm số,200000,3,dang_tim_gia_su,2026-03-30
HS_WB_0219,Dương Văn Kiệt,THPT_GD,THPT Gia Định,thpt,LOP_12,Lớp 12,thpt,KV_HN_NTL,Nam Từ Liêm,Nam Từ Liêm,Hà Nội,xuat_sac,web,hoat_dong,2026-04-03,MON_TOAN,Toán,tu_nhien,online,Cải thiện điểm số,150000,3,dang_tim_gia_su,2026-03-07
HS_WB_0220,Trần Thái Hùng,THPT_CG,THPT Cầu Giấy,thpt,LOP_06,Lớp 6,thcs,KV_HCM_Q8,Quận 8,Quận 8,Hồ Chí Minh,trung_binh,web,hoat_dong,2026-04-03,MON_LY,Vật lý,tu_nhien,truc_tiep,Cải thiện điểm số,200000,3,dang_tim_gia_su,2026-03-25
HS_WB_0221,Đặng Quang Khoa,THPT_AMS,THPT Chuyên Hà Nội - Amsterdam,thpt,LOP_10,Lớp 10,thpt,KV_DN_NHS,Ngũ Hành Sơn,Ngũ Hành Sơn,Đà Nẵng,gioi,web,hoat_dong,2026-04-03,MON_TOAN,Toán,tu_nhien,ca_hai,Cải thiện điểm số,250000,3,dang_tim_gia_su,2026-03-23
HS_WB_0222,Ngô Minh Huy,THPT_TD,THPT Thủ Đức,thpt,LOP_06,Lớp 6,thcs,KV_HN_BTL,Bắc Từ Liêm,Bắc Từ Liêm,Hà Nội,yeu,web,hoat_dong,2026-04-03,MON_VAN,Ngữ văn,xa_hoi,online,Cải thiện điểm số,250000,4,dang_tim_gia_su,2026-03-30
HS_WB_0223,Nguyễn Thị Linh,THPT_GD,THPT Gia Định,thpt,LOP_06,Lớp 6,thcs,KV_HN_BTL,Bắc Từ Liêm,Bắc Từ Liêm,Hà Nội,trung_binh,web,hoat_dong,2026-04-03,MON_LY,Vật lý,tu_nhien,online,Cải thiện điểm số,150000,2,dang_tim_gia_su,2026-03-25
HS_WB_0224,Nguyễn Thái Kiệt,THPT_NT_HN,THPT Nguyễn Trãi - Ba Đình,thpt,LOP_09,Lớp 9,thcs,KV_HN_HK,Hoàn Kiếm,Hoàn Kiếm,Hà Nội,trung_binh,web,hoat_dong,2026-04-03,MON_TOAN,Toán,tu_nhien,truc_tiep,Cải thiện điểm số,250000,3,dang_tim_gia_su,2026-03-06
HS_WB_0225,Trần Thu An,THPT_PCT,THPT Chuyên Phan Châu Trinh,thpt,LOP_12,Lớp 12,thpt,KV_DN_ST,Sơn Trà,Sơn Trà,Đà Nẵng,trung_binh,web,hoat_dong,2026-04-03,MON_VAN,Ngữ văn,xa_hoi,ca_hai,Cải thiện điểm số,150000,4,dang_tim_gia_su,2026-03-31
HS_WB_0226,Vũ Hoàng Vy,THPT_TDN,THPT Chuyên Trần Đại Nghĩa,thpt,LOP_09,Lớp 9,thcs,KV_DN_ST,Sơn Trà,Sơn Trà,Đà Nẵng,trung_binh,web,hoat_dong,2026-04-03,MON_VAN,Ngữ văn,xa_hoi,truc_tiep,Cải thiện điểm số,150000,2,dang_tim_gia_su,2026-03-07
HS_WB_0227,Vũ Quang Hùng,THPT_NHS,THPT Ngũ Hành Sơn,thpt,LOP_06,Lớp 6,thcs,KV_HCM_TP,Tân Phú,Tân Phú,Hồ Chí Minh,gioi,web,hoat_dong,2026-04-03,MON_LY,Vật lý,tu_nhien,truc_tiep,Cải thiện điểm số,250000,4,dang_tim_gia_su,2026-03-18
HS_WB_0228,Đặng Bảo Hân,THPT_TD,THPT Thủ Đức,thpt,LOP_09,Lớp 9,thcs,KV_DN_CL,Cẩm Lệ,Cẩm Lệ,Đà Nẵng,yeu,web,hoat_dong,2026-04-03,MON_TOAN,Toán,tu_nhien,ca_hai,Cải thiện điểm số,200000,2,dang_tim_gia_su,2026-03-22
HS_WB_0229,Lý Xuân Hân,THPT_TPh,THPT Thái Phiên,thpt,LOP_09,Lớp 9,thcs,KV_HCM_Q8,Quận 8,Quận 8,Hồ Chí Minh,gioi,web,hoat_dong,2026-04-03,MON_VAN,Ngữ văn,xa_hoi,online,Cải thiện điểm số,200000,4,dang_tim_gia_su,2026-03-31
HS_WB_0230,Hoàng Minh Cường,THPT_LQD_HN,THPT Lê Quý Đôn - Đống Đa,thpt,LOP_06,Lớp 6,thcs,KV_HN_LB,Long Biên,Long Biên,Hà Nội,yeu,web,hoat_dong,2026-04-03,MON_VAN,Ngữ văn,xa_hoi,online,Cải thiện điểm số,200000,2,dang_tim_gia_su,2026-03-05
HS_WB_0231,Ngô Thị Nhung,THPT_NHS,THPT Ngũ Hành Sơn,thpt,LOP_09,Lớp 9,thcs,KV_HN_TX,Thanh Xuân,Thanh Xuân,Hà Nội,gioi,web,hoat_dong,2026-04-03,MON_ANH,Tiếng Anh,ngoai_ngu,ca_hai,Cải thiện điểm số,200000,4,dang_tim_gia_su,2026-03-17
HS_WB_0232,Lý Thị Hân,THPT_NT_HN,THPT Nguyễn Trãi - Ba Đình,thpt,LOP_12,Lớp 12,thpt,KV_DN_HC,Hải Châu,Hải Châu,Đà Nẵng,trung_binh,web,hoat_dong,2026-04-03,MON_ANH,Tiếng Anh,ngoai_ngu,ca_hai,Cải thiện điểm số,250000,2,dang_tim_gia_su,2026-03-15
HS_WB_0233,Đặng Ngọc An,THPT_BTX,THPT Bùi Thị Xuân,thpt,LOP_06,Lớp 6,thcs,KV_HN_HK,Hoàn Kiếm,Hoàn Kiếm,Hà Nội,gioi,web,hoat_dong,2026-04-03,MON_VAN,Ngữ văn,xa_hoi,truc_tiep,Cải thiện điểm số,200000,3,dang_tim_gia_su,2026-03-21
HS_WB_0234,Bùi Đình Nam,THPT_NMK,THPT Nguyễn Thị Minh Khai,thpt,LOP_12,Lớp 12,thpt,KV_HCM_GV,Gò Vấp,Gò Vấp,Hồ Chí Minh,gioi,web,hoat_dong,2026-04-03,MON_TOAN,Toán,tu_nhien,truc_tiep,Cải thiện điểm số,200000,4,dang_tim_gia_su,2026-03-30
HS_WB_0235,Vũ Văn Nam,THPT_TL,THPT Thăng Long,thpt,LOP_09,Lớp 9,thcs,KV_HCM_Q8,Quận 8,Quận 8,Hồ Chí Minh,gioi,web,hoat_dong,2026-04-03,MON_ANH,Tiếng Anh,ngoai_ngu,ca_hai,Cải thiện điểm số,150000,2,dang_tim_gia_su,2026-03-07
HS_WB_0236,Hoàng Hoàng Thu,THPT_NT_HCM,THPT Nguyễn Trãi,thpt,LOP_09,Lớp 9,thcs,KV_HN_HK,Hoàn Kiếm,Hoàn Kiếm,Hà Nội,trung_binh,web,hoat_dong,2026-04-03,MON_LY,Vật lý,tu_nhien,online,Cải thiện điểm số,150000,3,dang_tim_gia_su,2026-03-25
HS_WB_0237,Hoàng Đình Đức,THPT_VTS,THPT Võ Thị Sáu,thpt,LOP_06,Lớp 6,thcs,KV_HN_LB,Long Biên,Long Biên,Hà Nội,kha,web,hoat_dong,2026-04-03,MON_VAN,Ngữ văn,xa_hoi,online,Cải thiện điểm số,150000,3,dang_tim_gia_su,2026-03-12
HS_WB_0238,Phạm Trọng Đạt,THPT_LQD_HN,THPT Lê Quý Đôn - Đống Đa,thpt,LOP_06,Lớp 6,thcs,KV_HN_TX,Thanh Xuân,Thanh Xuân,Hà Nội,xuat_sac,web,hoat_dong,2026-04-03,MON_LY,Vật lý,tu_nhien,truc_tiep,Cải thiện điểm số,150000,3,dang_tim_gia_su,2026-03-20
HS_WB_0239,Dương Đức Tuấn,THPT_TD,THPT Thủ Đức,thpt,LOP_10,Lớp 10,thpt,KV_HN_BD,Ba Đình,Ba Đình,Hà Nội,xuat_sac,web,hoat_dong,2026-04-03,MON_ANH,Tiếng Anh,ngoai_ngu,ca_hai,Cải thiện điểm số,200000,4,dang_tim_gia_su,2026-03-15
HS_WB_0240,Lê Đình Đức,THPT_TDN,THPT Chuyên Trần Đại Nghĩa,thpt,LOP_10,Lớp 10,thpt,KV_HCM_TB,Tân Bình,Tân Bình,Hồ Chí Minh,yeu,web,hoat_dong,2026-04-03,MON_ANH,Tiếng Anh,ngoai_ngu,ca_hai,Cải thiện điểm số,150000,3,dang_tim_gia_su,2026-03-08
HS_WB_0241,Vũ Minh Đạt,THPT_KL,THPT Kim Liên,thpt,LOP_12,Lớp 12,thpt,KV_HN_LB,Long Biên,Long Biên,Hà Nội,xuat_sac,web,hoat_dong,2026-04-03,MON_LY,Vật lý,tu_nhien,ca_hai,Cải thiện điểm số,250000,2,dang_tim_gia_su,2026-03-31
HS_WB_0242,Dương Thái Huy,THPT_MQ,THPT Mạc Đĩnh Chi,thpt,LOP_10,Lớp 10,thpt,KV_DN_ST,Sơn Trà,Sơn Trà,Đà Nẵng,xuat_sac,web,hoat_dong,2026-04-03,MON_LY,Vật lý,tu_nhien,truc_tiep,Cải thiện điểm số,200000,3,dang_tim_gia_su,2026-03-21
HS_WB_0243,Lê Bảo Trang,THPT_MQ,THPT Mạc Đĩnh Chi,thpt,LOP_10,Lớp 10,thpt,KV_HCM_Q7,Quận 7,Quận 7,Hồ Chí Minh,trung_binh,web,hoat_dong,2026-04-03,MON_ANH,Tiếng Anh,ngoai_ngu,online,Cải thiện điểm số,200000,4,dang_tim_gia_su,2026-04-02
HS_WB_0244,Dương Mai Vy,THPT_VTS,THPT Võ Thị Sáu,thpt,LOP_12,Lớp 12,thpt,KV_DN_CL,Cẩm Lệ,Cẩm Lệ,Đà Nẵng,xuat_sac,web,hoat_dong,2026-04-03,MON_ANH,Tiếng Anh,ngoai_ngu,truc_tiep,Cải thiện điểm số,250000,2,dang_tim_gia_su,2026-03-27
HS_WB_0245,Đặng Hoàng An,THPT_NVT,THPT Nguyễn Văn Trỗi,thpt,LOP_12,Lớp 12,thpt,KV_HN_TX,Thanh Xuân,Thanh Xuân,Hà Nội,gioi,web,hoat_dong,2026-04-03,MON_ANH,Tiếng Anh,ngoai_ngu,ca_hai,Cải thiện điểm số,150000,3,dang_tim_gia_su,2026-03-11
HS_WB_0246,Nguyễn Quang Đạt,THPT_NTH_HCM,THPT Nguyễn Thượng Hiền,thpt,LOP_09,Lớp 9,thcs,KV_HN_BD,Ba Đình,Ba Đình,Hà Nội,gioi,web,hoat_dong,2026-04-03,MON_ANH,Tiếng Anh,ngoai_ngu,online,Cải thiện điểm số,250000,2,dang_tim_gia_su,2026-03-14
HS_WB_0247,Trần Quang Đức,THPT_NTH_HCM,THPT Nguyễn Thượng Hiền,thpt,LOP_09,Lớp 9,thcs,KV_HN_HBT,Hai Bà Trưng,Hai Bà Trưng,Hà Nội,gioi,web,hoat_dong,2026-04-03,MON_LY,Vật lý,tu_nhien,ca_hai,Cải thiện điểm số,250000,4,dang_tim_gia_su,2026-03-17
HS_WB_0248,Hoàng Xuân Thảo,THPT_MC,THPT Marie Curie,thpt,LOP_12,Lớp 12,thpt,KV_DN_ST,Sơn Trà,Sơn Trà,Đà Nẵng,kha,web,hoat_dong,2026-04-03,MON_LY,Vật lý,tu_nhien,ca_hai,Cải thiện điểm số,150000,4,dang_tim_gia_su,2026-03-24
HS_WB_0249,Lý Trọng Phú,THPT_TD,THPT Thủ Đức,thpt,LOP_10,Lớp 10,thpt,KV_HN_BTL,Bắc Từ Liêm,Bắc Từ Liêm,Hà Nội,yeu,web,hoat_dong,2026-04-03,MON_TOAN,Toán,tu_nhien,truc_tiep,Cải thiện điểm số,250000,2,dang_tim_gia_su,2026-03-21
HS_WB_0250,Vũ Minh Kiệt,THPT_NTH_HCM,THPT Nguyễn Thượng Hiền,thpt,LOP_06,Lớp 6,thcs,KV_DN_ST,Sơn Trà,Sơn Trà,Đà Nẵng,xuat_sac,web,hoat_dong,2026-04-03,MON_ANH,Tiếng Anh,ngoai_ngu,truc_tiep,Cải thiện điểm số,250000,3,dang_tim_gia_su,2026-03-17
HS_WB_0251,Lê Hoàng Mai,THPT_PCT,THPT Chuyên Phan Châu Trinh,thpt,LOP_12,Lớp 12,thpt,KV_DN_ST,Sơn Trà,Sơn Trà,Đà Nẵng,xuat_sac,web,hoat_dong,2026-04-03,MON_TOAN,Toán,tu_nhien,online,Cải thiện điểm số,250000,2,dang_tim_gia_su,2026-03-16
HS_WB_0252,Bùi Minh Kiệt,THPT_BTX,THPT Bùi Thị Xuân,thpt,LOP_12,Lớp 12,thpt,KV_HCM_Q8,Quận 8,Quận 8,Hồ Chí Minh,xuat_sac,web,hoat_dong,2026-04-03,MON_TOAN,Toán,tu_nhien,truc_tiep,Cải thiện điểm số,150000,3,dang_tim_gia_su,2026-03-11
HS_WB_0253,Ngô Đức Nam,THPT_NH,THPT Nguyễn Hiền,thpt,LOP_06,Lớp 6,thcs,KV_HCM_GV,Gò Vấp,Gò Vấp,Hồ Chí Minh,xuat_sac,web,hoat_dong,2026-04-03,MON_LY,Vật lý,tu_nhien,truc_tiep,Cải thiện điểm số,200000,2,dang_tim_gia_su,2026-03-12
HS_WB_0254,Nguyễn Thái Hùng,THPT_MQ,THPT Mạc Đĩnh Chi,thpt,LOP_06,Lớp 6,thcs,KV_HCM_BT,Bình Thạnh,Bình Thạnh,Hồ Chí Minh,kha,web,hoat_dong,2026-04-03,MON_ANH,Tiếng Anh,ngoai_ngu,online,Cải thiện điểm số,200000,3,dang_tim_gia_su,2026-03-10
HS_WB_0255,Lê Mai Thu,THPT_PN,THPT Phú Nhuận,thpt,LOP_10,Lớp 10,thpt,KV_HN_NTL,Nam Từ Liêm,Nam Từ Liêm,Hà Nội,trung_binh,web,hoat_dong,2026-04-03,MON_TOAN,Toán,tu_nhien,truc_tiep,Cải thiện điểm số,200000,4,dang_tim_gia_su,2026-03-20
HS_WB_0256,Nguyễn Thái Đức,THPT_VD,THPT Việt Đức,thpt,LOP_09,Lớp 9,thcs,KV_DN_TK,Thanh Khê,Thanh Khê,Đà Nẵng,yeu,web,hoat_dong,2026-04-03,MON_VAN,Ngữ văn,xa_hoi,truc_tiep,Cải thiện điểm số,250000,3,dang_tim_gia_su,2026-03-05
HS_WB_0257,Hoàng Đình Đức,THPT_MC,THPT Marie Curie,thpt,LOP_10,Lớp 10,thpt,KV_HCM_Q10,Quận 10,Quận 10,Hồ Chí Minh,kha,web,hoat_dong,2026-04-03,MON_LY,Vật lý,tu_nhien,ca_hai,Cải thiện điểm số,150000,4,dang_tim_gia_su,2026-03-30
HS_WB_0258,Lê Quang Hùng,THPT_MQ,THPT Mạc Đĩnh Chi,thpt,LOP_09,Lớp 9,thcs,KV_HCM_Q7,Quận 7,Quận 7,Hồ Chí Minh,gioi,web,hoat_dong,2026-04-03,MON_ANH,Tiếng Anh,ngoai_ngu,ca_hai,Cải thiện điểm số,150000,3,dang_tim_gia_su,2026-03-15
HS_WB_0259,Đặng Quang Cường,THPT_DD,THPT Đống Đa,thpt,LOP_06,Lớp 6,thcs,KV_DN_LC,Liên Chiểu,Liên Chiểu,Đà Nẵng,trung_binh,web,hoat_dong,2026-04-03,MON_VAN,Ngữ văn,xa_hoi,truc_tiep,Cải thiện điểm số,150000,3,dang_tim_gia_su,2026-03-16
HS_WB_0260,Đỗ Hải Hùng,THPT_LQD_DN,THPT Chuyên Lê Quý Đôn,thpt,LOP_06,Lớp 6,thcs,KV_HN_BD,Ba Đình,Ba Đình,Hà Nội,yeu,web,hoat_dong,2026-04-03,MON_ANH,Tiếng Anh,ngoai_ngu,online,Cải thiện điểm số,200000,3,dang_tim_gia_su,2026-03-24
HS_WB_0261,Đỗ Hoàng Mai,THPT_DD,THPT Đống Đa,thpt,LOP_12,Lớp 12,thpt,KV_HCM_Q3,Quận 3,Quận 3,Hồ Chí Minh,xuat_sac,web,hoat_dong,2026-04-03,MON_VAN,Ngữ văn,xa_hoi,ca_hai,Cải thiện điểm số,200000,2,dang_tim_gia_su,2026-03-20
HS_WB_0262,Lê Xuân Vy,THPT_MC,THPT Marie Curie,thpt,LOP_10,Lớp 10,thpt,KV_HN_HM,Hoàng Mai,Hoàng Mai,Hà Nội,kha,web,hoat_dong,2026-04-03,MON_ANH,Tiếng Anh,ngoai_ngu,online,Cải thiện điểm số,250000,2,dang_tim_gia_su,2026-04-02
HS_WB_0263,Hoàng Hữu Huy,THPT_NT_HN,THPT Nguyễn Trãi - Ba Đình,thpt,LOP_10,Lớp 10,thpt,KV_HCM_Q7,Quận 7,Quận 7,Hồ Chí Minh,gioi,web,hoat_dong,2026-04-03,MON_VAN,Ngữ văn,xa_hoi,truc_tiep,Cải thiện điểm số,200000,3,dang_tim_gia_su,2026-03-26
HS_WB_0264,Hoàng Hoàng Mai,THPT_LQD_HN,THPT Lê Quý Đôn - Đống Đa,thpt,LOP_12,Lớp 12,thpt,KV_HN_BD,Ba Đình,Ba Đình,Hà Nội,yeu,web,hoat_dong,2026-04-03,MON_TOAN,Toán,tu_nhien,ca_hai,Cải thiện điểm số,150000,4,dang_tim_gia_su,2026-03-20
HS_WB_0265,Đặng Đức Khoa,THPT_LQD_HCM,THPT Lê Quý Đôn,thpt,LOP_12,Lớp 12,thpt,KV_HCM_Q5,Quận 5,Quận 5,Hồ Chí Minh,xuat_sac,web,hoat_dong,2026-04-03,MON_TOAN,Toán,tu_nhien,truc_tiep,Cải thiện điểm số,150000,2,dang_tim_gia_su,2026-03-13
HS_WB_0266,Phạm Hải Tuấn,THPT_NVT,THPT Nguyễn Văn Trỗi,thpt,LOP_12,Lớp 12,thpt,KV_HN_CG,Cầu Giấy,Cầu Giấy,Hà Nội,trung_binh,web,hoat_dong,2026-04-03,MON_ANH,Tiếng Anh,ngoai_ngu,truc_tiep,Cải thiện điểm số,200000,4,dang_tim_gia_su,2026-03-29
HS_WB_0267,Ngô Hồng An,THPT_NVT,THPT Nguyễn Văn Trỗi,thpt,LOP_06,Lớp 6,thcs,KV_HCM_TP,Tân Phú,Tân Phú,Hồ Chí Minh,xuat_sac,web,hoat_dong,2026-04-03,MON_LY,Vật lý,tu_nhien,truc_tiep,Cải thiện điểm số,250000,3,dang_tim_gia_su,2026-03-12
HS_WB_0268,Phạm Mai Linh,THPT_NTH_HCM,THPT Nguyễn Thượng Hiền,thpt,LOP_10,Lớp 10,thpt,KV_DN_HC,Hải Châu,Hải Châu,Đà Nẵng,yeu,web,hoat_dong,2026-04-03,MON_TOAN,Toán,tu_nhien,online,Cải thiện điểm số,250000,2,dang_tim_gia_su,2026-03-25
HS_WB_0269,Lý Hồng Linh,THPT_CVA,THPT Chu Văn An,thpt,LOP_10,Lớp 10,thpt,KV_HN_HBT,Hai Bà Trưng,Hai Bà Trưng,Hà Nội,yeu,web,hoat_dong,2026-04-03,MON_LY,Vật lý,tu_nhien,online,Cải thiện điểm số,200000,2,dang_tim_gia_su,2026-03-25
HS_WB_0270,Phạm Văn Nam,THPT_AMS,THPT Chuyên Hà Nội - Amsterdam,thpt,LOP_10,Lớp 10,thpt,KV_HN_NTL,Nam Từ Liêm,Nam Từ Liêm,Hà Nội,trung_binh,web,hoat_dong,2026-04-03,MON_ANH,Tiếng Anh,ngoai_ngu,online,Cải thiện điểm số,150000,3,dang_tim_gia_su,2026-03-16
HS_WB_0271,Hoàng Trọng Đức,THPT_NTH_HCM,THPT Nguyễn Thượng Hiền,thpt,LOP_12,Lớp 12,thpt,KV_HN_TX,Thanh Xuân,Thanh Xuân,Hà Nội,xuat_sac,web,hoat_dong,2026-04-03,MON_ANH,Tiếng Anh,ngoai_ngu,truc_tiep,Cải thiện điểm số,150000,2,dang_tim_gia_su,2026-03-15
HS_WB_0272,Đặng Hoàng Thảo,THPT_AMS,THPT Chuyên Hà Nội - Amsterdam,thpt,LOP_09,Lớp 9,thcs,KV_HN_TX,Thanh Xuân,Thanh Xuân,Hà Nội,trung_binh,web,hoat_dong,2026-04-03,MON_VAN,Ngữ văn,xa_hoi,online,Cải thiện điểm số,200000,4,dang_tim_gia_su,2026-03-04
HS_WB_0273,Bùi Minh Huy,THPT_LQD_HN,THPT Lê Quý Đôn - Đống Đa,thpt,LOP_12,Lớp 12,thpt,KV_HN_CG,Cầu Giấy,Cầu Giấy,Hà Nội,trung_binh,web,hoat_dong,2026-04-03,MON_LY,Vật lý,tu_nhien,ca_hai,Cải thiện điểm số,250000,3,dang_tim_gia_su,2026-03-27
HS_WB_0274,Hoàng Minh Đức,THPT_PCT,THPT Chuyên Phan Châu Trinh,thpt,LOP_12,Lớp 12,thpt,KV_HN_LB,Long Biên,Long Biên,Hà Nội,gioi,web,hoat_dong,2026-04-03,MON_LY,Vật lý,tu_nhien,truc_tiep,Cải thiện điểm số,150000,4,dang_tim_gia_su,2026-03-21
HS_WB_0275,Lê Hoàng Trang,THPT_NVT,THPT Nguyễn Văn Trỗi,thpt,LOP_09,Lớp 9,thcs,KV_DN_TK,Thanh Khê,Thanh Khê,Đà Nẵng,gioi,web,hoat_dong,2026-04-03,MON_VAN,Ngữ văn,xa_hoi,online,Cải thiện điểm số,250000,2,dang_tim_gia_su,2026-03-20
HS_WB_0276,Ngô Xuân Châu,THPT_LQD_HN,THPT Lê Quý Đôn - Đống Đa,thpt,LOP_09,Lớp 9,thcs,KV_HCM_Q4,Quận 4,Quận 4,Hồ Chí Minh,kha,web,hoat_dong,2026-04-03,MON_ANH,Tiếng Anh,ngoai_ngu,online,Cải thiện điểm số,150000,4,dang_tim_gia_su,2026-03-05
HS_WB_0277,Đỗ Thái Đức,THPT_OIK,THPT Ông Ích Khiêm,thpt,LOP_12,Lớp 12,thpt,KV_HN_HD,Hà Đông,Hà Đông,Hà Nội,yeu,web,hoat_dong,2026-04-03,MON_VAN,Ngữ văn,xa_hoi,ca_hai,Cải thiện điểm số,200000,3,dang_tim_gia_su,2026-03-31
HS_WB_0278,Bùi Hồng Hân,THPT_GD,THPT Gia Định,thpt,LOP_12,Lớp 12,thpt,KV_HN_TH,Tây Hồ,Tây Hồ,Hà Nội,trung_binh,web,hoat_dong,2026-04-03,MON_LY,Vật lý,tu_nhien,truc_tiep,Cải thiện điểm số,150000,4,dang_tim_gia_su,2026-03-14
HS_WB_0279,Đỗ Thị Vy,THPT_CVD,THPT Cẩm Lệ,thpt,LOP_12,Lớp 12,thpt,KV_DN_CL,Cẩm Lệ,Cẩm Lệ,Đà Nẵng,trung_binh,web,hoat_dong,2026-04-03,MON_TOAN,Toán,tu_nhien,online,Cải thiện điểm số,150000,2,dang_tim_gia_su,2026-03-23
HS_WB_0280,Lê Thị Mai,THPT_PCT,THPT Chuyên Phan Châu Trinh,thpt,LOP_06,Lớp 6,thcs,KV_HN_LB,Long Biên,Long Biên,Hà Nội,gioi,web,hoat_dong,2026-04-03,MON_LY,Vật lý,tu_nhien,ca_hai,Cải thiện điểm số,250000,4,dang_tim_gia_su,2026-03-18
HS_WB_0281,Trần Minh Cường,THPT_PCT,THPT Chuyên Phan Châu Trinh,thpt,LOP_06,Lớp 6,thcs,KV_HCM_BT,Bình Thạnh,Bình Thạnh,Hồ Chí Minh,kha,web,hoat_dong,2026-04-03,MON_TOAN,Toán,tu_nhien,truc_tiep,Cải thiện điểm số,250000,3,dang_tim_gia_su,2026-03-17
HS_WB_0282,Nguyễn Đình Huy,THPT_TP_HN,THPT Trần Phú - Hoàn Kiếm,thpt,LOP_12,Lớp 12,thpt,KV_HN_DD,Đống Đa,Đống Đa,Hà Nội,kha,web,hoat_dong,2026-04-03,MON_ANH,Tiếng Anh,ngoai_ngu,ca_hai,Cải thiện điểm số,200000,2,dang_tim_gia_su,2026-03-12
HS_WB_0283,Ngô Xuân Nhung,THPT_CG,THPT Cầu Giấy,thpt,LOP_10,Lớp 10,thpt,KV_HN_BD,Ba Đình,Ba Đình,Hà Nội,trung_binh,web,hoat_dong,2026-04-03,MON_ANH,Tiếng Anh,ngoai_ngu,ca_hai,Cải thiện điểm số,250000,4,dang_tim_gia_su,2026-03-29
HS_WB_0284,Lý Văn Hùng,THPT_CVA,THPT Chu Văn An,thpt,LOP_09,Lớp 9,thcs,KV_DN_HC,Hải Châu,Hải Châu,Đà Nẵng,gioi,web,hoat_dong,2026-04-03,MON_ANH,Tiếng Anh,ngoai_ngu,online,Cải thiện điểm số,250000,4,dang_tim_gia_su,2026-03-27
HS_WB_0285,Đỗ Đức Tuấn,THPT_MC,THPT Marie Curie,thpt,LOP_09,Lớp 9,thcs,KV_HCM_TD,Thủ Đức,Thủ Đức,Hồ Chí Minh,trung_binh,web,hoat_dong,2026-04-03,MON_VAN,Ngữ văn,xa_hoi,ca_hai,Cải thiện điểm số,200000,3,dang_tim_gia_su,2026-03-25
HS_WB_0286,Hoàng Thị Châu,THPT_OIK,THPT Ông Ích Khiêm,thpt,LOP_10,Lớp 10,thpt,KV_HCM_Q3,Quận 3,Quận 3,Hồ Chí Minh,xuat_sac,web,hoat_dong,2026-04-03,MON_TOAN,Toán,tu_nhien,truc_tiep,Cải thiện điểm số,250000,3,dang_tim_gia_su,2026-03-28
HS_WB_0287,Vũ Hữu Đạt,THPT_TDN,THPT Chuyên Trần Đại Nghĩa,thpt,LOP_09,Lớp 9,thcs,KV_HN_CG,Cầu Giấy,Cầu Giấy,Hà Nội,trung_binh,web,hoat_dong,2026-04-03,MON_TOAN,Toán,tu_nhien,online,Cải thiện điểm số,250000,2,dang_tim_gia_su,2026-03-26
HS_WB_0288,Lý Văn Nam,THPT_LHP,THPT Chuyên Lê Hồng Phong,thpt,LOP_10,Lớp 10,thpt,KV_HCM_GV,Gò Vấp,Gò Vấp,Hồ Chí Minh,xuat_sac,web,hoat_dong,2026-04-03,MON_LY,Vật lý,tu_nhien,ca_hai,Cải thiện điểm số,250000,4,dang_tim_gia_su,2026-03-04
HS_WB_0289,Dương Thanh Hân,THPT_LQD_DN,THPT Chuyên Lê Quý Đôn,thpt,LOP_12,Lớp 12,thpt,KV_HN_BTL,Bắc Từ Liêm,Bắc Từ Liêm,Hà Nội,yeu,web,hoat_dong,2026-04-03,MON_VAN,Ngữ văn,xa_hoi,ca_hai,Cải thiện điểm số,250000,2,dang_tim_gia_su,2026-03-22
HS_WB_0290,Ngô Văn Huy,THPT_AMS,THPT Chuyên Hà Nội - Amsterdam,thpt,LOP_10,Lớp 10,thpt,KV_HCM_BT,Bình Thạnh,Bình Thạnh,Hồ Chí Minh,yeu,web,hoat_dong,2026-04-03,MON_ANH,Tiếng Anh,ngoai_ngu,online,Cải thiện điểm số,250000,3,dang_tim_gia_su,2026-03-30
HS_WB_0291,Vũ Quang Đạt,THPT_VTS,THPT Võ Thị Sáu,thpt,LOP_12,Lớp 12,thpt,KV_HCM_TB,Tân Bình,Tân Bình,Hồ Chí Minh,gioi,web,hoat_dong,2026-04-03,MON_LY,Vật lý,tu_nhien,truc_tiep,Cải thiện điểm số,250000,3,dang_tim_gia_su,2026-03-20
HS_WB_0292,Phạm Hải Phú,THPT_TL,THPT Thăng Long,thpt,LOP_10,Lớp 10,thpt,KV_HN_DD,Đống Đa,Đống Đa,Hà Nội,kha,web,hoat_dong,2026-04-03,MON_LY,Vật lý,tu_nhien,ca_hai,Cải thiện điểm số,150000,2,dang_tim_gia_su,2026-03-24
HS_WB_0293,Hoàng Hải Đức,THPT_LHP,THPT Chuyên Lê Hồng Phong,thpt,LOP_12,Lớp 12,thpt,KV_HN_HBT,Hai Bà Trưng,Hai Bà Trưng,Hà Nội,trung_binh,web,hoat_dong,2026-04-03,MON_ANH,Tiếng Anh,ngoai_ngu,online,Cải thiện điểm số,250000,4,dang_tim_gia_su,2026-03-30
HS_WB_0294,Dương Xuân Châu,THPT_LQD_DN,THPT Chuyên Lê Quý Đôn,thpt,LOP_12,Lớp 12,thpt,KV_HN_CG,Cầu Giấy,Cầu Giấy,Hà Nội,xuat_sac,web,hoat_dong,2026-04-03,MON_LY,Vật lý,tu_nhien,truc_tiep,Cải thiện điểm số,250000,2,dang_tim_gia_su,2026-03-29
HS_WB_0295,Phạm Thái Nam,THPT_NMK,THPT Nguyễn Thị Minh Khai,thpt,LOP_12,Lớp 12,thpt,KV_DN_TK,Thanh Khê,Thanh Khê,Đà Nẵng,kha,web,hoat_dong,2026-04-03,MON_LY,Vật lý,tu_nhien,truc_tiep,Cải thiện điểm số,200000,4,dang_tim_gia_su,2026-03-20
HS_WB_0296,Nguyễn Đức Huy,THPT_LQD_HN,THPT Lê Quý Đôn - Đống Đa,thpt,LOP_10,Lớp 10,thpt,KV_HCM_TD,Thủ Đức,Thủ Đức,Hồ Chí Minh,xuat_sac,web,hoat_dong,2026-04-03,MON_LY,Vật lý,tu_nhien,ca_hai,Cải thiện điểm số,150000,2,dang_tim_gia_su,2026-04-03
HS_WB_0297,Đỗ Quang Đạt,THPT_NTH_HCM,THPT Nguyễn Thượng Hiền,thpt,LOP_06,Lớp 6,thcs,KV_HN_CG,Cầu Giấy,Cầu Giấy,Hà Nội,yeu,web,hoat_dong,2026-04-03,MON_TOAN,Toán,tu_nhien,online,Cải thiện điểm số,250000,4,dang_tim_gia_su,2026-03-05
HS_WB_0298,Trần Minh Hùng,THPT_DA,THPT Đông Anh,thpt,LOP_06,Lớp 6,thcs,KV_HN_BTL,Bắc Từ Liêm,Bắc Từ Liêm,Hà Nội,trung_binh,web,hoat_dong,2026-04-03,MON_TOAN,Toán,tu_nhien,ca_hai,Cải thiện điểm số,250000,2,dang_tim_gia_su,2026-03-09
HS_WB_0299,Đặng Mai Trang,THPT_CVA,THPT Chu Văn An,thpt,LOP_10,Lớp 10,thpt,KV_HCM_Q7,Quận 7,Quận 7,Hồ Chí Minh,trung_binh,web,hoat_dong,2026-04-03,MON_LY,Vật lý,tu_nhien,truc_tiep,Cải thiện điểm số,150000,4,dang_tim_gia_su,2026-03-07
HS_WB_0300,Ngô Hồng Châu,THPT_PDP,THPT Phan Đình Phùng,thpt,LOP_12,Lớp 12,thpt,KV_HN_TH,Tây Hồ,Tây Hồ,Hà Nội,xuat_sac,web,hoat_dong,2026-04-03,MON_VAN,Ngữ văn,xa_hoi,ca_hai,Cải thiện điểm số,200000,2,dang_tim_gia_su,2026-03-12
HS_WB_0301,Bùi Mai Hân,THPT_TDN,THPT Chuyên Trần Đại Nghĩa,thpt,LOP_09,Lớp 9,thcs,KV_HCM_Q5,Quận 5,Quận 5,Hồ Chí Minh,xuat_sac,web,hoat_dong,2026-04-03,MON_ANH,Tiếng Anh,ngoai_ngu,ca_hai,Cải thiện điểm số,150000,4,dang_tim_gia_su,2026-03-15
HS_WB_0302,Ngô Trọng Phú,THPT_CBQ,THPT Cao Bá Quát,thpt,LOP_06,Lớp 6,thcs,KV_HCM_Q1,Quận 1,Quận 1,Hồ Chí Minh,xuat_sac,web,hoat_dong,2026-04-03,MON_TOAN,Toán,tu_nhien,online,Cải thiện điểm số,150000,4,dang_tim_gia_su,2026-03-14
HS_WB_0303,Ngô Thu Nhung,THPT_LHP,THPT Chuyên Lê Hồng Phong,thpt,LOP_12,Lớp 12,thpt,KV_HN_DD,Đống Đa,Đống Đa,Hà Nội,gioi,web,hoat_dong,2026-04-03,MON_VAN,Ngữ văn,xa_hoi,ca_hai,Cải thiện điểm số,200000,2,dang_tim_gia_su,2026-03-07
HS_WB_0304,Nguyễn Xuân Vy,THPT_NHS,THPT Ngũ Hành Sơn,thpt,LOP_12,Lớp 12,thpt,KV_DN_TK,Thanh Khê,Thanh Khê,Đà Nẵng,kha,web,hoat_dong,2026-04-03,MON_LY,Vật lý,tu_nhien,online,Cải thiện điểm số,200000,2,dang_tim_gia_su,2026-03-04
HS_WB_0305,Bùi Thị Thu,THPT_DD,THPT Đống Đa,thpt,LOP_06,Lớp 6,thcs,KV_HCM_TP,Tân Phú,Tân Phú,Hồ Chí Minh,trung_binh,web,hoat_dong,2026-04-03,MON_TOAN,Toán,tu_nhien,ca_hai,Cải thiện điểm số,250000,2,dang_tim_gia_su,2026-03-06
HS_WB_0306,Dương Hải Khoa,THPT_TP_DN,THPT Trần Phú,thpt,LOP_06,Lớp 6,thcs,KV_HCM_Q7,Quận 7,Quận 7,Hồ Chí Minh,xuat_sac,web,hoat_dong,2026-04-03,MON_LY,Vật lý,tu_nhien,online,Cải thiện điểm số,200000,2,dang_tim_gia_su,2026-04-01
HS_WB_0307,Vũ Xuân Hân,THPT_CVD,THPT Cẩm Lệ,thpt,LOP_12,Lớp 12,thpt,KV_HCM_Q1,Quận 1,Quận 1,Hồ Chí Minh,yeu,web,hoat_dong,2026-04-03,MON_LY,Vật lý,tu_nhien,online,Cải thiện điểm số,150000,2,dang_tim_gia_su,2026-03-13
HS_WB_0308,Đặng Thanh Nhung,THPT_PDP,THPT Phan Đình Phùng,thpt,LOP_10,Lớp 10,thpt,KV_HN_DD,Đống Đa,Đống Đa,Hà Nội,yeu,web,hoat_dong,2026-04-03,MON_LY,Vật lý,tu_nhien,ca_hai,Cải thiện điểm số,250000,4,dang_tim_gia_su,2026-03-30
HS_WB_0309,Phạm Hữu Huy,THPT_TDN,THPT Chuyên Trần Đại Nghĩa,thpt,LOP_10,Lớp 10,thpt,KV_HN_HM,Hoàng Mai,Hoàng Mai,Hà Nội,trung_binh,web,hoat_dong,2026-04-03,MON_TOAN,Toán,tu_nhien,online,Cải thiện điểm số,250000,3,dang_tim_gia_su,2026-03-23
HS_WB_0310,Hoàng Thái Tuấn,THPT_NT_HCM,THPT Nguyễn Trãi,thpt,LOP_09,Lớp 9,thcs,KV_HCM_PN,Phú Nhuận,Phú Nhuận,Hồ Chí Minh,xuat_sac,web,hoat_dong,2026-04-03,MON_VAN,Ngữ văn,xa_hoi,truc_tiep,Cải thiện điểm số,250000,3,dang_tim_gia_su,2026-03-19
HS_WB_0311,Đỗ Thu Hân,THPT_CBQ,THPT Cao Bá Quát,thpt,LOP_12,Lớp 12,thpt,KV_DN_NHS,Ngũ Hành Sơn,Ngũ Hành Sơn,Đà Nẵng,kha,web,hoat_dong,2026-04-03,MON_VAN,Ngữ văn,xa_hoi,online,Cải thiện điểm số,250000,2,dang_tim_gia_su,2026-03-14
HS_WB_0312,Đỗ Hải Đức,THPT_CBQ,THPT Cao Bá Quát,thpt,LOP_10,Lớp 10,thpt,KV_HCM_GV,Gò Vấp,Gò Vấp,Hồ Chí Minh,gioi,web,hoat_dong,2026-04-03,MON_LY,Vật lý,tu_nhien,ca_hai,Cải thiện điểm số,250000,2,dang_tim_gia_su,2026-03-27
HS_WB_0313,Hoàng Thái Khoa,THPT_MQ,THPT Mạc Đĩnh Chi,thpt,LOP_12,Lớp 12,thpt,KV_HN_CG,Cầu Giấy,Cầu Giấy,Hà Nội,yeu,web,hoat_dong,2026-04-03,MON_LY,Vật lý,tu_nhien,ca_hai,Cải thiện điểm số,250000,2,dang_tim_gia_su,2026-03-30
HS_WB_0314,Bùi Đức Kiệt,THPT_LHP,THPT Chuyên Lê Hồng Phong,thpt,LOP_06,Lớp 6,thcs,KV_DN_CL,Cẩm Lệ,Cẩm Lệ,Đà Nẵng,yeu,web,hoat_dong,2026-04-03,MON_VAN,Ngữ văn,xa_hoi,truc_tiep,Cải thiện điểm số,250000,2,dang_tim_gia_su,2026-03-06
HS_WB_0315,Đỗ Quang Huy,THPT_LQD_DN,THPT Chuyên Lê Quý Đôn,thpt,LOP_10,Lớp 10,thpt,KV_DN_NHS,Ngũ Hành Sơn,Ngũ Hành Sơn,Đà Nẵng,yeu,web,hoat_dong,2026-04-03,MON_LY,Vật lý,tu_nhien,online,Cải thiện điểm số,150000,3,dang_tim_gia_su,2026-03-13
HS_WB_0316,Phạm Thanh Hân,THPT_GD,THPT Gia Định,thpt,LOP_09,Lớp 9,thcs,KV_HN_TX,Thanh Xuân,Thanh Xuân,Hà Nội,xuat_sac,web,hoat_dong,2026-04-03,MON_VAN,Ngữ văn,xa_hoi,truc_tiep,Cải thiện điểm số,200000,4,dang_tim_gia_su,2026-03-05
HS_WB_0317,Trần Minh Khoa,THPT_MC,THPT Marie Curie,thpt,LOP_06,Lớp 6,thcs,KV_HCM_BT,Bình Thạnh,Bình Thạnh,Hồ Chí Minh,gioi,web,hoat_dong,2026-04-03,MON_VAN,Ngữ văn,xa_hoi,online,Cải thiện điểm số,150000,3,dang_tim_gia_su,2026-03-19
HS_WB_0318,Đỗ Quang Kiệt,THPT_TTT,THPT Tôn Thất Tùng,thpt,LOP_09,Lớp 9,thcs,KV_HN_TH,Tây Hồ,Tây Hồ,Hà Nội,trung_binh,web,hoat_dong,2026-04-03,MON_LY,Vật lý,tu_nhien,online,Cải thiện điểm số,150000,2,dang_tim_gia_su,2026-03-19
HS_WB_0319,Trần Đức Hùng,THPT_NMK,THPT Nguyễn Thị Minh Khai,thpt,LOP_10,Lớp 10,thpt,KV_HCM_GV,Gò Vấp,Gò Vấp,Hồ Chí Minh,kha,web,hoat_dong,2026-04-03,MON_ANH,Tiếng Anh,ngoai_ngu,ca_hai,Cải thiện điểm số,150000,3,dang_tim_gia_su,2026-03-19
HS_WB_0320,Nguyễn Thị Hân,THPT_HHT,THPT Hoàng Hoa Thám,thpt,LOP_09,Lớp 9,thcs,KV_HCM_Q1,Quận 1,Quận 1,Hồ Chí Minh,gioi,web,hoat_dong,2026-04-03,MON_VAN,Ngữ văn,xa_hoi,online,Cải thiện điểm số,150000,4,dang_tim_gia_su,2026-04-03
HS_WB_0321,Dương Văn Cường,THPT_TD,THPT Thủ Đức,thpt,LOP_10,Lớp 10,thpt,KV_HN_NTL,Nam Từ Liêm,Nam Từ Liêm,Hà Nội,trung_binh,web,hoat_dong,2026-04-03,MON_TOAN,Toán,tu_nhien,ca_hai,Cải thiện điểm số,150000,4,dang_tim_gia_su,2026-03-25
HS_WB_0322,Hoàng Hữu Phú,THPT_NVT,THPT Nguyễn Văn Trỗi,thpt,LOP_12,Lớp 12,thpt,KV_HCM_Q5,Quận 5,Quận 5,Hồ Chí Minh,yeu,web,hoat_dong,2026-04-03,MON_TOAN,Toán,tu_nhien,online,Cải thiện điểm số,250000,3,dang_tim_gia_su,2026-03-29
HS_WB_0323,Dương Hoàng Châu,THPT_MC,THPT Marie Curie,thpt,LOP_10,Lớp 10,thpt,KV_HCM_TP,Tân Phú,Tân Phú,Hồ Chí Minh,yeu,web,hoat_dong,2026-04-03,MON_ANH,Tiếng Anh,ngoai_ngu,ca_hai,Cải thiện điểm số,200000,2,dang_tim_gia_su,2026-03-08
HS_WB_0324,Đỗ Thị Châu,THPT_NMK,THPT Nguyễn Thị Minh Khai,thpt,LOP_10,Lớp 10,thpt,KV_HN_HBT,Hai Bà Trưng,Hai Bà Trưng,Hà Nội,gioi,web,hoat_dong,2026-04-03,MON_VAN,Ngữ văn,xa_hoi,ca_hai,Cải thiện điểm số,250000,2,dang_tim_gia_su,2026-03-16
HS_WB_0325,Trần Hải Đạt,THPT_KL,THPT Kim Liên,thpt,LOP_12,Lớp 12,thpt,KV_DN_ST,Sơn Trà,Sơn Trà,Đà Nẵng,xuat_sac,web,hoat_dong,2026-04-03,MON_VAN,Ngữ văn,xa_hoi,online,Cải thiện điểm số,250000,2,dang_tim_gia_su,2026-03-13
HS_WB_0326,Bùi Đức Khoa,THPT_PDP,THPT Phan Đình Phùng,thpt,LOP_06,Lớp 6,thcs,KV_HCM_Q8,Quận 8,Quận 8,Hồ Chí Minh,kha,web,hoat_dong,2026-04-03,MON_VAN,Ngữ văn,xa_hoi,online,Cải thiện điểm số,250000,2,dang_tim_gia_su,2026-03-25
HS_WB_0327,Trần Đình Tuấn,THPT_HHT,THPT Hoàng Hoa Thám,thpt,LOP_09,Lớp 9,thcs,KV_HN_HM,Hoàng Mai,Hoàng Mai,Hà Nội,kha,web,hoat_dong,2026-04-03,MON_ANH,Tiếng Anh,ngoai_ngu,online,Cải thiện điểm số,250000,2,dang_tim_gia_su,2026-03-07
HS_WB_0328,Lý Thanh Linh,THPT_HHT,THPT Hoàng Hoa Thám,thpt,LOP_09,Lớp 9,thcs,KV_HCM_Q4,Quận 4,Quận 4,Hồ Chí Minh,yeu,web,hoat_dong,2026-04-03,MON_LY,Vật lý,tu_nhien,truc_tiep,Cải thiện điểm số,150000,3,dang_tim_gia_su,2026-03-22
HS_WB_0329,Trần Thái Huy,THPT_CG,THPT Cầu Giấy,thpt,LOP_06,Lớp 6,thcs,KV_HCM_Q7,Quận 7,Quận 7,Hồ Chí Minh,kha,web,hoat_dong,2026-04-03,MON_ANH,Tiếng Anh,ngoai_ngu,truc_tiep,Cải thiện điểm số,250000,2,dang_tim_gia_su,2026-03-09
HS_WB_0330,Bùi Bảo Châu,THPT_CVA,THPT Chu Văn An,thpt,LOP_09,Lớp 9,thcs,KV_HN_HD,Hà Đông,Hà Đông,Hà Nội,xuat_sac,web,hoat_dong,2026-04-03,MON_TOAN,Toán,tu_nhien,truc_tiep,Cải thiện điểm số,150000,4,dang_tim_gia_su,2026-03-09
HS_WB_0331,Dương Hữu Đức,THPT_LHP,THPT Chuyên Lê Hồng Phong,thpt,LOP_09,Lớp 9,thcs,KV_HN_HK,Hoàn Kiếm,Hoàn Kiếm,Hà Nội,gioi,web,hoat_dong,2026-04-03,MON_VAN,Ngữ văn,xa_hoi,ca_hai,Cải thiện điểm số,250000,3,dang_tim_gia_su,2026-03-21
HS_WB_0332,Phạm Hữu Khoa,THPT_CVD,THPT Cẩm Lệ,thpt,LOP_09,Lớp 9,thcs,KV_HCM_BT,Bình Thạnh,Bình Thạnh,Hồ Chí Minh,kha,web,hoat_dong,2026-04-03,MON_ANH,Tiếng Anh,ngoai_ngu,ca_hai,Cải thiện điểm số,200000,2,dang_tim_gia_su,2026-03-24
HS_WB_0333,Phạm Đình Phú,THPT_ST,THPT Sơn Tây,thpt,LOP_12,Lớp 12,thpt,KV_DN_ST,Sơn Trà,Sơn Trà,Đà Nẵng,kha,web,hoat_dong,2026-04-03,MON_ANH,Tiếng Anh,ngoai_ngu,online,Cải thiện điểm số,250000,3,dang_tim_gia_su,2026-04-02
HS_WB_0334,Nguyễn Hải Đức,THPT_TDN,THPT Chuyên Trần Đại Nghĩa,thpt,LOP_12,Lớp 12,thpt,KV_HN_TH,Tây Hồ,Tây Hồ,Hà Nội,trung_binh,web,hoat_dong,2026-04-03,MON_ANH,Tiếng Anh,ngoai_ngu,truc_tiep,Cải thiện điểm số,250000,4,dang_tim_gia_su,2026-03-10
HS_WB_0335,Phạm Minh Khoa,THPT_MQ,THPT Mạc Đĩnh Chi,thpt,LOP_12,Lớp 12,thpt,KV_HCM_TD,Thủ Đức,Thủ Đức,Hồ Chí Minh,xuat_sac,web,hoat_dong,2026-04-03,MON_TOAN,Toán,tu_nhien,online,Cải thiện điểm số,150000,2,dang_tim_gia_su,2026-03-09
HS_WB_0336,Bùi Minh Phú,THPT_KL,THPT Kim Liên,thpt,LOP_10,Lớp 10,thpt,KV_HN_TX,Thanh Xuân,Thanh Xuân,Hà Nội,yeu,web,hoat_dong,2026-04-03,MON_TOAN,Toán,tu_nhien,truc_tiep,Cải thiện điểm số,250000,3,dang_tim_gia_su,2026-03-15
HS_WB_0337,Đặng Trọng Huy,THPT_OIK,THPT Ông Ích Khiêm,thpt,LOP_06,Lớp 6,thcs,KV_HN_HBT,Hai Bà Trưng,Hai Bà Trưng,Hà Nội,gioi,web,hoat_dong,2026-04-03,MON_TOAN,Toán,tu_nhien,truc_tiep,Cải thiện điểm số,200000,4,dang_tim_gia_su,2026-03-25
HS_WB_0338,Đặng Đình Tuấn,THPT_CVA,THPT Chu Văn An,thpt,LOP_09,Lớp 9,thcs,KV_HN_DD,Đống Đa,Đống Đa,Hà Nội,xuat_sac,web,hoat_dong,2026-04-03,MON_LY,Vật lý,tu_nhien,online,Cải thiện điểm số,250000,4,dang_tim_gia_su,2026-03-10
HS_WB_0339,Vũ Hữu Đạt,THPT_LQD_HCM,THPT Lê Quý Đôn,thpt,LOP_10,Lớp 10,thpt,KV_HN_HK,Hoàn Kiếm,Hoàn Kiếm,Hà Nội,trung_binh,web,hoat_dong,2026-04-03,MON_ANH,Tiếng Anh,ngoai_ngu,online,Cải thiện điểm số,150000,3,dang_tim_gia_su,2026-03-12
HS_WB_0340,Lê Bảo Trang,THPT_MC,THPT Marie Curie,thpt,LOP_09,Lớp 9,thcs,KV_HN_BTL,Bắc Từ Liêm,Bắc Từ Liêm,Hà Nội,gioi,web,hoat_dong,2026-04-03,MON_ANH,Tiếng Anh,ngoai_ngu,truc_tiep,Cải thiện điểm số,200000,3,dang_tim_gia_su,2026-03-21
HS_WB_0341,Bùi Đình Tuấn,THPT_VTS,THPT Võ Thị Sáu,thpt,LOP_09,Lớp 9,thcs,KV_HCM_TP,Tân Phú,Tân Phú,Hồ Chí Minh,kha,web,hoat_dong,2026-04-03,MON_LY,Vật lý,tu_nhien,online,Cải thiện điểm số,250000,4,dang_tim_gia_su,2026-03-24
HS_WB_0342,Phạm Bảo Vy,THPT_NVT,THPT Nguyễn Văn Trỗi,thpt,LOP_12,Lớp 12,thpt,KV_HN_HD,Hà Đông,Hà Đông,Hà Nội,trung_binh,web,hoat_dong,2026-04-03,MON_ANH,Tiếng Anh,ngoai_ngu,truc_tiep,Cải thiện điểm số,250000,2,dang_tim_gia_su,2026-03-06
HS_WB_0343,Lê Quang Cường,THPT_DD,THPT Đống Đa,thpt,LOP_12,Lớp 12,thpt,KV_HN_HBT,Hai Bà Trưng,Hai Bà Trưng,Hà Nội,kha,web,hoat_dong,2026-04-03,MON_TOAN,Toán,tu_nhien,online,Cải thiện điểm số,200000,2,dang_tim_gia_su,2026-03-11
HS_WB_0344,Đặng Thị Châu,THPT_LQD_HN,THPT Lê Quý Đôn - Đống Đa,thpt,LOP_10,Lớp 10,thpt,KV_HCM_TB,Tân Bình,Tân Bình,Hồ Chí Minh,gioi,web,hoat_dong,2026-04-03,MON_LY,Vật lý,tu_nhien,ca_hai,Cải thiện điểm số,200000,2,dang_tim_gia_su,2026-03-11
HS_WB_0345,Trần Thị Thu,THPT_VD,THPT Việt Đức,thpt,LOP_06,Lớp 6,thcs,KV_HN_NTL,Nam Từ Liêm,Nam Từ Liêm,Hà Nội,yeu,web,hoat_dong,2026-04-03,MON_VAN,Ngữ văn,xa_hoi,online,Cải thiện điểm số,150000,4,dang_tim_gia_su,2026-03-25
HS_WB_0346,Trần Thái Đạt,THPT_GD,THPT Gia Định,thpt,LOP_09,Lớp 9,thcs,KV_HN_HD,Hà Đông,Hà Đông,Hà Nội,trung_binh,web,hoat_dong,2026-04-03,MON_ANH,Tiếng Anh,ngoai_ngu,online,Cải thiện điểm số,250000,4,dang_tim_gia_su,2026-03-19
HS_WB_0347,Phạm Hoàng Trang,THPT_TL,THPT Thăng Long,thpt,LOP_10,Lớp 10,thpt,KV_HCM_TB,Tân Bình,Tân Bình,Hồ Chí Minh,xuat_sac,web,hoat_dong,2026-04-03,MON_VAN,Ngữ văn,xa_hoi,ca_hai,Cải thiện điểm số,150000,4,dang_tim_gia_su,2026-03-31
HS_WB_0348,Hoàng Trọng Nam,THPT_LQD_HCM,THPT Lê Quý Đôn,thpt,LOP_09,Lớp 9,thcs,KV_HCM_Q4,Quận 4,Quận 4,Hồ Chí Minh,xuat_sac,web,hoat_dong,2026-04-03,MON_LY,Vật lý,tu_nhien,ca_hai,Cải thiện điểm số,150000,2,dang_tim_gia_su,2026-03-13
HS_WB_0349,Nguyễn Văn Cường,THPT_LQD_HCM,THPT Lê Quý Đôn,thpt,LOP_06,Lớp 6,thcs,KV_DN_ST,Sơn Trà,Sơn Trà,Đà Nẵng,gioi,web,hoat_dong,2026-04-03,MON_LY,Vật lý,tu_nhien,online,Cải thiện điểm số,150000,2,dang_tim_gia_su,2026-03-22
HS_WB_0350,Đặng Mai Trang,THPT_LHP,THPT Chuyên Lê Hồng Phong,thpt,LOP_10,Lớp 10,thpt,KV_HN_BTL,Bắc Từ Liêm,Bắc Từ Liêm,Hà Nội,gioi,web,hoat_dong,2026-04-03,MON_LY,Vật lý,tu_nhien,truc_tiep,Cải thiện điểm số,150000,4,dang_tim_gia_su,2026-03-31
HS_WB_0351,Lê Hoàng Nhung,THPT_NVT,THPT Nguyễn Văn Trỗi,thpt,LOP_12,Lớp 12,thpt,KV_HN_BD,Ba Đình,Ba Đình,Hà Nội,yeu,web,hoat_dong,2026-04-03,MON_LY,Vật lý,tu_nhien,ca_hai,Cải thiện điểm số,150000,4,dang_tim_gia_su,2026-03-07
HS_WB_0352,Lý Xuân Mai,THPT_ST,THPT Sơn Tây,thpt,LOP_12,Lớp 12,thpt,KV_HN_TX,Thanh Xuân,Thanh Xuân,Hà Nội,kha,web,hoat_dong,2026-04-03,MON_ANH,Tiếng Anh,ngoai_ngu,truc_tiep,Cải thiện điểm số,250000,2,dang_tim_gia_su,2026-03-07
HS_WB_0353,Lê Minh Kiệt,THPT_NT_HCM,THPT Nguyễn Trãi,thpt,LOP_12,Lớp 12,thpt,KV_HCM_TD,Thủ Đức,Thủ Đức,Hồ Chí Minh,trung_binh,web,hoat_dong,2026-04-03,MON_LY,Vật lý,tu_nhien,truc_tiep,Cải thiện điểm số,200000,4,dang_tim_gia_su,2026-03-21
HS_WB_0354,Dương Mai Linh,THPT_BTX,THPT Bùi Thị Xuân,thpt,LOP_12,Lớp 12,thpt,KV_HCM_TB,Tân Bình,Tân Bình,Hồ Chí Minh,xuat_sac,web,hoat_dong,2026-04-03,MON_TOAN,Toán,tu_nhien,ca_hai,Cải thiện điểm số,200000,4,dang_tim_gia_su,2026-03-19
HS_WB_0355,Nguyễn Thị Thu,THPT_CVA,THPT Chu Văn An,thpt,LOP_10,Lớp 10,thpt,KV_HN_HBT,Hai Bà Trưng,Hai Bà Trưng,Hà Nội,kha,web,hoat_dong,2026-04-03,MON_LY,Vật lý,tu_nhien,online,Cải thiện điểm số,200000,3,dang_tim_gia_su,2026-03-07
HS_WB_0356,Trần Thái Phú,THPT_DD,THPT Đống Đa,thpt,LOP_12,Lớp 12,thpt,KV_HCM_Q4,Quận 4,Quận 4,Hồ Chí Minh,trung_binh,web,hoat_dong,2026-04-03,MON_TOAN,Toán,tu_nhien,truc_tiep,Cải thiện điểm số,200000,3,dang_tim_gia_su,2026-03-15
HS_WB_0357,Đặng Thu Vy,THPT_TTT,THPT Tôn Thất Tùng,thpt,LOP_06,Lớp 6,thcs,KV_DN_CL,Cẩm Lệ,Cẩm Lệ,Đà Nẵng,gioi,web,hoat_dong,2026-04-03,MON_LY,Vật lý,tu_nhien,ca_hai,Cải thiện điểm số,150000,3,dang_tim_gia_su,2026-03-12
HS_WB_0358,Bùi Hoàng Thảo,THPT_OIK,THPT Ông Ích Khiêm,thpt,LOP_12,Lớp 12,thpt,KV_HCM_Q7,Quận 7,Quận 7,Hồ Chí Minh,yeu,web,hoat_dong,2026-04-03,MON_VAN,Ngữ văn,xa_hoi,ca_hai,Cải thiện điểm số,150000,4,dang_tim_gia_su,2026-03-12
HS_WB_0359,Dương Thái Phú,THPT_TDN,THPT Chuyên Trần Đại Nghĩa,thpt,LOP_10,Lớp 10,thpt,KV_HN_BTL,Bắc Từ Liêm,Bắc Từ Liêm,Hà Nội,gioi,web,hoat_dong,2026-04-03,MON_VAN,Ngữ văn,xa_hoi,online,Cải thiện điểm số,200000,2,dang_tim_gia_su,2026-04-02
HS_WB_0360,Vũ Thái Tuấn,THPT_LQD_DN,THPT Chuyên Lê Quý Đôn,thpt,LOP_06,Lớp 6,thcs,KV_HCM_PN,Phú Nhuận,Phú Nhuận,Hồ Chí Minh,xuat_sac,web,hoat_dong,2026-04-03,MON_LY,Vật lý,tu_nhien,online,Cải thiện điểm số,250000,4,dang_tim_gia_su,2026-04-03
HS_WB_0361,Lê Hoàng Vy,THPT_TPh,THPT Thái Phiên,thpt,LOP_06,Lớp 6,thcs,KV_HCM_Q1,Quận 1,Quận 1,Hồ Chí Minh,yeu,web,hoat_dong,2026-04-03,MON_LY,Vật lý,tu_nhien,ca_hai,Cải thiện điểm số,250000,2,dang_tim_gia_su,2026-03-25
HS_WB_0362,Dương Thu An,THPT_PCT,THPT Chuyên Phan Châu Trinh,thpt,LOP_10,Lớp 10,thpt,KV_HCM_Q10,Quận 10,Quận 10,Hồ Chí Minh,yeu,web,hoat_dong,2026-04-03,MON_VAN,Ngữ văn,xa_hoi,online,Cải thiện điểm số,150000,2,dang_tim_gia_su,2026-03-16
HS_WB_0363,Đỗ Hải Huy,THPT_NVT,THPT Nguyễn Văn Trỗi,thpt,LOP_09,Lớp 9,thcs,KV_HN_DD,Đống Đa,Đống Đa,Hà Nội,gioi,web,hoat_dong,2026-04-03,MON_VAN,Ngữ văn,xa_hoi,ca_hai,Cải thiện điểm số,150000,4,dang_tim_gia_su,2026-03-05
HS_WB_0364,Nguyễn Thu Mai,THPT_LQD_HCM,THPT Lê Quý Đôn,thpt,LOP_06,Lớp 6,thcs,KV_HCM_Q10,Quận 10,Quận 10,Hồ Chí Minh,kha,web,hoat_dong,2026-04-03,MON_VAN,Ngữ văn,xa_hoi,truc_tiep,Cải thiện điểm số,250000,2,dang_tim_gia_su,2026-03-27
HS_WB_0365,Lý Đình Đức,THPT_LHP,THPT Chuyên Lê Hồng Phong,thpt,LOP_10,Lớp 10,thpt,KV_HN_LB,Long Biên,Long Biên,Hà Nội,xuat_sac,web,hoat_dong,2026-04-03,MON_ANH,Tiếng Anh,ngoai_ngu,truc_tiep,Cải thiện điểm số,250000,2,dang_tim_gia_su,2026-03-05
HS_WB_0366,Đỗ Mai Linh,THPT_VD,THPT Việt Đức,thpt,LOP_10,Lớp 10,thpt,KV_HN_CG,Cầu Giấy,Cầu Giấy,Hà Nội,trung_binh,web,hoat_dong,2026-04-03,MON_TOAN,Toán,tu_nhien,truc_tiep,Cải thiện điểm số,200000,2,dang_tim_gia_su,2026-03-07
HS_WB_0367,Đặng Thị Trang,THPT_NMK,THPT Nguyễn Thị Minh Khai,thpt,LOP_09,Lớp 9,thcs,KV_HN_TH,Tây Hồ,Tây Hồ,Hà Nội,gioi,web,hoat_dong,2026-04-03,MON_VAN,Ngữ văn,xa_hoi,ca_hai,Cải thiện điểm số,250000,4,dang_tim_gia_su,2026-04-01
HS_WB_0368,Lý Hoàng Linh,THPT_KL,THPT Kim Liên,thpt,LOP_06,Lớp 6,thcs,KV_HCM_PN,Phú Nhuận,Phú Nhuận,Hồ Chí Minh,xuat_sac,web,hoat_dong,2026-04-03,MON_LY,Vật lý,tu_nhien,online,Cải thiện điểm số,250000,2,dang_tim_gia_su,2026-03-13
HS_WB_0369,Đặng Quang Khoa,THPT_BTX,THPT Bùi Thị Xuân,thpt,LOP_06,Lớp 6,thcs,KV_HCM_GV,Gò Vấp,Gò Vấp,Hồ Chí Minh,xuat_sac,web,hoat_dong,2026-04-03,MON_TOAN,Toán,tu_nhien,ca_hai,Cải thiện điểm số,150000,3,dang_tim_gia_su,2026-04-02
HS_WB_0370,Đặng Văn Phú,THPT_TP_HN,THPT Trần Phú - Hoàn Kiếm,thpt,LOP_10,Lớp 10,thpt,KV_DN_TK,Thanh Khê,Thanh Khê,Đà Nẵng,xuat_sac,web,hoat_dong,2026-04-03,MON_ANH,Tiếng Anh,ngoai_ngu,truc_tiep,Cải thiện điểm số,200000,4,dang_tim_gia_su,2026-03-15
HS_WB_0371,Đỗ Thu Trang,THPT_TD,THPT Thủ Đức,thpt,LOP_10,Lớp 10,thpt,KV_HCM_Q5,Quận 5,Quận 5,Hồ Chí Minh,gioi,web,hoat_dong,2026-04-03,MON_TOAN,Toán,tu_nhien,truc_tiep,Cải thiện điểm số,250000,3,dang_tim_gia_su,2026-03-11
HS_WB_0372,Hoàng Hồng Mai,THPT_LQD_HCM,THPT Lê Quý Đôn,thpt,LOP_09,Lớp 9,thcs,KV_HN_CG,Cầu Giấy,Cầu Giấy,Hà Nội,gioi,web,hoat_dong,2026-04-03,MON_LY,Vật lý,tu_nhien,truc_tiep,Cải thiện điểm số,200000,3,dang_tim_gia_su,2026-03-21
HS_WB_0373,Lý Hải Hùng,THPT_DA,THPT Đông Anh,thpt,LOP_06,Lớp 6,thcs,KV_HCM_Q3,Quận 3,Quận 3,Hồ Chí Minh,yeu,web,hoat_dong,2026-04-03,MON_ANH,Tiếng Anh,ngoai_ngu,online,Cải thiện điểm số,250000,3,dang_tim_gia_su,2026-03-07
HS_WB_0374,Vũ Trọng Hùng,THPT_TPh,THPT Thái Phiên,thpt,LOP_12,Lớp 12,thpt,KV_HN_TH,Tây Hồ,Tây Hồ,Hà Nội,trung_binh,web,hoat_dong,2026-04-03,MON_VAN,Ngữ văn,xa_hoi,online,Cải thiện điểm số,200000,4,dang_tim_gia_su,2026-03-05
HS_WB_0375,Vũ Minh Kiệt,THPT_LQD_DN,THPT Chuyên Lê Quý Đôn,thpt,LOP_10,Lớp 10,thpt,KV_HN_LB,Long Biên,Long Biên,Hà Nội,gioi,web,hoat_dong,2026-04-03,MON_LY,Vật lý,tu_nhien,ca_hai,Cải thiện điểm số,150000,3,dang_tim_gia_su,2026-03-22
HS_WB_0376,Hoàng Thị Hân,THPT_PCT,THPT Chuyên Phan Châu Trinh,thpt,LOP_12,Lớp 12,thpt,KV_HN_HM,Hoàng Mai,Hoàng Mai,Hà Nội,yeu,web,hoat_dong,2026-04-03,MON_ANH,Tiếng Anh,ngoai_ngu,online,Cải thiện điểm số,250000,2,dang_tim_gia_su,2026-03-13
HS_WB_0377,Vũ Minh Khoa,THPT_VTS,THPT Võ Thị Sáu,thpt,LOP_10,Lớp 10,thpt,KV_DN_CL,Cẩm Lệ,Cẩm Lệ,Đà Nẵng,gioi,web,hoat_dong,2026-04-03,MON_ANH,Tiếng Anh,ngoai_ngu,ca_hai,Cải thiện điểm số,250000,3,dang_tim_gia_su,2026-03-11
HS_WB_0378,Dương Đình Khoa,THPT_TTT,THPT Tôn Thất Tùng,thpt,LOP_12,Lớp 12,thpt,KV_HCM_BT,Bình Thạnh,Bình Thạnh,Hồ Chí Minh,trung_binh,web,hoat_dong,2026-04-03,MON_ANH,Tiếng Anh,ngoai_ngu,ca_hai,Cải thiện điểm số,150000,3,dang_tim_gia_su,2026-03-29
HS_WB_0379,Ngô Thu Linh,THPT_ND,THPT Nguyễn Du,thpt,LOP_09,Lớp 9,thcs,KV_DN_CL,Cẩm Lệ,Cẩm Lệ,Đà Nẵng,yeu,web,hoat_dong,2026-04-03,MON_TOAN,Toán,tu_nhien,truc_tiep,Cải thiện điểm số,150000,2,dang_tim_gia_su,2026-03-09
HS_WB_0380,Lý Quang Tuấn,THPT_TL,THPT Thăng Long,thpt,LOP_12,Lớp 12,thpt,KV_HCM_Q8,Quận 8,Quận 8,Hồ Chí Minh,xuat_sac,web,hoat_dong,2026-04-03,MON_LY,Vật lý,tu_nhien,truc_tiep,Cải thiện điểm số,150000,2,dang_tim_gia_su,2026-03-08
HS_WB_0381,Nguyễn Hoàng Thu,THPT_LHP,THPT Chuyên Lê Hồng Phong,thpt,LOP_10,Lớp 10,thpt,KV_HN_HD,Hà Đông,Hà Đông,Hà Nội,xuat_sac,web,hoat_dong,2026-04-03,MON_TOAN,Toán,tu_nhien,truc_tiep,Cải thiện điểm số,250000,4,dang_tim_gia_su,2026-03-13
HS_WB_0382,Phạm Bảo Thảo,THPT_VD,THPT Việt Đức,thpt,LOP_12,Lớp 12,thpt,KV_HCM_Q4,Quận 4,Quận 4,Hồ Chí Minh,trung_binh,web,hoat_dong,2026-04-03,MON_VAN,Ngữ văn,xa_hoi,truc_tiep,Cải thiện điểm số,200000,3,dang_tim_gia_su,2026-03-20
HS_WB_0383,Nguyễn Bảo Châu,THPT_DA,THPT Đông Anh,thpt,LOP_12,Lớp 12,thpt,KV_HCM_Q7,Quận 7,Quận 7,Hồ Chí Minh,kha,web,hoat_dong,2026-04-03,MON_LY,Vật lý,tu_nhien,truc_tiep,Cải thiện điểm số,250000,4,dang_tim_gia_su,2026-03-29
HS_WB_0384,Hoàng Văn Tuấn,THPT_NH,THPT Nguyễn Hiền,thpt,LOP_12,Lớp 12,thpt,KV_HCM_Q4,Quận 4,Quận 4,Hồ Chí Minh,xuat_sac,web,hoat_dong,2026-04-03,MON_VAN,Ngữ văn,xa_hoi,truc_tiep,Cải thiện điểm số,150000,4,dang_tim_gia_su,2026-03-09
HS_WB_0385,Trần Hữu Khoa,THPT_TP_DN,THPT Trần Phú,thpt,LOP_10,Lớp 10,thpt,KV_HN_TX,Thanh Xuân,Thanh Xuân,Hà Nội,gioi,web,hoat_dong,2026-04-03,MON_VAN,Ngữ văn,xa_hoi,ca_hai,Cải thiện điểm số,250000,4,dang_tim_gia_su,2026-03-07
HS_WB_0386,Đặng Hồng Nhung,THPT_TD,THPT Thủ Đức,thpt,LOP_12,Lớp 12,thpt,KV_HCM_Q8,Quận 8,Quận 8,Hồ Chí Minh,kha,web,hoat_dong,2026-04-03,MON_VAN,Ngữ văn,xa_hoi,ca_hai,Cải thiện điểm số,150000,4,dang_tim_gia_su,2026-03-21
HS_WB_0387,Phạm Hữu Phú,THPT_NMK,THPT Nguyễn Thị Minh Khai,thpt,LOP_10,Lớp 10,thpt,KV_HN_DD,Đống Đa,Đống Đa,Hà Nội,yeu,web,hoat_dong,2026-04-03,MON_LY,Vật lý,tu_nhien,online,Cải thiện điểm số,250000,4,dang_tim_gia_su,2026-03-13
HS_WB_0388,Trần Thị Mai,THPT_TL,THPT Thăng Long,thpt,LOP_12,Lớp 12,thpt,KV_DN_LC,Liên Chiểu,Liên Chiểu,Đà Nẵng,kha,web,hoat_dong,2026-04-03,MON_LY,Vật lý,tu_nhien,ca_hai,Cải thiện điểm số,200000,3,dang_tim_gia_su,2026-03-07
HS_WB_0389,Nguyễn Đình Huy,THPT_GD,THPT Gia Định,thpt,LOP_10,Lớp 10,thpt,KV_HCM_TB,Tân Bình,Tân Bình,Hồ Chí Minh,trung_binh,web,hoat_dong,2026-04-03,MON_LY,Vật lý,tu_nhien,ca_hai,Cải thiện điểm số,200000,3,dang_tim_gia_su,2026-03-19
HS_WB_0390,Vũ Minh Đạt,THPT_LQD_HCM,THPT Lê Quý Đôn,thpt,LOP_06,Lớp 6,thcs,KV_HCM_Q7,Quận 7,Quận 7,Hồ Chí Minh,gioi,web,hoat_dong,2026-04-03,MON_VAN,Ngữ văn,xa_hoi,online,Cải thiện điểm số,250000,4,dang_tim_gia_su,2026-03-19
HS_WB_0391,Lê Hồng Châu,THPT_YH,THPT Yên Hòa,thpt,LOP_12,Lớp 12,thpt,KV_HN_CG,Cầu Giấy,Cầu Giấy,Hà Nội,trung_binh,web,hoat_dong,2026-04-03,MON_TOAN,Toán,tu_nhien,online,Cải thiện điểm số,250000,3,dang_tim_gia_su,2026-03-06
HS_WB_0392,Lê Quang Phú,THPT_LQD_DN,THPT Chuyên Lê Quý Đôn,thpt,LOP_12,Lớp 12,thpt,KV_HN_HD,Hà Đông,Hà Đông,Hà Nội,xuat_sac,web,hoat_dong,2026-04-03,MON_LY,Vật lý,tu_nhien,ca_hai,Cải thiện điểm số,250000,4,dang_tim_gia_su,2026-03-22
HS_WB_0393,Ngô Thái Tuấn,THPT_PCT,THPT Chuyên Phan Châu Trinh,thpt,LOP_12,Lớp 12,thpt,KV_DN_NHS,Ngũ Hành Sơn,Ngũ Hành Sơn,Đà Nẵng,trung_binh,web,hoat_dong,2026-04-03,MON_ANH,Tiếng Anh,ngoai_ngu,online,Cải thiện điểm số,250000,3,dang_tim_gia_su,2026-03-09
HS_WB_0394,Trần Hoàng An,THPT_CBQ,THPT Cao Bá Quát,thpt,LOP_10,Lớp 10,thpt,KV_DN_HC,Hải Châu,Hải Châu,Đà Nẵng,kha,web,hoat_dong,2026-04-03,MON_ANH,Tiếng Anh,ngoai_ngu,truc_tiep,Cải thiện điểm số,150000,4,dang_tim_gia_su,2026-03-28
HS_WB_0395,Ngô Minh Đức,THPT_MC,THPT Marie Curie,thpt,LOP_09,Lớp 9,thcs,KV_HCM_Q5,Quận 5,Quận 5,Hồ Chí Minh,xuat_sac,web,hoat_dong,2026-04-03,MON_TOAN,Toán,tu_nhien,online,Cải thiện điểm số,250000,2,dang_tim_gia_su,2026-03-04
HS_WB_0396,Phạm Hải Phú,THPT_TTT,THPT Tôn Thất Tùng,thpt,LOP_10,Lớp 10,thpt,KV_HCM_Q8,Quận 8,Quận 8,Hồ Chí Minh,trung_binh,web,hoat_dong,2026-04-03,MON_LY,Vật lý,tu_nhien,truc_tiep,Cải thiện điểm số,150000,3,dang_tim_gia_su,2026-03-08
HS_WB_0397,Ngô Minh Kiệt,THPT_NT_HCM,THPT Nguyễn Trãi,thpt,LOP_12,Lớp 12,thpt,KV_HCM_BT,Bình Thạnh,Bình Thạnh,Hồ Chí Minh,trung_binh,web,hoat_dong,2026-04-03,MON_TOAN,Toán,tu_nhien,ca_hai,Cải thiện điểm số,150000,3,dang_tim_gia_su,2026-03-12
HS_WB_0398,Nguyễn Hồng Mai,THPT_HHT,THPT Hoàng Hoa Thám,thpt,LOP_09,Lớp 9,thcs,KV_DN_HC,Hải Châu,Hải Châu,Đà Nẵng,gioi,web,hoat_dong,2026-04-03,MON_VAN,Ngữ văn,xa_hoi,truc_tiep,Cải thiện điểm số,200000,4,dang_tim_gia_su,2026-03-30
HS_WB_0399,Ngô Ngọc Linh,THPT_NT_HCM,THPT Nguyễn Trãi,thpt,LOP_10,Lớp 10,thpt,KV_HCM_GV,Gò Vấp,Gò Vấp,Hồ Chí Minh,trung_binh,web,hoat_dong,2026-04-03,MON_ANH,Tiếng Anh,ngoai_ngu,ca_hai,Cải thiện điểm số,250000,3,dang_tim_gia_su,2026-03-28
HS_WB_0400,Phạm Thị Nhung,THPT_OIK,THPT Ông Ích Khiêm,thpt,LOP_12,Lớp 12,thpt,KV_HCM_Q4,Quận 4,Quận 4,Hồ Chí Minh,trung_binh,web,hoat_dong,2026-04-03,MON_TOAN,Toán,tu_nhien,online,Cải thiện điểm số,200000,4,dang_tim_gia_su,2026-03-07
HS_WB_0401,Vũ Hữu Huy,THPT_VD,THPT Việt Đức,thpt,LOP_09,Lớp 9,thcs,KV_DN_TK,Thanh Khê,Thanh Khê,Đà Nẵng,yeu,web,hoat_dong,2026-04-03,MON_ANH,Tiếng Anh,ngoai_ngu,ca_hai,Cải thiện điểm số,200000,2,dang_tim_gia_su,2026-03-15
HS_WB_0402,Bùi Thu Linh,THPT_PCT,THPT Chuyên Phan Châu Trinh,thpt,LOP_10,Lớp 10,thpt,KV_DN_TK,Thanh Khê,Thanh Khê,Đà Nẵng,xuat_sac,web,hoat_dong,2026-04-03,MON_LY,Vật lý,tu_nhien,truc_tiep,Cải thiện điểm số,200000,4,dang_tim_gia_su,2026-04-01
HS_WB_0403,Đỗ Hoàng Vy,THPT_MQ,THPT Mạc Đĩnh Chi,thpt,LOP_09,Lớp 9,thcs,KV_HN_BD,Ba Đình,Ba Đình,Hà Nội,trung_binh,web,hoat_dong,2026-04-03,MON_VAN,Ngữ văn,xa_hoi,ca_hai,Cải thiện điểm số,250000,3,dang_tim_gia_su,2026-03-10
HS_WB_0404,Đỗ Minh Phú,THPT_PDP,THPT Phan Đình Phùng,thpt,LOP_10,Lớp 10,thpt,KV_HN_HM,Hoàng Mai,Hoàng Mai,Hà Nội,kha,web,hoat_dong,2026-04-03,MON_LY,Vật lý,tu_nhien,truc_tiep,Cải thiện điểm số,250000,4,dang_tim_gia_su,2026-03-25
HS_WB_0405,Trần Bảo Mai,THPT_LQD_DN,THPT Chuyên Lê Quý Đôn,thpt,LOP_09,Lớp 9,thcs,KV_HCM_Q10,Quận 10,Quận 10,Hồ Chí Minh,kha,web,hoat_dong,2026-04-03,MON_ANH,Tiếng Anh,ngoai_ngu,online,Cải thiện điểm số,250000,4,dang_tim_gia_su,2026-04-03
HS_WB_0406,Đỗ Thị Mai,THPT_DA,THPT Đông Anh,thpt,LOP_12,Lớp 12,thpt,KV_HN_HM,Hoàng Mai,Hoàng Mai,Hà Nội,gioi,web,hoat_dong,2026-04-03,MON_ANH,Tiếng Anh,ngoai_ngu,ca_hai,Cải thiện điểm số,150000,2,dang_tim_gia_su,2026-03-15
HS_WB_0407,Hoàng Thu An,THPT_TP_HN,THPT Trần Phú - Hoàn Kiếm,thpt,LOP_10,Lớp 10,thpt,KV_HCM_TP,Tân Phú,Tân Phú,Hồ Chí Minh,trung_binh,web,hoat_dong,2026-04-03,MON_TOAN,Toán,tu_nhien,truc_tiep,Cải thiện điểm số,200000,3,dang_tim_gia_su,2026-03-21
HS_WB_0408,Đỗ Hữu Nam,THPT_NT_HCM,THPT Nguyễn Trãi,thpt,LOP_12,Lớp 12,thpt,KV_HN_TH,Tây Hồ,Tây Hồ,Hà Nội,xuat_sac,web,hoat_dong,2026-04-03,MON_VAN,Ngữ văn,xa_hoi,truc_tiep,Cải thiện điểm số,250000,2,dang_tim_gia_su,2026-03-10
HS_WB_0409,Lê Trọng Kiệt,THPT_NHS,THPT Ngũ Hành Sơn,thpt,LOP_12,Lớp 12,thpt,KV_DN_CL,Cẩm Lệ,Cẩm Lệ,Đà Nẵng,yeu,web,hoat_dong,2026-04-03,MON_TOAN,Toán,tu_nhien,truc_tiep,Cải thiện điểm số,150000,2,dang_tim_gia_su,2026-03-07
HS_WB_0410,Đặng Văn Huy,THPT_ST,THPT Sơn Tây,thpt,LOP_12,Lớp 12,thpt,KV_DN_HC,Hải Châu,Hải Châu,Đà Nẵng,trung_binh,web,hoat_dong,2026-04-03,MON_LY,Vật lý,tu_nhien,ca_hai,Cải thiện điểm số,150000,3,dang_tim_gia_su,2026-03-21
HS_WB_0411,Lý Đức Kiệt,THPT_LQD_HN,THPT Lê Quý Đôn - Đống Đa,thpt,LOP_09,Lớp 9,thcs,KV_HN_HD,Hà Đông,Hà Đông,Hà Nội,xuat_sac,web,hoat_dong,2026-04-03,MON_VAN,Ngữ văn,xa_hoi,ca_hai,Cải thiện điểm số,150000,3,dang_tim_gia_su,2026-03-31
HS_WB_0412,Nguyễn Đức Đức,THPT_NVT,THPT Nguyễn Văn Trỗi,thpt,LOP_09,Lớp 9,thcs,KV_HN_HD,Hà Đông,Hà Đông,Hà Nội,kha,web,hoat_dong,2026-04-03,MON_TOAN,Toán,tu_nhien,online,Cải thiện điểm số,200000,2,dang_tim_gia_su,2026-03-09
HS_WB_0413,Hoàng Xuân Trang,THPT_CBQ,THPT Cao Bá Quát,thpt,LOP_09,Lớp 9,thcs,KV_HCM_Q8,Quận 8,Quận 8,Hồ Chí Minh,gioi,web,hoat_dong,2026-04-03,MON_LY,Vật lý,tu_nhien,ca_hai,Cải thiện điểm số,200000,3,dang_tim_gia_su,2026-03-18
HS_WB_0414,Lý Mai Trang,THPT_NT_HN,THPT Nguyễn Trãi - Ba Đình,thpt,LOP_10,Lớp 10,thpt,KV_HCM_PN,Phú Nhuận,Phú Nhuận,Hồ Chí Minh,yeu,web,hoat_dong,2026-04-03,MON_LY,Vật lý,tu_nhien,ca_hai,Cải thiện điểm số,250000,2,dang_tim_gia_su,2026-03-27
HS_WB_0415,Vũ Hoàng Nhung,THPT_NTH_HCM,THPT Nguyễn Thượng Hiền,thpt,LOP_06,Lớp 6,thcs,KV_DN_TK,Thanh Khê,Thanh Khê,Đà Nẵng,gioi,web,hoat_dong,2026-04-03,MON_ANH,Tiếng Anh,ngoai_ngu,truc_tiep,Cải thiện điểm số,200000,2,dang_tim_gia_su,2026-03-23
HS_WB_0416,Đỗ Hồng Hân,THPT_TP_HN,THPT Trần Phú - Hoàn Kiếm,thpt,LOP_09,Lớp 9,thcs,KV_HCM_Q5,Quận 5,Quận 5,Hồ Chí Minh,gioi,web,hoat_dong,2026-04-03,MON_VAN,Ngữ văn,xa_hoi,ca_hai,Cải thiện điểm số,150000,4,dang_tim_gia_su,2026-03-26
HS_WB_0417,Trần Thái Nam,THPT_TPh,THPT Thái Phiên,thpt,LOP_09,Lớp 9,thcs,KV_HCM_PN,Phú Nhuận,Phú Nhuận,Hồ Chí Minh,xuat_sac,web,hoat_dong,2026-04-03,MON_TOAN,Toán,tu_nhien,truc_tiep,Cải thiện điểm số,250000,3,dang_tim_gia_su,2026-03-14
HS_WB_0418,Vũ Thị An,THPT_NT_HCM,THPT Nguyễn Trãi,thpt,LOP_06,Lớp 6,thcs,KV_HN_TX,Thanh Xuân,Thanh Xuân,Hà Nội,kha,web,hoat_dong,2026-04-03,MON_ANH,Tiếng Anh,ngoai_ngu,online,Cải thiện điểm số,250000,4,dang_tim_gia_su,2026-03-13
HS_WB_0419,Dương Thu Thảo,THPT_TPh,THPT Thái Phiên,thpt,LOP_12,Lớp 12,thpt,KV_HN_CG,Cầu Giấy,Cầu Giấy,Hà Nội,trung_binh,web,hoat_dong,2026-04-03,MON_ANH,Tiếng Anh,ngoai_ngu,ca_hai,Cải thiện điểm số,250000,3,dang_tim_gia_su,2026-03-18
HS_WB_0420,Trần Hữu Tuấn,THPT_MQ,THPT Mạc Đĩnh Chi,thpt,LOP_09,Lớp 9,thcs,KV_HN_HK,Hoàn Kiếm,Hoàn Kiếm,Hà Nội,xuat_sac,web,hoat_dong,2026-04-03,MON_LY,Vật lý,tu_nhien,online,Cải thiện điểm số,250000,2,dang_tim_gia_su,2026-03-10
HS_WB_0421,Ngô Đức Huy,THPT_NT_HN,THPT Nguyễn Trãi - Ba Đình,thpt,LOP_10,Lớp 10,thpt,KV_HN_LB,Long Biên,Long Biên,Hà Nội,yeu,web,hoat_dong,2026-04-03,MON_LY,Vật lý,tu_nhien,online,Cải thiện điểm số,150000,2,dang_tim_gia_su,2026-03-21
HS_WB_0422,Hoàng Trọng Nam,THPT_NTH_HCM,THPT Nguyễn Thượng Hiền,thpt,LOP_06,Lớp 6,thcs,KV_HCM_TD,Thủ Đức,Thủ Đức,Hồ Chí Minh,trung_binh,web,hoat_dong,2026-04-03,MON_TOAN,Toán,tu_nhien,online,Cải thiện điểm số,250000,2,dang_tim_gia_su,2026-03-05
HS_WB_0423,Đỗ Văn Huy,THPT_NT_HCM,THPT Nguyễn Trãi,thpt,LOP_10,Lớp 10,thpt,KV_HN_LB,Long Biên,Long Biên,Hà Nội,gioi,web,hoat_dong,2026-04-03,MON_TOAN,Toán,tu_nhien,ca_hai,Cải thiện điểm số,250000,2,dang_tim_gia_su,2026-03-29
HS_WB_0424,Trần Đức Tuấn,THPT_VTS,THPT Võ Thị Sáu,thpt,LOP_12,Lớp 12,thpt,KV_HCM_Q8,Quận 8,Quận 8,Hồ Chí Minh,yeu,web,hoat_dong,2026-04-03,MON_VAN,Ngữ văn,xa_hoi,truc_tiep,Cải thiện điểm số,150000,4,dang_tim_gia_su,2026-03-08
HS_WB_0425,Hoàng Thái Hùng,THPT_GD,THPT Gia Định,thpt,LOP_12,Lớp 12,thpt,KV_DN_LC,Liên Chiểu,Liên Chiểu,Đà Nẵng,yeu,web,hoat_dong,2026-04-03,MON_TOAN,Toán,tu_nhien,truc_tiep,Cải thiện điểm số,200000,4,dang_tim_gia_su,2026-03-05
HS_WB_0426,Hoàng Đình Khoa,THPT_DA,THPT Đông Anh,thpt,LOP_09,Lớp 9,thcs,KV_HN_BTL,Bắc Từ Liêm,Bắc Từ Liêm,Hà Nội,trung_binh,web,hoat_dong,2026-04-03,MON_LY,Vật lý,tu_nhien,ca_hai,Cải thiện điểm số,200000,3,dang_tim_gia_su,2026-03-04
HS_WB_0427,Đặng Thái Khoa,THPT_ND,THPT Nguyễn Du,thpt,LOP_10,Lớp 10,thpt,KV_DN_NHS,Ngũ Hành Sơn,Ngũ Hành Sơn,Đà Nẵng,xuat_sac,web,hoat_dong,2026-04-03,MON_LY,Vật lý,tu_nhien,truc_tiep,Cải thiện điểm số,250000,2,dang_tim_gia_su,2026-03-24
HS_WB_0428,Đỗ Thái Kiệt,THPT_LQD_HN,THPT Lê Quý Đôn - Đống Đa,thpt,LOP_10,Lớp 10,thpt,KV_DN_CL,Cẩm Lệ,Cẩm Lệ,Đà Nẵng,xuat_sac,web,hoat_dong,2026-04-03,MON_VAN,Ngữ văn,xa_hoi,truc_tiep,Cải thiện điểm số,200000,3,dang_tim_gia_su,2026-03-16
HS_WB_0429,Bùi Mai Vy,THPT_CG,THPT Cầu Giấy,thpt,LOP_09,Lớp 9,thcs,KV_HCM_Q5,Quận 5,Quận 5,Hồ Chí Minh,trung_binh,web,hoat_dong,2026-04-03,MON_VAN,Ngữ văn,xa_hoi,ca_hai,Cải thiện điểm số,150000,4,dang_tim_gia_su,2026-03-27
HS_WB_0430,Bùi Ngọc An,THPT_TD,THPT Thủ Đức,thpt,LOP_12,Lớp 12,thpt,KV_HCM_Q4,Quận 4,Quận 4,Hồ Chí Minh,yeu,web,hoat_dong,2026-04-03,MON_TOAN,Toán,tu_nhien,ca_hai,Cải thiện điểm số,250000,4,dang_tim_gia_su,2026-03-26
HS_WB_0431,Đặng Xuân Mai,THPT_LHP,THPT Chuyên Lê Hồng Phong,thpt,LOP_09,Lớp 9,thcs,KV_HN_BTL,Bắc Từ Liêm,Bắc Từ Liêm,Hà Nội,yeu,web,hoat_dong,2026-04-03,MON_VAN,Ngữ văn,xa_hoi,online,Cải thiện điểm số,200000,4,dang_tim_gia_su,2026-03-17
HS_WB_0432,Vũ Thái Huy,THPT_VD,THPT Việt Đức,thpt,LOP_12,Lớp 12,thpt,KV_HCM_TD,Thủ Đức,Thủ Đức,Hồ Chí Minh,gioi,web,hoat_dong,2026-04-03,MON_LY,Vật lý,tu_nhien,ca_hai,Cải thiện điểm số,250000,4,dang_tim_gia_su,2026-03-18
HS_WB_0433,Nguyễn Hải Tuấn,THPT_HHT,THPT Hoàng Hoa Thám,thpt,LOP_09,Lớp 9,thcs,KV_HCM_Q7,Quận 7,Quận 7,Hồ Chí Minh,gioi,web,hoat_dong,2026-04-03,MON_ANH,Tiếng Anh,ngoai_ngu,truc_tiep,Cải thiện điểm số,200000,3,dang_tim_gia_su,2026-03-14
HS_WB_0434,Bùi Thị Thu,THPT_PCT,THPT Chuyên Phan Châu Trinh,thpt,LOP_06,Lớp 6,thcs,KV_HCM_Q10,Quận 10,Quận 10,Hồ Chí Minh,xuat_sac,web,hoat_dong,2026-04-03,MON_LY,Vật lý,tu_nhien,ca_hai,Cải thiện điểm số,150000,3,dang_tim_gia_su,2026-03-06
HS_WB_0435,Phạm Bảo Hân,THPT_NHS,THPT Ngũ Hành Sơn,thpt,LOP_09,Lớp 9,thcs,KV_DN_LC,Liên Chiểu,Liên Chiểu,Đà Nẵng,gioi,web,hoat_dong,2026-04-03,MON_TOAN,Toán,tu_nhien,truc_tiep,Cải thiện điểm số,250000,4,dang_tim_gia_su,2026-03-29
HS_WB_0436,Trần Bảo Trang,THPT_NHS,THPT Ngũ Hành Sơn,thpt,LOP_12,Lớp 12,thpt,KV_HCM_GV,Gò Vấp,Gò Vấp,Hồ Chí Minh,kha,web,hoat_dong,2026-04-03,MON_VAN,Ngữ văn,xa_hoi,truc_tiep,Cải thiện điểm số,150000,4,dang_tim_gia_su,2026-03-16
HS_WB_0437,Phạm Hữu Nam,THPT_DD,THPT Đống Đa,thpt,LOP_12,Lớp 12,thpt,KV_DN_ST,Sơn Trà,Sơn Trà,Đà Nẵng,kha,web,hoat_dong,2026-04-03,MON_TOAN,Toán,tu_nhien,ca_hai,Cải thiện điểm số,200000,3,dang_tim_gia_su,2026-03-10
HS_WB_0438,Đặng Hữu Tuấn,THPT_HHT,THPT Hoàng Hoa Thám,thpt,LOP_06,Lớp 6,thcs,KV_HCM_Q10,Quận 10,Quận 10,Hồ Chí Minh,xuat_sac,web,hoat_dong,2026-04-03,MON_ANH,Tiếng Anh,ngoai_ngu,ca_hai,Cải thiện điểm số,200000,2,dang_tim_gia_su,2026-03-06
HS_WB_0439,Hoàng Trọng Kiệt,THPT_NT_HN,THPT Nguyễn Trãi - Ba Đình,thpt,LOP_06,Lớp 6,thcs,KV_HN_CG,Cầu Giấy,Cầu Giấy,Hà Nội,yeu,web,hoat_dong,2026-04-03,MON_ANH,Tiếng Anh,ngoai_ngu,truc_tiep,Cải thiện điểm số,200000,4,dang_tim_gia_su,2026-03-23
HS_WB_0440,Trần Quang Hùng,THPT_PCT,THPT Chuyên Phan Châu Trinh,thpt,LOP_10,Lớp 10,thpt,KV_HN_DD,Đống Đa,Đống Đa,Hà Nội,kha,web,hoat_dong,2026-04-03,MON_VAN,Ngữ văn,xa_hoi,online,Cải thiện điểm số,250000,3,dang_tim_gia_su,2026-03-25
HS_WB_0441,Dương Thanh Nhung,THPT_ST,THPT Sơn Tây,thpt,LOP_10,Lớp 10,thpt,KV_HN_HM,Hoàng Mai,Hoàng Mai,Hà Nội,kha,web,hoat_dong,2026-04-03,MON_ANH,Tiếng Anh,ngoai_ngu,ca_hai,Cải thiện điểm số,250000,2,dang_tim_gia_su,2026-03-22
HS_WB_0442,Lý Xuân Nhung,THPT_NHS,THPT Ngũ Hành Sơn,thpt,LOP_10,Lớp 10,thpt,KV_HCM_Q1,Quận 1,Quận 1,Hồ Chí Minh,xuat_sac,web,hoat_dong,2026-04-03,MON_ANH,Tiếng Anh,ngoai_ngu,truc_tiep,Cải thiện điểm số,200000,2,dang_tim_gia_su,2026-03-11
HS_WB_0443,Lý Ngọc Linh,THPT_HHT,THPT Hoàng Hoa Thám,thpt,LOP_06,Lớp 6,thcs,KV_HN_LB,Long Biên,Long Biên,Hà Nội,gioi,web,hoat_dong,2026-04-03,MON_TOAN,Toán,tu_nhien,online,Cải thiện điểm số,250000,2,dang_tim_gia_su,2026-03-28
HS_WB_0444,Đỗ Bảo Thảo,THPT_TP_HN,THPT Trần Phú - Hoàn Kiếm,thpt,LOP_12,Lớp 12,thpt,KV_HN_NTL,Nam Từ Liêm,Nam Từ Liêm,Hà Nội,yeu,web,hoat_dong,2026-04-03,MON_LY,Vật lý,tu_nhien,truc_tiep,Cải thiện điểm số,250000,2,dang_tim_gia_su,2026-03-25
HS_WB_0445,Hoàng Thái Cường,THPT_YH,THPT Yên Hòa,thpt,LOP_09,Lớp 9,thcs,KV_HN_HBT,Hai Bà Trưng,Hai Bà Trưng,Hà Nội,gioi,web,hoat_dong,2026-04-03,MON_TOAN,Toán,tu_nhien,truc_tiep,Cải thiện điểm số,150000,2,dang_tim_gia_su,2026-03-21
HS_WB_0446,Đặng Hồng Mai,THPT_NMK,THPT Nguyễn Thị Minh Khai,thpt,LOP_06,Lớp 6,thcs,KV_HN_LB,Long Biên,Long Biên,Hà Nội,kha,web,hoat_dong,2026-04-03,MON_ANH,Tiếng Anh,ngoai_ngu,online,Cải thiện điểm số,150000,4,dang_tim_gia_su,2026-03-21
HS_WB_0447,Nguyễn Thái Khoa,THPT_NTH_HCM,THPT Nguyễn Thượng Hiền,thpt,LOP_10,Lớp 10,thpt,KV_HCM_TB,Tân Bình,Tân Bình,Hồ Chí Minh,yeu,web,hoat_dong,2026-04-03,MON_ANH,Tiếng Anh,ngoai_ngu,ca_hai,Cải thiện điểm số,250000,4,dang_tim_gia_su,2026-03-23
HS_WB_0448,Lê Đình Kiệt,THPT_MC,THPT Marie Curie,thpt,LOP_06,Lớp 6,thcs,KV_DN_LC,Liên Chiểu,Liên Chiểu,Đà Nẵng,trung_binh,web,hoat_dong,2026-04-03,MON_TOAN,Toán,tu_nhien,truc_tiep,Cải thiện điểm số,200000,3,dang_tim_gia_su,2026-03-25
HS_WB_0449,Đỗ Trọng Phú,THPT_GD,THPT Gia Định,thpt,LOP_09,Lớp 9,thcs,KV_HCM_Q3,Quận 3,Quận 3,Hồ Chí Minh,xuat_sac,web,hoat_dong,2026-04-03,MON_VAN,Ngữ văn,xa_hoi,ca_hai,Cải thiện điểm số,150000,3,dang_tim_gia_su,2026-03-29
HS_WB_0450,Hoàng Hải Tuấn,THPT_AMS,THPT Chuyên Hà Nội - Amsterdam,thpt,LOP_12,Lớp 12,thpt,KV_HN_HBT,Hai Bà Trưng,Hai Bà Trưng,Hà Nội,yeu,web,hoat_dong,2026-04-03,MON_VAN,Ngữ văn,xa_hoi,ca_hai,Cải thiện điểm số,250000,4,dang_tim_gia_su,2026-03-11
HS_WB_0451,Bùi Hoàng Mai,THPT_VTS,THPT Võ Thị Sáu,thpt,LOP_10,Lớp 10,thpt,KV_HN_LB,Long Biên,Long Biên,Hà Nội,trung_binh,web,hoat_dong,2026-04-03,MON_TOAN,Toán,tu_nhien,online,Cải thiện điểm số,150000,3,dang_tim_gia_su,2026-03-04
HS_WB_0452,Đặng Thu Nhung,THPT_ND,THPT Nguyễn Du,thpt,LOP_09,Lớp 9,thcs,KV_HN_CG,Cầu Giấy,Cầu Giấy,Hà Nội,trung_binh,web,hoat_dong,2026-04-03,MON_TOAN,Toán,tu_nhien,ca_hai,Cải thiện điểm số,150000,4,dang_tim_gia_su,2026-03-16
HS_WB_0453,Dương Bảo Nhung,THPT_TTT,THPT Tôn Thất Tùng,thpt,LOP_06,Lớp 6,thcs,KV_DN_NHS,Ngũ Hành Sơn,Ngũ Hành Sơn,Đà Nẵng,trung_binh,web,hoat_dong,2026-04-03,MON_VAN,Ngữ văn,xa_hoi,ca_hai,Cải thiện điểm số,200000,2,dang_tim_gia_su,2026-04-03
HS_WB_0454,Lê Hoàng Thu,THPT_TTT,THPT Tôn Thất Tùng,thpt,LOP_10,Lớp 10,thpt,KV_HN_HBT,Hai Bà Trưng,Hai Bà Trưng,Hà Nội,yeu,web,hoat_dong,2026-04-03,MON_LY,Vật lý,tu_nhien,truc_tiep,Cải thiện điểm số,200000,2,dang_tim_gia_su,2026-03-24
HS_WB_0455,Ngô Hữu Cường,THPT_LQD_HCM,THPT Lê Quý Đôn,thpt,LOP_12,Lớp 12,thpt,KV_HCM_Q10,Quận 10,Quận 10,Hồ Chí Minh,yeu,web,hoat_dong,2026-04-03,MON_VAN,Ngữ văn,xa_hoi,ca_hai,Cải thiện điểm số,250000,2,dang_tim_gia_su,2026-03-15
HS_WB_0456,Lê Đình Tuấn,THPT_TP_HN,THPT Trần Phú - Hoàn Kiếm,thpt,LOP_09,Lớp 9,thcs,KV_HCM_Q1,Quận 1,Quận 1,Hồ Chí Minh,yeu,web,hoat_dong,2026-04-03,MON_ANH,Tiếng Anh,ngoai_ngu,truc_tiep,Cải thiện điểm số,200000,4,dang_tim_gia_su,2026-03-04
HS_WB_0457,Đặng Thị Châu,THPT_TL,THPT Thăng Long,thpt,LOP_09,Lớp 9,thcs,KV_HCM_Q10,Quận 10,Quận 10,Hồ Chí Minh,yeu,web,hoat_dong,2026-04-03,MON_LY,Vật lý,tu_nhien,truc_tiep,Cải thiện điểm số,200000,4,dang_tim_gia_su,2026-03-11
HS_WB_0458,Trần Bảo Trang,THPT_HHT,THPT Hoàng Hoa Thám,thpt,LOP_09,Lớp 9,thcs,KV_DN_ST,Sơn Trà,Sơn Trà,Đà Nẵng,gioi,web,hoat_dong,2026-04-03,MON_TOAN,Toán,tu_nhien,ca_hai,Cải thiện điểm số,150000,3,dang_tim_gia_su,2026-03-19
HS_WB_0459,Đỗ Hữu Đức,THPT_MQ,THPT Mạc Đĩnh Chi,thpt,LOP_10,Lớp 10,thpt,KV_HN_NTL,Nam Từ Liêm,Nam Từ Liêm,Hà Nội,xuat_sac,web,hoat_dong,2026-04-03,MON_LY,Vật lý,tu_nhien,online,Cải thiện điểm số,200000,2,dang_tim_gia_su,2026-03-25
HS_WB_0460,Đặng Xuân Thu,THPT_NMK,THPT Nguyễn Thị Minh Khai,thpt,LOP_09,Lớp 9,thcs,KV_HCM_Q7,Quận 7,Quận 7,Hồ Chí Minh,kha,web,hoat_dong,2026-04-03,MON_LY,Vật lý,tu_nhien,online,Cải thiện điểm số,200000,4,dang_tim_gia_su,2026-03-22
HS_WB_0461,Dương Văn Hùng,THPT_NTH_HCM,THPT Nguyễn Thượng Hiền,thpt,LOP_10,Lớp 10,thpt,KV_DN_NHS,Ngũ Hành Sơn,Ngũ Hành Sơn,Đà Nẵng,yeu,web,hoat_dong,2026-04-03,MON_TOAN,Toán,tu_nhien,online,Cải thiện điểm số,150000,4,dang_tim_gia_su,2026-03-30
HS_WB_0462,Lý Thị Linh,THPT_PN,THPT Phú Nhuận,thpt,LOP_06,Lớp 6,thcs,KV_HN_DD,Đống Đa,Đống Đa,Hà Nội,yeu,web,hoat_dong,2026-04-03,MON_VAN,Ngữ văn,xa_hoi,truc_tiep,Cải thiện điểm số,150000,3,dang_tim_gia_su,2026-03-27
HS_WB_0463,Lê Hoàng Nhung,THPT_PCT,THPT Chuyên Phan Châu Trinh,thpt,LOP_10,Lớp 10,thpt,KV_HCM_Q8,Quận 8,Quận 8,Hồ Chí Minh,yeu,web,hoat_dong,2026-04-03,MON_TOAN,Toán,tu_nhien,online,Cải thiện điểm số,250000,3,dang_tim_gia_su,2026-03-27
HS_WB_0464,Bùi Trọng Khoa,THPT_NT_HCM,THPT Nguyễn Trãi,thpt,LOP_06,Lớp 6,thcs,KV_HCM_TD,Thủ Đức,Thủ Đức,Hồ Chí Minh,gioi,web,hoat_dong,2026-04-03,MON_VAN,Ngữ văn,xa_hoi,online,Cải thiện điểm số,250000,3,dang_tim_gia_su,2026-03-18
HS_WB_0465,Dương Ngọc Thu,THPT_TDN,THPT Chuyên Trần Đại Nghĩa,thpt,LOP_06,Lớp 6,thcs,KV_HN_DD,Đống Đa,Đống Đa,Hà Nội,kha,web,hoat_dong,2026-04-03,MON_VAN,Ngữ văn,xa_hoi,truc_tiep,Cải thiện điểm số,250000,4,dang_tim_gia_su,2026-03-13
HS_WB_0466,Lý Bảo Hân,THPT_MC,THPT Marie Curie,thpt,LOP_06,Lớp 6,thcs,KV_HN_BTL,Bắc Từ Liêm,Bắc Từ Liêm,Hà Nội,kha,web,hoat_dong,2026-04-03,MON_LY,Vật lý,tu_nhien,ca_hai,Cải thiện điểm số,250000,3,dang_tim_gia_su,2026-03-09
HS_WB_0467,Lý Thanh An,THPT_MC,THPT Marie Curie,thpt,LOP_06,Lớp 6,thcs,KV_HCM_GV,Gò Vấp,Gò Vấp,Hồ Chí Minh,gioi,web,hoat_dong,2026-04-03,MON_LY,Vật lý,tu_nhien,online,Cải thiện điểm số,200000,2,dang_tim_gia_su,2026-03-22
HS_WB_0468,Hoàng Quang Phú,THPT_KL,THPT Kim Liên,thpt,LOP_06,Lớp 6,thcs,KV_HN_LB,Long Biên,Long Biên,Hà Nội,trung_binh,web,hoat_dong,2026-04-03,MON_ANH,Tiếng Anh,ngoai_ngu,online,Cải thiện điểm số,150000,4,dang_tim_gia_su,2026-03-30
HS_WB_0469,Đặng Trọng Huy,THPT_TTT,THPT Tôn Thất Tùng,thpt,LOP_12,Lớp 12,thpt,KV_HN_HM,Hoàng Mai,Hoàng Mai,Hà Nội,kha,web,hoat_dong,2026-04-03,MON_TOAN,Toán,tu_nhien,ca_hai,Cải thiện điểm số,150000,2,dang_tim_gia_su,2026-03-26
HS_WB_0470,Phạm Hải Tuấn,THPT_VD,THPT Việt Đức,thpt,LOP_06,Lớp 6,thcs,KV_HN_HM,Hoàng Mai,Hoàng Mai,Hà Nội,yeu,web,hoat_dong,2026-04-03,MON_LY,Vật lý,tu_nhien,truc_tiep,Cải thiện điểm số,150000,3,dang_tim_gia_su,2026-03-11
HS_WB_0471,Lý Ngọc Thảo,THPT_LHP,THPT Chuyên Lê Hồng Phong,thpt,LOP_06,Lớp 6,thcs,KV_HN_HD,Hà Đông,Hà Đông,Hà Nội,gioi,web,hoat_dong,2026-04-03,MON_VAN,Ngữ văn,xa_hoi,online,Cải thiện điểm số,250000,3,dang_tim_gia_su,2026-03-23
HS_WB_0472,Trần Thu Thu,THPT_TDN,THPT Chuyên Trần Đại Nghĩa,thpt,LOP_06,Lớp 6,thcs,KV_DN_NHS,Ngũ Hành Sơn,Ngũ Hành Sơn,Đà Nẵng,kha,web,hoat_dong,2026-04-03,MON_TOAN,Toán,tu_nhien,truc_tiep,Cải thiện điểm số,200000,4,dang_tim_gia_su,2026-03-09
HS_WB_0473,Lý Đức Đạt,THPT_HHT,THPT Hoàng Hoa Thám,thpt,LOP_10,Lớp 10,thpt,KV_HCM_Q5,Quận 5,Quận 5,Hồ Chí Minh,yeu,web,hoat_dong,2026-04-03,MON_TOAN,Toán,tu_nhien,truc_tiep,Cải thiện điểm số,200000,4,dang_tim_gia_su,2026-03-29
HS_WB_0474,Hoàng Hải Kiệt,THPT_TL,THPT Thăng Long,thpt,LOP_06,Lớp 6,thcs,KV_HN_BD,Ba Đình,Ba Đình,Hà Nội,xuat_sac,web,hoat_dong,2026-04-03,MON_TOAN,Toán,tu_nhien,online,Cải thiện điểm số,150000,2,dang_tim_gia_su,2026-04-02
HS_WB_0475,Đỗ Xuân Vy,THPT_NMK,THPT Nguyễn Thị Minh Khai,thpt,LOP_10,Lớp 10,thpt,KV_HN_DD,Đống Đa,Đống Đa,Hà Nội,kha,web,hoat_dong,2026-04-03,MON_VAN,Ngữ văn,xa_hoi,online,Cải thiện điểm số,150000,4,dang_tim_gia_su,2026-03-14
HS_WB_0476,Dương Thu Linh,THPT_YH,THPT Yên Hòa,thpt,LOP_12,Lớp 12,thpt,KV_HN_DD,Đống Đa,Đống Đa,Hà Nội,kha,web,hoat_dong,2026-04-03,MON_TOAN,Toán,tu_nhien,online,Cải thiện điểm số,200000,3,dang_tim_gia_su,2026-03-09
HS_WB_0477,Lê Quang Tuấn,THPT_DA,THPT Đông Anh,thpt,LOP_12,Lớp 12,thpt,KV_HN_HD,Hà Đông,Hà Đông,Hà Nội,trung_binh,web,hoat_dong,2026-04-03,MON_LY,Vật lý,tu_nhien,ca_hai,Cải thiện điểm số,200000,4,dang_tim_gia_su,2026-03-04
HS_WB_0478,Lý Bảo Thu,THPT_BTX,THPT Bùi Thị Xuân,thpt,LOP_06,Lớp 6,thcs,KV_DN_LC,Liên Chiểu,Liên Chiểu,Đà Nẵng,gioi,web,hoat_dong,2026-04-03,MON_VAN,Ngữ văn,xa_hoi,ca_hai,Cải thiện điểm số,150000,3,dang_tim_gia_su,2026-04-01
HS_WB_0479,Ngô Thái Kiệt,THPT_PDP,THPT Phan Đình Phùng,thpt,LOP_09,Lớp 9,thcs,KV_HN_TX,Thanh Xuân,Thanh Xuân,Hà Nội,xuat_sac,web,hoat_dong,2026-04-03,MON_TOAN,Toán,tu_nhien,ca_hai,Cải thiện điểm số,150000,3,dang_tim_gia_su,2026-03-22
HS_WB_0480,Bùi Thị Hân,THPT_ST,THPT Sơn Tây,thpt,LOP_09,Lớp 9,thcs,KV_HCM_TB,Tân Bình,Tân Bình,Hồ Chí Minh,kha,web,hoat_dong,2026-04-03,MON_VAN,Ngữ văn,xa_hoi,truc_tiep,Cải thiện điểm số,150000,2,dang_tim_gia_su,2026-03-23
HS_WB_0481,Đặng Quang Huy,THPT_PCT,THPT Chuyên Phan Châu Trinh,thpt,LOP_06,Lớp 6,thcs,KV_HN_HBT,Hai Bà Trưng,Hai Bà Trưng,Hà Nội,xuat_sac,web,hoat_dong,2026-04-03,MON_LY,Vật lý,tu_nhien,truc_tiep,Cải thiện điểm số,250000,3,dang_tim_gia_su,2026-03-20
HS_WB_0482,Phạm Xuân Linh,THPT_NT_HN,THPT Nguyễn Trãi - Ba Đình,thpt,LOP_10,Lớp 10,thpt,KV_DN_TK,Thanh Khê,Thanh Khê,Đà Nẵng,kha,web,hoat_dong,2026-04-03,MON_LY,Vật lý,tu_nhien,online,Cải thiện điểm số,150000,3,dang_tim_gia_su,2026-03-15
HS_WB_0483,Nguyễn Văn Đức,THPT_TD,THPT Thủ Đức,thpt,LOP_10,Lớp 10,thpt,KV_DN_LC,Liên Chiểu,Liên Chiểu,Đà Nẵng,gioi,web,hoat_dong,2026-04-03,MON_VAN,Ngữ văn,xa_hoi,ca_hai,Cải thiện điểm số,250000,3,dang_tim_gia_su,2026-03-07
HS_WB_0484,Bùi Xuân Châu,THPT_ST,THPT Sơn Tây,thpt,LOP_06,Lớp 6,thcs,KV_HCM_TD,Thủ Đức,Thủ Đức,Hồ Chí Minh,yeu,web,hoat_dong,2026-04-03,MON_ANH,Tiếng Anh,ngoai_ngu,ca_hai,Cải thiện điểm số,200000,4,dang_tim_gia_su,2026-03-09
HS_WB_0485,Phạm Thu Thảo,THPT_HHT,THPT Hoàng Hoa Thám,thpt,LOP_06,Lớp 6,thcs,KV_HCM_Q4,Quận 4,Quận 4,Hồ Chí Minh,trung_binh,web,hoat_dong,2026-04-03,MON_TOAN,Toán,tu_nhien,online,Cải thiện điểm số,250000,3,dang_tim_gia_su,2026-03-25
HS_WB_0486,Bùi Đức Đức,THPT_KL,THPT Kim Liên,thpt,LOP_06,Lớp 6,thcs,KV_HN_TH,Tây Hồ,Tây Hồ,Hà Nội,gioi,web,hoat_dong,2026-04-03,MON_TOAN,Toán,tu_nhien,truc_tiep,Cải thiện điểm số,200000,4,dang_tim_gia_su,2026-03-21
HS_WB_0487,Đặng Quang Nam,THPT_AMS,THPT Chuyên Hà Nội - Amsterdam,thpt,LOP_10,Lớp 10,thpt,KV_DN_CL,Cẩm Lệ,Cẩm Lệ,Đà Nẵng,trung_binh,web,hoat_dong,2026-04-03,MON_ANH,Tiếng Anh,ngoai_ngu,ca_hai,Cải thiện điểm số,200000,3,dang_tim_gia_su,2026-04-03
HS_WB_0488,Vũ Ngọc Linh,THPT_NT_HCM,THPT Nguyễn Trãi,thpt,LOP_10,Lớp 10,thpt,KV_HCM_Q3,Quận 3,Quận 3,Hồ Chí Minh,yeu,web,hoat_dong,2026-04-03,MON_VAN,Ngữ văn,xa_hoi,truc_tiep,Cải thiện điểm số,250000,3,dang_tim_gia_su,2026-04-02
HS_WB_0489,Vũ Mai Thảo,THPT_CVA,THPT Chu Văn An,thpt,LOP_06,Lớp 6,thcs,KV_HCM_Q4,Quận 4,Quận 4,Hồ Chí Minh,trung_binh,web,hoat_dong,2026-04-03,MON_ANH,Tiếng Anh,ngoai_ngu,ca_hai,Cải thiện điểm số,150000,2,dang_tim_gia_su,2026-03-18
HS_WB_0490,Đỗ Thị Hân,THPT_TD,THPT Thủ Đức,thpt,LOP_09,Lớp 9,thcs,KV_DN_CL,Cẩm Lệ,Cẩm Lệ,Đà Nẵng,kha,web,hoat_dong,2026-04-03,MON_LY,Vật lý,tu_nhien,ca_hai,Cải thiện điểm số,200000,2,dang_tim_gia_su,2026-03-26
HS_WB_0491,Phạm Quang Tuấn,THPT_CVA,THPT Chu Văn An,thpt,LOP_06,Lớp 6,thcs,KV_HN_BD,Ba Đình,Ba Đình,Hà Nội,kha,web,hoat_dong,2026-04-03,MON_VAN,Ngữ văn,xa_hoi,ca_hai,Cải thiện điểm số,200000,4,dang_tim_gia_su,2026-03-07
HS_WB_0492,Nguyễn Thanh Vy,THPT_LHP,THPT Chuyên Lê Hồng Phong,thpt,LOP_10,Lớp 10,thpt,KV_HN_LB,Long Biên,Long Biên,Hà Nội,gioi,web,hoat_dong,2026-04-03,MON_LY,Vật lý,tu_nhien,truc_tiep,Cải thiện điểm số,250000,3,dang_tim_gia_su,2026-03-16
HS_WB_0493,Đặng Thanh Mai,THPT_NVT,THPT Nguyễn Văn Trỗi,thpt,LOP_06,Lớp 6,thcs,KV_HN_DD,Đống Đa,Đống Đa,Hà Nội,yeu,web,hoat_dong,2026-04-03,MON_ANH,Tiếng Anh,ngoai_ngu,online,Cải thiện điểm số,150000,2,dang_tim_gia_su,2026-03-25
HS_WB_0494,Đỗ Ngọc Vy,THPT_ST,THPT Sơn Tây,thpt,LOP_12,Lớp 12,thpt,KV_HN_BTL,Bắc Từ Liêm,Bắc Từ Liêm,Hà Nội,kha,web,hoat_dong,2026-04-03,MON_ANH,Tiếng Anh,ngoai_ngu,online,Cải thiện điểm số,250000,2,dang_tim_gia_su,2026-03-08
HS_WB_0495,Phạm Thanh Vy,THPT_HHT,THPT Hoàng Hoa Thám,thpt,LOP_09,Lớp 9,thcs,KV_DN_CL,Cẩm Lệ,Cẩm Lệ,Đà Nẵng,gioi,web,hoat_dong,2026-04-03,MON_ANH,Tiếng Anh,ngoai_ngu,ca_hai,Cải thiện điểm số,200000,2,dang_tim_gia_su,2026-04-02
HS_WB_0496,Hoàng Hồng Linh,THPT_MQ,THPT Mạc Đĩnh Chi,thpt,LOP_10,Lớp 10,thpt,KV_HCM_BT,Bình Thạnh,Bình Thạnh,Hồ Chí Minh,gioi,web,hoat_dong,2026-04-03,MON_VAN,Ngữ văn,xa_hoi,truc_tiep,Cải thiện điểm số,250000,3,dang_tim_gia_su,2026-03-26
HS_WB_0497,Hoàng Thanh Châu,THPT_PDP,THPT Phan Đình Phùng,thpt,LOP_09,Lớp 9,thcs,KV_HCM_Q4,Quận 4,Quận 4,Hồ Chí Minh,trung_binh,web,hoat_dong,2026-04-03,MON_VAN,Ngữ văn,xa_hoi,truc_tiep,Cải thiện điểm số,250000,4,dang_tim_gia_su,2026-04-02
HS_WB_0498,Dương Thanh Linh,THPT_NT_HCM,THPT Nguyễn Trãi,thpt,LOP_10,Lớp 10,thpt,KV_HN_HD,Hà Đông,Hà Đông,Hà Nội,trung_binh,web,hoat_dong,2026-04-03,MON_TOAN,Toán,tu_nhien,ca_hai,Cải thiện điểm số,200000,2,dang_tim_gia_su,2026-03-31
HS_WB_0499,Nguyễn Văn Huy,THPT_TL,THPT Thăng Long,thpt,LOP_06,Lớp 6,thcs,KV_HCM_Q5,Quận 5,Quận 5,Hồ Chí Minh,yeu,web,hoat_dong,2026-04-03,MON_LY,Vật lý,tu_nhien,truc_tiep,Cải thiện điểm số,150000,2,dang_tim_gia_su,2026-03-14
HS_WB_0500,Ngô Quang Kiệt,THPT_TDN,THPT Chuyên Trần Đại Nghĩa,thpt,LOP_09,Lớp 9,thcs,KV_DN_NHS,Ngũ Hành Sơn,Ngũ Hành Sơn,Đà Nẵng,yeu,web,hoat_dong,2026-04-03,MON_LY,Vật lý,tu_nhien,truc_tiep,Cải thiện điểm số,250000,3,dang_tim_gia_su,2026-03-09
HS_WB_0501,Đỗ Trọng Huy,THPT_TP_DN,THPT Trần Phú,thpt,LOP_10,Lớp 10,thpt,KV_HCM_TD,Thủ Đức,Thủ Đức,Hồ Chí Minh,gioi,web,hoat_dong,2026-04-03,MON_VAN,Ngữ văn,xa_hoi,online,Cải thiện điểm số,250000,3,dang_tim_gia_su,2026-04-01
HS_WB_0502,Đỗ Hồng Vy,THPT_NMK,THPT Nguyễn Thị Minh Khai,thpt,LOP_09,Lớp 9,thcs,KV_HCM_TB,Tân Bình,Tân Bình,Hồ Chí Minh,kha,web,hoat_dong,2026-04-03,MON_LY,Vật lý,tu_nhien,online,Cải thiện điểm số,150000,3,dang_tim_gia_su,2026-03-26
HS_WB_0503,Ngô Thu Nhung,THPT_VTS,THPT Võ Thị Sáu,thpt,LOP_06,Lớp 6,thcs,KV_HN_LB,Long Biên,Long Biên,Hà Nội,gioi,web,hoat_dong,2026-04-03,MON_LY,Vật lý,tu_nhien,truc_tiep,Cải thiện điểm số,200000,2,dang_tim_gia_su,2026-03-31
HS_WB_0504,Lê Đình Nam,THPT_GD,THPT Gia Định,thpt,LOP_12,Lớp 12,thpt,KV_HN_CG,Cầu Giấy,Cầu Giấy,Hà Nội,kha,web,hoat_dong,2026-04-03,MON_ANH,Tiếng Anh,ngoai_ngu,truc_tiep,Cải thiện điểm số,150000,3,dang_tim_gia_su,2026-03-17
HS_WB_0505,Bùi Đình Tuấn,THPT_YH,THPT Yên Hòa,thpt,LOP_06,Lớp 6,thcs,KV_HN_HBT,Hai Bà Trưng,Hai Bà Trưng,Hà Nội,yeu,web,hoat_dong,2026-04-03,MON_LY,Vật lý,tu_nhien,truc_tiep,Cải thiện điểm số,200000,3,dang_tim_gia_su,2026-03-07
HS_WB_0506,Ngô Hữu Đạt,THPT_TTT,THPT Tôn Thất Tùng,thpt,LOP_06,Lớp 6,thcs,KV_HCM_Q8,Quận 8,Quận 8,Hồ Chí Minh,yeu,web,hoat_dong,2026-04-03,MON_TOAN,Toán,tu_nhien,online,Cải thiện điểm số,250000,4,dang_tim_gia_su,2026-03-18
HS_WB_0507,Ngô Bảo Mai,THPT_ST,THPT Sơn Tây,thpt,LOP_10,Lớp 10,thpt,KV_DN_TK,Thanh Khê,Thanh Khê,Đà Nẵng,kha,web,hoat_dong,2026-04-03,MON_VAN,Ngữ văn,xa_hoi,ca_hai,Cải thiện điểm số,250000,2,dang_tim_gia_su,2026-03-25
HS_WB_0508,Ngô Thanh An,THPT_TP_HN,THPT Trần Phú - Hoàn Kiếm,thpt,LOP_06,Lớp 6,thcs,KV_HCM_Q7,Quận 7,Quận 7,Hồ Chí Minh,xuat_sac,web,hoat_dong,2026-04-03,MON_LY,Vật lý,tu_nhien,truc_tiep,Cải thiện điểm số,250000,4,dang_tim_gia_su,2026-03-08
HS_WB_0509,Đặng Ngọc Trang,THPT_AMS,THPT Chuyên Hà Nội - Amsterdam,thpt,LOP_09,Lớp 9,thcs,KV_HCM_Q1,Quận 1,Quận 1,Hồ Chí Minh,gioi,web,hoat_dong,2026-04-03,MON_LY,Vật lý,tu_nhien,truc_tiep,Cải thiện điểm số,150000,4,dang_tim_gia_su,2026-03-16
HS_WB_0510,Ngô Hữu Tuấn,THPT_GD,THPT Gia Định,thpt,LOP_06,Lớp 6,thcs,KV_HCM_Q3,Quận 3,Quận 3,Hồ Chí Minh,trung_binh,web,hoat_dong,2026-04-03,MON_ANH,Tiếng Anh,ngoai_ngu,online,Cải thiện điểm số,150000,3,dang_tim_gia_su,2026-03-20
HS_WB_0511,Lý Thị Hân,THPT_TPh,THPT Thái Phiên,thpt,LOP_09,Lớp 9,thcs,KV_HCM_Q4,Quận 4,Quận 4,Hồ Chí Minh,kha,web,hoat_dong,2026-04-03,MON_TOAN,Toán,tu_nhien,ca_hai,Cải thiện điểm số,250000,3,dang_tim_gia_su,2026-03-18
HS_WB_0512,Phạm Hữu Nam,THPT_LQD_HN,THPT Lê Quý Đôn - Đống Đa,thpt,LOP_06,Lớp 6,thcs,KV_HN_HM,Hoàng Mai,Hoàng Mai,Hà Nội,xuat_sac,web,hoat_dong,2026-04-03,MON_ANH,Tiếng Anh,ngoai_ngu,online,Cải thiện điểm số,150000,4,dang_tim_gia_su,2026-03-21
HS_WB_0513,Hoàng Trọng Phú,THPT_PN,THPT Phú Nhuận,thpt,LOP_06,Lớp 6,thcs,KV_HCM_Q8,Quận 8,Quận 8,Hồ Chí Minh,trung_binh,web,hoat_dong,2026-04-03,MON_TOAN,Toán,tu_nhien,truc_tiep,Cải thiện điểm số,250000,3,dang_tim_gia_su,2026-03-05
HS_WB_0514,Dương Thị Vy,THPT_AMS,THPT Chuyên Hà Nội - Amsterdam,thpt,LOP_10,Lớp 10,thpt,KV_HN_HK,Hoàn Kiếm,Hoàn Kiếm,Hà Nội,trung_binh,web,hoat_dong,2026-04-03,MON_TOAN,Toán,tu_nhien,ca_hai,Cải thiện điểm số,250000,4,dang_tim_gia_su,2026-03-11
HS_WB_0515,Vũ Đình Khoa,THPT_CG,THPT Cầu Giấy,thpt,LOP_06,Lớp 6,thcs,KV_HN_HK,Hoàn Kiếm,Hoàn Kiếm,Hà Nội,xuat_sac,web,hoat_dong,2026-04-03,MON_LY,Vật lý,tu_nhien,ca_hai,Cải thiện điểm số,250000,4,dang_tim_gia_su,2026-03-21
HS_WB_0516,Dương Xuân Nhung,THPT_ND,THPT Nguyễn Du,thpt,LOP_09,Lớp 9,thcs,KV_HN_HM,Hoàng Mai,Hoàng Mai,Hà Nội,trung_binh,web,hoat_dong,2026-04-03,MON_TOAN,Toán,tu_nhien,online,Cải thiện điểm số,150000,4,dang_tim_gia_su,2026-04-02
HS_WB_0517,Bùi Hoàng Linh,THPT_ST,THPT Sơn Tây,thpt,LOP_12,Lớp 12,thpt,KV_HN_NTL,Nam Từ Liêm,Nam Từ Liêm,Hà Nội,kha,web,hoat_dong,2026-04-03,MON_TOAN,Toán,tu_nhien,ca_hai,Cải thiện điểm số,250000,3,dang_tim_gia_su,2026-03-06
HS_WB_0518,Trần Minh Phú,THPT_NHS,THPT Ngũ Hành Sơn,thpt,LOP_10,Lớp 10,thpt,KV_DN_TK,Thanh Khê,Thanh Khê,Đà Nẵng,kha,web,hoat_dong,2026-04-03,MON_VAN,Ngữ văn,xa_hoi,ca_hai,Cải thiện điểm số,250000,4,dang_tim_gia_su,2026-03-10
HS_WB_0519,Ngô Bảo An,THPT_NHS,THPT Ngũ Hành Sơn,thpt,LOP_09,Lớp 9,thcs,KV_HCM_TP,Tân Phú,Tân Phú,Hồ Chí Minh,trung_binh,web,hoat_dong,2026-04-03,MON_VAN,Ngữ văn,xa_hoi,truc_tiep,Cải thiện điểm số,150000,2,dang_tim_gia_su,2026-04-02
HS_WB_0520,Vũ Quang Kiệt,THPT_TL,THPT Thăng Long,thpt,LOP_10,Lớp 10,thpt,KV_HCM_Q7,Quận 7,Quận 7,Hồ Chí Minh,kha,web,hoat_dong,2026-04-03,MON_VAN,Ngữ văn,xa_hoi,ca_hai,Cải thiện điểm số,250000,3,dang_tim_gia_su,2026-03-28
HS_WB_0521,Lê Thanh Nhung,THPT_ND,THPT Nguyễn Du,thpt,LOP_10,Lớp 10,thpt,KV_HN_TX,Thanh Xuân,Thanh Xuân,Hà Nội,kha,web,hoat_dong,2026-04-03,MON_LY,Vật lý,tu_nhien,truc_tiep,Cải thiện điểm số,200000,3,dang_tim_gia_su,2026-03-06
HS_WB_0522,Ngô Thu An,THPT_KL,THPT Kim Liên,thpt,LOP_12,Lớp 12,thpt,KV_HN_CG,Cầu Giấy,Cầu Giấy,Hà Nội,trung_binh,web,hoat_dong,2026-04-03,MON_ANH,Tiếng Anh,ngoai_ngu,ca_hai,Cải thiện điểm số,200000,2,dang_tim_gia_su,2026-03-18
HS_WB_0523,Trần Thái Phú,THPT_TD,THPT Thủ Đức,thpt,LOP_06,Lớp 6,thcs,KV_HCM_TP,Tân Phú,Tân Phú,Hồ Chí Minh,trung_binh,web,hoat_dong,2026-04-03,MON_ANH,Tiếng Anh,ngoai_ngu,online,Cải thiện điểm số,150000,3,dang_tim_gia_su,2026-03-20
HS_WB_0524,Vũ Đình Cường,THPT_MC,THPT Marie Curie,thpt,LOP_06,Lớp 6,thcs,KV_HN_DD,Đống Đa,Đống Đa,Hà Nội,yeu,web,hoat_dong,2026-04-03,MON_TOAN,Toán,tu_nhien,truc_tiep,Cải thiện điểm số,250000,3,dang_tim_gia_su,2026-03-24
HS_WB_0525,Lê Thái Cường,THPT_MC,THPT Marie Curie,thpt,LOP_06,Lớp 6,thcs,KV_HCM_Q3,Quận 3,Quận 3,Hồ Chí Minh,xuat_sac,web,hoat_dong,2026-04-03,MON_VAN,Ngữ văn,xa_hoi,online,Cải thiện điểm số,200000,4,dang_tim_gia_su,2026-03-23
HS_WB_0526,Đặng Xuân Châu,THPT_BTX,THPT Bùi Thị Xuân,thpt,LOP_10,Lớp 10,thpt,KV_HCM_BT,Bình Thạnh,Bình Thạnh,Hồ Chí Minh,gioi,web,hoat_dong,2026-04-03,MON_VAN,Ngữ văn,xa_hoi,truc_tiep,Cải thiện điểm số,250000,2,dang_tim_gia_su,2026-03-11
HS_WB_0527,Đặng Đức Đạt,THPT_VD,THPT Việt Đức,thpt,LOP_10,Lớp 10,thpt,KV_DN_CL,Cẩm Lệ,Cẩm Lệ,Đà Nẵng,gioi,web,hoat_dong,2026-04-03,MON_TOAN,Toán,tu_nhien,truc_tiep,Cải thiện điểm số,250000,4,dang_tim_gia_su,2026-03-05
HS_WB_0528,Đặng Thu Hân,THPT_KL,THPT Kim Liên,thpt,LOP_12,Lớp 12,thpt,KV_HN_TX,Thanh Xuân,Thanh Xuân,Hà Nội,kha,web,hoat_dong,2026-04-03,MON_TOAN,Toán,tu_nhien,ca_hai,Cải thiện điểm số,250000,2,dang_tim_gia_su,2026-03-08
HS_WB_0529,Lý Thu Trang,THPT_YH,THPT Yên Hòa,thpt,LOP_06,Lớp 6,thcs,KV_DN_TK,Thanh Khê,Thanh Khê,Đà Nẵng,kha,web,hoat_dong,2026-04-03,MON_TOAN,Toán,tu_nhien,truc_tiep,Cải thiện điểm số,200000,4,dang_tim_gia_su,2026-03-28
HS_WB_0530,Lý Thị Vy,THPT_AMS,THPT Chuyên Hà Nội - Amsterdam,thpt,LOP_10,Lớp 10,thpt,KV_HCM_TD,Thủ Đức,Thủ Đức,Hồ Chí Minh,gioi,web,hoat_dong,2026-04-03,MON_LY,Vật lý,tu_nhien,online,Cải thiện điểm số,200000,4,dang_tim_gia_su,2026-03-21
HS_WB_0531,Vũ Mai Mai,THPT_VTS,THPT Võ Thị Sáu,thpt,LOP_06,Lớp 6,thcs,KV_HN_NTL,Nam Từ Liêm,Nam Từ Liêm,Hà Nội,yeu,web,hoat_dong,2026-04-03,MON_TOAN,Toán,tu_nhien,online,Cải thiện điểm số,250000,2,dang_tim_gia_su,2026-03-20
HS_WB_0532,Ngô Thu An,THPT_TP_HN,THPT Trần Phú - Hoàn Kiếm,thpt,LOP_09,Lớp 9,thcs,KV_HCM_PN,Phú Nhuận,Phú Nhuận,Hồ Chí Minh,gioi,web,hoat_dong,2026-04-03,MON_ANH,Tiếng Anh,ngoai_ngu,truc_tiep,Cải thiện điểm số,150000,2,dang_tim_gia_su,2026-03-12
HS_WB_0533,Vũ Thu An,THPT_LQD_DN,THPT Chuyên Lê Quý Đôn,thpt,LOP_09,Lớp 9,thcs,KV_HN_NTL,Nam Từ Liêm,Nam Từ Liêm,Hà Nội,gioi,web,hoat_dong,2026-04-03,MON_LY,Vật lý,tu_nhien,truc_tiep,Cải thiện điểm số,200000,4,dang_tim_gia_su,2026-03-15
HS_WB_0534,Vũ Bảo Linh,THPT_TP_HN,THPT Trần Phú - Hoàn Kiếm,thpt,LOP_09,Lớp 9,thcs,KV_HCM_Q3,Quận 3,Quận 3,Hồ Chí Minh,gioi,web,hoat_dong,2026-04-03,MON_ANH,Tiếng Anh,ngoai_ngu,ca_hai,Cải thiện điểm số,200000,2,dang_tim_gia_su,2026-03-09
HS_WB_0535,Nguyễn Bảo Mai,THPT_TP_HN,THPT Trần Phú - Hoàn Kiếm,thpt,LOP_09,Lớp 9,thcs,KV_HCM_Q8,Quận 8,Quận 8,Hồ Chí Minh,gioi,web,hoat_dong,2026-04-03,MON_ANH,Tiếng Anh,ngoai_ngu,truc_tiep,Cải thiện điểm số,150000,2,dang_tim_gia_su,2026-03-24
HS_WB_0536,Lý Bảo Thu,THPT_NHS,THPT Ngũ Hành Sơn,thpt,LOP_09,Lớp 9,thcs,KV_HCM_PN,Phú Nhuận,Phú Nhuận,Hồ Chí Minh,trung_binh,web,hoat_dong,2026-04-03,MON_TOAN,Toán,tu_nhien,online,Cải thiện điểm số,250000,2,dang_tim_gia_su,2026-03-21
HS_WB_0537,Đỗ Ngọc An,THPT_VD,THPT Việt Đức,thpt,LOP_09,Lớp 9,thcs,KV_DN_HC,Hải Châu,Hải Châu,Đà Nẵng,gioi,web,hoat_dong,2026-04-03,MON_TOAN,Toán,tu_nhien,truc_tiep,Cải thiện điểm số,150000,2,dang_tim_gia_su,2026-04-01
HS_WB_0538,Đỗ Hồng Linh,THPT_TDN,THPT Chuyên Trần Đại Nghĩa,thpt,LOP_10,Lớp 10,thpt,KV_HN_HBT,Hai Bà Trưng,Hai Bà Trưng,Hà Nội,kha,web,hoat_dong,2026-04-03,MON_LY,Vật lý,tu_nhien,ca_hai,Cải thiện điểm số,150000,4,dang_tim_gia_su,2026-03-06
HS_WB_0539,Đỗ Xuân Châu,THPT_TL,THPT Thăng Long,thpt,LOP_09,Lớp 9,thcs,KV_HCM_Q8,Quận 8,Quận 8,Hồ Chí Minh,xuat_sac,web,hoat_dong,2026-04-03,MON_TOAN,Toán,tu_nhien,ca_hai,Cải thiện điểm số,150000,3,dang_tim_gia_su,2026-03-11
HS_WB_0540,Phạm Hải Khoa,THPT_ST,THPT Sơn Tây,thpt,LOP_06,Lớp 6,thcs,KV_HCM_Q7,Quận 7,Quận 7,Hồ Chí Minh,yeu,web,hoat_dong,2026-04-03,MON_ANH,Tiếng Anh,ngoai_ngu,online,Cải thiện điểm số,200000,2,dang_tim_gia_su,2026-03-08
HS_WB_0541,Phạm Trọng Huy,THPT_NT_HN,THPT Nguyễn Trãi - Ba Đình,thpt,LOP_10,Lớp 10,thpt,KV_HCM_TD,Thủ Đức,Thủ Đức,Hồ Chí Minh,trung_binh,web,hoat_dong,2026-04-03,MON_ANH,Tiếng Anh,ngoai_ngu,ca_hai,Cải thiện điểm số,150000,4,dang_tim_gia_su,2026-03-23
HS_WB_0542,Vũ Thái Đạt,THPT_MC,THPT Marie Curie,thpt,LOP_10,Lớp 10,thpt,KV_HCM_Q10,Quận 10,Quận 10,Hồ Chí Minh,yeu,web,hoat_dong,2026-04-03,MON_LY,Vật lý,tu_nhien,ca_hai,Cải thiện điểm số,250000,4,dang_tim_gia_su,2026-03-23
HS_WB_0543,Bùi Hồng Hân,THPT_CBQ,THPT Cao Bá Quát,thpt,LOP_06,Lớp 6,thcs,KV_HCM_Q8,Quận 8,Quận 8,Hồ Chí Minh,gioi,web,hoat_dong,2026-04-03,MON_LY,Vật lý,tu_nhien,ca_hai,Cải thiện điểm số,150000,3,dang_tim_gia_su,2026-03-24
HS_WB_0544,Nguyễn Hữu Tuấn,THPT_ST,THPT Sơn Tây,thpt,LOP_12,Lớp 12,thpt,KV_HCM_TP,Tân Phú,Tân Phú,Hồ Chí Minh,gioi,web,hoat_dong,2026-04-03,MON_TOAN,Toán,tu_nhien,truc_tiep,Cải thiện điểm số,250000,4,dang_tim_gia_su,2026-03-30
HS_WB_0545,Ngô Hải Tuấn,THPT_TL,THPT Thăng Long,thpt,LOP_10,Lớp 10,thpt,KV_HN_TH,Tây Hồ,Tây Hồ,Hà Nội,kha,web,hoat_dong,2026-04-03,MON_LY,Vật lý,tu_nhien,truc_tiep,Cải thiện điểm số,250000,3,dang_tim_gia_su,2026-03-29
HS_WB_0546,Đặng Mai Châu,THPT_LQD_HCM,THPT Lê Quý Đôn,thpt,LOP_06,Lớp 6,thcs,KV_HN_CG,Cầu Giấy,Cầu Giấy,Hà Nội,trung_binh,web,hoat_dong,2026-04-03,MON_TOAN,Toán,tu_nhien,truc_tiep,Cải thiện điểm số,250000,4,dang_tim_gia_su,2026-03-10
HS_WB_0547,Vũ Quang Phú,THPT_VD,THPT Việt Đức,thpt,LOP_06,Lớp 6,thcs,KV_HN_CG,Cầu Giấy,Cầu Giấy,Hà Nội,xuat_sac,web,hoat_dong,2026-04-03,MON_ANH,Tiếng Anh,ngoai_ngu,ca_hai,Cải thiện điểm số,250000,3,dang_tim_gia_su,2026-03-08
HS_WB_0548,Trần Mai Linh,THPT_NVT,THPT Nguyễn Văn Trỗi,thpt,LOP_09,Lớp 9,thcs,KV_DN_NHS,Ngũ Hành Sơn,Ngũ Hành Sơn,Đà Nẵng,xuat_sac,web,hoat_dong,2026-04-03,MON_TOAN,Toán,tu_nhien,ca_hai,Cải thiện điểm số,250000,4,dang_tim_gia_su,2026-03-15
HS_WB_0549,Hoàng Hoàng Thu,THPT_DD,THPT Đống Đa,thpt,LOP_10,Lớp 10,thpt,KV_HCM_BT,Bình Thạnh,Bình Thạnh,Hồ Chí Minh,kha,web,hoat_dong,2026-04-03,MON_ANH,Tiếng Anh,ngoai_ngu,truc_tiep,Cải thiện điểm số,250000,4,dang_tim_gia_su,2026-03-26
HS_WB_0550,Lê Hồng Thảo,THPT_LQD_HCM,THPT Lê Quý Đôn,thpt,LOP_10,Lớp 10,thpt,KV_HN_HBT,Hai Bà Trưng,Hai Bà Trưng,Hà Nội,xuat_sac,web,hoat_dong,2026-04-03,MON_ANH,Tiếng Anh,ngoai_ngu,truc_tiep,Cải thiện điểm số,200000,2,dang_tim_gia_su,2026-03-18
HS_WB_0551,Vũ Mai Nhung,THPT_TD,THPT Thủ Đức,thpt,LOP_12,Lớp 12,thpt,KV_HCM_PN,Phú Nhuận,Phú Nhuận,Hồ Chí Minh,xuat_sac,web,hoat_dong,2026-04-03,MON_ANH,Tiếng Anh,ngoai_ngu,truc_tiep,Cải thiện điểm số,200000,4,dang_tim_gia_su,2026-03-22
HS_WB_0552,Trần Bảo Thu,THPT_TP_HN,THPT Trần Phú - Hoàn Kiếm,thpt,LOP_12,Lớp 12,thpt,KV_HCM_PN,Phú Nhuận,Phú Nhuận,Hồ Chí Minh,yeu,web,hoat_dong,2026-04-03,MON_ANH,Tiếng Anh,ngoai_ngu,online,Cải thiện điểm số,200000,3,dang_tim_gia_su,2026-04-02
HS_WB_0553,Phạm Minh Đạt,THPT_DA,THPT Đông Anh,thpt,LOP_10,Lớp 10,thpt,KV_HN_CG,Cầu Giấy,Cầu Giấy,Hà Nội,trung_binh,web,hoat_dong,2026-04-03,MON_TOAN,Toán,tu_nhien,truc_tiep,Cải thiện điểm số,150000,2,dang_tim_gia_su,2026-03-30
HS_WB_0554,Bùi Minh Khoa,THPT_TPh,THPT Thái Phiên,thpt,LOP_12,Lớp 12,thpt,KV_HCM_TB,Tân Bình,Tân Bình,Hồ Chí Minh,kha,web,hoat_dong,2026-04-03,MON_TOAN,Toán,tu_nhien,online,Cải thiện điểm số,250000,2,dang_tim_gia_su,2026-03-22
HS_WB_0555,Vũ Bảo Mai,THPT_PDP,THPT Phan Đình Phùng,thpt,LOP_06,Lớp 6,thcs,KV_HCM_Q4,Quận 4,Quận 4,Hồ Chí Minh,gioi,web,hoat_dong,2026-04-03,MON_TOAN,Toán,tu_nhien,online,Cải thiện điểm số,150000,3,dang_tim_gia_su,2026-03-13
HS_WB_0556,Lý Trọng Hùng,THPT_TD,THPT Thủ Đức,thpt,LOP_12,Lớp 12,thpt,KV_HN_LB,Long Biên,Long Biên,Hà Nội,gioi,web,hoat_dong,2026-04-03,MON_LY,Vật lý,tu_nhien,truc_tiep,Cải thiện điểm số,250000,4,dang_tim_gia_su,2026-03-05
HS_WB_0557,Trần Ngọc Linh,THPT_ND,THPT Nguyễn Du,thpt,LOP_10,Lớp 10,thpt,KV_HN_BTL,Bắc Từ Liêm,Bắc Từ Liêm,Hà Nội,gioi,web,hoat_dong,2026-04-03,MON_LY,Vật lý,tu_nhien,ca_hai,Cải thiện điểm số,150000,2,dang_tim_gia_su,2026-03-21
HS_WB_0558,Đỗ Thanh Châu,THPT_CG,THPT Cầu Giấy,thpt,LOP_09,Lớp 9,thcs,KV_HN_LB,Long Biên,Long Biên,Hà Nội,trung_binh,web,hoat_dong,2026-04-03,MON_ANH,Tiếng Anh,ngoai_ngu,truc_tiep,Cải thiện điểm số,250000,2,dang_tim_gia_su,2026-03-12
HS_WB_0559,Trần Minh Kiệt,THPT_NT_HN,THPT Nguyễn Trãi - Ba Đình,thpt,LOP_12,Lớp 12,thpt,KV_DN_CL,Cẩm Lệ,Cẩm Lệ,Đà Nẵng,trung_binh,web,hoat_dong,2026-04-03,MON_VAN,Ngữ văn,xa_hoi,ca_hai,Cải thiện điểm số,150000,3,dang_tim_gia_su,2026-03-15
HS_WB_0560,Lê Đức Đức,THPT_KL,THPT Kim Liên,thpt,LOP_06,Lớp 6,thcs,KV_HCM_BT,Bình Thạnh,Bình Thạnh,Hồ Chí Minh,gioi,web,hoat_dong,2026-04-03,MON_TOAN,Toán,tu_nhien,ca_hai,Cải thiện điểm số,150000,4,dang_tim_gia_su,2026-03-24
HS_WB_0561,Vũ Hồng Nhung,THPT_PN,THPT Phú Nhuận,thpt,LOP_06,Lớp 6,thcs,KV_HCM_Q3,Quận 3,Quận 3,Hồ Chí Minh,kha,web,hoat_dong,2026-04-03,MON_ANH,Tiếng Anh,ngoai_ngu,online,Cải thiện điểm số,200000,2,dang_tim_gia_su,2026-03-24
HS_WB_0562,Hoàng Đức Huy,THPT_LHP,THPT Chuyên Lê Hồng Phong,thpt,LOP_10,Lớp 10,thpt,KV_HCM_Q10,Quận 10,Quận 10,Hồ Chí Minh,yeu,web,hoat_dong,2026-04-03,MON_TOAN,Toán,tu_nhien,online,Cải thiện điểm số,250000,2,dang_tim_gia_su,2026-03-31
HS_WB_0563,Ngô Văn Cường,THPT_PN,THPT Phú Nhuận,thpt,LOP_09,Lớp 9,thcs,KV_HCM_PN,Phú Nhuận,Phú Nhuận,Hồ Chí Minh,trung_binh,web,hoat_dong,2026-04-03,MON_LY,Vật lý,tu_nhien,truc_tiep,Cải thiện điểm số,150000,2,dang_tim_gia_su,2026-03-07
HS_WB_0564,Đỗ Thái Khoa,THPT_KL,THPT Kim Liên,thpt,LOP_10,Lớp 10,thpt,KV_HCM_Q3,Quận 3,Quận 3,Hồ Chí Minh,trung_binh,web,hoat_dong,2026-04-03,MON_VAN,Ngữ văn,xa_hoi,online,Cải thiện điểm số,150000,3,dang_tim_gia_su,2026-03-23
HS_WB_0565,Đỗ Bảo Châu,THPT_TTT,THPT Tôn Thất Tùng,thpt,LOP_10,Lớp 10,thpt,KV_HN_CG,Cầu Giấy,Cầu Giấy,Hà Nội,yeu,web,hoat_dong,2026-04-03,MON_TOAN,Toán,tu_nhien,online,Cải thiện điểm số,200000,3,dang_tim_gia_su,2026-03-17
HS_WB_0566,Ngô Đình Huy,THPT_LHP,THPT Chuyên Lê Hồng Phong,thpt,LOP_09,Lớp 9,thcs,KV_HCM_TD,Thủ Đức,Thủ Đức,Hồ Chí Minh,yeu,web,hoat_dong,2026-04-03,MON_VAN,Ngữ văn,xa_hoi,online,Cải thiện điểm số,200000,3,dang_tim_gia_su,2026-03-28
HS_WB_0567,Đỗ Ngọc Nhung,THPT_CVA,THPT Chu Văn An,thpt,LOP_09,Lớp 9,thcs,KV_HCM_Q10,Quận 10,Quận 10,Hồ Chí Minh,kha,web,hoat_dong,2026-04-03,MON_VAN,Ngữ văn,xa_hoi,truc_tiep,Cải thiện điểm số,250000,2,dang_tim_gia_su,2026-03-21
HS_WB_0568,Trần Đức Tuấn,THPT_NT_HCM,THPT Nguyễn Trãi,thpt,LOP_06,Lớp 6,thcs,KV_HCM_PN,Phú Nhuận,Phú Nhuận,Hồ Chí Minh,xuat_sac,web,hoat_dong,2026-04-03,MON_ANH,Tiếng Anh,ngoai_ngu,truc_tiep,Cải thiện điểm số,200000,4,dang_tim_gia_su,2026-03-22
HS_WB_0569,Lê Trọng Hùng,THPT_NH,THPT Nguyễn Hiền,thpt,LOP_06,Lớp 6,thcs,KV_HN_BTL,Bắc Từ Liêm,Bắc Từ Liêm,Hà Nội,trung_binh,web,hoat_dong,2026-04-03,MON_TOAN,Toán,tu_nhien,online,Cải thiện điểm số,200000,3,dang_tim_gia_su,2026-03-30
HS_WB_0570,Dương Hữu Khoa,THPT_NT_HN,THPT Nguyễn Trãi - Ba Đình,thpt,LOP_10,Lớp 10,thpt,KV_HN_TH,Tây Hồ,Tây Hồ,Hà Nội,kha,web,hoat_dong,2026-04-03,MON_VAN,Ngữ văn,xa_hoi,online,Cải thiện điểm số,250000,2,dang_tim_gia_su,2026-03-10
HS_WB_0571,Bùi Mai Nhung,THPT_LQD_HN,THPT Lê Quý Đôn - Đống Đa,thpt,LOP_06,Lớp 6,thcs,KV_HCM_Q4,Quận 4,Quận 4,Hồ Chí Minh,kha,web,hoat_dong,2026-04-03,MON_ANH,Tiếng Anh,ngoai_ngu,truc_tiep,Cải thiện điểm số,150000,4,dang_tim_gia_su,2026-03-28
HS_WB_0572,Lê Mai Vy,THPT_MC,THPT Marie Curie,thpt,LOP_12,Lớp 12,thpt,KV_DN_LC,Liên Chiểu,Liên Chiểu,Đà Nẵng,xuat_sac,web,hoat_dong,2026-04-03,MON_TOAN,Toán,tu_nhien,ca_hai,Cải thiện điểm số,200000,3,dang_tim_gia_su,2026-03-30
HS_WB_0573,Trần Thanh Linh,THPT_NT_HCM,THPT Nguyễn Trãi,thpt,LOP_09,Lớp 9,thcs,KV_HCM_Q8,Quận 8,Quận 8,Hồ Chí Minh,trung_binh,web,hoat_dong,2026-04-03,MON_TOAN,Toán,tu_nhien,truc_tiep,Cải thiện điểm số,250000,3,dang_tim_gia_su,2026-04-02
HS_WB_0574,Phạm Thị Nhung,THPT_MQ,THPT Mạc Đĩnh Chi,thpt,LOP_12,Lớp 12,thpt,KV_HCM_Q4,Quận 4,Quận 4,Hồ Chí Minh,kha,web,hoat_dong,2026-04-03,MON_ANH,Tiếng Anh,ngoai_ngu,truc_tiep,Cải thiện điểm số,200000,4,dang_tim_gia_su,2026-03-25
HS_WB_0575,Đặng Quang Cường,THPT_TL,THPT Thăng Long,thpt,LOP_06,Lớp 6,thcs,KV_HCM_Q8,Quận 8,Quận 8,Hồ Chí Minh,xuat_sac,web,hoat_dong,2026-04-03,MON_LY,Vật lý,tu_nhien,online,Cải thiện điểm số,150000,3,dang_tim_gia_su,2026-03-12
HS_WB_0576,Nguyễn Đức Đạt,THPT_TP_HN,THPT Trần Phú - Hoàn Kiếm,thpt,LOP_06,Lớp 6,thcs,KV_DN_ST,Sơn Trà,Sơn Trà,Đà Nẵng,gioi,web,hoat_dong,2026-04-03,MON_TOAN,Toán,tu_nhien,ca_hai,Cải thiện điểm số,200000,4,dang_tim_gia_su,2026-03-18
HS_WB_0577,Ngô Hữu Huy,THPT_NTH_HCM,THPT Nguyễn Thượng Hiền,thpt,LOP_06,Lớp 6,thcs,KV_HCM_PN,Phú Nhuận,Phú Nhuận,Hồ Chí Minh,trung_binh,web,hoat_dong,2026-04-03,MON_TOAN,Toán,tu_nhien,ca_hai,Cải thiện điểm số,200000,2,dang_tim_gia_su,2026-03-16
HS_WB_0578,Đặng Văn Kiệt,THPT_NMK,THPT Nguyễn Thị Minh Khai,thpt,LOP_12,Lớp 12,thpt,KV_HN_NTL,Nam Từ Liêm,Nam Từ Liêm,Hà Nội,gioi,web,hoat_dong,2026-04-03,MON_TOAN,Toán,tu_nhien,ca_hai,Cải thiện điểm số,200000,2,dang_tim_gia_su,2026-03-21
HS_WB_0579,Ngô Hoàng Hân,THPT_GD,THPT Gia Định,thpt,LOP_09,Lớp 9,thcs,KV_HCM_Q5,Quận 5,Quận 5,Hồ Chí Minh,kha,web,hoat_dong,2026-04-03,MON_ANH,Tiếng Anh,ngoai_ngu,truc_tiep,Cải thiện điểm số,250000,3,dang_tim_gia_su,2026-04-03
HS_WB_0580,Hoàng Quang Phú,THPT_VTS,THPT Võ Thị Sáu,thpt,LOP_12,Lớp 12,thpt,KV_HN_TX,Thanh Xuân,Thanh Xuân,Hà Nội,gioi,web,hoat_dong,2026-04-03,MON_TOAN,Toán,tu_nhien,online,Cải thiện điểm số,200000,2,dang_tim_gia_su,2026-03-23
HS_WB_0581,Hoàng Xuân Nhung,THPT_YH,THPT Yên Hòa,thpt,LOP_06,Lớp 6,thcs,KV_HCM_Q7,Quận 7,Quận 7,Hồ Chí Minh,trung_binh,web,hoat_dong,2026-04-03,MON_LY,Vật lý,tu_nhien,online,Cải thiện điểm số,150000,2,dang_tim_gia_su,2026-03-24
HS_WB_0582,Ngô Hồng Hân,THPT_NT_HCM,THPT Nguyễn Trãi,thpt,LOP_09,Lớp 9,thcs,KV_HCM_TB,Tân Bình,Tân Bình,Hồ Chí Minh,gioi,web,hoat_dong,2026-04-03,MON_LY,Vật lý,tu_nhien,online,Cải thiện điểm số,250000,3,dang_tim_gia_su,2026-03-15
HS_WB_0583,Ngô Hải Tuấn,THPT_TDN,THPT Chuyên Trần Đại Nghĩa,thpt,LOP_09,Lớp 9,thcs,KV_HCM_TD,Thủ Đức,Thủ Đức,Hồ Chí Minh,kha,web,hoat_dong,2026-04-03,MON_LY,Vật lý,tu_nhien,online,Cải thiện điểm số,250000,2,dang_tim_gia_su,2026-03-22
HS_WB_0584,Lý Hải Hùng,THPT_MQ,THPT Mạc Đĩnh Chi,thpt,LOP_09,Lớp 9,thcs,KV_HCM_TD,Thủ Đức,Thủ Đức,Hồ Chí Minh,gioi,web,hoat_dong,2026-04-03,MON_TOAN,Toán,tu_nhien,online,Cải thiện điểm số,250000,4,dang_tim_gia_su,2026-03-19
HS_WB_0585,Nguyễn Trọng Nam,THPT_CVA,THPT Chu Văn An,thpt,LOP_06,Lớp 6,thcs,KV_DN_HC,Hải Châu,Hải Châu,Đà Nẵng,xuat_sac,web,hoat_dong,2026-04-03,MON_VAN,Ngữ văn,xa_hoi,truc_tiep,Cải thiện điểm số,250000,3,dang_tim_gia_su,2026-03-23
HS_WB_0586,Trần Thanh An,THPT_CVA,THPT Chu Văn An,thpt,LOP_12,Lớp 12,thpt,KV_DN_ST,Sơn Trà,Sơn Trà,Đà Nẵng,xuat_sac,web,hoat_dong,2026-04-03,MON_TOAN,Toán,tu_nhien,truc_tiep,Cải thiện điểm số,150000,2,dang_tim_gia_su,2026-03-13
HS_WB_0587,Vũ Quang Khoa,THPT_NMK,THPT Nguyễn Thị Minh Khai,thpt,LOP_06,Lớp 6,thcs,KV_HN_TH,Tây Hồ,Tây Hồ,Hà Nội,gioi,web,hoat_dong,2026-04-03,MON_ANH,Tiếng Anh,ngoai_ngu,online,Cải thiện điểm số,200000,4,dang_tim_gia_su,2026-03-05
HS_WB_0588,Trần Thanh Trang,THPT_NT_HCM,THPT Nguyễn Trãi,thpt,LOP_10,Lớp 10,thpt,KV_HN_HD,Hà Đông,Hà Đông,Hà Nội,xuat_sac,web,hoat_dong,2026-04-03,MON_TOAN,Toán,tu_nhien,ca_hai,Cải thiện điểm số,250000,4,dang_tim_gia_su,2026-03-29
HS_WB_0589,Đỗ Ngọc Nhung,THPT_NTH_HCM,THPT Nguyễn Thượng Hiền,thpt,LOP_09,Lớp 9,thcs,KV_HN_HBT,Hai Bà Trưng,Hai Bà Trưng,Hà Nội,gioi,web,hoat_dong,2026-04-03,MON_VAN,Ngữ văn,xa_hoi,online,Cải thiện điểm số,250000,4,dang_tim_gia_su,2026-03-22
HS_WB_0590,Hoàng Hải Hùng,THPT_VTS,THPT Võ Thị Sáu,thpt,LOP_09,Lớp 9,thcs,KV_HCM_Q3,Quận 3,Quận 3,Hồ Chí Minh,gioi,web,hoat_dong,2026-04-03,MON_ANH,Tiếng Anh,ngoai_ngu,truc_tiep,Cải thiện điểm số,150000,2,dang_tim_gia_su,2026-03-08
HS_WB_0591,Bùi Ngọc Mai,THPT_MQ,THPT Mạc Đĩnh Chi,thpt,LOP_12,Lớp 12,thpt,KV_DN_NHS,Ngũ Hành Sơn,Ngũ Hành Sơn,Đà Nẵng,yeu,web,hoat_dong,2026-04-03,MON_LY,Vật lý,tu_nhien,truc_tiep,Cải thiện điểm số,150000,3,dang_tim_gia_su,2026-04-03
HS_WB_0592,Dương Đình Khoa,THPT_NHS,THPT Ngũ Hành Sơn,thpt,LOP_12,Lớp 12,thpt,KV_HN_TH,Tây Hồ,Tây Hồ,Hà Nội,trung_binh,web,hoat_dong,2026-04-03,MON_LY,Vật lý,tu_nhien,truc_tiep,Cải thiện điểm số,250000,2,dang_tim_gia_su,2026-03-30
HS_WB_0593,Dương Đức Huy,THPT_ST,THPT Sơn Tây,thpt,LOP_10,Lớp 10,thpt,KV_HN_HBT,Hai Bà Trưng,Hai Bà Trưng,Hà Nội,kha,web,hoat_dong,2026-04-03,MON_LY,Vật lý,tu_nhien,online,Cải thiện điểm số,150000,2,dang_tim_gia_su,2026-03-19
HS_WB_0594,Đỗ Xuân Thảo,THPT_ND,THPT Nguyễn Du,thpt,LOP_09,Lớp 9,thcs,KV_HCM_Q10,Quận 10,Quận 10,Hồ Chí Minh,xuat_sac,web,hoat_dong,2026-04-03,MON_ANH,Tiếng Anh,ngoai_ngu,truc_tiep,Cải thiện điểm số,150000,3,dang_tim_gia_su,2026-03-25
HS_WB_0595,Vũ Hải Nam,THPT_NT_HN,THPT Nguyễn Trãi - Ba Đình,thpt,LOP_12,Lớp 12,thpt,KV_HN_HD,Hà Đông,Hà Đông,Hà Nội,xuat_sac,web,hoat_dong,2026-04-03,MON_TOAN,Toán,tu_nhien,truc_tiep,Cải thiện điểm số,250000,2,dang_tim_gia_su,2026-03-19
HS_WB_0596,Trần Bảo An,THPT_CBQ,THPT Cao Bá Quát,thpt,LOP_10,Lớp 10,thpt,KV_HN_HM,Hoàng Mai,Hoàng Mai,Hà Nội,yeu,web,hoat_dong,2026-04-03,MON_LY,Vật lý,tu_nhien,truc_tiep,Cải thiện điểm số,250000,3,dang_tim_gia_su,2026-03-28
HS_WB_0597,Nguyễn Hoàng An,THPT_NTH_HCM,THPT Nguyễn Thượng Hiền,thpt,LOP_12,Lớp 12,thpt,KV_DN_ST,Sơn Trà,Sơn Trà,Đà Nẵng,yeu,web,hoat_dong,2026-04-03,MON_TOAN,Toán,tu_nhien,ca_hai,Cải thiện điểm số,250000,4,dang_tim_gia_su,2026-03-30
HS_WB_0598,Vũ Thanh Châu,THPT_TPh,THPT Thái Phiên,thpt,LOP_10,Lớp 10,thpt,KV_HN_BTL,Bắc Từ Liêm,Bắc Từ Liêm,Hà Nội,yeu,web,hoat_dong,2026-04-03,MON_LY,Vật lý,tu_nhien,truc_tiep,Cải thiện điểm số,150000,3,dang_tim_gia_su,2026-03-13
HS_WB_0599,Lê Mai Hân,THPT_NH,THPT Nguyễn Hiền,thpt,LOP_12,Lớp 12,thpt,KV_DN_NHS,Ngũ Hành Sơn,Ngũ Hành Sơn,Đà Nẵng,trung_binh,web,hoat_dong,2026-04-03,MON_ANH,Tiếng Anh,ngoai_ngu,online,Cải thiện điểm số,150000,3,dang_tim_gia_su,2026-03-27
HS_WB_0600,Ngô Xuân Nhung,THPT_MQ,THPT Mạc Đĩnh Chi,thpt,LOP_06,Lớp 6,thcs,KV_HCM_Q10,Quận 10,Quận 10,Hồ Chí Minh,xuat_sac,web,hoat_dong,2026-04-03,MON_LY,Vật lý,tu_nhien,ca_hai,Cải thiện điểm số,200000,4,dang_tim_gia_su,2026-03-14
HS_WB_0601,Đặng Hoàng Mai,THPT_CVD,THPT Cẩm Lệ,thpt,LOP_09,Lớp 9,thcs,KV_HCM_Q5,Quận 5,Quận 5,Hồ Chí Minh,trung_binh,web,hoat_dong,2026-04-03,MON_ANH,Tiếng Anh,ngoai_ngu,ca_hai,Cải thiện điểm số,250000,4,dang_tim_gia_su,2026-03-21
HS_WB_0602,Lý Văn Huy,THPT_PN,THPT Phú Nhuận,thpt,LOP_06,Lớp 6,thcs,KV_HCM_PN,Phú Nhuận,Phú Nhuận,Hồ Chí Minh,yeu,web,hoat_dong,2026-04-03,MON_LY,Vật lý,tu_nhien,online,Cải thiện điểm số,150000,2,dang_tim_gia_su,2026-03-25
HS_WB_0603,Ngô Hoàng Trang,THPT_LHP,THPT Chuyên Lê Hồng Phong,thpt,LOP_10,Lớp 10,thpt,KV_HN_HD,Hà Đông,Hà Đông,Hà Nội,gioi,web,hoat_dong,2026-04-03,MON_ANH,Tiếng Anh,ngoai_ngu,truc_tiep,Cải thiện điểm số,150000,2,dang_tim_gia_su,2026-03-21
HS_WB_0604,Phạm Bảo Thu,THPT_NMK,THPT Nguyễn Thị Minh Khai,thpt,LOP_09,Lớp 9,thcs,KV_DN_TK,Thanh Khê,Thanh Khê,Đà Nẵng,yeu,web,hoat_dong,2026-04-03,MON_ANH,Tiếng Anh,ngoai_ngu,ca_hai,Cải thiện điểm số,150000,2,dang_tim_gia_su,2026-03-20
HS_WB_0605,Trần Đình Khoa,THPT_HHT,THPT Hoàng Hoa Thám,thpt,LOP_06,Lớp 6,thcs,KV_HCM_GV,Gò Vấp,Gò Vấp,Hồ Chí Minh,kha,web,hoat_dong,2026-04-03,MON_LY,Vật lý,tu_nhien,online,Cải thiện điểm số,250000,2,dang_tim_gia_su,2026-03-28
HS_WB_0606,Đặng Thị Trang,THPT_TL,THPT Thăng Long,thpt,LOP_12,Lớp 12,thpt,KV_DN_TK,Thanh Khê,Thanh Khê,Đà Nẵng,kha,web,hoat_dong,2026-04-03,MON_LY,Vật lý,tu_nhien,ca_hai,Cải thiện điểm số,200000,2,dang_tim_gia_su,2026-03-30
HS_WB_0607,Nguyễn Hoàng Vy,THPT_NT_HN,THPT Nguyễn Trãi - Ba Đình,thpt,LOP_06,Lớp 6,thcs,KV_HCM_TP,Tân Phú,Tân Phú,Hồ Chí Minh,gioi,web,hoat_dong,2026-04-03,MON_ANH,Tiếng Anh,ngoai_ngu,ca_hai,Cải thiện điểm số,200000,4,dang_tim_gia_su,2026-03-24
HS_WB_0608,Bùi Xuân An,THPT_OIK,THPT Ông Ích Khiêm,thpt,LOP_10,Lớp 10,thpt,KV_HN_HBT,Hai Bà Trưng,Hai Bà Trưng,Hà Nội,trung_binh,web,hoat_dong,2026-04-03,MON_VAN,Ngữ văn,xa_hoi,truc_tiep,Cải thiện điểm số,200000,3,dang_tim_gia_su,2026-04-03
HS_WB_0609,Lý Ngọc Mai,THPT_PDP,THPT Phan Đình Phùng,thpt,LOP_10,Lớp 10,thpt,KV_HCM_Q10,Quận 10,Quận 10,Hồ Chí Minh,yeu,web,hoat_dong,2026-04-03,MON_ANH,Tiếng Anh,ngoai_ngu,ca_hai,Cải thiện điểm số,250000,2,dang_tim_gia_su,2026-03-28
HS_WB_0610,Hoàng Văn Phú,THPT_ST,THPT Sơn Tây,thpt,LOP_09,Lớp 9,thcs,KV_HN_LB,Long Biên,Long Biên,Hà Nội,yeu,web,hoat_dong,2026-04-03,MON_LY,Vật lý,tu_nhien,online,Cải thiện điểm số,250000,2,dang_tim_gia_su,2026-03-04
HS_WB_0611,Dương Thái Đức,THPT_TP_DN,THPT Trần Phú,thpt,LOP_06,Lớp 6,thcs,KV_DN_ST,Sơn Trà,Sơn Trà,Đà Nẵng,gioi,web,hoat_dong,2026-04-03,MON_LY,Vật lý,tu_nhien,ca_hai,Cải thiện điểm số,200000,2,dang_tim_gia_su,2026-04-03
HS_WB_0612,Lê Đức Đạt,THPT_TPh,THPT Thái Phiên,thpt,LOP_10,Lớp 10,thpt,KV_HCM_GV,Gò Vấp,Gò Vấp,Hồ Chí Minh,yeu,web,hoat_dong,2026-04-03,MON_TOAN,Toán,tu_nhien,truc_tiep,Cải thiện điểm số,250000,2,dang_tim_gia_su,2026-03-19
HS_WB_0613,Lý Minh Huy,THPT_CVD,THPT Cẩm Lệ,thpt,LOP_12,Lớp 12,thpt,KV_HCM_Q8,Quận 8,Quận 8,Hồ Chí Minh,yeu,web,hoat_dong,2026-04-03,MON_ANH,Tiếng Anh,ngoai_ngu,online,Cải thiện điểm số,200000,4,dang_tim_gia_su,2026-03-23
HS_WB_0614,Ngô Đức Tuấn,THPT_PCT,THPT Chuyên Phan Châu Trinh,thpt,LOP_09,Lớp 9,thcs,KV_HN_HK,Hoàn Kiếm,Hoàn Kiếm,Hà Nội,trung_binh,web,hoat_dong,2026-04-03,MON_ANH,Tiếng Anh,ngoai_ngu,truc_tiep,Cải thiện điểm số,150000,2,dang_tim_gia_su,2026-03-11
HS_WB_0615,Lý Trọng Phú,THPT_BTX,THPT Bùi Thị Xuân,thpt,LOP_12,Lớp 12,thpt,KV_HCM_Q5,Quận 5,Quận 5,Hồ Chí Minh,yeu,web,hoat_dong,2026-04-03,MON_ANH,Tiếng Anh,ngoai_ngu,online,Cải thiện điểm số,250000,2,dang_tim_gia_su,2026-03-22
HS_WB_0616,Phạm Thái Đạt,THPT_VD,THPT Việt Đức,thpt,LOP_10,Lớp 10,thpt,KV_HN_BD,Ba Đình,Ba Đình,Hà Nội,xuat_sac,web,hoat_dong,2026-04-03,MON_TOAN,Toán,tu_nhien,ca_hai,Cải thiện điểm số,150000,3,dang_tim_gia_su,2026-03-24
HS_WB_0617,Nguyễn Quang Tuấn,THPT_NMK,THPT Nguyễn Thị Minh Khai,thpt,LOP_10,Lớp 10,thpt,KV_HCM_Q10,Quận 10,Quận 10,Hồ Chí Minh,yeu,web,hoat_dong,2026-04-03,MON_ANH,Tiếng Anh,ngoai_ngu,truc_tiep,Cải thiện điểm số,150000,4,dang_tim_gia_su,2026-03-05
HS_WB_0618,Hoàng Quang Khoa,THPT_DA,THPT Đông Anh,thpt,LOP_12,Lớp 12,thpt,KV_HCM_Q8,Quận 8,Quận 8,Hồ Chí Minh,xuat_sac,web,hoat_dong,2026-04-03,MON_TOAN,Toán,tu_nhien,truc_tiep,Cải thiện điểm số,250000,2,dang_tim_gia_su,2026-03-27
HS_WB_0619,Đặng Bảo Châu,THPT_LQD_HCM,THPT Lê Quý Đôn,thpt,LOP_12,Lớp 12,thpt,KV_DN_CL,Cẩm Lệ,Cẩm Lệ,Đà Nẵng,trung_binh,web,hoat_dong,2026-04-03,MON_VAN,Ngữ văn,xa_hoi,truc_tiep,Cải thiện điểm số,150000,2,dang_tim_gia_su,2026-03-31
HS_WB_0620,Phạm Thị Hân,THPT_TD,THPT Thủ Đức,thpt,LOP_09,Lớp 9,thcs,KV_HN_HM,Hoàng Mai,Hoàng Mai,Hà Nội,yeu,web,hoat_dong,2026-04-03,MON_TOAN,Toán,tu_nhien,truc_tiep,Cải thiện điểm số,150000,4,dang_tim_gia_su,2026-03-21
HS_WB_0621,Nguyễn Hồng Thảo,THPT_TP_DN,THPT Trần Phú,thpt,LOP_10,Lớp 10,thpt,KV_HN_CG,Cầu Giấy,Cầu Giấy,Hà Nội,gioi,web,hoat_dong,2026-04-03,MON_VAN,Ngữ văn,xa_hoi,online,Cải thiện điểm số,250000,3,dang_tim_gia_su,2026-03-15
HS_WB_0622,Dương Đình Phú,THPT_BTX,THPT Bùi Thị Xuân,thpt,LOP_06,Lớp 6,thcs,KV_HCM_TP,Tân Phú,Tân Phú,Hồ Chí Minh,gioi,web,hoat_dong,2026-04-03,MON_LY,Vật lý,tu_nhien,truc_tiep,Cải thiện điểm số,150000,3,dang_tim_gia_su,2026-03-10
HS_WB_0623,Vũ Minh Hùng,THPT_TP_HN,THPT Trần Phú - Hoàn Kiếm,thpt,LOP_09,Lớp 9,thcs,KV_HN_BD,Ba Đình,Ba Đình,Hà Nội,xuat_sac,web,hoat_dong,2026-04-03,MON_TOAN,Toán,tu_nhien,online,Cải thiện điểm số,200000,3,dang_tim_gia_su,2026-03-15
HS_WB_0624,Phạm Thu Hân,THPT_TDN,THPT Chuyên Trần Đại Nghĩa,thpt,LOP_10,Lớp 10,thpt,KV_HN_NTL,Nam Từ Liêm,Nam Từ Liêm,Hà Nội,trung_binh,web,hoat_dong,2026-04-03,MON_TOAN,Toán,tu_nhien,truc_tiep,Cải thiện điểm số,250000,4,dang_tim_gia_su,2026-03-21
HS_WB_0625,Đặng Hữu Nam,THPT_MQ,THPT Mạc Đĩnh Chi,thpt,LOP_06,Lớp 6,thcs,KV_HCM_GV,Gò Vấp,Gò Vấp,Hồ Chí Minh,kha,web,hoat_dong,2026-04-03,MON_VAN,Ngữ văn,xa_hoi,online,Cải thiện điểm số,150000,3,dang_tim_gia_su,2026-03-24
HS_WB_0626,Lê Thị Châu,THPT_VD,THPT Việt Đức,thpt,LOP_10,Lớp 10,thpt,KV_HN_TX,Thanh Xuân,Thanh Xuân,Hà Nội,gioi,web,hoat_dong,2026-04-03,MON_TOAN,Toán,tu_nhien,online,Cải thiện điểm số,200000,2,dang_tim_gia_su,2026-04-03
HS_WB_0627,Ngô Mai Vy,THPT_NTH_HCM,THPT Nguyễn Thượng Hiền,thpt,LOP_12,Lớp 12,thpt,KV_HCM_GV,Gò Vấp,Gò Vấp,Hồ Chí Minh,yeu,web,hoat_dong,2026-04-03,MON_VAN,Ngữ văn,xa_hoi,online,Cải thiện điểm số,250000,4,dang_tim_gia_su,2026-03-21
HS_WB_0628,Trần Thanh Vy,THPT_LHP,THPT Chuyên Lê Hồng Phong,thpt,LOP_10,Lớp 10,thpt,KV_HCM_TD,Thủ Đức,Thủ Đức,Hồ Chí Minh,gioi,web,hoat_dong,2026-04-03,MON_VAN,Ngữ văn,xa_hoi,truc_tiep,Cải thiện điểm số,150000,3,dang_tim_gia_su,2026-03-17
HS_WB_0629,Ngô Đình Phú,THPT_TD,THPT Thủ Đức,thpt,LOP_06,Lớp 6,thcs,KV_HCM_Q10,Quận 10,Quận 10,Hồ Chí Minh,xuat_sac,web,hoat_dong,2026-04-03,MON_ANH,Tiếng Anh,ngoai_ngu,ca_hai,Cải thiện điểm số,150000,3,dang_tim_gia_su,2026-03-21
HS_WB_0630,Hoàng Bảo Trang,THPT_ST,THPT Sơn Tây,thpt,LOP_12,Lớp 12,thpt,KV_HCM_Q8,Quận 8,Quận 8,Hồ Chí Minh,gioi,web,hoat_dong,2026-04-03,MON_VAN,Ngữ văn,xa_hoi,online,Cải thiện điểm số,250000,3,dang_tim_gia_su,2026-03-29
HS_WB_0631,Vũ Hữu Phú,THPT_OIK,THPT Ông Ích Khiêm,thpt,LOP_10,Lớp 10,thpt,KV_HCM_TB,Tân Bình,Tân Bình,Hồ Chí Minh,xuat_sac,web,hoat_dong,2026-04-03,MON_LY,Vật lý,tu_nhien,online,Cải thiện điểm số,250000,3,dang_tim_gia_su,2026-03-06
HS_WB_0632,Đỗ Thu Thu,THPT_LQD_DN,THPT Chuyên Lê Quý Đôn,thpt,LOP_12,Lớp 12,thpt,KV_HN_TX,Thanh Xuân,Thanh Xuân,Hà Nội,xuat_sac,web,hoat_dong,2026-04-03,MON_VAN,Ngữ văn,xa_hoi,truc_tiep,Cải thiện điểm số,200000,4,dang_tim_gia_su,2026-03-08
HS_WB_0633,Nguyễn Mai Linh,THPT_ND,THPT Nguyễn Du,thpt,LOP_10,Lớp 10,thpt,KV_HN_HBT,Hai Bà Trưng,Hai Bà Trưng,Hà Nội,kha,web,hoat_dong,2026-04-03,MON_VAN,Ngữ văn,xa_hoi,ca_hai,Cải thiện điểm số,150000,2,dang_tim_gia_su,2026-03-25
HS_WB_0634,Phạm Ngọc Mai,THPT_LQD_DN,THPT Chuyên Lê Quý Đôn,thpt,LOP_10,Lớp 10,thpt,KV_HN_BTL,Bắc Từ Liêm,Bắc Từ Liêm,Hà Nội,xuat_sac,web,hoat_dong,2026-04-03,MON_ANH,Tiếng Anh,ngoai_ngu,ca_hai,Cải thiện điểm số,200000,4,dang_tim_gia_su,2026-03-09
HS_WB_0635,Lê Quang Huy,THPT_TD,THPT Thủ Đức,thpt,LOP_06,Lớp 6,thcs,KV_HCM_TP,Tân Phú,Tân Phú,Hồ Chí Minh,trung_binh,web,hoat_dong,2026-04-03,MON_LY,Vật lý,tu_nhien,truc_tiep,Cải thiện điểm số,250000,2,dang_tim_gia_su,2026-04-03
HS_WB_0636,Hoàng Minh Đạt,THPT_DD,THPT Đống Đa,thpt,LOP_09,Lớp 9,thcs,KV_HCM_TD,Thủ Đức,Thủ Đức,Hồ Chí Minh,yeu,web,hoat_dong,2026-04-03,MON_ANH,Tiếng Anh,ngoai_ngu,truc_tiep,Cải thiện điểm số,250000,2,dang_tim_gia_su,2026-04-03
HS_WB_0637,Hoàng Minh Huy,THPT_NH,THPT Nguyễn Hiền,thpt,LOP_06,Lớp 6,thcs,KV_HCM_TP,Tân Phú,Tân Phú,Hồ Chí Minh,xuat_sac,web,hoat_dong,2026-04-03,MON_VAN,Ngữ văn,xa_hoi,online,Cải thiện điểm số,150000,4,dang_tim_gia_su,2026-03-26
HS_WB_0638,Phạm Hải Đạt,THPT_NVT,THPT Nguyễn Văn Trỗi,thpt,LOP_06,Lớp 6,thcs,KV_HCM_Q7,Quận 7,Quận 7,Hồ Chí Minh,xuat_sac,web,hoat_dong,2026-04-03,MON_LY,Vật lý,tu_nhien,truc_tiep,Cải thiện điểm số,150000,4,dang_tim_gia_su,2026-03-09
HS_WB_0639,Đỗ Mai Mai,THPT_TP_HN,THPT Trần Phú - Hoàn Kiếm,thpt,LOP_10,Lớp 10,thpt,KV_HN_HM,Hoàng Mai,Hoàng Mai,Hà Nội,kha,web,hoat_dong,2026-04-03,MON_VAN,Ngữ văn,xa_hoi,ca_hai,Cải thiện điểm số,200000,4,dang_tim_gia_su,2026-03-10
HS_WB_0640,Vũ Thái Khoa,THPT_NMK,THPT Nguyễn Thị Minh Khai,thpt,LOP_12,Lớp 12,thpt,KV_HCM_Q4,Quận 4,Quận 4,Hồ Chí Minh,xuat_sac,web,hoat_dong,2026-04-03,MON_LY,Vật lý,tu_nhien,ca_hai,Cải thiện điểm số,200000,2,dang_tim_gia_su,2026-03-30
HS_WB_0641,Lê Thu An,THPT_BTX,THPT Bùi Thị Xuân,thpt,LOP_10,Lớp 10,thpt,KV_HCM_PN,Phú Nhuận,Phú Nhuận,Hồ Chí Minh,gioi,web,hoat_dong,2026-04-03,MON_LY,Vật lý,tu_nhien,ca_hai,Cải thiện điểm số,150000,2,dang_tim_gia_su,2026-03-28
HS_WB_0642,Phạm Quang Khoa,THPT_CVD,THPT Cẩm Lệ,thpt,LOP_06,Lớp 6,thcs,KV_HN_CG,Cầu Giấy,Cầu Giấy,Hà Nội,xuat_sac,web,hoat_dong,2026-04-03,MON_LY,Vật lý,tu_nhien,ca_hai,Cải thiện điểm số,150000,3,dang_tim_gia_su,2026-03-20
HS_WB_0643,Nguyễn Hồng An,THPT_CVD,THPT Cẩm Lệ,thpt,LOP_12,Lớp 12,thpt,KV_HCM_BT,Bình Thạnh,Bình Thạnh,Hồ Chí Minh,xuat_sac,web,hoat_dong,2026-04-03,MON_VAN,Ngữ văn,xa_hoi,online,Cải thiện điểm số,200000,2,dang_tim_gia_su,2026-03-27
HS_WB_0644,Nguyễn Bảo Linh,THPT_DD,THPT Đống Đa,thpt,LOP_10,Lớp 10,thpt,KV_HN_TX,Thanh Xuân,Thanh Xuân,Hà Nội,yeu,web,hoat_dong,2026-04-03,MON_ANH,Tiếng Anh,ngoai_ngu,truc_tiep,Cải thiện điểm số,150000,2,dang_tim_gia_su,2026-03-14
HS_WB_0645,Đặng Thanh Nhung,THPT_MC,THPT Marie Curie,thpt,LOP_10,Lớp 10,thpt,KV_HN_BTL,Bắc Từ Liêm,Bắc Từ Liêm,Hà Nội,yeu,web,hoat_dong,2026-04-03,MON_TOAN,Toán,tu_nhien,online,Cải thiện điểm số,200000,4,dang_tim_gia_su,2026-03-20
HS_WB_0646,Đỗ Văn Cường,THPT_MC,THPT Marie Curie,thpt,LOP_12,Lớp 12,thpt,KV_DN_NHS,Ngũ Hành Sơn,Ngũ Hành Sơn,Đà Nẵng,gioi,web,hoat_dong,2026-04-03,MON_LY,Vật lý,tu_nhien,ca_hai,Cải thiện điểm số,150000,2,dang_tim_gia_su,2026-03-25
HS_WB_0647,Đỗ Thị Linh,THPT_TL,THPT Thăng Long,thpt,LOP_06,Lớp 6,thcs,KV_HCM_GV,Gò Vấp,Gò Vấp,Hồ Chí Minh,xuat_sac,web,hoat_dong,2026-04-03,MON_LY,Vật lý,tu_nhien,online,Cải thiện điểm số,150000,4,dang_tim_gia_su,2026-03-12
HS_WB_0648,Đặng Mai Mai,THPT_GD,THPT Gia Định,thpt,LOP_10,Lớp 10,thpt,KV_HCM_Q10,Quận 10,Quận 10,Hồ Chí Minh,yeu,web,hoat_dong,2026-04-03,MON_LY,Vật lý,tu_nhien,ca_hai,Cải thiện điểm số,150000,4,dang_tim_gia_su,2026-03-20
HS_WB_0649,Nguyễn Hoàng Linh,THPT_ND,THPT Nguyễn Du,thpt,LOP_12,Lớp 12,thpt,KV_HCM_PN,Phú Nhuận,Phú Nhuận,Hồ Chí Minh,yeu,web,hoat_dong,2026-04-03,MON_VAN,Ngữ văn,xa_hoi,truc_tiep,Cải thiện điểm số,250000,2,dang_tim_gia_su,2026-03-30
HS_WB_0650,Ngô Xuân Linh,THPT_TD,THPT Thủ Đức,thpt,LOP_12,Lớp 12,thpt,KV_HCM_Q7,Quận 7,Quận 7,Hồ Chí Minh,gioi,web,hoat_dong,2026-04-03,MON_VAN,Ngữ văn,xa_hoi,truc_tiep,Cải thiện điểm số,250000,4,dang_tim_gia_su,2026-03-19
HS_WB_0651,Nguyễn Thái Đức,THPT_CVD,THPT Cẩm Lệ,thpt,LOP_09,Lớp 9,thcs,KV_HCM_Q8,Quận 8,Quận 8,Hồ Chí Minh,trung_binh,web,hoat_dong,2026-04-03,MON_VAN,Ngữ văn,xa_hoi,truc_tiep,Cải thiện điểm số,250000,4,dang_tim_gia_su,2026-03-30
HS_WB_0652,Ngô Văn Kiệt,THPT_BTX,THPT Bùi Thị Xuân,thpt,LOP_09,Lớp 9,thcs,KV_DN_CL,Cẩm Lệ,Cẩm Lệ,Đà Nẵng,trung_binh,web,hoat_dong,2026-04-03,MON_VAN,Ngữ văn,xa_hoi,online,Cải thiện điểm số,200000,3,dang_tim_gia_su,2026-03-09
HS_WB_0653,Hoàng Minh Phú,THPT_AMS,THPT Chuyên Hà Nội - Amsterdam,thpt,LOP_10,Lớp 10,thpt,KV_HN_DD,Đống Đa,Đống Đa,Hà Nội,gioi,web,hoat_dong,2026-04-03,MON_VAN,Ngữ văn,xa_hoi,truc_tiep,Cải thiện điểm số,150000,2,dang_tim_gia_su,2026-03-08
HS_WB_0654,Lý Quang Phú,THPT_TP_HN,THPT Trần Phú - Hoàn Kiếm,thpt,LOP_12,Lớp 12,thpt,KV_DN_CL,Cẩm Lệ,Cẩm Lệ,Đà Nẵng,yeu,web,hoat_dong,2026-04-03,MON_TOAN,Toán,tu_nhien,truc_tiep,Cải thiện điểm số,200000,4,dang_tim_gia_su,2026-03-13
HS_WB_0655,Phạm Thái Kiệt,THPT_LQD_HCM,THPT Lê Quý Đôn,thpt,LOP_06,Lớp 6,thcs,KV_DN_NHS,Ngũ Hành Sơn,Ngũ Hành Sơn,Đà Nẵng,yeu,web,hoat_dong,2026-04-03,MON_LY,Vật lý,tu_nhien,truc_tiep,Cải thiện điểm số,150000,4,dang_tim_gia_su,2026-03-07
HS_WB_0656,Vũ Mai Linh,THPT_MC,THPT Marie Curie,thpt,LOP_06,Lớp 6,thcs,KV_DN_NHS,Ngũ Hành Sơn,Ngũ Hành Sơn,Đà Nẵng,xuat_sac,web,hoat_dong,2026-04-03,MON_LY,Vật lý,tu_nhien,online,Cải thiện điểm số,200000,3,dang_tim_gia_su,2026-03-29
HS_WB_0657,Bùi Ngọc Thảo,THPT_PDP,THPT Phan Đình Phùng,thpt,LOP_10,Lớp 10,thpt,KV_HN_BTL,Bắc Từ Liêm,Bắc Từ Liêm,Hà Nội,kha,web,hoat_dong,2026-04-03,MON_VAN,Ngữ văn,xa_hoi,truc_tiep,Cải thiện điểm số,200000,3,dang_tim_gia_su,2026-03-14
HS_WB_0658,Lê Văn Nam,THPT_MC,THPT Marie Curie,thpt,LOP_12,Lớp 12,thpt,KV_DN_ST,Sơn Trà,Sơn Trà,Đà Nẵng,trung_binh,web,hoat_dong,2026-04-03,MON_LY,Vật lý,tu_nhien,online,Cải thiện điểm số,200000,3,dang_tim_gia_su,2026-03-25
HS_WB_0659,Trần Hải Cường,THPT_CVD,THPT Cẩm Lệ,thpt,LOP_09,Lớp 9,thcs,KV_HN_BD,Ba Đình,Ba Đình,Hà Nội,yeu,web,hoat_dong,2026-04-03,MON_LY,Vật lý,tu_nhien,ca_hai,Cải thiện điểm số,200000,2,dang_tim_gia_su,2026-03-16
HS_WB_0660,Vũ Hải Khoa,THPT_YH,THPT Yên Hòa,thpt,LOP_06,Lớp 6,thcs,KV_HCM_Q7,Quận 7,Quận 7,Hồ Chí Minh,gioi,web,hoat_dong,2026-04-03,MON_TOAN,Toán,tu_nhien,online,Cải thiện điểm số,250000,4,dang_tim_gia_su,2026-04-02
HS_WB_0661,Vũ Mai Trang,THPT_LQD_HCM,THPT Lê Quý Đôn,thpt,LOP_10,Lớp 10,thpt,KV_DN_HC,Hải Châu,Hải Châu,Đà Nẵng,xuat_sac,web,hoat_dong,2026-04-03,MON_VAN,Ngữ văn,xa_hoi,truc_tiep,Cải thiện điểm số,150000,3,dang_tim_gia_su,2026-03-15
HS_WB_0662,Dương Bảo Linh,THPT_NVT,THPT Nguyễn Văn Trỗi,thpt,LOP_12,Lớp 12,thpt,KV_HN_CG,Cầu Giấy,Cầu Giấy,Hà Nội,kha,web,hoat_dong,2026-04-03,MON_ANH,Tiếng Anh,ngoai_ngu,ca_hai,Cải thiện điểm số,200000,4,dang_tim_gia_su,2026-03-13
HS_WB_0663,Phạm Hoàng Linh,THPT_NT_HCM,THPT Nguyễn Trãi,thpt,LOP_12,Lớp 12,thpt,KV_HN_NTL,Nam Từ Liêm,Nam Từ Liêm,Hà Nội,xuat_sac,web,hoat_dong,2026-04-03,MON_LY,Vật lý,tu_nhien,ca_hai,Cải thiện điểm số,150000,3,dang_tim_gia_su,2026-03-10
HS_WB_0664,Nguyễn Hải Đức,THPT_HHT,THPT Hoàng Hoa Thám,thpt,LOP_09,Lớp 9,thcs,KV_HCM_PN,Phú Nhuận,Phú Nhuận,Hồ Chí Minh,yeu,web,hoat_dong,2026-04-03,MON_ANH,Tiếng Anh,ngoai_ngu,online,Cải thiện điểm số,250000,3,dang_tim_gia_su,2026-03-22
HS_WB_0665,Phạm Minh Đức,THPT_NHS,THPT Ngũ Hành Sơn,thpt,LOP_10,Lớp 10,thpt,KV_HCM_Q3,Quận 3,Quận 3,Hồ Chí Minh,xuat_sac,web,hoat_dong,2026-04-03,MON_VAN,Ngữ văn,xa_hoi,truc_tiep,Cải thiện điểm số,200000,3,dang_tim_gia_su,2026-04-02
HS_WB_0666,Lý Bảo Nhung,THPT_YH,THPT Yên Hòa,thpt,LOP_12,Lớp 12,thpt,KV_HCM_Q4,Quận 4,Quận 4,Hồ Chí Minh,gioi,web,hoat_dong,2026-04-03,MON_VAN,Ngữ văn,xa_hoi,ca_hai,Cải thiện điểm số,250000,2,dang_tim_gia_su,2026-03-08
HS_WB_0667,Đỗ Văn Hùng,THPT_TDN,THPT Chuyên Trần Đại Nghĩa,thpt,LOP_06,Lớp 6,thcs,KV_HCM_Q1,Quận 1,Quận 1,Hồ Chí Minh,kha,web,hoat_dong,2026-04-03,MON_VAN,Ngữ văn,xa_hoi,ca_hai,Cải thiện điểm số,150000,3,dang_tim_gia_su,2026-03-12
HS_WB_0668,Lê Xuân Hân,THPT_NVT,THPT Nguyễn Văn Trỗi,thpt,LOP_10,Lớp 10,thpt,KV_HN_NTL,Nam Từ Liêm,Nam Từ Liêm,Hà Nội,xuat_sac,web,hoat_dong,2026-04-03,MON_VAN,Ngữ văn,xa_hoi,ca_hai,Cải thiện điểm số,200000,4,dang_tim_gia_su,2026-03-20
HS_WB_0669,Đỗ Minh Kiệt,THPT_GD,THPT Gia Định,thpt,LOP_06,Lớp 6,thcs,KV_DN_LC,Liên Chiểu,Liên Chiểu,Đà Nẵng,xuat_sac,web,hoat_dong,2026-04-03,MON_VAN,Ngữ văn,xa_hoi,ca_hai,Cải thiện điểm số,150000,4,dang_tim_gia_su,2026-03-22
HS_WB_0670,Nguyễn Hải Tuấn,THPT_CVD,THPT Cẩm Lệ,thpt,LOP_09,Lớp 9,thcs,KV_DN_LC,Liên Chiểu,Liên Chiểu,Đà Nẵng,gioi,web,hoat_dong,2026-04-03,MON_LY,Vật lý,tu_nhien,truc_tiep,Cải thiện điểm số,200000,2,dang_tim_gia_su,2026-03-16
HS_WB_0671,Lý Đình Nam,THPT_TTT,THPT Tôn Thất Tùng,thpt,LOP_12,Lớp 12,thpt,KV_HCM_Q7,Quận 7,Quận 7,Hồ Chí Minh,kha,web,hoat_dong,2026-04-03,MON_TOAN,Toán,tu_nhien,online,Cải thiện điểm số,200000,2,dang_tim_gia_su,2026-03-21
HS_WB_0672,Lý Đức Hùng,THPT_TDN,THPT Chuyên Trần Đại Nghĩa,thpt,LOP_12,Lớp 12,thpt,KV_HN_HM,Hoàng Mai,Hoàng Mai,Hà Nội,trung_binh,web,hoat_dong,2026-04-03,MON_VAN,Ngữ văn,xa_hoi,ca_hai,Cải thiện điểm số,150000,2,dang_tim_gia_su,2026-03-17
HS_WB_0673,Vũ Trọng Tuấn,THPT_ST,THPT Sơn Tây,thpt,LOP_06,Lớp 6,thcs,KV_DN_ST,Sơn Trà,Sơn Trà,Đà Nẵng,yeu,web,hoat_dong,2026-04-03,MON_ANH,Tiếng Anh,ngoai_ngu,truc_tiep,Cải thiện điểm số,250000,3,dang_tim_gia_su,2026-03-13
HS_WB_0674,Lê Hữu Huy,THPT_PN,THPT Phú Nhuận,thpt,LOP_09,Lớp 9,thcs,KV_HN_HBT,Hai Bà Trưng,Hai Bà Trưng,Hà Nội,kha,web,hoat_dong,2026-04-03,MON_VAN,Ngữ văn,xa_hoi,online,Cải thiện điểm số,250000,4,dang_tim_gia_su,2026-03-08
HS_WB_0675,Bùi Quang Đức,THPT_LQD_DN,THPT Chuyên Lê Quý Đôn,thpt,LOP_06,Lớp 6,thcs,KV_HCM_PN,Phú Nhuận,Phú Nhuận,Hồ Chí Minh,xuat_sac,web,hoat_dong,2026-04-03,MON_ANH,Tiếng Anh,ngoai_ngu,truc_tiep,Cải thiện điểm số,150000,4,dang_tim_gia_su,2026-03-22
HS_WB_0676,Ngô Minh Nam,THPT_LHP,THPT Chuyên Lê Hồng Phong,thpt,LOP_12,Lớp 12,thpt,KV_HCM_Q4,Quận 4,Quận 4,Hồ Chí Minh,yeu,web,hoat_dong,2026-04-03,MON_LY,Vật lý,tu_nhien,truc_tiep,Cải thiện điểm số,200000,2,dang_tim_gia_su,2026-03-30
HS_WB_0677,Vũ Mai Châu,THPT_ST,THPT Sơn Tây,thpt,LOP_06,Lớp 6,thcs,KV_DN_NHS,Ngũ Hành Sơn,Ngũ Hành Sơn,Đà Nẵng,yeu,web,hoat_dong,2026-04-03,MON_ANH,Tiếng Anh,ngoai_ngu,truc_tiep,Cải thiện điểm số,200000,2,dang_tim_gia_su,2026-03-28
HS_WB_0678,Đặng Thanh Thảo,THPT_NTH_HCM,THPT Nguyễn Thượng Hiền,thpt,LOP_06,Lớp 6,thcs,KV_HN_LB,Long Biên,Long Biên,Hà Nội,yeu,web,hoat_dong,2026-04-03,MON_ANH,Tiếng Anh,ngoai_ngu,ca_hai,Cải thiện điểm số,150000,3,dang_tim_gia_su,2026-03-22
HS_WB_0679,Hoàng Hữu Tuấn,THPT_LQD_HN,THPT Lê Quý Đôn - Đống Đa,thpt,LOP_10,Lớp 10,thpt,KV_HCM_Q1,Quận 1,Quận 1,Hồ Chí Minh,gioi,web,hoat_dong,2026-04-03,MON_LY,Vật lý,tu_nhien,ca_hai,Cải thiện điểm số,150000,4,dang_tim_gia_su,2026-03-27
HS_WB_0680,Phạm Hồng Vy,THPT_TDN,THPT Chuyên Trần Đại Nghĩa,thpt,LOP_10,Lớp 10,thpt,KV_HN_LB,Long Biên,Long Biên,Hà Nội,trung_binh,web,hoat_dong,2026-04-03,MON_ANH,Tiếng Anh,ngoai_ngu,truc_tiep,Cải thiện điểm số,150000,3,dang_tim_gia_su,2026-03-27
HS_WB_0681,Bùi Mai Thảo,THPT_GD,THPT Gia Định,thpt,LOP_10,Lớp 10,thpt,KV_HCM_Q8,Quận 8,Quận 8,Hồ Chí Minh,xuat_sac,web,hoat_dong,2026-04-03,MON_VAN,Ngữ văn,xa_hoi,ca_hai,Cải thiện điểm số,150000,4,dang_tim_gia_su,2026-04-02
HS_WB_0682,Trần Hải Cường,THPT_TPh,THPT Thái Phiên,thpt,LOP_09,Lớp 9,thcs,KV_HCM_Q7,Quận 7,Quận 7,Hồ Chí Minh,trung_binh,web,hoat_dong,2026-04-03,MON_TOAN,Toán,tu_nhien,ca_hai,Cải thiện điểm số,250000,4,dang_tim_gia_su,2026-03-28
HS_WB_0683,Nguyễn Minh Hùng,THPT_CVD,THPT Cẩm Lệ,thpt,LOP_09,Lớp 9,thcs,KV_HN_DD,Đống Đa,Đống Đa,Hà Nội,trung_binh,web,hoat_dong,2026-04-03,MON_VAN,Ngữ văn,xa_hoi,online,Cải thiện điểm số,150000,2,dang_tim_gia_su,2026-04-03
HS_WB_0684,Nguyễn Đức Đạt,THPT_PN,THPT Phú Nhuận,thpt,LOP_12,Lớp 12,thpt,KV_HCM_Q4,Quận 4,Quận 4,Hồ Chí Minh,trung_binh,web,hoat_dong,2026-04-03,MON_TOAN,Toán,tu_nhien,ca_hai,Cải thiện điểm số,250000,2,dang_tim_gia_su,2026-03-04
HS_WB_0685,Dương Văn Huy,THPT_CG,THPT Cầu Giấy,thpt,LOP_09,Lớp 9,thcs,KV_HN_TH,Tây Hồ,Tây Hồ,Hà Nội,trung_binh,web,hoat_dong,2026-04-03,MON_VAN,Ngữ văn,xa_hoi,online,Cải thiện điểm số,250000,4,dang_tim_gia_su,2026-03-07
HS_WB_0686,Ngô Ngọc Mai,THPT_NTH_HCM,THPT Nguyễn Thượng Hiền,thpt,LOP_12,Lớp 12,thpt,KV_DN_NHS,Ngũ Hành Sơn,Ngũ Hành Sơn,Đà Nẵng,trung_binh,web,hoat_dong,2026-04-03,MON_LY,Vật lý,tu_nhien,online,Cải thiện điểm số,200000,3,dang_tim_gia_su,2026-03-05
HS_WB_0687,Đỗ Xuân Thu,THPT_TP_DN,THPT Trần Phú,thpt,LOP_10,Lớp 10,thpt,KV_DN_HC,Hải Châu,Hải Châu,Đà Nẵng,yeu,web,hoat_dong,2026-04-03,MON_VAN,Ngữ văn,xa_hoi,ca_hai,Cải thiện điểm số,150000,3,dang_tim_gia_su,2026-03-07
HS_WB_0688,Hoàng Đình Phú,THPT_GD,THPT Gia Định,thpt,LOP_06,Lớp 6,thcs,KV_HN_LB,Long Biên,Long Biên,Hà Nội,gioi,web,hoat_dong,2026-04-03,MON_TOAN,Toán,tu_nhien,ca_hai,Cải thiện điểm số,200000,4,dang_tim_gia_su,2026-03-21
HS_WB_0689,Ngô Hải Huy,THPT_NH,THPT Nguyễn Hiền,thpt,LOP_09,Lớp 9,thcs,KV_HN_BD,Ba Đình,Ba Đình,Hà Nội,kha,web,hoat_dong,2026-04-03,MON_VAN,Ngữ văn,xa_hoi,online,Cải thiện điểm số,150000,3,dang_tim_gia_su,2026-03-08
HS_WB_0690,Ngô Trọng Huy,THPT_NT_HCM,THPT Nguyễn Trãi,thpt,LOP_06,Lớp 6,thcs,KV_HCM_BT,Bình Thạnh,Bình Thạnh,Hồ Chí Minh,kha,web,hoat_dong,2026-04-03,MON_LY,Vật lý,tu_nhien,online,Cải thiện điểm số,250000,4,dang_tim_gia_su,2026-03-12
HS_WB_0691,Dương Minh Khoa,THPT_TD,THPT Thủ Đức,thpt,LOP_10,Lớp 10,thpt,KV_HN_HBT,Hai Bà Trưng,Hai Bà Trưng,Hà Nội,yeu,web,hoat_dong,2026-04-03,MON_TOAN,Toán,tu_nhien,truc_tiep,Cải thiện điểm số,150000,3,dang_tim_gia_su,2026-03-10
HS_WB_0692,Đặng Trọng Cường,THPT_CG,THPT Cầu Giấy,thpt,LOP_12,Lớp 12,thpt,KV_HN_CG,Cầu Giấy,Cầu Giấy,Hà Nội,kha,web,hoat_dong,2026-04-03,MON_VAN,Ngữ văn,xa_hoi,online,Cải thiện điểm số,250000,3,dang_tim_gia_su,2026-03-17
HS_WB_0693,Bùi Quang Đạt,THPT_LQD_DN,THPT Chuyên Lê Quý Đôn,thpt,LOP_12,Lớp 12,thpt,KV_HCM_Q3,Quận 3,Quận 3,Hồ Chí Minh,trung_binh,web,hoat_dong,2026-04-03,MON_TOAN,Toán,tu_nhien,truc_tiep,Cải thiện điểm số,150000,2,dang_tim_gia_su,2026-03-06
HS_WB_0694,Lê Trọng Phú,THPT_NT_HN,THPT Nguyễn Trãi - Ba Đình,thpt,LOP_06,Lớp 6,thcs,KV_HCM_Q10,Quận 10,Quận 10,Hồ Chí Minh,trung_binh,web,hoat_dong,2026-04-03,MON_LY,Vật lý,tu_nhien,ca_hai,Cải thiện điểm số,250000,4,dang_tim_gia_su,2026-03-26
HS_WB_0695,Dương Văn Đạt,THPT_LQD_DN,THPT Chuyên Lê Quý Đôn,thpt,LOP_09,Lớp 9,thcs,KV_HN_HD,Hà Đông,Hà Đông,Hà Nội,gioi,web,hoat_dong,2026-04-03,MON_VAN,Ngữ văn,xa_hoi,truc_tiep,Cải thiện điểm số,200000,2,dang_tim_gia_su,2026-03-14
HS_WB_0696,Phạm Văn Kiệt,THPT_ND,THPT Nguyễn Du,thpt,LOP_10,Lớp 10,thpt,KV_HCM_Q7,Quận 7,Quận 7,Hồ Chí Minh,kha,web,hoat_dong,2026-04-03,MON_ANH,Tiếng Anh,ngoai_ngu,truc_tiep,Cải thiện điểm số,200000,4,dang_tim_gia_su,2026-03-15
HS_WB_0697,Lê Hải Nam,THPT_NHS,THPT Ngũ Hành Sơn,thpt,LOP_10,Lớp 10,thpt,KV_DN_NHS,Ngũ Hành Sơn,Ngũ Hành Sơn,Đà Nẵng,trung_binh,web,hoat_dong,2026-04-03,MON_VAN,Ngữ văn,xa_hoi,truc_tiep,Cải thiện điểm số,200000,4,dang_tim_gia_su,2026-03-24
HS_WB_0698,Đỗ Thị Thảo,THPT_CBQ,THPT Cao Bá Quát,thpt,LOP_09,Lớp 9,thcs,KV_HN_DD,Đống Đa,Đống Đa,Hà Nội,trung_binh,web,hoat_dong,2026-04-03,MON_LY,Vật lý,tu_nhien,ca_hai,Cải thiện điểm số,250000,3,dang_tim_gia_su,2026-03-22
HS_WB_0699,Ngô Hải Hùng,THPT_LQD_HCM,THPT Lê Quý Đôn,thpt,LOP_06,Lớp 6,thcs,KV_HN_DD,Đống Đa,Đống Đa,Hà Nội,kha,web,hoat_dong,2026-04-03,MON_TOAN,Toán,tu_nhien,ca_hai,Cải thiện điểm số,150000,4,dang_tim_gia_su,2026-04-03
HS_WB_0700,Dương Bảo Linh,THPT_KL,THPT Kim Liên,thpt,LOP_06,Lớp 6,thcs,KV_DN_NHS,Ngũ Hành Sơn,Ngũ Hành Sơn,Đà Nẵng,trung_binh,web,hoat_dong,2026-04-03,MON_LY,Vật lý,tu_nhien,ca_hai,Cải thiện điểm số,150000,3,dang_tim_gia_su,2026-03-23
HS_WB_0701,Phạm Thu Hân,THPT_PN,THPT Phú Nhuận,thpt,LOP_10,Lớp 10,thpt,KV_HCM_Q8,Quận 8,Quận 8,Hồ Chí Minh,yeu,web,hoat_dong,2026-04-03,MON_LY,Vật lý,tu_nhien,ca_hai,Cải thiện điểm số,200000,2,dang_tim_gia_su,2026-03-04
HS_WB_0702,Đặng Hữu Tuấn,THPT_GD,THPT Gia Định,thpt,LOP_06,Lớp 6,thcs,KV_DN_LC,Liên Chiểu,Liên Chiểu,Đà Nẵng,kha,web,hoat_dong,2026-04-03,MON_TOAN,Toán,tu_nhien,truc_tiep,Cải thiện điểm số,150000,3,dang_tim_gia_su,2026-03-04
HS_WB_0703,Bùi Mai An,THPT_LQD_HCM,THPT Lê Quý Đôn,thpt,LOP_10,Lớp 10,thpt,KV_HCM_TB,Tân Bình,Tân Bình,Hồ Chí Minh,kha,web,hoat_dong,2026-04-03,MON_ANH,Tiếng Anh,ngoai_ngu,online,Cải thiện điểm số,200000,4,dang_tim_gia_su,2026-03-09
HS_WB_0704,Ngô Hải Cường,THPT_GD,THPT Gia Định,thpt,LOP_10,Lớp 10,thpt,KV_HN_TX,Thanh Xuân,Thanh Xuân,Hà Nội,gioi,web,hoat_dong,2026-04-03,MON_LY,Vật lý,tu_nhien,online,Cải thiện điểm số,200000,3,dang_tim_gia_su,2026-03-08
HS_WB_0705,Lý Xuân Hân,THPT_DA,THPT Đông Anh,thpt,LOP_10,Lớp 10,thpt,KV_HCM_Q5,Quận 5,Quận 5,Hồ Chí Minh,trung_binh,web,hoat_dong,2026-04-03,MON_LY,Vật lý,tu_nhien,ca_hai,Cải thiện điểm số,200000,3,dang_tim_gia_su,2026-03-09
HS_WB_0706,Đặng Mai Mai,THPT_LQD_DN,THPT Chuyên Lê Quý Đôn,thpt,LOP_10,Lớp 10,thpt,KV_HCM_TP,Tân Phú,Tân Phú,Hồ Chí Minh,kha,web,hoat_dong,2026-04-03,MON_ANH,Tiếng Anh,ngoai_ngu,ca_hai,Cải thiện điểm số,200000,4,dang_tim_gia_su,2026-03-20
HS_WB_0707,Lê Trọng Cường,THPT_ST,THPT Sơn Tây,thpt,LOP_10,Lớp 10,thpt,KV_DN_HC,Hải Châu,Hải Châu,Đà Nẵng,trung_binh,web,hoat_dong,2026-04-03,MON_LY,Vật lý,tu_nhien,truc_tiep,Cải thiện điểm số,150000,3,dang_tim_gia_su,2026-03-15
HS_WB_0708,Ngô Hải Nam,THPT_NTH_HCM,THPT Nguyễn Thượng Hiền,thpt,LOP_06,Lớp 6,thcs,KV_HCM_GV,Gò Vấp,Gò Vấp,Hồ Chí Minh,yeu,web,hoat_dong,2026-04-03,MON_LY,Vật lý,tu_nhien,ca_hai,Cải thiện điểm số,200000,2,dang_tim_gia_su,2026-03-05
HS_WB_0709,Phạm Văn Đạt,THPT_DA,THPT Đông Anh,thpt,LOP_12,Lớp 12,thpt,KV_HN_NTL,Nam Từ Liêm,Nam Từ Liêm,Hà Nội,xuat_sac,web,hoat_dong,2026-04-03,MON_TOAN,Toán,tu_nhien,ca_hai,Cải thiện điểm số,150000,3,dang_tim_gia_su,2026-03-22
HS_WB_0710,Ngô Ngọc Thu,THPT_GD,THPT Gia Định,thpt,LOP_10,Lớp 10,thpt,KV_HN_HM,Hoàng Mai,Hoàng Mai,Hà Nội,trung_binh,web,hoat_dong,2026-04-03,MON_VAN,Ngữ văn,xa_hoi,online,Cải thiện điểm số,150000,4,dang_tim_gia_su,2026-03-05
HS_WB_0711,Ngô Ngọc Nhung,THPT_NTH_HCM,THPT Nguyễn Thượng Hiền,thpt,LOP_09,Lớp 9,thcs,KV_HN_TX,Thanh Xuân,Thanh Xuân,Hà Nội,yeu,web,hoat_dong,2026-04-03,MON_ANH,Tiếng Anh,ngoai_ngu,ca_hai,Cải thiện điểm số,250000,4,dang_tim_gia_su,2026-04-02
HS_WB_0712,Hoàng Trọng Kiệt,THPT_NH,THPT Nguyễn Hiền,thpt,LOP_09,Lớp 9,thcs,KV_HN_HD,Hà Đông,Hà Đông,Hà Nội,kha,web,hoat_dong,2026-04-03,MON_LY,Vật lý,tu_nhien,truc_tiep,Cải thiện điểm số,250000,4,dang_tim_gia_su,2026-03-14
HS_WB_0713,Nguyễn Thái Cường,THPT_BTX,THPT Bùi Thị Xuân,thpt,LOP_10,Lớp 10,thpt,KV_DN_ST,Sơn Trà,Sơn Trà,Đà Nẵng,yeu,web,hoat_dong,2026-04-03,MON_ANH,Tiếng Anh,ngoai_ngu,ca_hai,Cải thiện điểm số,150000,3,dang_tim_gia_su,2026-03-11
HS_WB_0714,Hoàng Trọng Tuấn,THPT_VD,THPT Việt Đức,thpt,LOP_06,Lớp 6,thcs,KV_HN_NTL,Nam Từ Liêm,Nam Từ Liêm,Hà Nội,yeu,web,hoat_dong,2026-04-03,MON_VAN,Ngữ văn,xa_hoi,truc_tiep,Cải thiện điểm số,200000,2,dang_tim_gia_su,2026-03-04
HS_WB_0715,Nguyễn Bảo Linh,THPT_LQD_HCM,THPT Lê Quý Đôn,thpt,LOP_09,Lớp 9,thcs,KV_HCM_PN,Phú Nhuận,Phú Nhuận,Hồ Chí Minh,yeu,web,hoat_dong,2026-04-03,MON_TOAN,Toán,tu_nhien,truc_tiep,Cải thiện điểm số,200000,3,dang_tim_gia_su,2026-03-07
HS_WB_0716,Bùi Bảo Thảo,THPT_YH,THPT Yên Hòa,thpt,LOP_12,Lớp 12,thpt,KV_HCM_Q4,Quận 4,Quận 4,Hồ Chí Minh,gioi,web,hoat_dong,2026-04-03,MON_TOAN,Toán,tu_nhien,ca_hai,Cải thiện điểm số,150000,2,dang_tim_gia_su,2026-03-23
HS_WB_0717,Nguyễn Bảo Mai,THPT_NVT,THPT Nguyễn Văn Trỗi,thpt,LOP_10,Lớp 10,thpt,KV_DN_ST,Sơn Trà,Sơn Trà,Đà Nẵng,gioi,web,hoat_dong,2026-04-03,MON_VAN,Ngữ văn,xa_hoi,online,Cải thiện điểm số,150000,2,dang_tim_gia_su,2026-04-01
HS_WB_0718,Trần Đình Đạt,THPT_PDP,THPT Phan Đình Phùng,thpt,LOP_12,Lớp 12,thpt,KV_DN_CL,Cẩm Lệ,Cẩm Lệ,Đà Nẵng,gioi,web,hoat_dong,2026-04-03,MON_ANH,Tiếng Anh,ngoai_ngu,online,Cải thiện điểm số,150000,2,dang_tim_gia_su,2026-03-22
HS_WB_0719,Nguyễn Ngọc Nhung,THPT_CG,THPT Cầu Giấy,thpt,LOP_06,Lớp 6,thcs,KV_DN_ST,Sơn Trà,Sơn Trà,Đà Nẵng,kha,web,hoat_dong,2026-04-03,MON_VAN,Ngữ văn,xa_hoi,online,Cải thiện điểm số,250000,3,dang_tim_gia_su,2026-04-03
HS_WB_0720,Vũ Hải Cường,THPT_NTH_HCM,THPT Nguyễn Thượng Hiền,thpt,LOP_06,Lớp 6,thcs,KV_DN_HC,Hải Châu,Hải Châu,Đà Nẵng,kha,web,hoat_dong,2026-04-03,MON_ANH,Tiếng Anh,ngoai_ngu,truc_tiep,Cải thiện điểm số,150000,3,dang_tim_gia_su,2026-03-08
HS_WB_0721,Lê Văn Tuấn,THPT_VTS,THPT Võ Thị Sáu,thpt,LOP_12,Lớp 12,thpt,KV_DN_LC,Liên Chiểu,Liên Chiểu,Đà Nẵng,gioi,web,hoat_dong,2026-04-03,MON_LY,Vật lý,tu_nhien,ca_hai,Cải thiện điểm số,150000,2,dang_tim_gia_su,2026-04-02
HS_WB_0722,Đặng Bảo Nhung,THPT_NT_HCM,THPT Nguyễn Trãi,thpt,LOP_10,Lớp 10,thpt,KV_HCM_Q10,Quận 10,Quận 10,Hồ Chí Minh,yeu,web,hoat_dong,2026-04-03,MON_VAN,Ngữ văn,xa_hoi,truc_tiep,Cải thiện điểm số,250000,4,dang_tim_gia_su,2026-03-16
HS_WB_0723,Hoàng Trọng Tuấn,THPT_PCT,THPT Chuyên Phan Châu Trinh,thpt,LOP_09,Lớp 9,thcs,KV_HN_TX,Thanh Xuân,Thanh Xuân,Hà Nội,yeu,web,hoat_dong,2026-04-03,MON_TOAN,Toán,tu_nhien,ca_hai,Cải thiện điểm số,150000,3,dang_tim_gia_su,2026-04-02
HS_WB_0724,Dương Minh Khoa,THPT_LQD_HCM,THPT Lê Quý Đôn,thpt,LOP_12,Lớp 12,thpt,KV_HN_HD,Hà Đông,Hà Đông,Hà Nội,xuat_sac,web,hoat_dong,2026-04-03,MON_VAN,Ngữ văn,xa_hoi,truc_tiep,Cải thiện điểm số,150000,4,dang_tim_gia_su,2026-03-05
HS_WB_0725,Bùi Hữu Đức,THPT_KL,THPT Kim Liên,thpt,LOP_06,Lớp 6,thcs,KV_DN_CL,Cẩm Lệ,Cẩm Lệ,Đà Nẵng,xuat_sac,web,hoat_dong,2026-04-03,MON_ANH,Tiếng Anh,ngoai_ngu,ca_hai,Cải thiện điểm số,250000,3,dang_tim_gia_su,2026-03-26
HS_WB_0726,Đặng Thị An,THPT_CVD,THPT Cẩm Lệ,thpt,LOP_10,Lớp 10,thpt,KV_HCM_PN,Phú Nhuận,Phú Nhuận,Hồ Chí Minh,trung_binh,web,hoat_dong,2026-04-03,MON_ANH,Tiếng Anh,ngoai_ngu,truc_tiep,Cải thiện điểm số,200000,3,dang_tim_gia_su,2026-03-19
HS_WB_0727,Đặng Hữu Đạt,THPT_LQD_DN,THPT Chuyên Lê Quý Đôn,thpt,LOP_09,Lớp 9,thcs,KV_HN_CG,Cầu Giấy,Cầu Giấy,Hà Nội,gioi,web,hoat_dong,2026-04-03,MON_ANH,Tiếng Anh,ngoai_ngu,online,Cải thiện điểm số,200000,2,dang_tim_gia_su,2026-03-10
HS_WB_0728,Bùi Đình Kiệt,THPT_VTS,THPT Võ Thị Sáu,thpt,LOP_09,Lớp 9,thcs,KV_HN_BD,Ba Đình,Ba Đình,Hà Nội,yeu,web,hoat_dong,2026-04-03,MON_VAN,Ngữ văn,xa_hoi,truc_tiep,Cải thiện điểm số,250000,4,dang_tim_gia_su,2026-04-02
HS_WB_0729,Nguyễn Bảo An,THPT_VD,THPT Việt Đức,thpt,LOP_12,Lớp 12,thpt,KV_HN_NTL,Nam Từ Liêm,Nam Từ Liêm,Hà Nội,gioi,web,hoat_dong,2026-04-03,MON_LY,Vật lý,tu_nhien,ca_hai,Cải thiện điểm số,250000,4,dang_tim_gia_su,2026-03-04
HS_WB_0730,Bùi Đình Kiệt,THPT_NHS,THPT Ngũ Hành Sơn,thpt,LOP_09,Lớp 9,thcs,KV_HN_HM,Hoàng Mai,Hoàng Mai,Hà Nội,yeu,web,hoat_dong,2026-04-03,MON_ANH,Tiếng Anh,ngoai_ngu,truc_tiep,Cải thiện điểm số,250000,2,dang_tim_gia_su,2026-03-11
HS_WB_0731,Lý Hồng Nhung,THPT_CG,THPT Cầu Giấy,thpt,LOP_12,Lớp 12,thpt,KV_HN_DD,Đống Đa,Đống Đa,Hà Nội,yeu,web,hoat_dong,2026-04-03,MON_TOAN,Toán,tu_nhien,online,Cải thiện điểm số,150000,3,dang_tim_gia_su,2026-03-10
HS_WB_0732,Đặng Văn Huy,THPT_ND,THPT Nguyễn Du,thpt,LOP_12,Lớp 12,thpt,KV_HCM_Q5,Quận 5,Quận 5,Hồ Chí Minh,kha,web,hoat_dong,2026-04-03,MON_ANH,Tiếng Anh,ngoai_ngu,ca_hai,Cải thiện điểm số,200000,3,dang_tim_gia_su,2026-03-12
HS_WB_0733,Dương Hồng Nhung,THPT_ND,THPT Nguyễn Du,thpt,LOP_09,Lớp 9,thcs,KV_DN_ST,Sơn Trà,Sơn Trà,Đà Nẵng,yeu,web,hoat_dong,2026-04-03,MON_ANH,Tiếng Anh,ngoai_ngu,online,Cải thiện điểm số,250000,2,dang_tim_gia_su,2026-04-01
HS_WB_0734,Trần Mai Linh,THPT_LQD_HCM,THPT Lê Quý Đôn,thpt,LOP_06,Lớp 6,thcs,KV_HCM_Q4,Quận 4,Quận 4,Hồ Chí Minh,gioi,web,hoat_dong,2026-04-03,MON_TOAN,Toán,tu_nhien,truc_tiep,Cải thiện điểm số,150000,2,dang_tim_gia_su,2026-03-07
HS_WB_0735,Vũ Bảo An,THPT_NTH_HCM,THPT Nguyễn Thượng Hiền,thpt,LOP_12,Lớp 12,thpt,KV_HN_HK,Hoàn Kiếm,Hoàn Kiếm,Hà Nội,trung_binh,web,hoat_dong,2026-04-03,MON_ANH,Tiếng Anh,ngoai_ngu,online,Cải thiện điểm số,250000,3,dang_tim_gia_su,2026-03-30
HS_WB_0736,Lê Văn Đức,THPT_CBQ,THPT Cao Bá Quát,thpt,LOP_06,Lớp 6,thcs,KV_HCM_Q5,Quận 5,Quận 5,Hồ Chí Minh,kha,web,hoat_dong,2026-04-03,MON_VAN,Ngữ văn,xa_hoi,ca_hai,Cải thiện điểm số,250000,3,dang_tim_gia_su,2026-03-27
HS_WB_0737,Vũ Mai Nhung,THPT_BTX,THPT Bùi Thị Xuân,thpt,LOP_10,Lớp 10,thpt,KV_DN_NHS,Ngũ Hành Sơn,Ngũ Hành Sơn,Đà Nẵng,xuat_sac,web,hoat_dong,2026-04-03,MON_ANH,Tiếng Anh,ngoai_ngu,truc_tiep,Cải thiện điểm số,250000,3,dang_tim_gia_su,2026-03-05
HS_WB_0738,Vũ Ngọc Thảo,THPT_TP_HN,THPT Trần Phú - Hoàn Kiếm,thpt,LOP_06,Lớp 6,thcs,KV_HN_BTL,Bắc Từ Liêm,Bắc Từ Liêm,Hà Nội,trung_binh,web,hoat_dong,2026-04-03,MON_ANH,Tiếng Anh,ngoai_ngu,truc_tiep,Cải thiện điểm số,150000,4,dang_tim_gia_su,2026-03-20
HS_WB_0739,Ngô Bảo Châu,THPT_KL,THPT Kim Liên,thpt,LOP_10,Lớp 10,thpt,KV_HN_HK,Hoàn Kiếm,Hoàn Kiếm,Hà Nội,xuat_sac,web,hoat_dong,2026-04-03,MON_TOAN,Toán,tu_nhien,truc_tiep,Cải thiện điểm số,250000,3,dang_tim_gia_su,2026-03-28
HS_WB_0740,Đặng Đức Đạt,THPT_NTH_HCM,THPT Nguyễn Thượng Hiền,thpt,LOP_12,Lớp 12,thpt,KV_HCM_TD,Thủ Đức,Thủ Đức,Hồ Chí Minh,yeu,web,hoat_dong,2026-04-03,MON_VAN,Ngữ văn,xa_hoi,truc_tiep,Cải thiện điểm số,250000,2,dang_tim_gia_su,2026-03-10
HS_WB_0741,Lý Hải Hùng,THPT_TPh,THPT Thái Phiên,thpt,LOP_06,Lớp 6,thcs,KV_HN_LB,Long Biên,Long Biên,Hà Nội,gioi,web,hoat_dong,2026-04-03,MON_ANH,Tiếng Anh,ngoai_ngu,ca_hai,Cải thiện điểm số,250000,4,dang_tim_gia_su,2026-03-06
HS_WB_0742,Nguyễn Quang Đức,THPT_ST,THPT Sơn Tây,thpt,LOP_06,Lớp 6,thcs,KV_HN_HD,Hà Đông,Hà Đông,Hà Nội,yeu,web,hoat_dong,2026-04-03,MON_LY,Vật lý,tu_nhien,online,Cải thiện điểm số,200000,4,dang_tim_gia_su,2026-03-06
HS_WB_0743,Lê Xuân Mai,THPT_TDN,THPT Chuyên Trần Đại Nghĩa,thpt,LOP_12,Lớp 12,thpt,KV_HCM_Q3,Quận 3,Quận 3,Hồ Chí Minh,xuat_sac,web,hoat_dong,2026-04-03,MON_TOAN,Toán,tu_nhien,ca_hai,Cải thiện điểm số,250000,3,dang_tim_gia_su,2026-03-08
HS_WB_0744,Lê Mai Trang,THPT_NMK,THPT Nguyễn Thị Minh Khai,thpt,LOP_10,Lớp 10,thpt,KV_HCM_TD,Thủ Đức,Thủ Đức,Hồ Chí Minh,xuat_sac,web,hoat_dong,2026-04-03,MON_LY,Vật lý,tu_nhien,online,Cải thiện điểm số,250000,2,dang_tim_gia_su,2026-03-25
HS_WB_0745,Phạm Văn Hùng,THPT_HHT,THPT Hoàng Hoa Thám,thpt,LOP_09,Lớp 9,thcs,KV_HCM_Q5,Quận 5,Quận 5,Hồ Chí Minh,yeu,web,hoat_dong,2026-04-03,MON_LY,Vật lý,tu_nhien,truc_tiep,Cải thiện điểm số,150000,4,dang_tim_gia_su,2026-03-19
HS_WB_0746,Trần Thị Nhung,THPT_OIK,THPT Ông Ích Khiêm,thpt,LOP_12,Lớp 12,thpt,KV_HN_DD,Đống Đa,Đống Đa,Hà Nội,kha,web,hoat_dong,2026-04-03,MON_TOAN,Toán,tu_nhien,truc_tiep,Cải thiện điểm số,250000,2,dang_tim_gia_su,2026-03-31
HS_WB_0747,Dương Đình Đạt,THPT_CG,THPT Cầu Giấy,thpt,LOP_09,Lớp 9,thcs,KV_HN_BTL,Bắc Từ Liêm,Bắc Từ Liêm,Hà Nội,kha,web,hoat_dong,2026-04-03,MON_TOAN,Toán,tu_nhien,online,Cải thiện điểm số,150000,4,dang_tim_gia_su,2026-03-13
HS_WB_0748,Phạm Hữu Hùng,THPT_TDN,THPT Chuyên Trần Đại Nghĩa,thpt,LOP_12,Lớp 12,thpt,KV_HCM_Q10,Quận 10,Quận 10,Hồ Chí Minh,yeu,web,hoat_dong,2026-04-03,MON_LY,Vật lý,tu_nhien,truc_tiep,Cải thiện điểm số,150000,4,dang_tim_gia_su,2026-03-15
HS_WB_0749,Vũ Ngọc Hân,THPT_NH,THPT Nguyễn Hiền,thpt,LOP_10,Lớp 10,thpt,KV_HCM_Q10,Quận 10,Quận 10,Hồ Chí Minh,trung_binh,web,hoat_dong,2026-04-03,MON_LY,Vật lý,tu_nhien,truc_tiep,Cải thiện điểm số,150000,2,dang_tim_gia_su,2026-03-21
HS_WB_0750,Đặng Thanh Nhung,THPT_GD,THPT Gia Định,thpt,LOP_10,Lớp 10,thpt,KV_HCM_Q5,Quận 5,Quận 5,Hồ Chí Minh,yeu,web,hoat_dong,2026-04-03,MON_VAN,Ngữ văn,xa_hoi,ca_hai,Cải thiện điểm số,150000,4,dang_tim_gia_su,2026-03-21
HS_WB_0751,Dương Thu Linh,THPT_NTH_HCM,THPT Nguyễn Thượng Hiền,thpt,LOP_10,Lớp 10,thpt,KV_HN_HBT,Hai Bà Trưng,Hai Bà Trưng,Hà Nội,gioi,web,hoat_dong,2026-04-03,MON_TOAN,Toán,tu_nhien,ca_hai,Cải thiện điểm số,200000,4,dang_tim_gia_su,2026-03-16
HS_WB_0752,Lý Hữu Đức,THPT_LQD_HCM,THPT Lê Quý Đôn,thpt,LOP_09,Lớp 9,thcs,KV_DN_TK,Thanh Khê,Thanh Khê,Đà Nẵng,yeu,web,hoat_dong,2026-04-03,MON_TOAN,Toán,tu_nhien,truc_tiep,Cải thiện điểm số,250000,4,dang_tim_gia_su,2026-03-25
HS_WB_0753,Trần Bảo Trang,THPT_ST,THPT Sơn Tây,thpt,LOP_12,Lớp 12,thpt,KV_HCM_Q7,Quận 7,Quận 7,Hồ Chí Minh,yeu,web,hoat_dong,2026-04-03,MON_VAN,Ngữ văn,xa_hoi,ca_hai,Cải thiện điểm số,200000,2,dang_tim_gia_su,2026-03-10
HS_WB_0754,Hoàng Đức Kiệt,THPT_YH,THPT Yên Hòa,thpt,LOP_12,Lớp 12,thpt,KV_DN_NHS,Ngũ Hành Sơn,Ngũ Hành Sơn,Đà Nẵng,trung_binh,web,hoat_dong,2026-04-03,MON_TOAN,Toán,tu_nhien,online,Cải thiện điểm số,200000,2,dang_tim_gia_su,2026-03-28
HS_WB_0755,Lê Quang Phú,THPT_ND,THPT Nguyễn Du,thpt,LOP_10,Lớp 10,thpt,KV_HCM_Q4,Quận 4,Quận 4,Hồ Chí Minh,gioi,web,hoat_dong,2026-04-03,MON_LY,Vật lý,tu_nhien,online,Cải thiện điểm số,250000,3,dang_tim_gia_su,2026-03-27
HS_WB_0756,Phạm Đức Khoa,THPT_TTT,THPT Tôn Thất Tùng,thpt,LOP_10,Lớp 10,thpt,KV_HCM_PN,Phú Nhuận,Phú Nhuận,Hồ Chí Minh,gioi,web,hoat_dong,2026-04-03,MON_ANH,Tiếng Anh,ngoai_ngu,online,Cải thiện điểm số,200000,3,dang_tim_gia_su,2026-03-30
HS_WB_0757,Dương Văn Đạt,THPT_NT_HN,THPT Nguyễn Trãi - Ba Đình,thpt,LOP_10,Lớp 10,thpt,KV_HN_HK,Hoàn Kiếm,Hoàn Kiếm,Hà Nội,kha,web,hoat_dong,2026-04-03,MON_TOAN,Toán,tu_nhien,truc_tiep,Cải thiện điểm số,150000,3,dang_tim_gia_su,2026-03-28
HS_WB_0758,Bùi Đức Nam,THPT_DA,THPT Đông Anh,thpt,LOP_12,Lớp 12,thpt,KV_HN_HK,Hoàn Kiếm,Hoàn Kiếm,Hà Nội,yeu,web,hoat_dong,2026-04-03,MON_ANH,Tiếng Anh,ngoai_ngu,truc_tiep,Cải thiện điểm số,250000,2,dang_tim_gia_su,2026-03-19
HS_WB_0759,Vũ Ngọc Nhung,THPT_VD,THPT Việt Đức,thpt,LOP_10,Lớp 10,thpt,KV_HN_CG,Cầu Giấy,Cầu Giấy,Hà Nội,gioi,web,hoat_dong,2026-04-03,MON_TOAN,Toán,tu_nhien,truc_tiep,Cải thiện điểm số,200000,4,dang_tim_gia_su,2026-03-24
HS_WB_0760,Ngô Xuân An,THPT_LHP,THPT Chuyên Lê Hồng Phong,thpt,LOP_12,Lớp 12,thpt,KV_DN_TK,Thanh Khê,Thanh Khê,Đà Nẵng,gioi,web,hoat_dong,2026-04-03,MON_TOAN,Toán,tu_nhien,truc_tiep,Cải thiện điểm số,200000,2,dang_tim_gia_su,2026-03-09
HS_WB_0761,Lý Hoàng An,THPT_TL,THPT Thăng Long,thpt,LOP_06,Lớp 6,thcs,KV_DN_CL,Cẩm Lệ,Cẩm Lệ,Đà Nẵng,xuat_sac,web,hoat_dong,2026-04-03,MON_ANH,Tiếng Anh,ngoai_ngu,truc_tiep,Cải thiện điểm số,200000,4,dang_tim_gia_su,2026-04-02
HS_WB_0762,Phạm Mai Linh,THPT_KL,THPT Kim Liên,thpt,LOP_12,Lớp 12,thpt,KV_HCM_Q8,Quận 8,Quận 8,Hồ Chí Minh,kha,web,hoat_dong,2026-04-03,MON_LY,Vật lý,tu_nhien,truc_tiep,Cải thiện điểm số,200000,3,dang_tim_gia_su,2026-04-02
HS_WB_0763,Trần Trọng Phú,THPT_CVA,THPT Chu Văn An,thpt,LOP_06,Lớp 6,thcs,KV_DN_TK,Thanh Khê,Thanh Khê,Đà Nẵng,kha,web,hoat_dong,2026-04-03,MON_ANH,Tiếng Anh,ngoai_ngu,ca_hai,Cải thiện điểm số,200000,2,dang_tim_gia_su,2026-03-14
HS_WB_0764,Phạm Ngọc Nhung,THPT_TP_HN,THPT Trần Phú - Hoàn Kiếm,thpt,LOP_06,Lớp 6,thcs,KV_HCM_TP,Tân Phú,Tân Phú,Hồ Chí Minh,gioi,web,hoat_dong,2026-04-03,MON_ANH,Tiếng Anh,ngoai_ngu,online,Cải thiện điểm số,250000,3,dang_tim_gia_su,2026-03-08
HS_WB_0765,Ngô Bảo Linh,THPT_LQD_HCM,THPT Lê Quý Đôn,thpt,LOP_06,Lớp 6,thcs,KV_HN_HBT,Hai Bà Trưng,Hai Bà Trưng,Hà Nội,gioi,web,hoat_dong,2026-04-03,MON_VAN,Ngữ văn,xa_hoi,ca_hai,Cải thiện điểm số,200000,3,dang_tim_gia_su,2026-03-08
HS_WB_0766,Phạm Thái Huy,THPT_VTS,THPT Võ Thị Sáu,thpt,LOP_12,Lớp 12,thpt,KV_HCM_TP,Tân Phú,Tân Phú,Hồ Chí Minh,gioi,web,hoat_dong,2026-04-03,MON_TOAN,Toán,tu_nhien,truc_tiep,Cải thiện điểm số,200000,3,dang_tim_gia_su,2026-03-30
HS_WB_0767,Đỗ Hải Đức,THPT_PCT,THPT Chuyên Phan Châu Trinh,thpt,LOP_10,Lớp 10,thpt,KV_HCM_Q4,Quận 4,Quận 4,Hồ Chí Minh,gioi,web,hoat_dong,2026-04-03,MON_VAN,Ngữ văn,xa_hoi,online,Cải thiện điểm số,250000,2,dang_tim_gia_su,2026-03-11
HS_WB_0768,Lê Mai Châu,THPT_TD,THPT Thủ Đức,thpt,LOP_06,Lớp 6,thcs,KV_HCM_BT,Bình Thạnh,Bình Thạnh,Hồ Chí Minh,kha,web,hoat_dong,2026-04-03,MON_LY,Vật lý,tu_nhien,truc_tiep,Cải thiện điểm số,150000,3,dang_tim_gia_su,2026-04-01
HS_WB_0769,Vũ Hải Phú,THPT_VD,THPT Việt Đức,thpt,LOP_06,Lớp 6,thcs,KV_HCM_Q8,Quận 8,Quận 8,Hồ Chí Minh,trung_binh,web,hoat_dong,2026-04-03,MON_LY,Vật lý,tu_nhien,truc_tiep,Cải thiện điểm số,250000,4,dang_tim_gia_su,2026-03-25
HS_WB_0770,Hoàng Bảo Châu,THPT_VD,THPT Việt Đức,thpt,LOP_09,Lớp 9,thcs,KV_HN_LB,Long Biên,Long Biên,Hà Nội,xuat_sac,web,hoat_dong,2026-04-03,MON_TOAN,Toán,tu_nhien,truc_tiep,Cải thiện điểm số,250000,2,dang_tim_gia_su,2026-03-14
HS_WB_0771,Lê Hải Khoa,THPT_MC,THPT Marie Curie,thpt,LOP_06,Lớp 6,thcs,KV_HN_TH,Tây Hồ,Tây Hồ,Hà Nội,trung_binh,web,hoat_dong,2026-04-03,MON_TOAN,Toán,tu_nhien,online,Cải thiện điểm số,250000,4,dang_tim_gia_su,2026-03-29
HS_WB_0772,Dương Thu Châu,THPT_LHP,THPT Chuyên Lê Hồng Phong,thpt,LOP_12,Lớp 12,thpt,KV_HCM_GV,Gò Vấp,Gò Vấp,Hồ Chí Minh,gioi,web,hoat_dong,2026-04-03,MON_LY,Vật lý,tu_nhien,truc_tiep,Cải thiện điểm số,250000,3,dang_tim_gia_su,2026-03-12
HS_WB_0773,Phạm Đức Huy,THPT_TL,THPT Thăng Long,thpt,LOP_06,Lớp 6,thcs,KV_HN_CG,Cầu Giấy,Cầu Giấy,Hà Nội,gioi,web,hoat_dong,2026-04-03,MON_TOAN,Toán,tu_nhien,truc_tiep,Cải thiện điểm số,150000,4,dang_tim_gia_su,2026-04-03
HS_WB_0774,Hoàng Quang Phú,THPT_MC,THPT Marie Curie,thpt,LOP_06,Lớp 6,thcs,KV_HN_HBT,Hai Bà Trưng,Hai Bà Trưng,Hà Nội,yeu,web,hoat_dong,2026-04-03,MON_ANH,Tiếng Anh,ngoai_ngu,ca_hai,Cải thiện điểm số,150000,2,dang_tim_gia_su,2026-03-06
HS_WB_0775,Bùi Văn Hùng,THPT_ND,THPT Nguyễn Du,thpt,LOP_06,Lớp 6,thcs,KV_HCM_GV,Gò Vấp,Gò Vấp,Hồ Chí Minh,yeu,web,hoat_dong,2026-04-03,MON_ANH,Tiếng Anh,ngoai_ngu,online,Cải thiện điểm số,250000,2,dang_tim_gia_su,2026-03-13
HS_WB_0776,Đặng Trọng Hùng,THPT_BTX,THPT Bùi Thị Xuân,thpt,LOP_09,Lớp 9,thcs,KV_HN_HM,Hoàng Mai,Hoàng Mai,Hà Nội,xuat_sac,web,hoat_dong,2026-04-03,MON_ANH,Tiếng Anh,ngoai_ngu,online,Cải thiện điểm số,250000,4,dang_tim_gia_su,2026-03-23
HS_WB_0777,Đỗ Hải Đức,THPT_YH,THPT Yên Hòa,thpt,LOP_06,Lớp 6,thcs,KV_HCM_Q10,Quận 10,Quận 10,Hồ Chí Minh,yeu,web,hoat_dong,2026-04-03,MON_VAN,Ngữ văn,xa_hoi,ca_hai,Cải thiện điểm số,200000,3,dang_tim_gia_su,2026-03-06
HS_WB_0778,Hoàng Thị Thu,THPT_DD,THPT Đống Đa,thpt,LOP_10,Lớp 10,thpt,KV_HCM_Q4,Quận 4,Quận 4,Hồ Chí Minh,kha,web,hoat_dong,2026-04-03,MON_TOAN,Toán,tu_nhien,online,Cải thiện điểm số,250000,2,dang_tim_gia_su,2026-03-07
HS_WB_0779,Đỗ Thị Châu,THPT_TD,THPT Thủ Đức,thpt,LOP_09,Lớp 9,thcs,KV_HCM_TB,Tân Bình,Tân Bình,Hồ Chí Minh,gioi,web,hoat_dong,2026-04-03,MON_VAN,Ngữ văn,xa_hoi,online,Cải thiện điểm số,250000,2,dang_tim_gia_su,2026-04-01
HS_WB_0780,Đỗ Thái Đức,THPT_PCT,THPT Chuyên Phan Châu Trinh,thpt,LOP_12,Lớp 12,thpt,KV_HCM_PN,Phú Nhuận,Phú Nhuận,Hồ Chí Minh,kha,web,hoat_dong,2026-04-03,MON_TOAN,Toán,tu_nhien,truc_tiep,Cải thiện điểm số,200000,2,dang_tim_gia_su,2026-03-31
HS_WB_0781,Bùi Đình Huy,THPT_GD,THPT Gia Định,thpt,LOP_06,Lớp 6,thcs,KV_HN_TH,Tây Hồ,Tây Hồ,Hà Nội,xuat_sac,web,hoat_dong,2026-04-03,MON_TOAN,Toán,tu_nhien,truc_tiep,Cải thiện điểm số,150000,3,dang_tim_gia_su,2026-03-12
HS_WB_0782,Dương Bảo Hân,THPT_HHT,THPT Hoàng Hoa Thám,thpt,LOP_12,Lớp 12,thpt,KV_DN_HC,Hải Châu,Hải Châu,Đà Nẵng,kha,web,hoat_dong,2026-04-03,MON_VAN,Ngữ văn,xa_hoi,truc_tiep,Cải thiện điểm số,200000,2,dang_tim_gia_su,2026-03-28
HS_WB_0783,Nguyễn Hồng Nhung,THPT_CVD,THPT Cẩm Lệ,thpt,LOP_12,Lớp 12,thpt,KV_HCM_Q10,Quận 10,Quận 10,Hồ Chí Minh,trung_binh,web,hoat_dong,2026-04-03,MON_LY,Vật lý,tu_nhien,online,Cải thiện điểm số,200000,2,dang_tim_gia_su,2026-03-17
HS_WB_0784,Hoàng Thu Vy,THPT_TL,THPT Thăng Long,thpt,LOP_12,Lớp 12,thpt,KV_HN_HM,Hoàng Mai,Hoàng Mai,Hà Nội,gioi,web,hoat_dong,2026-04-03,MON_VAN,Ngữ văn,xa_hoi,ca_hai,Cải thiện điểm số,250000,3,dang_tim_gia_su,2026-03-21
HS_WB_0785,Ngô Minh Cường,THPT_LQD_HN,THPT Lê Quý Đôn - Đống Đa,thpt,LOP_12,Lớp 12,thpt,KV_HN_LB,Long Biên,Long Biên,Hà Nội,trung_binh,web,hoat_dong,2026-04-03,MON_VAN,Ngữ văn,xa_hoi,truc_tiep,Cải thiện điểm số,250000,4,dang_tim_gia_su,2026-03-23
HS_WB_0786,Vũ Minh Đạt,THPT_BTX,THPT Bùi Thị Xuân,thpt,LOP_10,Lớp 10,thpt,KV_HN_HM,Hoàng Mai,Hoàng Mai,Hà Nội,xuat_sac,web,hoat_dong,2026-04-03,MON_ANH,Tiếng Anh,ngoai_ngu,ca_hai,Cải thiện điểm số,200000,4,dang_tim_gia_su,2026-03-30
HS_WB_0787,Trần Hữu Hùng,THPT_OIK,THPT Ông Ích Khiêm,thpt,LOP_06,Lớp 6,thcs,KV_HN_HK,Hoàn Kiếm,Hoàn Kiếm,Hà Nội,kha,web,hoat_dong,2026-04-03,MON_ANH,Tiếng Anh,ngoai_ngu,ca_hai,Cải thiện điểm số,200000,4,dang_tim_gia_su,2026-03-07
HS_WB_0788,Phạm Hoàng Thu,THPT_OIK,THPT Ông Ích Khiêm,thpt,LOP_12,Lớp 12,thpt,KV_DN_CL,Cẩm Lệ,Cẩm Lệ,Đà Nẵng,gioi,web,hoat_dong,2026-04-03,MON_LY,Vật lý,tu_nhien,ca_hai,Cải thiện điểm số,150000,4,dang_tim_gia_su,2026-04-02
HS_WB_0789,Nguyễn Ngọc Linh,THPT_GD,THPT Gia Định,thpt,LOP_12,Lớp 12,thpt,KV_HN_TX,Thanh Xuân,Thanh Xuân,Hà Nội,gioi,web,hoat_dong,2026-04-03,MON_ANH,Tiếng Anh,ngoai_ngu,online,Cải thiện điểm số,200000,4,dang_tim_gia_su,2026-04-01
HS_WB_0790,Dương Hoàng Hân,THPT_TP_HN,THPT Trần Phú - Hoàn Kiếm,thpt,LOP_09,Lớp 9,thcs,KV_HN_TX,Thanh Xuân,Thanh Xuân,Hà Nội,gioi,web,hoat_dong,2026-04-03,MON_VAN,Ngữ văn,xa_hoi,ca_hai,Cải thiện điểm số,150000,2,dang_tim_gia_su,2026-04-02
HS_WB_0791,Trần Hải Đạt,THPT_NT_HCM,THPT Nguyễn Trãi,thpt,LOP_06,Lớp 6,thcs,KV_HCM_Q4,Quận 4,Quận 4,Hồ Chí Minh,trung_binh,web,hoat_dong,2026-04-03,MON_LY,Vật lý,tu_nhien,truc_tiep,Cải thiện điểm số,150000,3,dang_tim_gia_su,2026-03-14
HS_WB_0792,Đặng Văn Khoa,THPT_TL,THPT Thăng Long,thpt,LOP_09,Lớp 9,thcs,KV_HCM_PN,Phú Nhuận,Phú Nhuận,Hồ Chí Minh,gioi,web,hoat_dong,2026-04-03,MON_VAN,Ngữ văn,xa_hoi,online,Cải thiện điểm số,250000,4,dang_tim_gia_su,2026-03-21
HS_WB_0793,Hoàng Văn Nam,THPT_PDP,THPT Phan Đình Phùng,thpt,LOP_10,Lớp 10,thpt,KV_HCM_TB,Tân Bình,Tân Bình,Hồ Chí Minh,yeu,web,hoat_dong,2026-04-03,MON_VAN,Ngữ văn,xa_hoi,ca_hai,Cải thiện điểm số,150000,3,dang_tim_gia_su,2026-03-18
HS_WB_0794,Vũ Thanh Trang,THPT_KL,THPT Kim Liên,thpt,LOP_10,Lớp 10,thpt,KV_HN_BD,Ba Đình,Ba Đình,Hà Nội,yeu,web,hoat_dong,2026-04-03,MON_ANH,Tiếng Anh,ngoai_ngu,ca_hai,Cải thiện điểm số,250000,4,dang_tim_gia_su,2026-03-06
HS_WB_0795,Vũ Thanh Mai,THPT_PN,THPT Phú Nhuận,thpt,LOP_12,Lớp 12,thpt,KV_HN_BD,Ba Đình,Ba Đình,Hà Nội,trung_binh,web,hoat_dong,2026-04-03,MON_ANH,Tiếng Anh,ngoai_ngu,truc_tiep,Cải thiện điểm số,150000,2,dang_tim_gia_su,2026-03-06
HS_WB_0796,Đỗ Bảo Trang,THPT_NT_HCM,THPT Nguyễn Trãi,thpt,LOP_10,Lớp 10,thpt,KV_HN_HD,Hà Đông,Hà Đông,Hà Nội,yeu,web,hoat_dong,2026-04-03,MON_VAN,Ngữ văn,xa_hoi,ca_hai,Cải thiện điểm số,150000,3,dang_tim_gia_su,2026-03-17
HS_WB_0797,Đỗ Thị Thảo,THPT_YH,THPT Yên Hòa,thpt,LOP_09,Lớp 9,thcs,KV_HCM_Q5,Quận 5,Quận 5,Hồ Chí Minh,trung_binh,web,hoat_dong,2026-04-03,MON_ANH,Tiếng Anh,ngoai_ngu,ca_hai,Cải thiện điểm số,200000,2,dang_tim_gia_su,2026-03-05
HS_WB_0798,Đỗ Hữu Cường,THPT_ST,THPT Sơn Tây,thpt,LOP_10,Lớp 10,thpt,KV_HN_LB,Long Biên,Long Biên,Hà Nội,yeu,web,hoat_dong,2026-04-03,MON_LY,Vật lý,tu_nhien,ca_hai,Cải thiện điểm số,200000,2,dang_tim_gia_su,2026-03-09
HS_WB_0799,Bùi Ngọc Mai,THPT_AMS,THPT Chuyên Hà Nội - Amsterdam,thpt,LOP_06,Lớp 6,thcs,KV_HN_HM,Hoàng Mai,Hoàng Mai,Hà Nội,gioi,web,hoat_dong,2026-04-03,MON_TOAN,Toán,tu_nhien,truc_tiep,Cải thiện điểm số,150000,2,dang_tim_gia_su,2026-03-17
HS_WB_0800,Ngô Hữu Cường,THPT_TPh,THPT Thái Phiên,thpt,LOP_10,Lớp 10,thpt,KV_DN_NHS,Ngũ Hành Sơn,Ngũ Hành Sơn,Đà Nẵng,kha,web,hoat_dong,2026-04-03,MON_TOAN,Toán,tu_nhien,truc_tiep,Cải thiện điểm số,150000,3,dang_tim_gia_su,2026-03-07
HS_WB_0801,Nguyễn Mai Mai,THPT_MQ,THPT Mạc Đĩnh Chi,thpt,LOP_06,Lớp 6,thcs,KV_HCM_Q7,Quận 7,Quận 7,Hồ Chí Minh,yeu,web,hoat_dong,2026-04-03,MON_ANH,Tiếng Anh,ngoai_ngu,truc_tiep,Cải thiện điểm số,250000,4,dang_tim_gia_su,2026-03-20
HS_WB_0802,Đặng Ngọc Trang,THPT_MQ,THPT Mạc Đĩnh Chi,thpt,LOP_10,Lớp 10,thpt,KV_HCM_Q3,Quận 3,Quận 3,Hồ Chí Minh,trung_binh,web,hoat_dong,2026-04-03,MON_LY,Vật lý,tu_nhien,ca_hai,Cải thiện điểm số,250000,2,dang_tim_gia_su,2026-03-17
HS_WB_0803,Hoàng Hải Nam,THPT_GD,THPT Gia Định,thpt,LOP_10,Lớp 10,thpt,KV_DN_TK,Thanh Khê,Thanh Khê,Đà Nẵng,xuat_sac,web,hoat_dong,2026-04-03,MON_LY,Vật lý,tu_nhien,ca_hai,Cải thiện điểm số,200000,4,dang_tim_gia_su,2026-04-02
HS_WB_0804,Đỗ Mai Linh,THPT_CVD,THPT Cẩm Lệ,thpt,LOP_09,Lớp 9,thcs,KV_DN_NHS,Ngũ Hành Sơn,Ngũ Hành Sơn,Đà Nẵng,yeu,web,hoat_dong,2026-04-03,MON_LY,Vật lý,tu_nhien,online,Cải thiện điểm số,150000,2,dang_tim_gia_su,2026-03-17
HS_WB_0805,Trần Quang Khoa,THPT_NH,THPT Nguyễn Hiền,thpt,LOP_09,Lớp 9,thcs,KV_HCM_TD,Thủ Đức,Thủ Đức,Hồ Chí Minh,trung_binh,web,hoat_dong,2026-04-03,MON_LY,Vật lý,tu_nhien,online,Cải thiện điểm số,250000,4,dang_tim_gia_su,2026-03-21
HS_WB_0806,Nguyễn Hải Khoa,THPT_PCT,THPT Chuyên Phan Châu Trinh,thpt,LOP_12,Lớp 12,thpt,KV_DN_CL,Cẩm Lệ,Cẩm Lệ,Đà Nẵng,yeu,web,hoat_dong,2026-04-03,MON_ANH,Tiếng Anh,ngoai_ngu,truc_tiep,Cải thiện điểm số,250000,3,dang_tim_gia_su,2026-03-24
HS_WB_0807,Nguyễn Quang Đạt,THPT_ST,THPT Sơn Tây,thpt,LOP_12,Lớp 12,thpt,KV_HCM_TB,Tân Bình,Tân Bình,Hồ Chí Minh,trung_binh,web,hoat_dong,2026-04-03,MON_LY,Vật lý,tu_nhien,online,Cải thiện điểm số,250000,3,dang_tim_gia_su,2026-03-29
HS_WB_0808,Đỗ Thị An,THPT_HHT,THPT Hoàng Hoa Thám,thpt,LOP_10,Lớp 10,thpt,KV_HCM_Q8,Quận 8,Quận 8,Hồ Chí Minh,kha,web,hoat_dong,2026-04-03,MON_VAN,Ngữ văn,xa_hoi,truc_tiep,Cải thiện điểm số,200000,4,dang_tim_gia_su,2026-03-08
HS_WB_0809,Ngô Mai Vy,THPT_PCT,THPT Chuyên Phan Châu Trinh,thpt,LOP_06,Lớp 6,thcs,KV_DN_CL,Cẩm Lệ,Cẩm Lệ,Đà Nẵng,gioi,web,hoat_dong,2026-04-03,MON_TOAN,Toán,tu_nhien,truc_tiep,Cải thiện điểm số,200000,2,dang_tim_gia_su,2026-03-31
HS_WB_0810,Đỗ Đức Cường,THPT_TL,THPT Thăng Long,thpt,LOP_06,Lớp 6,thcs,KV_HCM_Q5,Quận 5,Quận 5,Hồ Chí Minh,yeu,web,hoat_dong,2026-04-03,MON_VAN,Ngữ văn,xa_hoi,truc_tiep,Cải thiện điểm số,150000,3,dang_tim_gia_su,2026-04-02
HS_WB_0811,Ngô Mai Mai,THPT_ST,THPT Sơn Tây,thpt,LOP_06,Lớp 6,thcs,KV_DN_HC,Hải Châu,Hải Châu,Đà Nẵng,xuat_sac,web,hoat_dong,2026-04-03,MON_ANH,Tiếng Anh,ngoai_ngu,ca_hai,Cải thiện điểm số,150000,3,dang_tim_gia_su,2026-03-08
HS_WB_0812,Hoàng Bảo Nhung,THPT_AMS,THPT Chuyên Hà Nội - Amsterdam,thpt,LOP_12,Lớp 12,thpt,KV_HN_NTL,Nam Từ Liêm,Nam Từ Liêm,Hà Nội,trung_binh,web,hoat_dong,2026-04-03,MON_LY,Vật lý,tu_nhien,online,Cải thiện điểm số,150000,2,dang_tim_gia_su,2026-03-31
HS_WB_0813,Đặng Hồng Nhung,THPT_CVD,THPT Cẩm Lệ,thpt,LOP_10,Lớp 10,thpt,KV_HN_BD,Ba Đình,Ba Đình,Hà Nội,gioi,web,hoat_dong,2026-04-03,MON_LY,Vật lý,tu_nhien,ca_hai,Cải thiện điểm số,200000,4,dang_tim_gia_su,2026-03-22
HS_WB_0814,Dương Văn Khoa,THPT_CVD,THPT Cẩm Lệ,thpt,LOP_09,Lớp 9,thcs,KV_DN_ST,Sơn Trà,Sơn Trà,Đà Nẵng,xuat_sac,web,hoat_dong,2026-04-03,MON_TOAN,Toán,tu_nhien,truc_tiep,Cải thiện điểm số,150000,4,dang_tim_gia_su,2026-03-18
HS_WB_0815,Dương Ngọc Mai,THPT_LQD_HN,THPT Lê Quý Đôn - Đống Đa,thpt,LOP_06,Lớp 6,thcs,KV_HN_NTL,Nam Từ Liêm,Nam Từ Liêm,Hà Nội,gioi,web,hoat_dong,2026-04-03,MON_ANH,Tiếng Anh,ngoai_ngu,ca_hai,Cải thiện điểm số,200000,2,dang_tim_gia_su,2026-03-25
HS_WB_0816,Phạm Thu Trang,THPT_NTH_HCM,THPT Nguyễn Thượng Hiền,thpt,LOP_10,Lớp 10,thpt,KV_DN_NHS,Ngũ Hành Sơn,Ngũ Hành Sơn,Đà Nẵng,xuat_sac,web,hoat_dong,2026-04-03,MON_ANH,Tiếng Anh,ngoai_ngu,online,Cải thiện điểm số,150000,4,dang_tim_gia_su,2026-03-17
HS_WB_0817,Phạm Đức Nam,THPT_NT_HN,THPT Nguyễn Trãi - Ba Đình,thpt,LOP_12,Lớp 12,thpt,KV_HN_HM,Hoàng Mai,Hoàng Mai,Hà Nội,gioi,web,hoat_dong,2026-04-03,MON_LY,Vật lý,tu_nhien,ca_hai,Cải thiện điểm số,250000,3,dang_tim_gia_su,2026-03-10
HS_WB_0818,Đặng Bảo Vy,THPT_LHP,THPT Chuyên Lê Hồng Phong,thpt,LOP_10,Lớp 10,thpt,KV_DN_ST,Sơn Trà,Sơn Trà,Đà Nẵng,trung_binh,web,hoat_dong,2026-04-03,MON_ANH,Tiếng Anh,ngoai_ngu,ca_hai,Cải thiện điểm số,200000,4,dang_tim_gia_su,2026-03-11
HS_WB_0819,Vũ Đức Cường,THPT_TP_HN,THPT Trần Phú - Hoàn Kiếm,thpt,LOP_09,Lớp 9,thcs,KV_HCM_Q5,Quận 5,Quận 5,Hồ Chí Minh,trung_binh,web,hoat_dong,2026-04-03,MON_TOAN,Toán,tu_nhien,truc_tiep,Cải thiện điểm số,200000,3,dang_tim_gia_su,2026-03-15
HS_WB_0820,Ngô Đức Nam,THPT_ST,THPT Sơn Tây,thpt,LOP_09,Lớp 9,thcs,KV_HCM_Q1,Quận 1,Quận 1,Hồ Chí Minh,xuat_sac,web,hoat_dong,2026-04-03,MON_LY,Vật lý,tu_nhien,online,Cải thiện điểm số,250000,3,dang_tim_gia_su,2026-03-04
HS_WB_0821,Vũ Thị Vy,THPT_LQD_HN,THPT Lê Quý Đôn - Đống Đa,thpt,LOP_10,Lớp 10,thpt,KV_HCM_Q5,Quận 5,Quận 5,Hồ Chí Minh,trung_binh,web,hoat_dong,2026-04-03,MON_ANH,Tiếng Anh,ngoai_ngu,online,Cải thiện điểm số,250000,3,dang_tim_gia_su,2026-03-25
HS_WB_0822,Phạm Thị Linh,THPT_LHP,THPT Chuyên Lê Hồng Phong,thpt,LOP_12,Lớp 12,thpt,KV_HCM_Q7,Quận 7,Quận 7,Hồ Chí Minh,xuat_sac,web,hoat_dong,2026-04-03,MON_TOAN,Toán,tu_nhien,online,Cải thiện điểm số,250000,4,dang_tim_gia_su,2026-03-21
HS_WB_0823,Đặng Hải Khoa,THPT_PN,THPT Phú Nhuận,thpt,LOP_12,Lớp 12,thpt,KV_HN_CG,Cầu Giấy,Cầu Giấy,Hà Nội,kha,web,hoat_dong,2026-04-03,MON_ANH,Tiếng Anh,ngoai_ngu,truc_tiep,Cải thiện điểm số,200000,4,dang_tim_gia_su,2026-03-12
HS_WB_0824,Đỗ Quang Huy,THPT_KL,THPT Kim Liên,thpt,LOP_10,Lớp 10,thpt,KV_HN_CG,Cầu Giấy,Cầu Giấy,Hà Nội,trung_binh,web,hoat_dong,2026-04-03,MON_LY,Vật lý,tu_nhien,online,Cải thiện điểm số,200000,4,dang_tim_gia_su,2026-03-08
HS_WB_0825,Lê Xuân Châu,THPT_PN,THPT Phú Nhuận,thpt,LOP_12,Lớp 12,thpt,KV_HN_BTL,Bắc Từ Liêm,Bắc Từ Liêm,Hà Nội,xuat_sac,web,hoat_dong,2026-04-03,MON_ANH,Tiếng Anh,ngoai_ngu,truc_tiep,Cải thiện điểm số,200000,2,dang_tim_gia_su,2026-03-14
HS_WB_0826,Dương Mai Nhung,THPT_PDP,THPT Phan Đình Phùng,thpt,LOP_06,Lớp 6,thcs,KV_HCM_Q10,Quận 10,Quận 10,Hồ Chí Minh,xuat_sac,web,hoat_dong,2026-04-03,MON_LY,Vật lý,tu_nhien,ca_hai,Cải thiện điểm số,250000,4,dang_tim_gia_su,2026-03-04
HS_WB_0827,Nguyễn Mai Nhung,THPT_PCT,THPT Chuyên Phan Châu Trinh,thpt,LOP_09,Lớp 9,thcs,KV_HCM_GV,Gò Vấp,Gò Vấp,Hồ Chí Minh,kha,web,hoat_dong,2026-04-03,MON_VAN,Ngữ văn,xa_hoi,online,Cải thiện điểm số,150000,2,dang_tim_gia_su,2026-03-11
HS_WB_0828,Bùi Hồng Mai,THPT_MQ,THPT Mạc Đĩnh Chi,thpt,LOP_09,Lớp 9,thcs,KV_HCM_Q5,Quận 5,Quận 5,Hồ Chí Minh,yeu,web,hoat_dong,2026-04-03,MON_TOAN,Toán,tu_nhien,truc_tiep,Cải thiện điểm số,150000,2,dang_tim_gia_su,2026-03-13
HS_WB_0829,Đặng Hữu Phú,THPT_MQ,THPT Mạc Đĩnh Chi,thpt,LOP_09,Lớp 9,thcs,KV_DN_NHS,Ngũ Hành Sơn,Ngũ Hành Sơn,Đà Nẵng,gioi,web,hoat_dong,2026-04-03,MON_VAN,Ngữ văn,xa_hoi,truc_tiep,Cải thiện điểm số,200000,3,dang_tim_gia_su,2026-03-08
HS_WB_0830,Phạm Văn Kiệt,THPT_CVD,THPT Cẩm Lệ,thpt,LOP_12,Lớp 12,thpt,KV_HN_HK,Hoàn Kiếm,Hoàn Kiếm,Hà Nội,trung_binh,web,hoat_dong,2026-04-03,MON_ANH,Tiếng Anh,ngoai_ngu,truc_tiep,Cải thiện điểm số,250000,4,dang_tim_gia_su,2026-03-13
HS_WB_0831,Phạm Hồng Nhung,THPT_CVA,THPT Chu Văn An,thpt,LOP_06,Lớp 6,thcs,KV_HCM_Q10,Quận 10,Quận 10,Hồ Chí Minh,xuat_sac,web,hoat_dong,2026-04-03,MON_LY,Vật lý,tu_nhien,online,Cải thiện điểm số,250000,3,dang_tim_gia_su,2026-03-17
HS_WB_0832,Lê Ngọc Vy,THPT_NVT,THPT Nguyễn Văn Trỗi,thpt,LOP_12,Lớp 12,thpt,KV_HCM_Q1,Quận 1,Quận 1,Hồ Chí Minh,kha,web,hoat_dong,2026-04-03,MON_VAN,Ngữ văn,xa_hoi,online,Cải thiện điểm số,150000,2,dang_tim_gia_su,2026-03-17
HS_WB_0833,Dương Đình Nam,THPT_GD,THPT Gia Định,thpt,LOP_09,Lớp 9,thcs,KV_HN_DD,Đống Đa,Đống Đa,Hà Nội,yeu,web,hoat_dong,2026-04-03,MON_ANH,Tiếng Anh,ngoai_ngu,online,Cải thiện điểm số,200000,2,dang_tim_gia_su,2026-03-25
HS_WB_0834,Dương Mai Vy,THPT_AMS,THPT Chuyên Hà Nội - Amsterdam,thpt,LOP_06,Lớp 6,thcs,KV_HN_TX,Thanh Xuân,Thanh Xuân,Hà Nội,trung_binh,web,hoat_dong,2026-04-03,MON_LY,Vật lý,tu_nhien,truc_tiep,Cải thiện điểm số,150000,3,dang_tim_gia_su,2026-03-30
HS_WB_0835,Vũ Trọng Hùng,THPT_TPh,THPT Thái Phiên,thpt,LOP_10,Lớp 10,thpt,KV_HCM_GV,Gò Vấp,Gò Vấp,Hồ Chí Minh,yeu,web,hoat_dong,2026-04-03,MON_LY,Vật lý,tu_nhien,ca_hai,Cải thiện điểm số,200000,2,dang_tim_gia_su,2026-03-11
HS_WB_0836,Lê Thanh Châu,THPT_ND,THPT Nguyễn Du,thpt,LOP_10,Lớp 10,thpt,KV_HN_NTL,Nam Từ Liêm,Nam Từ Liêm,Hà Nội,yeu,web,hoat_dong,2026-04-03,MON_VAN,Ngữ văn,xa_hoi,online,Cải thiện điểm số,150000,2,dang_tim_gia_su,2026-03-09
HS_WB_0837,Nguyễn Trọng Cường,THPT_NT_HCM,THPT Nguyễn Trãi,thpt,LOP_09,Lớp 9,thcs,KV_HN_HD,Hà Đông,Hà Đông,Hà Nội,yeu,web,hoat_dong,2026-04-03,MON_TOAN,Toán,tu_nhien,truc_tiep,Cải thiện điểm số,200000,3,dang_tim_gia_su,2026-03-25
HS_WB_0838,Bùi Thu Thảo,THPT_OIK,THPT Ông Ích Khiêm,thpt,LOP_10,Lớp 10,thpt,KV_HCM_Q7,Quận 7,Quận 7,Hồ Chí Minh,trung_binh,web,hoat_dong,2026-04-03,MON_VAN,Ngữ văn,xa_hoi,ca_hai,Cải thiện điểm số,250000,2,dang_tim_gia_su,2026-03-10
HS_WB_0839,Nguyễn Văn Tuấn,THPT_NH,THPT Nguyễn Hiền,thpt,LOP_10,Lớp 10,thpt,KV_DN_TK,Thanh Khê,Thanh Khê,Đà Nẵng,gioi,web,hoat_dong,2026-04-03,MON_LY,Vật lý,tu_nhien,ca_hai,Cải thiện điểm số,150000,2,dang_tim_gia_su,2026-03-21
HS_WB_0840,Đặng Bảo Thu,THPT_MC,THPT Marie Curie,thpt,LOP_12,Lớp 12,thpt,KV_HCM_TB,Tân Bình,Tân Bình,Hồ Chí Minh,trung_binh,web,hoat_dong,2026-04-03,MON_VAN,Ngữ văn,xa_hoi,ca_hai,Cải thiện điểm số,150000,2,dang_tim_gia_su,2026-03-05
HS_WB_0841,Vũ Quang Kiệt,THPT_LQD_HCM,THPT Lê Quý Đôn,thpt,LOP_12,Lớp 12,thpt,KV_HCM_Q4,Quận 4,Quận 4,Hồ Chí Minh,kha,web,hoat_dong,2026-04-03,MON_LY,Vật lý,tu_nhien,ca_hai,Cải thiện điểm số,150000,2,dang_tim_gia_su,2026-03-12
HS_WB_0842,Dương Thị Vy,THPT_DA,THPT Đông Anh,thpt,LOP_12,Lớp 12,thpt,KV_HN_HD,Hà Đông,Hà Đông,Hà Nội,gioi,web,hoat_dong,2026-04-03,MON_VAN,Ngữ văn,xa_hoi,ca_hai,Cải thiện điểm số,250000,3,dang_tim_gia_su,2026-03-11
HS_WB_0843,Ngô Quang Kiệt,THPT_LQD_HCM,THPT Lê Quý Đôn,thpt,LOP_12,Lớp 12,thpt,KV_HN_LB,Long Biên,Long Biên,Hà Nội,kha,web,hoat_dong,2026-04-03,MON_LY,Vật lý,tu_nhien,truc_tiep,Cải thiện điểm số,150000,3,dang_tim_gia_su,2026-03-13
HS_WB_0844,Bùi Văn Kiệt,THPT_TD,THPT Thủ Đức,thpt,LOP_10,Lớp 10,thpt,KV_HCM_Q8,Quận 8,Quận 8,Hồ Chí Minh,xuat_sac,web,hoat_dong,2026-04-03,MON_VAN,Ngữ văn,xa_hoi,ca_hai,Cải thiện điểm số,250000,3,dang_tim_gia_su,2026-04-01
HS_WB_0845,Nguyễn Ngọc Nhung,THPT_AMS,THPT Chuyên Hà Nội - Amsterdam,thpt,LOP_09,Lớp 9,thcs,KV_HCM_TP,Tân Phú,Tân Phú,Hồ Chí Minh,kha,web,hoat_dong,2026-04-03,MON_TOAN,Toán,tu_nhien,truc_tiep,Cải thiện điểm số,250000,2,dang_tim_gia_su,2026-03-07
HS_WB_0846,Nguyễn Hoàng Vy,THPT_NTH_HCM,THPT Nguyễn Thượng Hiền,thpt,LOP_10,Lớp 10,thpt,KV_HCM_Q7,Quận 7,Quận 7,Hồ Chí Minh,kha,web,hoat_dong,2026-04-03,MON_ANH,Tiếng Anh,ngoai_ngu,truc_tiep,Cải thiện điểm số,200000,3,dang_tim_gia_su,2026-03-06
HS_WB_0847,Trần Thu Vy,THPT_PDP,THPT Phan Đình Phùng,thpt,LOP_06,Lớp 6,thcs,KV_HCM_PN,Phú Nhuận,Phú Nhuận,Hồ Chí Minh,gioi,web,hoat_dong,2026-04-03,MON_LY,Vật lý,tu_nhien,truc_tiep,Cải thiện điểm số,250000,3,dang_tim_gia_su,2026-03-29
HS_WB_0848,Đặng Hải Tuấn,THPT_TTT,THPT Tôn Thất Tùng,thpt,LOP_12,Lớp 12,thpt,KV_HCM_Q3,Quận 3,Quận 3,Hồ Chí Minh,yeu,web,hoat_dong,2026-04-03,MON_VAN,Ngữ văn,xa_hoi,ca_hai,Cải thiện điểm số,150000,2,dang_tim_gia_su,2026-03-22
HS_WB_0849,Dương Hữu Cường,THPT_YH,THPT Yên Hòa,thpt,LOP_10,Lớp 10,thpt,KV_HCM_Q10,Quận 10,Quận 10,Hồ Chí Minh,gioi,web,hoat_dong,2026-04-03,MON_TOAN,Toán,tu_nhien,ca_hai,Cải thiện điểm số,250000,4,dang_tim_gia_su,2026-03-21
HS_WB_0850,Đặng Mai Linh,THPT_YH,THPT Yên Hòa,thpt,LOP_10,Lớp 10,thpt,KV_HN_BTL,Bắc Từ Liêm,Bắc Từ Liêm,Hà Nội,trung_binh,web,hoat_dong,2026-04-03,MON_TOAN,Toán,tu_nhien,online,Cải thiện điểm số,250000,4,dang_tim_gia_su,2026-03-09
HS_WB_0851,Lê Văn Đạt,THPT_GD,THPT Gia Định,thpt,LOP_12,Lớp 12,thpt,KV_HN_HBT,Hai Bà Trưng,Hai Bà Trưng,Hà Nội,trung_binh,web,hoat_dong,2026-04-03,MON_LY,Vật lý,tu_nhien,online,Cải thiện điểm số,200000,3,dang_tim_gia_su,2026-03-13
HS_WB_0852,Phạm Mai Trang,THPT_LHP,THPT Chuyên Lê Hồng Phong,thpt,LOP_12,Lớp 12,thpt,KV_DN_HC,Hải Châu,Hải Châu,Đà Nẵng,trung_binh,web,hoat_dong,2026-04-03,MON_VAN,Ngữ văn,xa_hoi,ca_hai,Cải thiện điểm số,150000,3,dang_tim_gia_su,2026-03-22
HS_WB_0853,Trần Bảo Vy,THPT_DD,THPT Đống Đa,thpt,LOP_09,Lớp 9,thcs,KV_HCM_TD,Thủ Đức,Thủ Đức,Hồ Chí Minh,yeu,web,hoat_dong,2026-04-03,MON_TOAN,Toán,tu_nhien,online,Cải thiện điểm số,250000,4,dang_tim_gia_su,2026-03-04
HS_WB_0854,Hoàng Mai Nhung,THPT_NMK,THPT Nguyễn Thị Minh Khai,thpt,LOP_12,Lớp 12,thpt,KV_HCM_Q8,Quận 8,Quận 8,Hồ Chí Minh,yeu,web,hoat_dong,2026-04-03,MON_VAN,Ngữ văn,xa_hoi,truc_tiep,Cải thiện điểm số,200000,3,dang_tim_gia_su,2026-03-05
HS_WB_0855,Nguyễn Quang Huy,THPT_DD,THPT Đống Đa,thpt,LOP_10,Lớp 10,thpt,KV_HCM_TD,Thủ Đức,Thủ Đức,Hồ Chí Minh,gioi,web,hoat_dong,2026-04-03,MON_VAN,Ngữ văn,xa_hoi,truc_tiep,Cải thiện điểm số,200000,2,dang_tim_gia_su,2026-03-15
HS_WB_0856,Trần Hữu Huy,THPT_PDP,THPT Phan Đình Phùng,thpt,LOP_09,Lớp 9,thcs,KV_HN_HBT,Hai Bà Trưng,Hai Bà Trưng,Hà Nội,yeu,web,hoat_dong,2026-04-03,MON_TOAN,Toán,tu_nhien,truc_tiep,Cải thiện điểm số,200000,4,dang_tim_gia_su,2026-03-23
HS_WB_0857,Dương Mai Vy,THPT_TP_DN,THPT Trần Phú,thpt,LOP_06,Lớp 6,thcs,KV_HN_CG,Cầu Giấy,Cầu Giấy,Hà Nội,xuat_sac,web,hoat_dong,2026-04-03,MON_VAN,Ngữ văn,xa_hoi,online,Cải thiện điểm số,200000,4,dang_tim_gia_su,2026-03-28
HS_WB_0858,Lý Thanh An,THPT_NH,THPT Nguyễn Hiền,thpt,LOP_06,Lớp 6,thcs,KV_HN_HM,Hoàng Mai,Hoàng Mai,Hà Nội,xuat_sac,web,hoat_dong,2026-04-03,MON_LY,Vật lý,tu_nhien,online,Cải thiện điểm số,250000,3,dang_tim_gia_su,2026-04-02
HS_WB_0859,Ngô Đức Cường,THPT_LQD_HN,THPT Lê Quý Đôn - Đống Đa,thpt,LOP_09,Lớp 9,thcs,KV_DN_LC,Liên Chiểu,Liên Chiểu,Đà Nẵng,yeu,web,hoat_dong,2026-04-03,MON_VAN,Ngữ văn,xa_hoi,ca_hai,Cải thiện điểm số,200000,3,dang_tim_gia_su,2026-03-28
HS_WB_0860,Dương Thái Huy,THPT_LQD_HN,THPT Lê Quý Đôn - Đống Đa,thpt,LOP_10,Lớp 10,thpt,KV_HN_BD,Ba Đình,Ba Đình,Hà Nội,kha,web,hoat_dong,2026-04-03,MON_VAN,Ngữ văn,xa_hoi,ca_hai,Cải thiện điểm số,200000,3,dang_tim_gia_su,2026-03-23
HS_WB_0861,Đỗ Xuân Linh,THPT_NH,THPT Nguyễn Hiền,thpt,LOP_10,Lớp 10,thpt,KV_HCM_Q7,Quận 7,Quận 7,Hồ Chí Minh,kha,web,hoat_dong,2026-04-03,MON_LY,Vật lý,tu_nhien,truc_tiep,Cải thiện điểm số,250000,2,dang_tim_gia_su,2026-03-22
HS_WB_0862,Lý Thu Vy,THPT_VD,THPT Việt Đức,thpt,LOP_12,Lớp 12,thpt,KV_HN_BTL,Bắc Từ Liêm,Bắc Từ Liêm,Hà Nội,trung_binh,web,hoat_dong,2026-04-03,MON_LY,Vật lý,tu_nhien,truc_tiep,Cải thiện điểm số,150000,4,dang_tim_gia_su,2026-03-06
HS_WB_0863,Ngô Quang Kiệt,THPT_LQD_DN,THPT Chuyên Lê Quý Đôn,thpt,LOP_10,Lớp 10,thpt,KV_DN_LC,Liên Chiểu,Liên Chiểu,Đà Nẵng,trung_binh,web,hoat_dong,2026-04-03,MON_VAN,Ngữ văn,xa_hoi,truc_tiep,Cải thiện điểm số,200000,4,dang_tim_gia_su,2026-03-22
HS_WB_0864,Lê Thị An,THPT_OIK,THPT Ông Ích Khiêm,thpt,LOP_09,Lớp 9,thcs,KV_HCM_GV,Gò Vấp,Gò Vấp,Hồ Chí Minh,xuat_sac,web,hoat_dong,2026-04-03,MON_VAN,Ngữ văn,xa_hoi,ca_hai,Cải thiện điểm số,150000,2,dang_tim_gia_su,2026-03-15
HS_WB_0865,Ngô Minh Cường,THPT_TDN,THPT Chuyên Trần Đại Nghĩa,thpt,LOP_06,Lớp 6,thcs,KV_HCM_TB,Tân Bình,Tân Bình,Hồ Chí Minh,kha,web,hoat_dong,2026-04-03,MON_VAN,Ngữ văn,xa_hoi,truc_tiep,Cải thiện điểm số,200000,2,dang_tim_gia_su,2026-03-10
HS_WB_0866,Hoàng Minh Hùng,THPT_MQ,THPT Mạc Đĩnh Chi,thpt,LOP_10,Lớp 10,thpt,KV_HN_BTL,Bắc Từ Liêm,Bắc Từ Liêm,Hà Nội,gioi,web,hoat_dong,2026-04-03,MON_ANH,Tiếng Anh,ngoai_ngu,ca_hai,Cải thiện điểm số,250000,4,dang_tim_gia_su,2026-03-12
HS_WB_0867,Trần Trọng Nam,THPT_CG,THPT Cầu Giấy,thpt,LOP_12,Lớp 12,thpt,KV_HN_LB,Long Biên,Long Biên,Hà Nội,kha,web,hoat_dong,2026-04-03,MON_ANH,Tiếng Anh,ngoai_ngu,online,Cải thiện điểm số,250000,4,dang_tim_gia_su,2026-03-11
HS_WB_0868,Vũ Văn Đức,THPT_LQD_HN,THPT Lê Quý Đôn - Đống Đa,thpt,LOP_12,Lớp 12,thpt,KV_HCM_Q5,Quận 5,Quận 5,Hồ Chí Minh,gioi,web,hoat_dong,2026-04-03,MON_ANH,Tiếng Anh,ngoai_ngu,ca_hai,Cải thiện điểm số,150000,4,dang_tim_gia_su,2026-03-26
HS_WB_0869,Đỗ Mai Thu,THPT_OIK,THPT Ông Ích Khiêm,thpt,LOP_06,Lớp 6,thcs,KV_DN_TK,Thanh Khê,Thanh Khê,Đà Nẵng,trung_binh,web,hoat_dong,2026-04-03,MON_LY,Vật lý,tu_nhien,online,Cải thiện điểm số,150000,2,dang_tim_gia_su,2026-04-03
HS_WB_0870,Nguyễn Mai Thảo,THPT_LHP,THPT Chuyên Lê Hồng Phong,thpt,LOP_06,Lớp 6,thcs,KV_HCM_BT,Bình Thạnh,Bình Thạnh,Hồ Chí Minh,kha,web,hoat_dong,2026-04-03,MON_ANH,Tiếng Anh,ngoai_ngu,truc_tiep,Cải thiện điểm số,150000,4,dang_tim_gia_su,2026-03-09
HS_WB_0871,Nguyễn Xuân Vy,THPT_DD,THPT Đống Đa,thpt,LOP_10,Lớp 10,thpt,KV_DN_TK,Thanh Khê,Thanh Khê,Đà Nẵng,kha,web,hoat_dong,2026-04-03,MON_VAN,Ngữ văn,xa_hoi,ca_hai,Cải thiện điểm số,150000,3,dang_tim_gia_su,2026-03-24
HS_WB_0872,Đỗ Đức Hùng,THPT_ND,THPT Nguyễn Du,thpt,LOP_06,Lớp 6,thcs,KV_DN_NHS,Ngũ Hành Sơn,Ngũ Hành Sơn,Đà Nẵng,yeu,web,hoat_dong,2026-04-03,MON_ANH,Tiếng Anh,ngoai_ngu,truc_tiep,Cải thiện điểm số,150000,2,dang_tim_gia_su,2026-03-21
HS_WB_0873,Phạm Hoàng An,THPT_MQ,THPT Mạc Đĩnh Chi,thpt,LOP_12,Lớp 12,thpt,KV_HN_HK,Hoàn Kiếm,Hoàn Kiếm,Hà Nội,gioi,web,hoat_dong,2026-04-03,MON_ANH,Tiếng Anh,ngoai_ngu,truc_tiep,Cải thiện điểm số,150000,2,dang_tim_gia_su,2026-03-14
HS_WB_0874,Lý Hồng Thảo,THPT_NT_HCM,THPT Nguyễn Trãi,thpt,LOP_10,Lớp 10,thpt,KV_HCM_Q7,Quận 7,Quận 7,Hồ Chí Minh,xuat_sac,web,hoat_dong,2026-04-03,MON_VAN,Ngữ văn,xa_hoi,truc_tiep,Cải thiện điểm số,200000,4,dang_tim_gia_su,2026-03-10
HS_WB_0875,Vũ Thái Khoa,THPT_NT_HN,THPT Nguyễn Trãi - Ba Đình,thpt,LOP_10,Lớp 10,thpt,KV_HCM_BT,Bình Thạnh,Bình Thạnh,Hồ Chí Minh,yeu,web,hoat_dong,2026-04-03,MON_VAN,Ngữ văn,xa_hoi,online,Cải thiện điểm số,200000,3,dang_tim_gia_su,2026-04-03
HS_WB_0876,Bùi Quang Huy,THPT_DA,THPT Đông Anh,thpt,LOP_10,Lớp 10,thpt,KV_HN_LB,Long Biên,Long Biên,Hà Nội,trung_binh,web,hoat_dong,2026-04-03,MON_VAN,Ngữ văn,xa_hoi,truc_tiep,Cải thiện điểm số,150000,2,dang_tim_gia_su,2026-03-21
HS_WB_0877,Vũ Hoàng Mai,THPT_MC,THPT Marie Curie,thpt,LOP_06,Lớp 6,thcs,KV_HCM_Q7,Quận 7,Quận 7,Hồ Chí Minh,xuat_sac,web,hoat_dong,2026-04-03,MON_VAN,Ngữ văn,xa_hoi,truc_tiep,Cải thiện điểm số,150000,3,dang_tim_gia_su,2026-03-16
HS_WB_0878,Đặng Văn Đạt,THPT_CG,THPT Cầu Giấy,thpt,LOP_06,Lớp 6,thcs,KV_HCM_GV,Gò Vấp,Gò Vấp,Hồ Chí Minh,gioi,web,hoat_dong,2026-04-03,MON_LY,Vật lý,tu_nhien,truc_tiep,Cải thiện điểm số,150000,4,dang_tim_gia_su,2026-03-05
HS_WB_0879,Phạm Hồng Thu,THPT_CBQ,THPT Cao Bá Quát,thpt,LOP_12,Lớp 12,thpt,KV_HN_TX,Thanh Xuân,Thanh Xuân,Hà Nội,yeu,web,hoat_dong,2026-04-03,MON_TOAN,Toán,tu_nhien,ca_hai,Cải thiện điểm số,200000,3,dang_tim_gia_su,2026-03-12
HS_WB_0880,Trần Đình Khoa,THPT_KL,THPT Kim Liên,thpt,LOP_12,Lớp 12,thpt,KV_HN_CG,Cầu Giấy,Cầu Giấy,Hà Nội,xuat_sac,web,hoat_dong,2026-04-03,MON_ANH,Tiếng Anh,ngoai_ngu,ca_hai,Cải thiện điểm số,250000,4,dang_tim_gia_su,2026-03-07
HS_WB_0881,Bùi Thái Kiệt,THPT_NT_HCM,THPT Nguyễn Trãi,thpt,LOP_09,Lớp 9,thcs,KV_HCM_PN,Phú Nhuận,Phú Nhuận,Hồ Chí Minh,trung_binh,web,hoat_dong,2026-04-03,MON_VAN,Ngữ văn,xa_hoi,ca_hai,Cải thiện điểm số,250000,2,dang_tim_gia_su,2026-03-14
HS_WB_0882,Ngô Đình Cường,THPT_TDN,THPT Chuyên Trần Đại Nghĩa,thpt,LOP_09,Lớp 9,thcs,KV_HCM_Q8,Quận 8,Quận 8,Hồ Chí Minh,gioi,web,hoat_dong,2026-04-03,MON_ANH,Tiếng Anh,ngoai_ngu,online,Cải thiện điểm số,250000,3,dang_tim_gia_su,2026-04-01
HS_WB_0883,Hoàng Xuân Mai,THPT_TTT,THPT Tôn Thất Tùng,thpt,LOP_09,Lớp 9,thcs,KV_DN_NHS,Ngũ Hành Sơn,Ngũ Hành Sơn,Đà Nẵng,yeu,web,hoat_dong,2026-04-03,MON_ANH,Tiếng Anh,ngoai_ngu,truc_tiep,Cải thiện điểm số,200000,2,dang_tim_gia_su,2026-03-15
HS_WB_0884,Phạm Hữu Cường,THPT_VD,THPT Việt Đức,thpt,LOP_06,Lớp 6,thcs,KV_HN_LB,Long Biên,Long Biên,Hà Nội,gioi,web,hoat_dong,2026-04-03,MON_TOAN,Toán,tu_nhien,online,Cải thiện điểm số,200000,4,dang_tim_gia_su,2026-03-17
HS_WB_0885,Đặng Hoàng Châu,THPT_TTT,THPT Tôn Thất Tùng,thpt,LOP_09,Lớp 9,thcs,KV_HN_HD,Hà Đông,Hà Đông,Hà Nội,xuat_sac,web,hoat_dong,2026-04-03,MON_TOAN,Toán,tu_nhien,truc_tiep,Cải thiện điểm số,200000,2,dang_tim_gia_su,2026-03-06
HS_WB_0886,Nguyễn Văn Khoa,THPT_NMK,THPT Nguyễn Thị Minh Khai,thpt,LOP_06,Lớp 6,thcs,KV_HN_BTL,Bắc Từ Liêm,Bắc Từ Liêm,Hà Nội,trung_binh,web,hoat_dong,2026-04-03,MON_ANH,Tiếng Anh,ngoai_ngu,truc_tiep,Cải thiện điểm số,150000,3,dang_tim_gia_su,2026-03-18
HS_WB_0887,Đặng Mai Thảo,THPT_TDN,THPT Chuyên Trần Đại Nghĩa,thpt,LOP_09,Lớp 9,thcs,KV_HCM_GV,Gò Vấp,Gò Vấp,Hồ Chí Minh,xuat_sac,web,hoat_dong,2026-04-03,MON_VAN,Ngữ văn,xa_hoi,truc_tiep,Cải thiện điểm số,200000,3,dang_tim_gia_su,2026-03-10
HS_WB_0888,Phạm Thái Hùng,THPT_NT_HN,THPT Nguyễn Trãi - Ba Đình,thpt,LOP_10,Lớp 10,thpt,KV_DN_NHS,Ngũ Hành Sơn,Ngũ Hành Sơn,Đà Nẵng,gioi,web,hoat_dong,2026-04-03,MON_LY,Vật lý,tu_nhien,ca_hai,Cải thiện điểm số,250000,3,dang_tim_gia_su,2026-03-15
HS_WB_0889,Trần Xuân Trang,THPT_VD,THPT Việt Đức,thpt,LOP_06,Lớp 6,thcs,KV_HCM_TD,Thủ Đức,Thủ Đức,Hồ Chí Minh,gioi,web,hoat_dong,2026-04-03,MON_ANH,Tiếng Anh,ngoai_ngu,truc_tiep,Cải thiện điểm số,150000,3,dang_tim_gia_su,2026-03-30
HS_WB_0890,Đặng Minh Cường,THPT_CBQ,THPT Cao Bá Quát,thpt,LOP_06,Lớp 6,thcs,KV_HCM_PN,Phú Nhuận,Phú Nhuận,Hồ Chí Minh,kha,web,hoat_dong,2026-04-03,MON_LY,Vật lý,tu_nhien,ca_hai,Cải thiện điểm số,150000,3,dang_tim_gia_su,2026-03-14
HS_WB_0891,Ngô Thu Vy,THPT_ND,THPT Nguyễn Du,thpt,LOP_12,Lớp 12,thpt,KV_DN_HC,Hải Châu,Hải Châu,Đà Nẵng,xuat_sac,web,hoat_dong,2026-04-03,MON_ANH,Tiếng Anh,ngoai_ngu,truc_tiep,Cải thiện điểm số,250000,3,dang_tim_gia_su,2026-03-19
HS_WB_0892,Lê Hữu Nam,THPT_PDP,THPT Phan Đình Phùng,thpt,LOP_10,Lớp 10,thpt,KV_HN_HD,Hà Đông,Hà Đông,Hà Nội,trung_binh,web,hoat_dong,2026-04-03,MON_VAN,Ngữ văn,xa_hoi,ca_hai,Cải thiện điểm số,250000,2,dang_tim_gia_su,2026-03-24
HS_WB_0893,Bùi Trọng Huy,THPT_GD,THPT Gia Định,thpt,LOP_06,Lớp 6,thcs,KV_HCM_Q3,Quận 3,Quận 3,Hồ Chí Minh,kha,web,hoat_dong,2026-04-03,MON_LY,Vật lý,tu_nhien,ca_hai,Cải thiện điểm số,250000,3,dang_tim_gia_su,2026-03-31
HS_WB_0894,Lê Quang Kiệt,THPT_TP_HN,THPT Trần Phú - Hoàn Kiếm,thpt,LOP_10,Lớp 10,thpt,KV_HN_HBT,Hai Bà Trưng,Hai Bà Trưng,Hà Nội,yeu,web,hoat_dong,2026-04-03,MON_ANH,Tiếng Anh,ngoai_ngu,ca_hai,Cải thiện điểm số,150000,2,dang_tim_gia_su,2026-03-05
HS_WB_0895,Lý Thái Tuấn,THPT_NTH_HCM,THPT Nguyễn Thượng Hiền,thpt,LOP_06,Lớp 6,thcs,KV_HCM_Q8,Quận 8,Quận 8,Hồ Chí Minh,yeu,web,hoat_dong,2026-04-03,MON_VAN,Ngữ văn,xa_hoi,online,Cải thiện điểm số,150000,4,dang_tim_gia_su,2026-03-19
HS_WB_0896,Bùi Thái Khoa,THPT_MQ,THPT Mạc Đĩnh Chi,thpt,LOP_09,Lớp 9,thcs,KV_HN_DD,Đống Đa,Đống Đa,Hà Nội,trung_binh,web,hoat_dong,2026-04-03,MON_TOAN,Toán,tu_nhien,ca_hai,Cải thiện điểm số,250000,3,dang_tim_gia_su,2026-03-30
HS_WB_0897,Phạm Thị An,THPT_LQD_DN,THPT Chuyên Lê Quý Đôn,thpt,LOP_12,Lớp 12,thpt,KV_DN_NHS,Ngũ Hành Sơn,Ngũ Hành Sơn,Đà Nẵng,gioi,web,hoat_dong,2026-04-03,MON_TOAN,Toán,tu_nhien,ca_hai,Cải thiện điểm số,150000,3,dang_tim_gia_su,2026-03-16
HS_WB_0898,Nguyễn Ngọc An,THPT_CBQ,THPT Cao Bá Quát,thpt,LOP_12,Lớp 12,thpt,KV_DN_TK,Thanh Khê,Thanh Khê,Đà Nẵng,yeu,web,hoat_dong,2026-04-03,MON_TOAN,Toán,tu_nhien,truc_tiep,Cải thiện điểm số,150000,4,dang_tim_gia_su,2026-04-01
HS_WB_0899,Trần Đức Khoa,THPT_LQD_HN,THPT Lê Quý Đôn - Đống Đa,thpt,LOP_09,Lớp 9,thcs,KV_HCM_Q8,Quận 8,Quận 8,Hồ Chí Minh,xuat_sac,web,hoat_dong,2026-04-03,MON_TOAN,Toán,tu_nhien,truc_tiep,Cải thiện điểm số,250000,4,dang_tim_gia_su,2026-03-10
HS_WB_0900,Ngô Bảo Thảo,THPT_TP_HN,THPT Trần Phú - Hoàn Kiếm,thpt,LOP_06,Lớp 6,thcs,KV_HCM_TB,Tân Bình,Tân Bình,Hồ Chí Minh,yeu,web,hoat_dong,2026-04-03,MON_VAN,Ngữ văn,xa_hoi,online,Cải thiện điểm số,200000,2,dang_tim_gia_su,2026-03-31
HS_WB_0901,Lê Hữu Khoa,THPT_NMK,THPT Nguyễn Thị Minh Khai,thpt,LOP_06,Lớp 6,thcs,KV_HCM_TD,Thủ Đức,Thủ Đức,Hồ Chí Minh,xuat_sac,web,hoat_dong,2026-04-03,MON_ANH,Tiếng Anh,ngoai_ngu,online,Cải thiện điểm số,150000,3,dang_tim_gia_su,2026-03-30
HS_WB_0902,Nguyễn Hồng Trang,THPT_NHS,THPT Ngũ Hành Sơn,thpt,LOP_10,Lớp 10,thpt,KV_HCM_TB,Tân Bình,Tân Bình,Hồ Chí Minh,xuat_sac,web,hoat_dong,2026-04-03,MON_TOAN,Toán,tu_nhien,online,Cải thiện điểm số,250000,3,dang_tim_gia_su,2026-03-13
HS_WB_0903,Phạm Ngọc Thu,THPT_HHT,THPT Hoàng Hoa Thám,thpt,LOP_09,Lớp 9,thcs,KV_HN_CG,Cầu Giấy,Cầu Giấy,Hà Nội,gioi,web,hoat_dong,2026-04-03,MON_ANH,Tiếng Anh,ngoai_ngu,online,Cải thiện điểm số,200000,4,dang_tim_gia_su,2026-03-31
HS_WB_0904,Bùi Xuân An,THPT_DD,THPT Đống Đa,thpt,LOP_10,Lớp 10,thpt,KV_HCM_Q3,Quận 3,Quận 3,Hồ Chí Minh,trung_binh,web,hoat_dong,2026-04-03,MON_VAN,Ngữ văn,xa_hoi,ca_hai,Cải thiện điểm số,250000,4,dang_tim_gia_su,2026-03-04
HS_WB_0905,Dương Văn Kiệt,THPT_LQD_HCM,THPT Lê Quý Đôn,thpt,LOP_09,Lớp 9,thcs,KV_HCM_Q10,Quận 10,Quận 10,Hồ Chí Minh,yeu,web,hoat_dong,2026-04-03,MON_TOAN,Toán,tu_nhien,online,Cải thiện điểm số,250000,3,dang_tim_gia_su,2026-03-16
HS_WB_0906,Hoàng Hữu Kiệt,THPT_KL,THPT Kim Liên,thpt,LOP_06,Lớp 6,thcs,KV_HN_HD,Hà Đông,Hà Đông,Hà Nội,kha,web,hoat_dong,2026-04-03,MON_TOAN,Toán,tu_nhien,online,Cải thiện điểm số,250000,4,dang_tim_gia_su,2026-03-26
HS_WB_0907,Lý Đức Hùng,THPT_OIK,THPT Ông Ích Khiêm,thpt,LOP_06,Lớp 6,thcs,KV_HCM_BT,Bình Thạnh,Bình Thạnh,Hồ Chí Minh,gioi,web,hoat_dong,2026-04-03,MON_VAN,Ngữ văn,xa_hoi,online,Cải thiện điểm số,250000,3,dang_tim_gia_su,2026-03-16
HS_WB_0908,Lê Hoàng Vy,THPT_LQD_HCM,THPT Lê Quý Đôn,thpt,LOP_10,Lớp 10,thpt,KV_HN_HD,Hà Đông,Hà Đông,Hà Nội,yeu,web,hoat_dong,2026-04-03,MON_TOAN,Toán,tu_nhien,online,Cải thiện điểm số,200000,2,dang_tim_gia_su,2026-04-03
HS_WB_0909,Dương Hồng Mai,THPT_NVT,THPT Nguyễn Văn Trỗi,thpt,LOP_12,Lớp 12,thpt,KV_HN_HD,Hà Đông,Hà Đông,Hà Nội,xuat_sac,web,hoat_dong,2026-04-03,MON_LY,Vật lý,tu_nhien,truc_tiep,Cải thiện điểm số,200000,3,dang_tim_gia_su,2026-03-07
HS_WB_0910,Hoàng Văn Khoa,THPT_TTT,THPT Tôn Thất Tùng,thpt,LOP_06,Lớp 6,thcs,KV_DN_HC,Hải Châu,Hải Châu,Đà Nẵng,xuat_sac,web,hoat_dong,2026-04-03,MON_ANH,Tiếng Anh,ngoai_ngu,online,Cải thiện điểm số,200000,2,dang_tim_gia_su,2026-03-31
HS_WB_0911,Đặng Trọng Đạt,THPT_TL,THPT Thăng Long,thpt,LOP_09,Lớp 9,thcs,KV_HCM_PN,Phú Nhuận,Phú Nhuận,Hồ Chí Minh,gioi,web,hoat_dong,2026-04-03,MON_LY,Vật lý,tu_nhien,ca_hai,Cải thiện điểm số,150000,2,dang_tim_gia_su,2026-03-22
HS_WB_0912,Lê Thái Đạt,THPT_AMS,THPT Chuyên Hà Nội - Amsterdam,thpt,LOP_06,Lớp 6,thcs,KV_HN_HM,Hoàng Mai,Hoàng Mai,Hà Nội,kha,web,hoat_dong,2026-04-03,MON_LY,Vật lý,tu_nhien,truc_tiep,Cải thiện điểm số,250000,3,dang_tim_gia_su,2026-03-05
HS_WB_0913,Hoàng Văn Phú,THPT_ST,THPT Sơn Tây,thpt,LOP_10,Lớp 10,thpt,KV_HCM_Q8,Quận 8,Quận 8,Hồ Chí Minh,trung_binh,web,hoat_dong,2026-04-03,MON_TOAN,Toán,tu_nhien,ca_hai,Cải thiện điểm số,150000,4,dang_tim_gia_su,2026-03-22
HS_WB_0914,Vũ Bảo Nhung,THPT_NTH_HCM,THPT Nguyễn Thượng Hiền,thpt,LOP_12,Lớp 12,thpt,KV_HN_TX,Thanh Xuân,Thanh Xuân,Hà Nội,kha,web,hoat_dong,2026-04-03,MON_VAN,Ngữ văn,xa_hoi,truc_tiep,Cải thiện điểm số,200000,3,dang_tim_gia_su,2026-03-17
HS_WB_0915,Đặng Hoàng Mai,THPT_TP_DN,THPT Trần Phú,thpt,LOP_09,Lớp 9,thcs,KV_HN_BTL,Bắc Từ Liêm,Bắc Từ Liêm,Hà Nội,kha,web,hoat_dong,2026-04-03,MON_LY,Vật lý,tu_nhien,ca_hai,Cải thiện điểm số,200000,2,dang_tim_gia_su,2026-03-16
HS_WB_0916,Lê Hồng An,THPT_YH,THPT Yên Hòa,thpt,LOP_06,Lớp 6,thcs,KV_HN_DD,Đống Đa,Đống Đa,Hà Nội,gioi,web,hoat_dong,2026-04-03,MON_TOAN,Toán,tu_nhien,ca_hai,Cải thiện điểm số,150000,3,dang_tim_gia_su,2026-03-18
HS_WB_0917,Dương Ngọc Thu,THPT_NMK,THPT Nguyễn Thị Minh Khai,thpt,LOP_12,Lớp 12,thpt,KV_HN_HM,Hoàng Mai,Hoàng Mai,Hà Nội,xuat_sac,web,hoat_dong,2026-04-03,MON_LY,Vật lý,tu_nhien,truc_tiep,Cải thiện điểm số,150000,4,dang_tim_gia_su,2026-03-19
HS_WB_0918,Vũ Văn Khoa,THPT_VTS,THPT Võ Thị Sáu,thpt,LOP_09,Lớp 9,thcs,KV_HN_HM,Hoàng Mai,Hoàng Mai,Hà Nội,trung_binh,web,hoat_dong,2026-04-03,MON_ANH,Tiếng Anh,ngoai_ngu,online,Cải thiện điểm số,200000,4,dang_tim_gia_su,2026-03-14
HS_WB_0919,Đặng Thái Đức,THPT_NT_HN,THPT Nguyễn Trãi - Ba Đình,thpt,LOP_09,Lớp 9,thcs,KV_HCM_Q8,Quận 8,Quận 8,Hồ Chí Minh,kha,web,hoat_dong,2026-04-03,MON_TOAN,Toán,tu_nhien,online,Cải thiện điểm số,200000,3,dang_tim_gia_su,2026-04-03
HS_WB_0920,Nguyễn Thị Vy,THPT_NT_HN,THPT Nguyễn Trãi - Ba Đình,thpt,LOP_10,Lớp 10,thpt,KV_HCM_BT,Bình Thạnh,Bình Thạnh,Hồ Chí Minh,kha,web,hoat_dong,2026-04-03,MON_TOAN,Toán,tu_nhien,online,Cải thiện điểm số,250000,2,dang_tim_gia_su,2026-03-29
HS_WB_0921,Trần Minh Đạt,THPT_TP_DN,THPT Trần Phú,thpt,LOP_09,Lớp 9,thcs,KV_HN_NTL,Nam Từ Liêm,Nam Từ Liêm,Hà Nội,xuat_sac,web,hoat_dong,2026-04-03,MON_TOAN,Toán,tu_nhien,online,Cải thiện điểm số,250000,4,dang_tim_gia_su,2026-03-16
HS_WB_0922,Lê Văn Kiệt,THPT_LQD_HN,THPT Lê Quý Đôn - Đống Đa,thpt,LOP_10,Lớp 10,thpt,KV_HN_HK,Hoàn Kiếm,Hoàn Kiếm,Hà Nội,yeu,web,hoat_dong,2026-04-03,MON_ANH,Tiếng Anh,ngoai_ngu,online,Cải thiện điểm số,150000,4,dang_tim_gia_su,2026-03-27
HS_WB_0923,Ngô Thu Thảo,THPT_DA,THPT Đông Anh,thpt,LOP_06,Lớp 6,thcs,KV_HCM_Q7,Quận 7,Quận 7,Hồ Chí Minh,kha,web,hoat_dong,2026-04-03,MON_TOAN,Toán,tu_nhien,online,Cải thiện điểm số,250000,2,dang_tim_gia_su,2026-03-13
HS_WB_0924,Vũ Hải Hùng,THPT_GD,THPT Gia Định,thpt,LOP_09,Lớp 9,thcs,KV_HCM_Q7,Quận 7,Quận 7,Hồ Chí Minh,trung_binh,web,hoat_dong,2026-04-03,MON_TOAN,Toán,tu_nhien,online,Cải thiện điểm số,250000,3,dang_tim_gia_su,2026-03-08
HS_WB_0925,Bùi Xuân An,THPT_CG,THPT Cầu Giấy,thpt,LOP_10,Lớp 10,thpt,KV_HN_TX,Thanh Xuân,Thanh Xuân,Hà Nội,gioi,web,hoat_dong,2026-04-03,MON_VAN,Ngữ văn,xa_hoi,online,Cải thiện điểm số,250000,2,dang_tim_gia_su,2026-03-11
HS_WB_0926,Đỗ Đức Kiệt,THPT_CBQ,THPT Cao Bá Quát,thpt,LOP_12,Lớp 12,thpt,KV_DN_CL,Cẩm Lệ,Cẩm Lệ,Đà Nẵng,kha,web,hoat_dong,2026-04-03,MON_LY,Vật lý,tu_nhien,truc_tiep,Cải thiện điểm số,150000,2,dang_tim_gia_su,2026-03-16
HS_WB_0927,Nguyễn Hồng An,THPT_GD,THPT Gia Định,thpt,LOP_06,Lớp 6,thcs,KV_DN_HC,Hải Châu,Hải Châu,Đà Nẵng,xuat_sac,web,hoat_dong,2026-04-03,MON_LY,Vật lý,tu_nhien,truc_tiep,Cải thiện điểm số,200000,3,dang_tim_gia_su,2026-03-11
HS_WB_0928,Lý Đình Tuấn,THPT_YH,THPT Yên Hòa,thpt,LOP_12,Lớp 12,thpt,KV_HN_HM,Hoàng Mai,Hoàng Mai,Hà Nội,gioi,web,hoat_dong,2026-04-03,MON_TOAN,Toán,tu_nhien,online,Cải thiện điểm số,200000,3,dang_tim_gia_su,2026-03-06
HS_WB_0929,Nguyễn Hồng Thu,THPT_DA,THPT Đông Anh,thpt,LOP_12,Lớp 12,thpt,KV_HN_CG,Cầu Giấy,Cầu Giấy,Hà Nội,gioi,web,hoat_dong,2026-04-03,MON_VAN,Ngữ văn,xa_hoi,ca_hai,Cải thiện điểm số,150000,3,dang_tim_gia_su,2026-03-04
HS_WB_0930,Đỗ Thanh Linh,THPT_HHT,THPT Hoàng Hoa Thám,thpt,LOP_12,Lớp 12,thpt,KV_HN_TH,Tây Hồ,Tây Hồ,Hà Nội,kha,web,hoat_dong,2026-04-03,MON_TOAN,Toán,tu_nhien,ca_hai,Cải thiện điểm số,200000,4,dang_tim_gia_su,2026-04-03
HS_WB_0931,Nguyễn Hồng An,THPT_TP_HN,THPT Trần Phú - Hoàn Kiếm,thpt,LOP_12,Lớp 12,thpt,KV_HCM_BT,Bình Thạnh,Bình Thạnh,Hồ Chí Minh,gioi,web,hoat_dong,2026-04-03,MON_TOAN,Toán,tu_nhien,ca_hai,Cải thiện điểm số,150000,2,dang_tim_gia_su,2026-03-29
HS_WB_0932,Bùi Đình Tuấn,THPT_BTX,THPT Bùi Thị Xuân,thpt,LOP_12,Lớp 12,thpt,KV_HCM_Q1,Quận 1,Quận 1,Hồ Chí Minh,trung_binh,web,hoat_dong,2026-04-03,MON_TOAN,Toán,tu_nhien,online,Cải thiện điểm số,250000,4,dang_tim_gia_su,2026-04-03
HS_WB_0933,Lê Mai Thảo,THPT_TP_HN,THPT Trần Phú - Hoàn Kiếm,thpt,LOP_10,Lớp 10,thpt,KV_HN_TX,Thanh Xuân,Thanh Xuân,Hà Nội,yeu,web,hoat_dong,2026-04-03,MON_ANH,Tiếng Anh,ngoai_ngu,ca_hai,Cải thiện điểm số,250000,2,dang_tim_gia_su,2026-03-17
HS_WB_0934,Ngô Đình Kiệt,THPT_TP_HN,THPT Trần Phú - Hoàn Kiếm,thpt,LOP_09,Lớp 9,thcs,KV_HCM_Q1,Quận 1,Quận 1,Hồ Chí Minh,yeu,web,hoat_dong,2026-04-03,MON_TOAN,Toán,tu_nhien,truc_tiep,Cải thiện điểm số,250000,2,dang_tim_gia_su,2026-03-25
HS_WB_0935,Nguyễn Mai Vy,THPT_CBQ,THPT Cao Bá Quát,thpt,LOP_09,Lớp 9,thcs,KV_HN_BD,Ba Đình,Ba Đình,Hà Nội,trung_binh,web,hoat_dong,2026-04-03,MON_LY,Vật lý,tu_nhien,truc_tiep,Cải thiện điểm số,200000,2,dang_tim_gia_su,2026-04-03
HS_WB_0936,Dương Hải Tuấn,THPT_LQD_HCM,THPT Lê Quý Đôn,thpt,LOP_10,Lớp 10,thpt,KV_DN_CL,Cẩm Lệ,Cẩm Lệ,Đà Nẵng,trung_binh,web,hoat_dong,2026-04-03,MON_TOAN,Toán,tu_nhien,ca_hai,Cải thiện điểm số,200000,2,dang_tim_gia_su,2026-03-09
HS_WB_0937,Lê Bảo Linh,THPT_GD,THPT Gia Định,thpt,LOP_12,Lớp 12,thpt,KV_HN_HBT,Hai Bà Trưng,Hai Bà Trưng,Hà Nội,gioi,web,hoat_dong,2026-04-03,MON_LY,Vật lý,tu_nhien,truc_tiep,Cải thiện điểm số,150000,4,dang_tim_gia_su,2026-03-13
HS_WB_0938,Đỗ Xuân Thu,THPT_CVD,THPT Cẩm Lệ,thpt,LOP_10,Lớp 10,thpt,KV_HN_HD,Hà Đông,Hà Đông,Hà Nội,yeu,web,hoat_dong,2026-04-03,MON_VAN,Ngữ văn,xa_hoi,truc_tiep,Cải thiện điểm số,200000,2,dang_tim_gia_su,2026-04-02
HS_WB_0939,Nguyễn Hữu Khoa,THPT_DD,THPT Đống Đa,thpt,LOP_09,Lớp 9,thcs,KV_DN_ST,Sơn Trà,Sơn Trà,Đà Nẵng,kha,web,hoat_dong,2026-04-03,MON_VAN,Ngữ văn,xa_hoi,truc_tiep,Cải thiện điểm số,200000,2,dang_tim_gia_su,2026-03-30
HS_WB_0940,Đặng Thanh Mai,THPT_MQ,THPT Mạc Đĩnh Chi,thpt,LOP_06,Lớp 6,thcs,KV_HCM_Q5,Quận 5,Quận 5,Hồ Chí Minh,trung_binh,web,hoat_dong,2026-04-03,MON_TOAN,Toán,tu_nhien,ca_hai,Cải thiện điểm số,250000,4,dang_tim_gia_su,2026-03-20
HS_WB_0941,Trần Trọng Cường,THPT_MC,THPT Marie Curie,thpt,LOP_09,Lớp 9,thcs,KV_DN_NHS,Ngũ Hành Sơn,Ngũ Hành Sơn,Đà Nẵng,kha,web,hoat_dong,2026-04-03,MON_VAN,Ngữ văn,xa_hoi,ca_hai,Cải thiện điểm số,150000,4,dang_tim_gia_su,2026-04-03
HS_WB_0942,Trần Trọng Đạt,THPT_TL,THPT Thăng Long,thpt,LOP_12,Lớp 12,thpt,KV_DN_LC,Liên Chiểu,Liên Chiểu,Đà Nẵng,trung_binh,web,hoat_dong,2026-04-03,MON_ANH,Tiếng Anh,ngoai_ngu,ca_hai,Cải thiện điểm số,250000,3,dang_tim_gia_su,2026-03-29
HS_WB_0943,Hoàng Thái Kiệt,THPT_AMS,THPT Chuyên Hà Nội - Amsterdam,thpt,LOP_06,Lớp 6,thcs,KV_HN_TX,Thanh Xuân,Thanh Xuân,Hà Nội,yeu,web,hoat_dong,2026-04-03,MON_TOAN,Toán,tu_nhien,truc_tiep,Cải thiện điểm số,150000,3,dang_tim_gia_su,2026-03-04
HS_WB_0944,Trần Đình Phú,THPT_PN,THPT Phú Nhuận,thpt,LOP_09,Lớp 9,thcs,KV_HCM_TD,Thủ Đức,Thủ Đức,Hồ Chí Minh,yeu,web,hoat_dong,2026-04-03,MON_LY,Vật lý,tu_nhien,online,Cải thiện điểm số,200000,3,dang_tim_gia_su,2026-03-29
HS_WB_0945,Phạm Đình Tuấn,THPT_NTH_HCM,THPT Nguyễn Thượng Hiền,thpt,LOP_06,Lớp 6,thcs,KV_DN_CL,Cẩm Lệ,Cẩm Lệ,Đà Nẵng,trung_binh,web,hoat_dong,2026-04-03,MON_VAN,Ngữ văn,xa_hoi,truc_tiep,Cải thiện điểm số,200000,4,dang_tim_gia_su,2026-03-30
HS_WB_0946,Ngô Quang Đức,THPT_ST,THPT Sơn Tây,thpt,LOP_09,Lớp 9,thcs,KV_HN_TX,Thanh Xuân,Thanh Xuân,Hà Nội,gioi,web,hoat_dong,2026-04-03,MON_VAN,Ngữ văn,xa_hoi,ca_hai,Cải thiện điểm số,200000,3,dang_tim_gia_su,2026-03-18
HS_WB_0947,Phạm Ngọc An,THPT_GD,THPT Gia Định,thpt,LOP_09,Lớp 9,thcs,KV_HCM_Q7,Quận 7,Quận 7,Hồ Chí Minh,yeu,web,hoat_dong,2026-04-03,MON_ANH,Tiếng Anh,ngoai_ngu,truc_tiep,Cải thiện điểm số,200000,4,dang_tim_gia_su,2026-03-10
HS_WB_0948,Ngô Thái Phú,THPT_LQD_HN,THPT Lê Quý Đôn - Đống Đa,thpt,LOP_09,Lớp 9,thcs,KV_DN_HC,Hải Châu,Hải Châu,Đà Nẵng,yeu,web,hoat_dong,2026-04-03,MON_VAN,Ngữ văn,xa_hoi,ca_hai,Cải thiện điểm số,250000,3,dang_tim_gia_su,2026-03-06
HS_WB_0949,Lê Bảo Vy,THPT_VTS,THPT Võ Thị Sáu,thpt,LOP_09,Lớp 9,thcs,KV_HCM_Q1,Quận 1,Quận 1,Hồ Chí Minh,gioi,web,hoat_dong,2026-04-03,MON_LY,Vật lý,tu_nhien,truc_tiep,Cải thiện điểm số,250000,4,dang_tim_gia_su,2026-03-11
HS_WB_0950,Bùi Quang Hùng,THPT_CVA,THPT Chu Văn An,thpt,LOP_12,Lớp 12,thpt,KV_HCM_TD,Thủ Đức,Thủ Đức,Hồ Chí Minh,trung_binh,web,hoat_dong,2026-04-03,MON_TOAN,Toán,tu_nhien,online,Cải thiện điểm số,200000,4,dang_tim_gia_su,2026-03-14
HS_WB_0951,Lý Mai Trang,THPT_CVD,THPT Cẩm Lệ,thpt,LOP_12,Lớp 12,thpt,KV_HCM_TP,Tân Phú,Tân Phú,Hồ Chí Minh,yeu,web,hoat_dong,2026-04-03,MON_ANH,Tiếng Anh,ngoai_ngu,truc_tiep,Cải thiện điểm số,150000,2,dang_tim_gia_su,2026-03-16
HS_WB_0952,Dương Ngọc Nhung,THPT_OIK,THPT Ông Ích Khiêm,thpt,LOP_06,Lớp 6,thcs,KV_HN_DD,Đống Đa,Đống Đa,Hà Nội,trung_binh,web,hoat_dong,2026-04-03,MON_TOAN,Toán,tu_nhien,ca_hai,Cải thiện điểm số,200000,2,dang_tim_gia_su,2026-04-01
HS_WB_0953,Đỗ Thái Cường,THPT_MQ,THPT Mạc Đĩnh Chi,thpt,LOP_06,Lớp 6,thcs,KV_HCM_BT,Bình Thạnh,Bình Thạnh,Hồ Chí Minh,yeu,web,hoat_dong,2026-04-03,MON_LY,Vật lý,tu_nhien,ca_hai,Cải thiện điểm số,250000,2,dang_tim_gia_su,2026-03-14
HS_WB_0954,Hoàng Đình Khoa,THPT_NH,THPT Nguyễn Hiền,thpt,LOP_09,Lớp 9,thcs,KV_HCM_Q4,Quận 4,Quận 4,Hồ Chí Minh,gioi,web,hoat_dong,2026-04-03,MON_VAN,Ngữ văn,xa_hoi,online,Cải thiện điểm số,200000,4,dang_tim_gia_su,2026-03-05
HS_WB_0955,Đặng Văn Huy,THPT_LHP,THPT Chuyên Lê Hồng Phong,thpt,LOP_06,Lớp 6,thcs,KV_HN_HBT,Hai Bà Trưng,Hai Bà Trưng,Hà Nội,yeu,web,hoat_dong,2026-04-03,MON_LY,Vật lý,tu_nhien,ca_hai,Cải thiện điểm số,200000,2,dang_tim_gia_su,2026-03-21
HS_WB_0956,Đặng Bảo Vy,THPT_AMS,THPT Chuyên Hà Nội - Amsterdam,thpt,LOP_06,Lớp 6,thcs,KV_DN_NHS,Ngũ Hành Sơn,Ngũ Hành Sơn,Đà Nẵng,xuat_sac,web,hoat_dong,2026-04-03,MON_LY,Vật lý,tu_nhien,ca_hai,Cải thiện điểm số,200000,2,dang_tim_gia_su,2026-04-02
HS_WB_0957,Vũ Bảo Linh,THPT_ND,THPT Nguyễn Du,thpt,LOP_06,Lớp 6,thcs,KV_DN_TK,Thanh Khê,Thanh Khê,Đà Nẵng,xuat_sac,web,hoat_dong,2026-04-03,MON_ANH,Tiếng Anh,ngoai_ngu,ca_hai,Cải thiện điểm số,200000,3,dang_tim_gia_su,2026-03-24
HS_WB_0958,Lý Thu Linh,THPT_DD,THPT Đống Đa,thpt,LOP_10,Lớp 10,thpt,KV_HCM_PN,Phú Nhuận,Phú Nhuận,Hồ Chí Minh,xuat_sac,web,hoat_dong,2026-04-03,MON_TOAN,Toán,tu_nhien,ca_hai,Cải thiện điểm số,150000,3,dang_tim_gia_su,2026-03-17
HS_WB_0959,Bùi Đức Đức,THPT_DD,THPT Đống Đa,thpt,LOP_09,Lớp 9,thcs,KV_HCM_PN,Phú Nhuận,Phú Nhuận,Hồ Chí Minh,xuat_sac,web,hoat_dong,2026-04-03,MON_VAN,Ngữ văn,xa_hoi,online,Cải thiện điểm số,200000,2,dang_tim_gia_su,2026-03-31
HS_WB_0960,Ngô Đình Cường,THPT_KL,THPT Kim Liên,thpt,LOP_12,Lớp 12,thpt,KV_DN_LC,Liên Chiểu,Liên Chiểu,Đà Nẵng,trung_binh,web,hoat_dong,2026-04-03,MON_LY,Vật lý,tu_nhien,truc_tiep,Cải thiện điểm số,200000,2,dang_tim_gia_su,2026-04-01
HS_WB_0961,Vũ Bảo Vy,THPT_TL,THPT Thăng Long,thpt,LOP_09,Lớp 9,thcs,KV_HCM_PN,Phú Nhuận,Phú Nhuận,Hồ Chí Minh,gioi,web,hoat_dong,2026-04-03,MON_ANH,Tiếng Anh,ngoai_ngu,online,Cải thiện điểm số,200000,4,dang_tim_gia_su,2026-04-02
HS_WB_0962,Hoàng Quang Hùng,THPT_AMS,THPT Chuyên Hà Nội - Amsterdam,thpt,LOP_12,Lớp 12,thpt,KV_HN_TH,Tây Hồ,Tây Hồ,Hà Nội,trung_binh,web,hoat_dong,2026-04-03,MON_ANH,Tiếng Anh,ngoai_ngu,truc_tiep,Cải thiện điểm số,200000,3,dang_tim_gia_su,2026-04-01
HS_WB_0963,Phạm Đức Phú,THPT_NH,THPT Nguyễn Hiền,thpt,LOP_10,Lớp 10,thpt,KV_HN_DD,Đống Đa,Đống Đa,Hà Nội,kha,web,hoat_dong,2026-04-03,MON_TOAN,Toán,tu_nhien,ca_hai,Cải thiện điểm số,250000,4,dang_tim_gia_su,2026-03-27
HS_WB_0964,Đỗ Hải Nam,THPT_MC,THPT Marie Curie,thpt,LOP_06,Lớp 6,thcs,KV_HN_HBT,Hai Bà Trưng,Hai Bà Trưng,Hà Nội,trung_binh,web,hoat_dong,2026-04-03,MON_VAN,Ngữ văn,xa_hoi,truc_tiep,Cải thiện điểm số,150000,2,dang_tim_gia_su,2026-03-23
HS_WB_0965,Bùi Minh Hùng,THPT_VTS,THPT Võ Thị Sáu,thpt,LOP_06,Lớp 6,thcs,KV_HCM_Q4,Quận 4,Quận 4,Hồ Chí Minh,yeu,web,hoat_dong,2026-04-03,MON_TOAN,Toán,tu_nhien,truc_tiep,Cải thiện điểm số,150000,3,dang_tim_gia_su,2026-03-30
HS_WB_0966,Nguyễn Hải Khoa,THPT_CG,THPT Cầu Giấy,thpt,LOP_06,Lớp 6,thcs,KV_HCM_Q1,Quận 1,Quận 1,Hồ Chí Minh,gioi,web,hoat_dong,2026-04-03,MON_TOAN,Toán,tu_nhien,online,Cải thiện điểm số,250000,2,dang_tim_gia_su,2026-04-02
HS_WB_0967,Hoàng Đình Khoa,THPT_NT_HCM,THPT Nguyễn Trãi,thpt,LOP_09,Lớp 9,thcs,KV_HCM_Q8,Quận 8,Quận 8,Hồ Chí Minh,gioi,web,hoat_dong,2026-04-03,MON_ANH,Tiếng Anh,ngoai_ngu,ca_hai,Cải thiện điểm số,150000,2,dang_tim_gia_su,2026-03-09
HS_WB_0968,Lý Thu Thảo,THPT_AMS,THPT Chuyên Hà Nội - Amsterdam,thpt,LOP_12,Lớp 12,thpt,KV_HN_TH,Tây Hồ,Tây Hồ,Hà Nội,kha,web,hoat_dong,2026-04-03,MON_LY,Vật lý,tu_nhien,truc_tiep,Cải thiện điểm số,150000,4,dang_tim_gia_su,2026-03-15
HS_WB_0969,Vũ Hải Kiệt,THPT_NTH_HCM,THPT Nguyễn Thượng Hiền,thpt,LOP_06,Lớp 6,thcs,KV_HCM_BT,Bình Thạnh,Bình Thạnh,Hồ Chí Minh,yeu,web,hoat_dong,2026-04-03,MON_LY,Vật lý,tu_nhien,ca_hai,Cải thiện điểm số,200000,3,dang_tim_gia_su,2026-03-21
HS_WB_0970,Vũ Đình Cường,THPT_DD,THPT Đống Đa,thpt,LOP_10,Lớp 10,thpt,KV_DN_LC,Liên Chiểu,Liên Chiểu,Đà Nẵng,trung_binh,web,hoat_dong,2026-04-03,MON_ANH,Tiếng Anh,ngoai_ngu,truc_tiep,Cải thiện điểm số,250000,3,dang_tim_gia_su,2026-03-28
HS_WB_0971,Dương Trọng Hùng,THPT_TP_HN,THPT Trần Phú - Hoàn Kiếm,thpt,LOP_09,Lớp 9,thcs,KV_HN_NTL,Nam Từ Liêm,Nam Từ Liêm,Hà Nội,trung_binh,web,hoat_dong,2026-04-03,MON_VAN,Ngữ văn,xa_hoi,online,Cải thiện điểm số,250000,2,dang_tim_gia_su,2026-03-16
HS_WB_0972,Đặng Đình Hùng,THPT_TTT,THPT Tôn Thất Tùng,thpt,LOP_09,Lớp 9,thcs,KV_DN_HC,Hải Châu,Hải Châu,Đà Nẵng,trung_binh,web,hoat_dong,2026-04-03,MON_ANH,Tiếng Anh,ngoai_ngu,ca_hai,Cải thiện điểm số,200000,2,dang_tim_gia_su,2026-03-28
HS_WB_0973,Đặng Văn Cường,THPT_ST,THPT Sơn Tây,thpt,LOP_12,Lớp 12,thpt,KV_DN_CL,Cẩm Lệ,Cẩm Lệ,Đà Nẵng,gioi,web,hoat_dong,2026-04-03,MON_TOAN,Toán,tu_nhien,online,Cải thiện điểm số,250000,4,dang_tim_gia_su,2026-03-11
HS_WB_0974,Vũ Thu Mai,THPT_DA,THPT Đông Anh,thpt,LOP_10,Lớp 10,thpt,KV_DN_NHS,Ngũ Hành Sơn,Ngũ Hành Sơn,Đà Nẵng,yeu,web,hoat_dong,2026-04-03,MON_TOAN,Toán,tu_nhien,ca_hai,Cải thiện điểm số,150000,4,dang_tim_gia_su,2026-03-13
HS_WB_0975,Đặng Quang Hùng,THPT_TD,THPT Thủ Đức,thpt,LOP_09,Lớp 9,thcs,KV_HN_CG,Cầu Giấy,Cầu Giấy,Hà Nội,xuat_sac,web,hoat_dong,2026-04-03,MON_TOAN,Toán,tu_nhien,truc_tiep,Cải thiện điểm số,250000,2,dang_tim_gia_su,2026-03-18
HS_WB_0976,Lý Thị An,THPT_TP_HN,THPT Trần Phú - Hoàn Kiếm,thpt,LOP_09,Lớp 9,thcs,KV_DN_ST,Sơn Trà,Sơn Trà,Đà Nẵng,yeu,web,hoat_dong,2026-04-03,MON_TOAN,Toán,tu_nhien,truc_tiep,Cải thiện điểm số,150000,4,dang_tim_gia_su,2026-03-23
HS_WB_0977,Đỗ Bảo Hân,THPT_NMK,THPT Nguyễn Thị Minh Khai,thpt,LOP_09,Lớp 9,thcs,KV_DN_CL,Cẩm Lệ,Cẩm Lệ,Đà Nẵng,gioi,web,hoat_dong,2026-04-03,MON_VAN,Ngữ văn,xa_hoi,truc_tiep,Cải thiện điểm số,200000,3,dang_tim_gia_su,2026-03-17
HS_WB_0978,Bùi Hữu Đức,THPT_NVT,THPT Nguyễn Văn Trỗi,thpt,LOP_12,Lớp 12,thpt,KV_HN_TH,Tây Hồ,Tây Hồ,Hà Nội,xuat_sac,web,hoat_dong,2026-04-03,MON_TOAN,Toán,tu_nhien,ca_hai,Cải thiện điểm số,150000,4,dang_tim_gia_su,2026-03-25
HS_WB_0979,Ngô Thanh Trang,THPT_YH,THPT Yên Hòa,thpt,LOP_10,Lớp 10,thpt,KV_HN_NTL,Nam Từ Liêm,Nam Từ Liêm,Hà Nội,gioi,web,hoat_dong,2026-04-03,MON_LY,Vật lý,tu_nhien,ca_hai,Cải thiện điểm số,150000,4,dang_tim_gia_su,2026-03-24
HS_WB_0980,Lý Quang Đức,THPT_VTS,THPT Võ Thị Sáu,thpt,LOP_10,Lớp 10,thpt,KV_HCM_Q5,Quận 5,Quận 5,Hồ Chí Minh,yeu,web,hoat_dong,2026-04-03,MON_TOAN,Toán,tu_nhien,truc_tiep,Cải thiện điểm số,150000,4,dang_tim_gia_su,2026-03-25
HS_WB_0981,Đỗ Thanh Linh,THPT_DA,THPT Đông Anh,thpt,LOP_10,Lớp 10,thpt,KV_HN_CG,Cầu Giấy,Cầu Giấy,Hà Nội,gioi,web,hoat_dong,2026-04-03,MON_TOAN,Toán,tu_nhien,ca_hai,Cải thiện điểm số,250000,2,dang_tim_gia_su,2026-03-29
HS_WB_0982,Đỗ Quang Đức,THPT_PN,THPT Phú Nhuận,thpt,LOP_09,Lớp 9,thcs,KV_HN_DD,Đống Đa,Đống Đa,Hà Nội,trung_binh,web,hoat_dong,2026-04-03,MON_VAN,Ngữ văn,xa_hoi,online,Cải thiện điểm số,250000,3,dang_tim_gia_su,2026-03-27
HS_WB_0983,Đặng Thu Nhung,THPT_TP_HN,THPT Trần Phú - Hoàn Kiếm,thpt,LOP_06,Lớp 6,thcs,KV_DN_LC,Liên Chiểu,Liên Chiểu,Đà Nẵng,xuat_sac,web,hoat_dong,2026-04-03,MON_ANH,Tiếng Anh,ngoai_ngu,ca_hai,Cải thiện điểm số,150000,3,dang_tim_gia_su,2026-03-05
HS_WB_0984,Hoàng Thanh Thảo,THPT_TP_HN,THPT Trần Phú - Hoàn Kiếm,thpt,LOP_09,Lớp 9,thcs,KV_DN_CL,Cẩm Lệ,Cẩm Lệ,Đà Nẵng,gioi,web,hoat_dong,2026-04-03,MON_LY,Vật lý,tu_nhien,online,Cải thiện điểm số,200000,2,dang_tim_gia_su,2026-03-31
HS_WB_0985,Nguyễn Hải Cường,THPT_VTS,THPT Võ Thị Sáu,thpt,LOP_06,Lớp 6,thcs,KV_HN_BD,Ba Đình,Ba Đình,Hà Nội,trung_binh,web,hoat_dong,2026-04-03,MON_VAN,Ngữ văn,xa_hoi,online,Cải thiện điểm số,200000,4,dang_tim_gia_su,2026-03-06
HS_WB_0986,Lý Mai Mai,THPT_PDP,THPT Phan Đình Phùng,thpt,LOP_06,Lớp 6,thcs,KV_HCM_GV,Gò Vấp,Gò Vấp,Hồ Chí Minh,kha,web,hoat_dong,2026-04-03,MON_VAN,Ngữ văn,xa_hoi,online,Cải thiện điểm số,150000,4,dang_tim_gia_su,2026-03-21
HS_WB_0987,Đỗ Hoàng Linh,THPT_PN,THPT Phú Nhuận,thpt,LOP_12,Lớp 12,thpt,KV_HCM_Q4,Quận 4,Quận 4,Hồ Chí Minh,yeu,web,hoat_dong,2026-04-03,MON_VAN,Ngữ văn,xa_hoi,ca_hai,Cải thiện điểm số,200000,3,dang_tim_gia_su,2026-03-10
HS_WB_0988,Dương Thu Nhung,THPT_TP_DN,THPT Trần Phú,thpt,LOP_09,Lớp 9,thcs,KV_HN_HD,Hà Đông,Hà Đông,Hà Nội,trung_binh,web,hoat_dong,2026-04-03,MON_ANH,Tiếng Anh,ngoai_ngu,online,Cải thiện điểm số,250000,2,dang_tim_gia_su,2026-03-08
HS_WB_0989,Lê Hải Nam,THPT_NH,THPT Nguyễn Hiền,thpt,LOP_09,Lớp 9,thcs,KV_HN_HBT,Hai Bà Trưng,Hai Bà Trưng,Hà Nội,yeu,web,hoat_dong,2026-04-03,MON_ANH,Tiếng Anh,ngoai_ngu,online,Cải thiện điểm số,150000,3,dang_tim_gia_su,2026-04-03
HS_WB_0990,Lý Mai Trang,THPT_TPh,THPT Thái Phiên,thpt,LOP_10,Lớp 10,thpt,KV_HCM_Q5,Quận 5,Quận 5,Hồ Chí Minh,yeu,web,hoat_dong,2026-04-03,MON_TOAN,Toán,tu_nhien,truc_tiep,Cải thiện điểm số,150000,2,dang_tim_gia_su,2026-03-06
HS_WB_0991,Phạm Đức Tuấn,THPT_PCT,THPT Chuyên Phan Châu Trinh,thpt,LOP_06,Lớp 6,thcs,KV_DN_TK,Thanh Khê,Thanh Khê,Đà Nẵng,yeu,web,hoat_dong,2026-04-03,MON_ANH,Tiếng Anh,ngoai_ngu,truc_tiep,Cải thiện điểm số,150000,4,dang_tim_gia_su,2026-03-27
HS_WB_0992,Hoàng Hoàng Nhung,THPT_ND,THPT Nguyễn Du,thpt,LOP_10,Lớp 10,thpt,KV_HCM_Q4,Quận 4,Quận 4,Hồ Chí Minh,yeu,web,hoat_dong,2026-04-03,MON_TOAN,Toán,tu_nhien,truc_tiep,Cải thiện điểm số,150000,2,dang_tim_gia_su,2026-03-22
HS_WB_0993,Lê Đức Nam,THPT_LQD_HCM,THPT Lê Quý Đôn,thpt,LOP_12,Lớp 12,thpt,KV_HN_DD,Đống Đa,Đống Đa,Hà Nội,trung_binh,web,hoat_dong,2026-04-03,MON_VAN,Ngữ văn,xa_hoi,truc_tiep,Cải thiện điểm số,150000,2,dang_tim_gia_su,2026-03-16
HS_WB_0994,Nguyễn Đức Đạt,THPT_YH,THPT Yên Hòa,thpt,LOP_10,Lớp 10,thpt,KV_HCM_TD,Thủ Đức,Thủ Đức,Hồ Chí Minh,xuat_sac,web,hoat_dong,2026-04-03,MON_VAN,Ngữ văn,xa_hoi,ca_hai,Cải thiện điểm số,250000,4,dang_tim_gia_su,2026-03-27
HS_WB_0995,Đặng Minh Huy,THPT_TP_DN,THPT Trần Phú,thpt,LOP_10,Lớp 10,thpt,KV_HN_HK,Hoàn Kiếm,Hoàn Kiếm,Hà Nội,gioi,web,hoat_dong,2026-04-03,MON_VAN,Ngữ văn,xa_hoi,ca_hai,Cải thiện điểm số,250000,4,dang_tim_gia_su,2026-03-31
HS_WB_0996,Ngô Hải Kiệt,THPT_GD,THPT Gia Định,thpt,LOP_10,Lớp 10,thpt,KV_HN_HK,Hoàn Kiếm,Hoàn Kiếm,Hà Nội,trung_binh,web,hoat_dong,2026-04-03,MON_TOAN,Toán,tu_nhien,ca_hai,Cải thiện điểm số,150000,4,dang_tim_gia_su,2026-03-31
HS_WB_0997,Đỗ Thị An,THPT_NVT,THPT Nguyễn Văn Trỗi,thpt,LOP_09,Lớp 9,thcs,KV_HCM_Q10,Quận 10,Quận 10,Hồ Chí Minh,gioi,web,hoat_dong,2026-04-03,MON_LY,Vật lý,tu_nhien,truc_tiep,Cải thiện điểm số,250000,2,dang_tim_gia_su,2026-03-12
HS_WB_0998,Hoàng Bảo An,THPT_HHT,THPT Hoàng Hoa Thám,thpt,LOP_06,Lớp 6,thcs,KV_DN_LC,Liên Chiểu,Liên Chiểu,Đà Nẵng,trung_binh,web,hoat_dong,2026-04-03,MON_VAN,Ngữ văn,xa_hoi,truc_tiep,Cải thiện điểm số,200000,3,dang_tim_gia_su,2026-03-19
HS_WB_0999,Lý Đình Phú,THPT_PCT,THPT Chuyên Phan Châu Trinh,thpt,LOP_10,Lớp 10,thpt,KV_HN_NTL,Nam Từ Liêm,Nam Từ Liêm,Hà Nội,yeu,web,hoat_dong,2026-04-03,MON_ANH,Tiếng Anh,ngoai_ngu,ca_hai,Cải thiện điểm số,150000,2,dang_tim_gia_su,2026-03-26
HS_WB_1000,Phạm Đức Hùng,THPT_NH,THPT Nguyễn Hiền,thpt,LOP_09,Lớp 9,thcs,KV_HCM_BT,Bình Thạnh,Bình Thạnh,Hồ Chí Minh,yeu,web,hoat_dong,2026-04-03,MON_ANH,Tiếng Anh,ngoai_ngu,online,Cải thiện điểm số,250000,2,dang_tim_gia_su,2026-03-22
