ma_gia_su,ho_ten,gioi_tinh,nam_sinh,hoc_vi,chuyen_nganh,truong_hoc_ma,truong_hoc_ten,loai_truong,khu_vuc_ma,ten_khu_vuc,quan_huyen,tinh_thanh,nam_kinh_nghiem,hinh_thuc_day,hoc_phi_trung_binh_gio,nguon_du_lieu,trang_thai,ngay_cap_nhat,mon_hoc_ma,ten_mon_hoc,nhom_mon_hoc,lop_hoc_ma,lop_hoc_ten,cap_hoc,hoc_phi_trung_binh_gio_day_mon,ma_hoc_sinh_danh_gia,diem_xep_hang,ngay_danh_gia
GS_WB_0001,Hoàng Thái Đạt,nam,1996,Cu nhan,Sư phạm Toán,DH_BK_HCM,Đại học Bách Khoa TP.HCM,dai_hoc,KV_DN_CL,Cẩm Lệ,Cẩm Lệ,Đà Nẵng,4,online,200000,web,hoat_dong,2026-04-03,MON_ANH,Tiếng Anh,ngoai_ngu,LOP_12,Lớp 12,thpt,200000,HS_WB_0680,4.66,2026-03-18
GS_WB_0002,Trần Hữu Hùng,nam,1997,Thac si,Sư phạm Toán,DH_Y_HN,Đại học Y Hà Nội,dai_hoc,KV_HN_HBT,Hai Bà Trưng,Hai Bà Trưng,Hà Nội,4,ca_hai,180000,web,hoat_dong,2026-04-03,MON_TOAN,Toán,tu_nhien,LOP_06,Lớp 6,thcs,180000,HS_WB_0109,4.75,2026-03-07
GS_WB_0003,Đỗ Hữu Đạt,nam,1997,Cu nhan,Sư phạm Toán,DH_NL_HCM,Đại học Nông Lâm TP.HCM,dai_hoc,KV_HN_TX,Thanh Xuân,Thanh Xuân,Hà Nội,6,truc_tiep,180000,web,hoat_dong,2026-04-03,MON_VAN,Ngữ văn,xa_hoi,LOP_09,Lớp 9,thcs,180000,HS_WB_0127,4.16,2026-03-21
GS_WB_0004,Vũ Mai Mai,nu,2001,Ky su,Quản trị Kinh doanh,DH_CNTT,Đại học Công nghệ Thông tin TP.HCM,dai_hoc,KV_DN_ST,Sơn Trà,Sơn Trà,Đà Nẵng,5,truc_tiep,250000,web,hoat_dong,2026-04-03,MON_VAN,Ngữ văn,xa_hoi,LOP_10,Lớp 10,thpt,250000,HS_WB_0538,4.97,2026-03-21
GS_WB_0005,Dương Minh Khoa,nam,2001,Cu nhan,Ngôn ngữ Anh,DH_KT_DN,Đại học Kinh tế Đà Nẵng,dai_hoc,KV_HN_HD,Hà Đông,Hà Đông,Hà Nội,1,online,250000,web,hoat_dong,2026-04-03,MON_VAN,Ngữ văn,xa_hoi,LOP_12,Lớp 12,thpt,250000,HS_WB_0531,4.37,2026-03-13
GS_WB_0006,Đỗ Đình Đạt,nam,2002,Cu nhan,Công nghệ thông tin,DH_KTQD,Đại học Kinh tế Quốc dân,dai_hoc,KV_HN_HBT,Hai Bà Trưng,Hai Bà Trưng,Hà Nội,7,truc_tiep,200000,web,hoat_dong,2026-04-03,MON_LY,Vật lý,tu_nhien,LOP_12,Lớp 12,thpt,200000,HS_WB_0165,4.5,2026-03-15
GS_WB_0007,Hoàng Xuân Hân,nu,1998,Ky su,Quản trị Kinh doanh,DH_NL_HCM,Đại học Nông Lâm TP.HCM,dai_hoc,KV_HCM_Q5,Quận 5,Quận 5,Hồ Chí Minh,4,online,250000,web,hoat_dong,2026-04-03,MON_LY,Vật lý,tu_nhien,LOP_12,Lớp 12,thpt,250000,HS_WB_0660,4.47,2026-03-09
GS_WB_0008,Ngô Đức Đạt,nam,2001,Cu nhan,Quản trị Kinh doanh,DH_Y_HCM,Đại học Y Dược TP.HCM,dai_hoc,KV_DN_HC,Hải Châu,Hải Châu,Đà Nẵng,2,truc_tiep,180000,web,hoat_dong,2026-04-03,MON_VAN,Ngữ văn,xa_hoi,LOP_10,Lớp 10,thpt,180000,HS_WB_0960,3.72,2026-03-25
GS_WB_0009,Lê Ngọc An,nu,1999,Thac si,Công nghệ thông tin,DH_NL_HCM,Đại học Nông Lâm TP.HCM,dai_hoc,KV_HCM_GV,Gò Vấp,Gò Vấp,Hồ Chí Minh,6,truc_tiep,250000,web,hoat_dong,2026-04-03,MON_TOAN,Toán,tu_nhien,LOP_09,Lớp 9,thcs,250000,HS_WB_0986,4.43,2026-03-24
GS_WB_0010,Phạm Ngọc Thu,nu,2002,Cu nhan,Công nghệ thông tin,DH_KHTN_HN,Đại học Khoa học Tự nhiên Hà Nội,dai_hoc,KV_HN_TX,Thanh Xuân,Thanh Xuân,Hà Nội,5,ca_hai,180000,web,hoat_dong,2026-04-03,MON_LY,Vật lý,tu_nhien,LOP_06,Lớp 6,thcs,180000,HS_WB_0732,3.75,2026-03-11
GS_WB_0011,Phạm Hoàng Thảo,nu,2002,Cu nhan,Sư phạm Toán,DH_GTVT,Đại học Giao thông Vận tải,dai_hoc,KV_HCM_Q3,Quận 3,Quận 3,Hồ Chí Minh,1,online,180000,web,hoat_dong,2026-04-03,MON_VAN,Ngữ văn,xa_hoi,LOP_06,Lớp 6,thcs,180000,,,
GS_WB_0012,Đỗ Văn Tuấn,nam,1995,Ky su,Quản trị Kinh doanh,DH_FPT,Đại học FPT,dai_hoc,KV_HCM_TB,Tân Bình,Tân Bình,Hồ Chí Minh,1,online,180000,web,hoat_dong,2026-04-03,MON_VAN,Ngữ văn,xa_hoi,LOP_09,Lớp 9,thcs,180000,HS_WB_0573,4.88,2026-03-15
GS_WB_0013,Dương Bảo Châu,nu,1997,Cu nhan,Công nghệ thông tin,DH_SP_HN,Đại học Sư phạm Hà Nội,dai_hoc,KV_DN_NHS,Ngũ Hành Sơn,Ngũ Hành Sơn,Đà Nẵng,5,ca_hai,180000,web,hoat_dong,2026-04-03,MON_LY,Vật lý,tu_nhien,LOP_12,Lớp 12,thpt,180000,HS_WB_0228,3.83,2026-03-08
GS_WB_0014,Hoàng Đức Kiệt,nam,1996,Cu nhan,Quản trị Kinh doanh,DH_SP_HCM,Đại học Sư phạm TP.HCM,dai_hoc,KV_HCM_Q3,Quận 3,Quận 3,Hồ Chí Minh,1,online,250000,web,hoat_dong,2026-04-03,MON_VAN,Ngữ văn,xa_hoi,LOP_12,Lớp 12,thpt,250000,HS_WB_0208,4.67,2026-03-17
GS_WB_0015,Vũ Hữu Huy,nam,1997,Cu nhan,Ngôn ngữ Anh,DH_NT_HN,Đại học Ngoại thương Hà Nội,dai_hoc,KV_HCM_Q1,Quận 1,Quận 1,Hồ Chí Minh,2,online,250000,web,hoat_dong,2026-04-03,MON_VAN,Ngữ văn,xa_hoi,LOP_12,Lớp 12,thpt,250000,HS_WB_0429,3.58,2026-03-06
GS_WB_0016,Đặng Xuân Vy,nu,2001,Thac si,Công nghệ thông tin,DH_KHTN_HCM,Đại học Khoa học Tự nhiên TP.HCM,dai_hoc,KV_HN_TX,Thanh Xuân,Thanh Xuân,Hà Nội,8,truc_tiep,250000,web,hoat_dong,2026-04-03,MON_ANH,Tiếng Anh,ngoai_ngu,LOP_09,Lớp 9,thcs,250000,HS_WB_0785,3.8,2026-03-04
GS_WB_0017,Nguyễn Thu Châu,nu,1995,Cu nhan,Sư phạm Toán,DH_BK_HCM,Đại học Bách Khoa TP.HCM,dai_hoc,KV_HCM_Q1,Quận 1,Quận 1,Hồ Chí Minh,2,ca_hai,250000,web,hoat_dong,2026-04-03,MON_TOAN,Toán,tu_nhien,LOP_12,Lớp 12,thpt,250000,HS_WB_0164,4.49,2026-03-15
GS_WB_0018,Phạm Quang Cường,nam,1997,Thac si,Sư phạm Toán,DH_BK_HN,Đại học Bách Khoa Hà Nội,dai_hoc,KV_HCM_Q4,Quận 4,Quận 4,Hồ Chí Minh,5,truc_tiep,180000,web,hoat_dong,2026-04-03,MON_ANH,Tiếng Anh,ngoai_ngu,LOP_06,Lớp 6,thcs,180000,HS_WB_0231,4.11,2026-03-25
GS_WB_0019,Đỗ Trọng Đức,nam,1995,Ky su,Quản trị Kinh doanh,DH_KT_DN,Đại học Kinh tế Đà Nẵng,dai_hoc,KV_HN_HK,Hoàn Kiếm,Hoàn Kiếm,Hà Nội,5,ca_hai,150000,web,hoat_dong,2026-04-03,MON_LY,Vật lý,tu_nhien,LOP_10,Lớp 10,thpt,150000,HS_WB_0909,4.63,2026-03-31
GS_WB_0020,Dương Văn Đức,nam,1996,Ky su,Công nghệ thông tin,DH_KHTN_HN,Đại học Khoa học Tự nhiên Hà Nội,dai_hoc,KV_HN_DD,Đống Đa,Đống Đa,Hà Nội,1,online,200000,web,hoat_dong,2026-04-03,MON_TOAN,Toán,tu_nhien,LOP_09,Lớp 9,thcs,200000,HS_WB_0182,4.64,2026-04-01
GS_WB_0021,Phạm Quang Cường,nam,1998,Ky su,Ngôn ngữ Anh,DH_NL_HCM,Đại học Nông Lâm TP.HCM,dai_hoc,KV_HN_HK,Hoàn Kiếm,Hoàn Kiếm,Hà Nội,4,online,150000,web,hoat_dong,2026-04-03,MON_ANH,Tiếng Anh,ngoai_ngu,LOP_06,Lớp 6,thcs,150000,HS_WB_0389,4.53,2026-03-07
GS_WB_0022,Bùi Bảo Mai,nu,2002,Ky su,Quản trị Kinh doanh,DH_BK_HCM,Đại học Bách Khoa TP.HCM,dai_hoc,KV_DN_ST,Sơn Trà,Sơn Trà,Đà Nẵng,1,online,180000,web,hoat_dong,2026-04-03,MON_LY,Vật lý,tu_nhien,LOP_12,Lớp 12,thpt,180000,HS_WB_0304,4.91,2026-03-08
GS_WB_0023,Đặng Đình Hùng,nam,2003,Ky su,Quản trị Kinh doanh,DH_KHTN_HCM,Đại học Khoa học Tự nhiên TP.HCM,dai_hoc,KV_HN_DD,Đống Đa,Đống Đa,Hà Nội,1,online,250000,web,hoat_dong,2026-04-03,MON_ANH,Tiếng Anh,ngoai_ngu,LOP_12,Lớp 12,thpt,250000,HS_WB_0637,4.95,2026-03-09
GS_WB_0024,Bùi Thị An,nu,1997,Cu nhan,Quản trị Kinh doanh,DH_NT_HN,Đại học Ngoại thương Hà Nội,dai_hoc,KV_HN_NTL,Nam Từ Liêm,Nam Từ Liêm,Hà Nội,7,ca_hai,150000,web,hoat_dong,2026-04-03,MON_LY,Vật lý,tu_nhien,LOP_09,Lớp 9,thcs,150000,,,
GS_WB_0025,Bùi Xuân Thu,nu,1995,Ky su,Ngôn ngữ Anh,DH_NT_HN,Đại học Ngoại thương Hà Nội,dai_hoc,KV_HCM_PN,Phú Nhuận,Phú Nhuận,Hồ Chí Minh,3,online,200000,web,hoat_dong,2026-04-03,MON_VAN,Ngữ văn,xa_hoi,LOP_10,Lớp 10,thpt,200000,HS_WB_0415,4.75,2026-03-17
GS_WB_0026,Nguyễn Thu Nhung,nu,1995,Ky su,Ngôn ngữ Anh,DH_SP_HN,Đại học Sư phạm Hà Nội,dai_hoc,KV_HCM_BT,Bình Thạnh,Bình Thạnh,Hồ Chí Minh,7,ca_hai,180000,web,hoat_dong,2026-04-03,MON_VAN,Ngữ văn,xa_hoi,LOP_12,Lớp 12,thpt,180000,HS_WB_0532,4.58,2026-03-20
GS_WB_0027,Ngô Bảo Thu,nu,2002,Thac si,Ngôn ngữ Anh,DH_QGHN,Đại học Quốc gia Hà Nội,dai_hoc,KV_HN_BD,Ba Đình,Ba Đình,Hà Nội,7,ca_hai,180000,web,hoat_dong,2026-04-03,MON_LY,Vật lý,tu_nhien,LOP_10,Lớp 10,thpt,180000,HS_WB_0997,3.59,2026-03-16
GS_WB_0028,Hoàng Thanh Trang,nu,1999,Ky su,Ngôn ngữ Anh,DH_Y_HCM,Đại học Y Dược TP.HCM,dai_hoc,KV_HCM_Q3,Quận 3,Quận 3,Hồ Chí Minh,7,truc_tiep,250000,web,hoat_dong,2026-04-03,MON_TOAN,Toán,tu_nhien,LOP_10,Lớp 10,thpt,250000,,,
GS_WB_0029,Phạm Bảo An,nu,1998,Cu nhan,Quản trị Kinh doanh,DH_Y_HN,Đại học Y Hà Nội,dai_hoc,KV_HN_CG,Cầu Giấy,Cầu Giấy,Hà Nội,2,ca_hai,200000,web,hoat_dong,2026-04-03,MON_LY,Vật lý,tu_nhien,LOP_06,Lớp 6,thcs,200000,HS_WB_0433,4.7,2026-03-28
GS_WB_0030,Hoàng Thị Linh,nu,2001,Ky su,Quản trị Kinh doanh,DH_TM,Đại học Thương mại,dai_hoc,KV_DN_ST,Sơn Trà,Sơn Trà,Đà Nẵng,2,truc_tiep,180000,web,hoat_dong,2026-04-03,MON_VAN,Ngữ văn,xa_hoi,LOP_10,Lớp 10,thpt,180000,HS_WB_0044,3.95,2026-03-13
GS_WB_0031,Đặng Bảo Mai,nu,1996,Thac si,Ngôn ngữ Anh,DH_KTQD,Đại học Kinh tế Quốc dân,dai_hoc,KV_HN_HM,Hoàng Mai,Hoàng Mai,Hà Nội,7,truc_tiep,150000,web,hoat_dong,2026-04-03,MON_LY,Vật lý,tu_nhien,LOP_09,Lớp 9,thcs,150000,HS_WB_0487,4.41,2026-03-29
GS_WB_0032,Ngô Mai An,nu,1999,Thac si,Công nghệ thông tin,DH_NL_HCM,Đại học Nông Lâm TP.HCM,dai_hoc,KV_HN_CG,Cầu Giấy,Cầu Giấy,Hà Nội,7,truc_tiep,150000,web,hoat_dong,2026-04-03,MON_VAN,Ngữ văn,xa_hoi,LOP_10,Lớp 10,thpt,150000,HS_WB_0782,3.79,2026-03-15
GS_WB_0033,Dương Hoàng Vy,nu,1995,Thac si,Quản trị Kinh doanh,DH_DN,Đại học Đà Nẵng,dai_hoc,KV_HN_HD,Hà Đông,Hà Đông,Hà Nội,5,online,150000,web,hoat_dong,2026-04-03,MON_VAN,Ngữ văn,xa_hoi,LOP_10,Lớp 10,thpt,150000,HS_WB_0044,3.94,2026-03-22
GS_WB_0034,Phạm Ngọc Châu,nu,1995,Thac si,Công nghệ thông tin,DH_SP_HCM,Đại học Sư phạm TP.HCM,dai_hoc,KV_DN_HC,Hải Châu,Hải Châu,Đà Nẵng,4,online,250000,web,hoat_dong,2026-04-03,MON_VAN,Ngữ văn,xa_hoi,LOP_12,Lớp 12,thpt,250000,HS_WB_0714,4.14,2026-03-30
GS_WB_0035,Trần Văn Đức,nam,1996,Cu nhan,Sư phạm Toán,DH_SP_HN,Đại học Sư phạm Hà Nội,dai_hoc,KV_HN_NTL,Nam Từ Liêm,Nam Từ Liêm,Hà Nội,5,ca_hai,150000,web,hoat_dong,2026-04-03,MON_VAN,Ngữ văn,xa_hoi,LOP_09,Lớp 9,thcs,150000,HS_WB_0125,4.93,2026-03-15
GS_WB_0036,Bùi Hữu Hùng,nam,1996,Cu nhan,Quản trị Kinh doanh,DH_FPT,Đại học FPT,dai_hoc,KV_HN_HBT,Hai Bà Trưng,Hai Bà Trưng,Hà Nội,1,ca_hai,200000,web,hoat_dong,2026-04-03,MON_ANH,Tiếng Anh,ngoai_ngu,LOP_06,Lớp 6,thcs,200000,HS_WB_0902,4.76,2026-03-07
GS_WB_0037,Trần Thị Hân,nu,2002,Cu nhan,Quản trị Kinh doanh,DH_UEH,Đại học Kinh tế TP.HCM,dai_hoc,KV_HCM_Q4,Quận 4,Quận 4,Hồ Chí Minh,4,online,200000,web,hoat_dong,2026-04-03,MON_LY,Vật lý,tu_nhien,LOP_12,Lớp 12,thpt,200000,,,
GS_WB_0038,Ngô Văn Phú,nam,1996,Thac si,Quản trị Kinh doanh,DH_QGHN,Đại học Quốc gia Hà Nội,dai_hoc,KV_HN_HM,Hoàng Mai,Hoàng Mai,Hà Nội,5,truc_tiep,180000,web,hoat_dong,2026-04-03,MON_VAN,Ngữ văn,xa_hoi,LOP_06,Lớp 6,thcs,180000,HS_WB_0428,4.19,2026-03-28
GS_WB_0039,Phạm Trọng Đức,nam,1998,Ky su,Ngôn ngữ Anh,DH_NL_HCM,Đại học Nông Lâm TP.HCM,dai_hoc,KV_HCM_Q1,Quận 1,Quận 1,Hồ Chí Minh,7,truc_tiep,180000,web,hoat_dong,2026-04-03,MON_VAN,Ngữ văn,xa_hoi,LOP_09,Lớp 9,thcs,180000,HS_WB_0167,3.67,2026-03-20
GS_WB_0040,Dương Văn Đức,nam,1998,Ky su,Công nghệ thông tin,DH_FPT,Đại học FPT,dai_hoc,KV_HCM_TP,Tân Phú,Tân Phú,Hồ Chí Minh,1,online,150000,web,hoat_dong,2026-04-03,MON_TOAN,Toán,tu_nhien,LOP_12,Lớp 12,thpt,150000,,,
GS_WB_0041,Ngô Minh Đạt,nam,2000,Thac si,Sư phạm Toán,DH_BK_HCM,Đại học Bách Khoa TP.HCM,dai_hoc,KV_DN_HC,Hải Châu,Hải Châu,Đà Nẵng,4,truc_tiep,150000,web,hoat_dong,2026-04-03,MON_TOAN,Toán,tu_nhien,LOP_06,Lớp 6,thcs,150000,HS_WB_0672,3.62,2026-03-27
GS_WB_0042,Ngô Ngọc An,nu,1995,Ky su,Ngôn ngữ Anh,DH_FPT,Đại học FPT,dai_hoc,KV_HCM_PN,Phú Nhuận,Phú Nhuận,Hồ Chí Minh,5,ca_hai,250000,web,hoat_dong,2026-04-03,MON_VAN,Ngữ văn,xa_hoi,LOP_09,Lớp 9,thcs,250000,HS_WB_0571,4.03,2026-03-14
GS_WB_0043,Dương Xuân Nhung,nu,2000,Thac si,Ngôn ngữ Anh,DH_QGHN,Đại học Quốc gia Hà Nội,dai_hoc,KV_HN_CG,Cầu Giấy,Cầu Giấy,Hà Nội,2,ca_hai,250000,web,hoat_dong,2026-04-03,MON_TOAN,Toán,tu_nhien,LOP_06,Lớp 6,thcs,250000,HS_WB_0886,3.92,2026-04-02
GS_WB_0044,Đỗ Hải Đức,nam,1997,Ky su,Ngôn ngữ Anh,DH_XD,Đại học Xây dựng Hà Nội,dai_hoc,KV_HN_TX,Thanh Xuân,Thanh Xuân,Hà Nội,8,online,250000,web,hoat_dong,2026-04-03,MON_LY,Vật lý,tu_nhien,LOP_12,Lớp 12,thpt,250000,HS_WB_0420,4.57,2026-03-18
GS_WB_0045,Dương Văn Đức,nam,2002,Ky su,Quản trị Kinh doanh,DH_Y_HN,Đại học Y Hà Nội,dai_hoc,KV_HN_NTL,Nam Từ Liêm,Nam Từ Liêm,Hà Nội,5,ca_hai,180000,web,hoat_dong,2026-04-03,MON_ANH,Tiếng Anh,ngoai_ngu,LOP_10,Lớp 10,thpt,180000,HS_WB_0230,4.98,2026-03-13
GS_WB_0046,Phạm Thái Hùng,nam,1998,Thac si,Sư phạm Toán,DH_KTQD,Đại học Kinh tế Quốc dân,dai_hoc,KV_HCM_Q7,Quận 7,Quận 7,Hồ Chí Minh,8,truc_tiep,250000,web,hoat_dong,2026-04-03,MON_ANH,Tiếng Anh,ngoai_ngu,LOP_06,Lớp 6,thcs,250000,HS_WB_0179,3.89,2026-03-08
GS_WB_0047,Phạm Minh Đạt,nam,2003,Cu nhan,Sư phạm Toán,DH_KTQD,Đại học Kinh tế Quốc dân,dai_hoc,KV_HN_BD,Ba Đình,Ba Đình,Hà Nội,5,online,150000,web,hoat_dong,2026-04-03,MON_VAN,Ngữ văn,xa_hoi,LOP_09,Lớp 9,thcs,150000,HS_WB_0121,4.36,2026-03-13
GS_WB_0048,Bùi Hữu Cường,nam,2002,Ky su,Sư phạm Toán,DH_KHTN_HN,Đại học Khoa học Tự nhiên Hà Nội,dai_hoc,KV_HCM_Q5,Quận 5,Quận 5,Hồ Chí Minh,7,online,250000,web,hoat_dong,2026-04-03,MON_ANH,Tiếng Anh,ngoai_ngu,LOP_12,Lớp 12,thpt,250000,HS_WB_0752,4.67,2026-03-17
GS_WB_0049,Đỗ Mai Châu,nu,2001,Cu nhan,Ngôn ngữ Anh,DH_KHTN_HCM,Đại học Khoa học Tự nhiên TP.HCM,dai_hoc,KV_HN_DD,Đống Đa,Đống Đa,Hà Nội,1,truc_tiep,150000,web,hoat_dong,2026-04-03,MON_TOAN,Toán,tu_nhien,LOP_10,Lớp 10,thpt,150000,HS_WB_0320,4.66,2026-03-12
GS_WB_0050,Dương Đức Khoa,nam,2002,Cu nhan,Ngôn ngữ Anh,DH_UEH,Đại học Kinh tế TP.HCM,dai_hoc,KV_HCM_Q5,Quận 5,Quận 5,Hồ Chí Minh,4,online,250000,web,hoat_dong,2026-04-03,MON_TOAN,Toán,tu_nhien,LOP_12,Lớp 12,thpt,250000,HS_WB_0540,4.07,2026-03-23
GS_WB_0051,Lê Hữu Nam,nam,1995,Ky su,Công nghệ thông tin,DH_KHTN_HN,Đại học Khoa học Tự nhiên Hà Nội,dai_hoc,KV_HN_HBT,Hai Bà Trưng,Hai Bà Trưng,Hà Nội,2,truc_tiep,250000,web,hoat_dong,2026-04-03,MON_TOAN,Toán,tu_nhien,LOP_10,Lớp 10,thpt,250000,HS_WB_0808,4.22,2026-03-11
GS_WB_0052,Đặng Văn Cường,nam,2000,Cu nhan,Ngôn ngữ Anh,DH_KTQD,Đại học Kinh tế Quốc dân,dai_hoc,KV_HN_LB,Long Biên,Long Biên,Hà Nội,7,online,200000,web,hoat_dong,2026-04-03,MON_ANH,Tiếng Anh,ngoai_ngu,LOP_10,Lớp 10,thpt,200000,HS_WB_0588,4.63,2026-03-25
GS_WB_0053,Dương Đình Phú,nam,1996,Cu nhan,Công nghệ thông tin,DH_KHTN_HN,Đại học Khoa học Tự nhiên Hà Nội,dai_hoc,KV_HCM_TD,Thủ Đức,Thủ Đức,Hồ Chí Minh,5,online,250000,web,hoat_dong,2026-04-03,MON_VAN,Ngữ văn,xa_hoi,LOP_09,Lớp 9,thcs,250000,,,
GS_WB_0054,Trần Quang Cường,nam,1997,Cu nhan,Sư phạm Toán,DH_BK_HN,Đại học Bách Khoa Hà Nội,dai_hoc,KV_HN_CG,Cầu Giấy,Cầu Giấy,Hà Nội,6,truc_tiep,150000,web,hoat_dong,2026-04-03,MON_ANH,Tiếng Anh,ngoai_ngu,LOP_09,Lớp 9,thcs,150000,,,
GS_WB_0055,Phạm Ngọc Thu,nu,1998,Ky su,Quản trị Kinh doanh,DH_FPT,Đại học FPT,dai_hoc,KV_HN_TX,Thanh Xuân,Thanh Xuân,Hà Nội,1,online,200000,web,hoat_dong,2026-04-03,MON_LY,Vật lý,tu_nhien,LOP_10,Lớp 10,thpt,200000,HS_WB_0547,4.68,2026-03-24
GS_WB_0056,Ngô Hữu Hùng,nam,1998,Ky su,Công nghệ thông tin,DH_UEH,Đại học Kinh tế TP.HCM,dai_hoc,KV_HN_TH,Tây Hồ,Tây Hồ,Hà Nội,6,ca_hai,180000,web,hoat_dong,2026-04-03,MON_VAN,Ngữ văn,xa_hoi,LOP_06,Lớp 6,thcs,180000,HS_WB_0335,3.62,2026-03-30
GS_WB_0057,Đặng Thái Đức,nam,1996,Ky su,Công nghệ thông tin,DH_NL_HCM,Đại học Nông Lâm TP.HCM,dai_hoc,KV_HN_HBT,Hai Bà Trưng,Hai Bà Trưng,Hà Nội,8,ca_hai,180000,web,hoat_dong,2026-04-03,MON_LY,Vật lý,tu_nhien,LOP_09,Lớp 9,thcs,180000,,,
GS_WB_0058,Bùi Đức Đạt,nam,1996,Thac si,Ngôn ngữ Anh,DH_CNTT,Đại học Công nghệ Thông tin TP.HCM,dai_hoc,KV_DN_HC,Hải Châu,Hải Châu,Đà Nẵng,4,truc_tiep,200000,web,hoat_dong,2026-04-03,MON_VAN,Ngữ văn,xa_hoi,LOP_06,Lớp 6,thcs,200000,HS_WB_0792,4.7,2026-03-18
GS_WB_0059,Lý Đức Tuấn,nam,1995,Thac si,Sư phạm Toán,DH_KHTN_HN,Đại học Khoa học Tự nhiên Hà Nội,dai_hoc,KV_HCM_Q1,Quận 1,Quận 1,Hồ Chí Minh,4,truc_tiep,250000,web,hoat_dong,2026-04-03,MON_VAN,Ngữ văn,xa_hoi,LOP_12,Lớp 12,thpt,250000,HS_WB_0502,3.66,2026-03-23
GS_WB_0060,Ngô Văn Đức,nam,2001,Cu nhan,Sư phạm Toán,DH_CNTT,Đại học Công nghệ Thông tin TP.HCM,dai_hoc,KV_HN_HK,Hoàn Kiếm,Hoàn Kiếm,Hà Nội,6,truc_tiep,250000,web,hoat_dong,2026-04-03,MON_TOAN,Toán,tu_nhien,LOP_12,Lớp 12,thpt,250000,HS_WB_0268,3.86,2026-03-16
GS_WB_0061,Nguyễn Thanh Vy,nu,2000,Cu nhan,Ngôn ngữ Anh,DH_Y_HCM,Đại học Y Dược TP.HCM,dai_hoc,KV_HN_DD,Đống Đa,Đống Đa,Hà Nội,4,ca_hai,150000,web,hoat_dong,2026-04-03,MON_TOAN,Toán,tu_nhien,LOP_09,Lớp 9,thcs,150000,HS_WB_0274,3.61,2026-03-27
GS_WB_0062,Bùi Hồng Mai,nu,2001,Thac si,Công nghệ thông tin,DH_SP_HN,Đại học Sư phạm Hà Nội,dai_hoc,KV_DN_CL,Cẩm Lệ,Cẩm Lệ,Đà Nẵng,3,ca_hai,150000,web,hoat_dong,2026-04-03,MON_VAN,Ngữ văn,xa_hoi,LOP_06,Lớp 6,thcs,150000,,,
GS_WB_0063,Trần Đức Nam,nam,2003,Ky su,Công nghệ thông tin,DH_Y_HCM,Đại học Y Dược TP.HCM,dai_hoc,KV_HN_HM,Hoàng Mai,Hoàng Mai,Hà Nội,7,ca_hai,180000,web,hoat_dong,2026-04-03,MON_TOAN,Toán,tu_nhien,LOP_12,Lớp 12,thpt,180000,,,
GS_WB_0064,Lê Thu Thảo,nu,1999,Ky su,Ngôn ngữ Anh,DH_SP_HCM,Đại học Sư phạm TP.HCM,dai_hoc,KV_DN_NHS,Ngũ Hành Sơn,Ngũ Hành Sơn,Đà Nẵng,6,ca_hai,250000,web,hoat_dong,2026-04-03,MON_ANH,Tiếng Anh,ngoai_ngu,LOP_10,Lớp 10,thpt,250000,HS_WB_0808,4.76,2026-03-08
GS_WB_0065,Phạm Ngọc Hân,nu,1997,Ky su,Ngôn ngữ Anh,DH_SP_HN,Đại học Sư phạm Hà Nội,dai_hoc,KV_DN_HC,Hải Châu,Hải Châu,Đà Nẵng,3,truc_tiep,250000,web,hoat_dong,2026-04-03,MON_ANH,Tiếng Anh,ngoai_ngu,LOP_06,Lớp 6,thcs,250000,,,
GS_WB_0066,Trần Hữu Nam,nam,1999,Cu nhan,Công nghệ thông tin,DH_KTQD,Đại học Kinh tế Quốc dân,dai_hoc,KV_DN_TK,Thanh Khê,Thanh Khê,Đà Nẵng,2,ca_hai,200000,web,hoat_dong,2026-04-03,MON_ANH,Tiếng Anh,ngoai_ngu,LOP_10,Lớp 10,thpt,200000,HS_WB_0516,4.3,2026-03-18
GS_WB_0067,Bùi Thu Mai,nu,1995,Ky su,Ngôn ngữ Anh,DH_NL_HCM,Đại học Nông Lâm TP.HCM,dai_hoc,KV_DN_NHS,Ngũ Hành Sơn,Ngũ Hành Sơn,Đà Nẵng,1,online,250000,web,hoat_dong,2026-04-03,MON_VAN,Ngữ văn,xa_hoi,LOP_09,Lớp 9,thcs,250000,HS_WB_0900,4.13,2026-03-16
GS_WB_0068,Bùi Đức Nam,nam,2000,Cu nhan,Ngôn ngữ Anh,DH_BK_HCM,Đại học Bách Khoa TP.HCM,dai_hoc,KV_HCM_Q4,Quận 4,Quận 4,Hồ Chí Minh,3,truc_tiep,150000,web,hoat_dong,2026-04-03,MON_TOAN,Toán,tu_nhien,LOP_10,Lớp 10,thpt,150000,HS_WB_0570,3.69,2026-03-25
GS_WB_0069,Dương Thị Hân,nu,1995,Cu nhan,Sư phạm Toán,DH_UEH,Đại học Kinh tế TP.HCM,dai_hoc,KV_HCM_Q5,Quận 5,Quận 5,Hồ Chí Minh,6,online,180000,web,hoat_dong,2026-04-03,MON_ANH,Tiếng Anh,ngoai_ngu,LOP_09,Lớp 9,thcs,180000,HS_WB_0149,4.67,2026-03-10
GS_WB_0070,Ngô Đức Đức,nam,1996,Thac si,Quản trị Kinh doanh,DH_FPT,Đại học FPT,dai_hoc,KV_HCM_Q1,Quận 1,Quận 1,Hồ Chí Minh,1,truc_tiep,150000,web,hoat_dong,2026-04-03,MON_VAN,Ngữ văn,xa_hoi,LOP_06,Lớp 6,thcs,150000,HS_WB_0116,4.56,2026-03-26
GS_WB_0071,Hoàng Đức Đức,nam,1999,Thac si,Ngôn ngữ Anh,DH_NL_HCM,Đại học Nông Lâm TP.HCM,dai_hoc,KV_HCM_BT,Bình Thạnh,Bình Thạnh,Hồ Chí Minh,1,ca_hai,250000,web,hoat_dong,2026-04-03,MON_VAN,Ngữ văn,xa_hoi,LOP_10,Lớp 10,thpt,250000,HS_WB_0121,3.91,2026-03-30
GS_WB_0072,Đỗ Hải Hùng,nam,2000,Cu nhan,Công nghệ thông tin,DH_BK_HCM,Đại học Bách Khoa TP.HCM,dai_hoc,KV_HCM_TP,Tân Phú,Tân Phú,Hồ Chí Minh,2,ca_hai,200000,web,hoat_dong,2026-04-03,MON_ANH,Tiếng Anh,ngoai_ngu,LOP_10,Lớp 10,thpt,200000,HS_WB_0400,3.88,2026-03-23
GS_WB_0073,Lý Thanh Thu,nu,2002,Cu nhan,Sư phạm Toán,DH_Y_HCM,Đại học Y Dược TP.HCM,dai_hoc,KV_DN_NHS,Ngũ Hành Sơn,Ngũ Hành Sơn,Đà Nẵng,8,online,200000,web,hoat_dong,2026-04-03,MON_ANH,Tiếng Anh,ngoai_ngu,LOP_10,Lớp 10,thpt,200000,HS_WB_0287,3.67,2026-03-23
GS_WB_0074,Phạm Quang Kiệt,nam,1997,Ky su,Công nghệ thông tin,DH_CNTT,Đại học Công nghệ Thông tin TP.HCM,dai_hoc,KV_HN_TX,Thanh Xuân,Thanh Xuân,Hà Nội,7,truc_tiep,250000,web,hoat_dong,2026-04-03,MON_TOAN,Toán,tu_nhien,LOP_10,Lớp 10,thpt,250000,,,
GS_WB_0075,Phạm Thu Linh,nu,1995,Ky su,Quản trị Kinh doanh,DH_Y_HCM,Đại học Y Dược TP.HCM,dai_hoc,KV_HN_DD,Đống Đa,Đống Đa,Hà Nội,1,truc_tiep,250000,web,hoat_dong,2026-04-03,MON_LY,Vật lý,tu_nhien,LOP_12,Lớp 12,thpt,250000,HS_WB_0115,4.8,2026-03-25
GS_WB_0076,Bùi Xuân Thảo,nu,1998,Cu nhan,Ngôn ngữ Anh,DH_NT_HN,Đại học Ngoại thương Hà Nội,dai_hoc,KV_HCM_Q3,Quận 3,Quận 3,Hồ Chí Minh,2,online,150000,web,hoat_dong,2026-04-03,MON_ANH,Tiếng Anh,ngoai_ngu,LOP_09,Lớp 9,thcs,150000,HS_WB_0590,4.18,2026-03-17
GS_WB_0077,Đỗ Hoàng Vy,nu,2002,Cu nhan,Quản trị Kinh doanh,DH_BK_HN,Đại học Bách Khoa Hà Nội,dai_hoc,KV_HCM_BT,Bình Thạnh,Bình Thạnh,Hồ Chí Minh,3,ca_hai,200000,web,hoat_dong,2026-04-03,MON_VAN,Ngữ văn,xa_hoi,LOP_10,Lớp 10,thpt,200000,,,
GS_WB_0078,Trần Văn Kiệt,nam,2000,Thac si,Quản trị Kinh doanh,DH_KTQD,Đại học Kinh tế Quốc dân,dai_hoc,KV_HCM_TD,Thủ Đức,Thủ Đức,Hồ Chí Minh,4,truc_tiep,180000,web,hoat_dong,2026-04-03,MON_LY,Vật lý,tu_nhien,LOP_09,Lớp 9,thcs,180000,HS_WB_0272,3.71,2026-03-17
GS_WB_0079,Đỗ Thái Đức,nam,1997,Cu nhan,Ngôn ngữ Anh,DH_XD,Đại học Xây dựng Hà Nội,dai_hoc,KV_HN_HM,Hoàng Mai,Hoàng Mai,Hà Nội,7,ca_hai,200000,web,hoat_dong,2026-04-03,MON_TOAN,Toán,tu_nhien,LOP_10,Lớp 10,thpt,200000,HS_WB_0017,4.24,2026-03-21
GS_WB_0080,Vũ Thu Châu,nu,1995,Ky su,Ngôn ngữ Anh,DH_QGHN,Đại học Quốc gia Hà Nội,dai_hoc,KV_HCM_PN,Phú Nhuận,Phú Nhuận,Hồ Chí Minh,5,truc_tiep,200000,web,hoat_dong,2026-04-03,MON_TOAN,Toán,tu_nhien,LOP_10,Lớp 10,thpt,200000,HS_WB_0687,4.3,2026-03-25
GS_WB_0081,Vũ Ngọc Thảo,nu,1999,Thac si,Quản trị Kinh doanh,DH_Y_HCM,Đại học Y Dược TP.HCM,dai_hoc,KV_HCM_GV,Gò Vấp,Gò Vấp,Hồ Chí Minh,8,ca_hai,150000,web,hoat_dong,2026-04-03,MON_TOAN,Toán,tu_nhien,LOP_09,Lớp 9,thcs,150000,HS_WB_0449,4.57,2026-03-14
GS_WB_0082,Vũ Xuân Linh,nu,2000,Ky su,Quản trị Kinh doanh,DH_SP_HN,Đại học Sư phạm Hà Nội,dai_hoc,KV_HN_CG,Cầu Giấy,Cầu Giấy,Hà Nội,4,ca_hai,200000,web,hoat_dong,2026-04-03,MON_LY,Vật lý,tu_nhien,LOP_09,Lớp 9,thcs,200000,HS_WB_0349,4.2,2026-03-10
GS_WB_0083,Ngô Thu Trang,nu,1997,Thac si,Sư phạm Toán,DH_Y_HCM,Đại học Y Dược TP.HCM,dai_hoc,KV_HCM_Q1,Quận 1,Quận 1,Hồ Chí Minh,8,ca_hai,150000,web,hoat_dong,2026-04-03,MON_LY,Vật lý,tu_nhien,LOP_10,Lớp 10,thpt,150000,HS_WB_0759,4.96,2026-03-05
GS_WB_0084,Bùi Thị Trang,nu,2002,Ky su,Công nghệ thông tin,DH_BK_HCM,Đại học Bách Khoa TP.HCM,dai_hoc,KV_HCM_Q4,Quận 4,Quận 4,Hồ Chí Minh,7,online,250000,web,hoat_dong,2026-04-03,MON_LY,Vật lý,tu_nhien,LOP_09,Lớp 9,thcs,250000,,,
GS_WB_0085,Hoàng Minh Phú,nam,2003,Thac si,Ngôn ngữ Anh,DH_QGHN,Đại học Quốc gia Hà Nội,dai_hoc,KV_HCM_Q3,Quận 3,Quận 3,Hồ Chí Minh,2,ca_hai,200000,web,hoat_dong,2026-04-03,MON_TOAN,Toán,tu_nhien,LOP_12,Lớp 12,thpt,200000,HS_WB_0226,4.48,2026-03-11
GS_WB_0086,Dương Mai Trang,nu,1995,Ky su,Sư phạm Toán,DH_XD,Đại học Xây dựng Hà Nội,dai_hoc,KV_HCM_Q5,Quận 5,Quận 5,Hồ Chí Minh,8,ca_hai,200000,web,hoat_dong,2026-04-03,MON_ANH,Tiếng Anh,ngoai_ngu,LOP_10,Lớp 10,thpt,200000,HS_WB_0867,3.96,2026-03-15
GS_WB_0087,Đặng Hồng Châu,nu,1997,Cu nhan,Công nghệ thông tin,DH_XD,Đại học Xây dựng Hà Nội,dai_hoc,KV_HCM_TP,Tân Phú,Tân Phú,Hồ Chí Minh,6,online,200000,web,hoat_dong,2026-04-03,MON_LY,Vật lý,tu_nhien,LOP_10,Lớp 10,thpt,200000,HS_WB_0313,4.17,2026-03-11
GS_WB_0088,Ngô Văn Kiệt,nam,2002,Ky su,Công nghệ thông tin,DH_CNTT,Đại học Công nghệ Thông tin TP.HCM,dai_hoc,KV_HCM_Q4,Quận 4,Quận 4,Hồ Chí Minh,8,ca_hai,150000,web,hoat_dong,2026-04-03,MON_TOAN,Toán,tu_nhien,LOP_06,Lớp 6,thcs,150000,HS_WB_0787,4.15,2026-03-29
GS_WB_0089,Đỗ Xuân Nhung,nu,1995,Ky su,Sư phạm Toán,DH_Y_HCM,Đại học Y Dược TP.HCM,dai_hoc,KV_HCM_TD,Thủ Đức,Thủ Đức,Hồ Chí Minh,4,online,180000,web,hoat_dong,2026-04-03,MON_TOAN,Toán,tu_nhien,LOP_10,Lớp 10,thpt,180000,,,
GS_WB_0090,Hoàng Thanh An,nu,2001,Cu nhan,Sư phạm Toán,DH_CNTT,Đại học Công nghệ Thông tin TP.HCM,dai_hoc,KV_HN_TX,Thanh Xuân,Thanh Xuân,Hà Nội,8,truc_tiep,150000,web,hoat_dong,2026-04-03,MON_VAN,Ngữ văn,xa_hoi,LOP_12,Lớp 12,thpt,150000,HS_WB_0986,4.56,2026-03-21
GS_WB_0091,Đặng Thái Tuấn,nam,2001,Thac si,Quản trị Kinh doanh,DH_FPT,Đại học FPT,dai_hoc,KV_HN_HD,Hà Đông,Hà Đông,Hà Nội,7,online,180000,web,hoat_dong,2026-04-03,MON_VAN,Ngữ văn,xa_hoi,LOP_06,Lớp 6,thcs,180000,HS_WB_0259,4.03,2026-03-22
GS_WB_0092,Đặng Quang Tuấn,nam,2001,Thac si,Quản trị Kinh doanh,DH_BK_HCM,Đại học Bách Khoa TP.HCM,dai_hoc,KV_HCM_TB,Tân Bình,Tân Bình,Hồ Chí Minh,7,truc_tiep,250000,web,hoat_dong,2026-04-03,MON_VAN,Ngữ văn,xa_hoi,LOP_06,Lớp 6,thcs,250000,HS_WB_0020,4.42,2026-03-25
GS_WB_0093,Lê Ngọc Mai,nu,2003,Ky su,Quản trị Kinh doanh,DH_UEH,Đại học Kinh tế TP.HCM,dai_hoc,KV_HN_LB,Long Biên,Long Biên,Hà Nội,8,truc_tiep,180000,web,hoat_dong,2026-04-03,MON_LY,Vật lý,tu_nhien,LOP_10,Lớp 10,thpt,180000,HS_WB_0534,3.94,2026-03-22
GS_WB_0094,Phạm Minh Đức,nam,2002,Thac si,Công nghệ thông tin,DH_FPT,Đại học FPT,dai_hoc,KV_HN_BD,Ba Đình,Ba Đình,Hà Nội,7,ca_hai,150000,web,hoat_dong,2026-04-03,MON_VAN,Ngữ văn,xa_hoi,LOP_10,Lớp 10,thpt,150000,HS_WB_0311,3.95,2026-03-04
GS_WB_0095,Lý Đình Tuấn,nam,2001,Ky su,Ngôn ngữ Anh,DH_DN,Đại học Đà Nẵng,dai_hoc,KV_HN_TH,Tây Hồ,Tây Hồ,Hà Nội,1,online,250000,web,hoat_dong,2026-04-03,MON_ANH,Tiếng Anh,ngoai_ngu,LOP_06,Lớp 6,thcs,250000,HS_WB_0832,3.98,2026-03-16
GS_WB_0096,Bùi Thanh Hân,nu,1999,Thac si,Ngôn ngữ Anh,DH_DN,Đại học Đà Nẵng,dai_hoc,KV_DN_LC,Liên Chiểu,Liên Chiểu,Đà Nẵng,7,ca_hai,180000,web,hoat_dong,2026-04-03,MON_TOAN,Toán,tu_nhien,LOP_10,Lớp 10,thpt,180000,,,
GS_WB_0097,Ngô Trọng Phú,nam,2000,Cu nhan,Quản trị Kinh doanh,DH_QGHN,Đại học Quốc gia Hà Nội,dai_hoc,KV_HCM_TP,Tân Phú,Tân Phú,Hồ Chí Minh,4,truc_tiep,200000,web,hoat_dong,2026-04-03,MON_ANH,Tiếng Anh,ngoai_ngu,LOP_12,Lớp 12,thpt,200000,HS_WB_0222,3.89,2026-03-07
GS_WB_0098,Dương Ngọc Nhung,nu,2000,Thac si,Quản trị Kinh doanh,DH_BK_HCM,Đại học Bách Khoa TP.HCM,dai_hoc,KV_HN_CG,Cầu Giấy,Cầu Giấy,Hà Nội,8,ca_hai,250000,web,hoat_dong,2026-04-03,MON_VAN,Ngữ văn,xa_hoi,LOP_10,Lớp 10,thpt,250000,HS_WB_1000,4.56,2026-03-25
GS_WB_0099,Lý Thị Thu,nu,2003,Thac si,Ngôn ngữ Anh,DH_XD,Đại học Xây dựng Hà Nội,dai_hoc,KV_HCM_GV,Gò Vấp,Gò Vấp,Hồ Chí Minh,4,ca_hai,150000,web,hoat_dong,2026-04-03,MON_ANH,Tiếng Anh,ngoai_ngu,LOP_12,Lớp 12,thpt,150000,HS_WB_0128,4.27,2026-03-20
GS_WB_0100,Bùi Hoàng Thảo,nu,1998,Cu nhan,Sư phạm Toán,DH_GTVT,Đại học Giao thông Vận tải,dai_hoc,KV_HCM_Q5,Quận 5,Quận 5,Hồ Chí Minh,3,online,150000,web,hoat_dong,2026-04-03,MON_ANH,Tiếng Anh,ngoai_ngu,LOP_06,Lớp 6,thcs,150000,HS_WB_0625,4.66,2026-03-30
GS_WB_0101,Lê Hải Kiệt,nam,1999,Cu nhan,Ngôn ngữ Anh,DH_Y_HCM,Đại học Y Dược TP.HCM,dai_hoc,KV_HCM_TD,Thủ Đức,Thủ Đức,Hồ Chí Minh,2,online,250000,web,hoat_dong,2026-04-03,MON_TOAN,Toán,tu_nhien,LOP_12,Lớp 12,thpt,250000,HS_WB_0596,4.75,2026-03-19
GS_WB_0102,Dương Thanh Mai,nu,2002,Cu nhan,Sư phạm Toán,DH_NT_HN,Đại học Ngoại thương Hà Nội,dai_hoc,KV_HCM_Q3,Quận 3,Quận 3,Hồ Chí Minh,8,truc_tiep,150000,web,hoat_dong,2026-04-03,MON_ANH,Tiếng Anh,ngoai_ngu,LOP_06,Lớp 6,thcs,150000,HS_WB_0098,4.83,2026-03-07
GS_WB_0103,Dương Quang Cường,nam,2001,Thac si,Quản trị Kinh doanh,DH_KHTN_HN,Đại học Khoa học Tự nhiên Hà Nội,dai_hoc,KV_HCM_Q3,Quận 3,Quận 3,Hồ Chí Minh,1,ca_hai,150000,web,hoat_dong,2026-04-03,MON_LY,Vật lý,tu_nhien,LOP_09,Lớp 9,thcs,150000,HS_WB_0414,4.34,2026-03-16
GS_WB_0104,Nguyễn Trọng Tuấn,nam,1996,Ky su,Công nghệ thông tin,DH_Y_HN,Đại học Y Hà Nội,dai_hoc,KV_HN_TH,Tây Hồ,Tây Hồ,Hà Nội,5,online,180000,web,hoat_dong,2026-04-03,MON_TOAN,Toán,tu_nhien,LOP_06,Lớp 6,thcs,180000,HS_WB_0567,4.89,2026-03-16
GS_WB_0105,Ngô Đức Hùng,nam,2001,Thac si,Công nghệ thông tin,DH_Y_HN,Đại học Y Hà Nội,dai_hoc,KV_HN_DD,Đống Đa,Đống Đa,Hà Nội,8,online,250000,web,hoat_dong,2026-04-03,MON_ANH,Tiếng Anh,ngoai_ngu,LOP_12,Lớp 12,thpt,250000,HS_WB_0558,4.74,2026-03-25
GS_WB_0106,Lý Văn Huy,nam,1997,Ky su,Sư phạm Toán,DH_SP_HCM,Đại học Sư phạm TP.HCM,dai_hoc,KV_HCM_PN,Phú Nhuận,Phú Nhuận,Hồ Chí Minh,7,online,150000,web,hoat_dong,2026-04-03,MON_TOAN,Toán,tu_nhien,LOP_12,Lớp 12,thpt,150000,HS_WB_0451,4.11,2026-03-16
GS_WB_0107,Đỗ Hữu Nam,nam,1999,Ky su,Sư phạm Toán,DH_SP_HCM,Đại học Sư phạm TP.HCM,dai_hoc,KV_HCM_Q8,Quận 8,Quận 8,Hồ Chí Minh,5,ca_hai,250000,web,hoat_dong,2026-04-03,MON_LY,Vật lý,tu_nhien,LOP_12,Lớp 12,thpt,250000,HS_WB_0433,4.76,2026-04-02
GS_WB_0108,Vũ Trọng Hùng,nam,2002,Ky su,Ngôn ngữ Anh,DH_NT_HN,Đại học Ngoại thương Hà Nội,dai_hoc,KV_HN_NTL,Nam Từ Liêm,Nam Từ Liêm,Hà Nội,4,truc_tiep,250000,web,hoat_dong,2026-04-03,MON_LY,Vật lý,tu_nhien,LOP_09,Lớp 9,thcs,250000,HS_WB_0163,4.92,2026-03-22
GS_WB_0109,Trần Hải Hùng,nam,1995,Thac si,Sư phạm Toán,DH_CNTT,Đại học Công nghệ Thông tin TP.HCM,dai_hoc,KV_HCM_TB,Tân Bình,Tân Bình,Hồ Chí Minh,7,truc_tiep,200000,web,hoat_dong,2026-04-03,MON_LY,Vật lý,tu_nhien,LOP_10,Lớp 10,thpt,200000,HS_WB_0368,3.52,2026-03-08
GS_WB_0110,Lê Ngọc Châu,nu,2000,Ky su,Sư phạm Toán,DH_Y_HCM,Đại học Y Dược TP.HCM,dai_hoc,KV_HN_HK,Hoàn Kiếm,Hoàn Kiếm,Hà Nội,6,truc_tiep,200000,web,hoat_dong,2026-04-03,MON_VAN,Ngữ văn,xa_hoi,LOP_09,Lớp 9,thcs,200000,HS_WB_0609,4.09,2026-03-05
GS_WB_0111,Vũ Mai An,nu,2000,Cu nhan,Sư phạm Toán,DH_NL_HCM,Đại học Nông Lâm TP.HCM,dai_hoc,KV_HCM_Q10,Quận 10,Quận 10,Hồ Chí Minh,3,online,150000,web,hoat_dong,2026-04-03,MON_LY,Vật lý,tu_nhien,LOP_10,Lớp 10,thpt,150000,HS_WB_0250,4.93,2026-03-17
GS_WB_0112,Đặng Mai An,nu,2000,Thac si,Quản trị Kinh doanh,DH_GTVT,Đại học Giao thông Vận tải,dai_hoc,KV_HN_BD,Ba Đình,Ba Đình,Hà Nội,1,online,150000,web,hoat_dong,2026-04-03,MON_VAN,Ngữ văn,xa_hoi,LOP_09,Lớp 9,thcs,150000,HS_WB_0704,4.36,2026-03-04
GS_WB_0113,Trần Bảo Nhung,nu,1999,Ky su,Ngôn ngữ Anh,DH_NT_HN,Đại học Ngoại thương Hà Nội,dai_hoc,KV_HCM_Q7,Quận 7,Quận 7,Hồ Chí Minh,2,online,200000,web,hoat_dong,2026-04-03,MON_TOAN,Toán,tu_nhien,LOP_10,Lớp 10,thpt,200000,HS_WB_0108,3.59,2026-03-06
GS_WB_0114,Đỗ Văn Đức,nam,1998,Ky su,Quản trị Kinh doanh,DH_NL_HCM,Đại học Nông Lâm TP.HCM,dai_hoc,KV_HN_BD,Ba Đình,Ba Đình,Hà Nội,8,truc_tiep,180000,web,hoat_dong,2026-04-03,MON_LY,Vật lý,tu_nhien,LOP_09,Lớp 9,thcs,180000,HS_WB_0855,3.73,2026-03-18
GS_WB_0115,Lê Văn Tuấn,nam,1998,Thac si,Quản trị Kinh doanh,DH_UEH,Đại học Kinh tế TP.HCM,dai_hoc,KV_DN_NHS,Ngũ Hành Sơn,Ngũ Hành Sơn,Đà Nẵng,6,online,250000,web,hoat_dong,2026-04-03,MON_VAN,Ngữ văn,xa_hoi,LOP_10,Lớp 10,thpt,250000,HS_WB_0263,4.59,2026-03-26
GS_WB_0116,Lê Hoàng Mai,nu,1999,Thac si,Công nghệ thông tin,DH_FPT,Đại học FPT,dai_hoc,KV_HN_HK,Hoàn Kiếm,Hoàn Kiếm,Hà Nội,4,online,200000,web,hoat_dong,2026-04-03,MON_TOAN,Toán,tu_nhien,LOP_09,Lớp 9,thcs,200000,HS_WB_0524,4.44,2026-03-14
GS_WB_0117,Lê Thị Trang,nu,1995,Thac si,Quản trị Kinh doanh,DH_KHTN_HN,Đại học Khoa học Tự nhiên Hà Nội,dai_hoc,KV_HN_NTL,Nam Từ Liêm,Nam Từ Liêm,Hà Nội,4,truc_tiep,250000,web,hoat_dong,2026-04-03,MON_LY,Vật lý,tu_nhien,LOP_09,Lớp 9,thcs,250000,HS_WB_0598,4.74,2026-03-28
GS_WB_0118,Lê Đức Hùng,nam,1995,Ky su,Sư phạm Toán,DH_SP_HN,Đại học Sư phạm Hà Nội,dai_hoc,KV_HN_HBT,Hai Bà Trưng,Hai Bà Trưng,Hà Nội,6,ca_hai,250000,web,hoat_dong,2026-04-03,MON_VAN,Ngữ văn,xa_hoi,LOP_12,Lớp 12,thpt,250000,,,
GS_WB_0119,Bùi Văn Cường,nam,1995,Cu nhan,Quản trị Kinh doanh,DH_DN,Đại học Đà Nẵng,dai_hoc,KV_HN_LB,Long Biên,Long Biên,Hà Nội,3,ca_hai,150000,web,hoat_dong,2026-04-03,MON_LY,Vật lý,tu_nhien,LOP_06,Lớp 6,thcs,150000,HS_WB_0150,4.53,2026-03-09
GS_WB_0120,Nguyễn Đình Huy,nam,2003,Thac si,Sư phạm Toán,DH_SP_HN,Đại học Sư phạm Hà Nội,dai_hoc,KV_HCM_Q7,Quận 7,Quận 7,Hồ Chí Minh,3,ca_hai,180000,web,hoat_dong,2026-04-03,MON_TOAN,Toán,tu_nhien,LOP_10,Lớp 10,thpt,180000,HS_WB_0108,4.43,2026-03-18
GS_WB_0121,Hoàng Hoàng Linh,nu,2003,Ky su,Ngôn ngữ Anh,DH_GTVT,Đại học Giao thông Vận tải,dai_hoc,KV_HCM_Q5,Quận 5,Quận 5,Hồ Chí Minh,3,truc_tiep,150000,web,hoat_dong,2026-04-03,MON_TOAN,Toán,tu_nhien,LOP_10,Lớp 10,thpt,150000,HS_WB_0636,4.72,2026-03-21
GS_WB_0122,Bùi Đình Đức,nam,1995,Ky su,Sư phạm Toán,DH_BK_HCM,Đại học Bách Khoa TP.HCM,dai_hoc,KV_HN_LB,Long Biên,Long Biên,Hà Nội,6,ca_hai,180000,web,hoat_dong,2026-04-03,MON_LY,Vật lý,tu_nhien,LOP_12,Lớp 12,thpt,180000,HS_WB_0195,4.12,2026-03-05
GS_WB_0123,Nguyễn Hữu Khoa,nam,2000,Thac si,Ngôn ngữ Anh,DH_QGHN,Đại học Quốc gia Hà Nội,dai_hoc,KV_HCM_Q5,Quận 5,Quận 5,Hồ Chí Minh,2,truc_tiep,180000,web,hoat_dong,2026-04-03,MON_VAN,Ngữ văn,xa_hoi,LOP_06,Lớp 6,thcs,180000,HS_WB_0683,4.25,2026-03-21
GS_WB_0124,Lê Hoàng Thảo,nu,2002,Thac si,Quản trị Kinh doanh,DH_SP_HCM,Đại học Sư phạm TP.HCM,dai_hoc,KV_HN_BD,Ba Đình,Ba Đình,Hà Nội,7,ca_hai,250000,web,hoat_dong,2026-04-03,MON_VAN,Ngữ văn,xa_hoi,LOP_09,Lớp 9,thcs,250000,HS_WB_0778,4.94,2026-03-10
GS_WB_0125,Phạm Hải Kiệt,nam,1995,Thac si,Ngôn ngữ Anh,DH_GTVT,Đại học Giao thông Vận tải,dai_hoc,KV_HN_NTL,Nam Từ Liêm,Nam Từ Liêm,Hà Nội,4,online,250000,web,hoat_dong,2026-04-03,MON_VAN,Ngữ văn,xa_hoi,LOP_09,Lớp 9,thcs,250000,HS_WB_0379,3.74,2026-03-28
GS_WB_0126,Hoàng Quang Cường,nam,1996,Cu nhan,Ngôn ngữ Anh,DH_Y_HN,Đại học Y Hà Nội,dai_hoc,KV_DN_TK,Thanh Khê,Thanh Khê,Đà Nẵng,2,truc_tiep,150000,web,hoat_dong,2026-04-03,MON_LY,Vật lý,tu_nhien,LOP_09,Lớp 9,thcs,150000,HS_WB_0322,4.86,2026-03-05
GS_WB_0127,Dương Ngọc Linh,nu,1995,Thac si,Sư phạm Toán,DH_QGHN,Đại học Quốc gia Hà Nội,dai_hoc,KV_HN_HBT,Hai Bà Trưng,Hai Bà Trưng,Hà Nội,7,truc_tiep,150000,web,hoat_dong,2026-04-03,MON_LY,Vật lý,tu_nhien,LOP_10,Lớp 10,thpt,150000,HS_WB_0690,4.42,2026-03-19
GS_WB_0128,Bùi Thu Châu,nu,1996,Cu nhan,Quản trị Kinh doanh,DH_NL_HCM,Đại học Nông Lâm TP.HCM,dai_hoc,KV_HCM_Q7,Quận 7,Quận 7,Hồ Chí Minh,1,truc_tiep,200000,web,hoat_dong,2026-04-03,MON_VAN,Ngữ văn,xa_hoi,LOP_10,Lớp 10,thpt,200000,HS_WB_0618,4.79,2026-04-02
GS_WB_0129,Nguyễn Đức Nam,nam,2003,Ky su,Sư phạm Toán,DH_SP_HCM,Đại học Sư phạm TP.HCM,dai_hoc,KV_HCM_GV,Gò Vấp,Gò Vấp,Hồ Chí Minh,1,truc_tiep,180000,web,hoat_dong,2026-04-03,MON_LY,Vật lý,tu_nhien,LOP_10,Lớp 10,thpt,180000,HS_WB_0646,4.85,2026-03-26
GS_WB_0130,Ngô Trọng Phú,nam,2003,Cu nhan,Sư phạm Toán,DH_Y_HCM,Đại học Y Dược TP.HCM,dai_hoc,KV_DN_LC,Liên Chiểu,Liên Chiểu,Đà Nẵng,6,online,250000,web,hoat_dong,2026-04-03,MON_LY,Vật lý,tu_nhien,LOP_12,Lớp 12,thpt,250000,HS_WB_0754,3.91,2026-03-18
GS_WB_0131,Hoàng Mai Châu,nu,2003,Ky su,Quản trị Kinh doanh,DH_Y_HN,Đại học Y Hà Nội,dai_hoc,KV_HCM_Q8,Quận 8,Quận 8,Hồ Chí Minh,2,online,150000,web,hoat_dong,2026-04-03,MON_ANH,Tiếng Anh,ngoai_ngu,LOP_12,Lớp 12,thpt,150000,HS_WB_0692,4.43,2026-04-01
GS_WB_0132,Hoàng Thu Nhung,nu,2000,Thac si,Công nghệ thông tin,DH_KHTN_HCM,Đại học Khoa học Tự nhiên TP.HCM,dai_hoc,KV_HCM_Q4,Quận 4,Quận 4,Hồ Chí Minh,1,online,180000,web,hoat_dong,2026-04-03,MON_ANH,Tiếng Anh,ngoai_ngu,LOP_12,Lớp 12,thpt,180000,HS_WB_0237,4.2,2026-03-31
GS_WB_0133,Lê Hải Đạt,nam,2003,Ky su,Ngôn ngữ Anh,DH_Y_HN,Đại học Y Hà Nội,dai_hoc,KV_HCM_TP,Tân Phú,Tân Phú,Hồ Chí Minh,8,truc_tiep,250000,web,hoat_dong,2026-04-03,MON_VAN,Ngữ văn,xa_hoi,LOP_06,Lớp 6,thcs,250000,HS_WB_0725,4.8,2026-03-30
GS_WB_0134,Lý Thị Châu,nu,1997,Ky su,Ngôn ngữ Anh,DH_DN,Đại học Đà Nẵng,dai_hoc,KV_DN_NHS,Ngũ Hành Sơn,Ngũ Hành Sơn,Đà Nẵng,4,ca_hai,180000,web,hoat_dong,2026-04-03,MON_TOAN,Toán,tu_nhien,LOP_09,Lớp 9,thcs,180000,HS_WB_0409,4.64,2026-03-28
GS_WB_0135,Đỗ Mai Thảo,nu,1996,Thac si,Quản trị Kinh doanh,DH_QGHN,Đại học Quốc gia Hà Nội,dai_hoc,KV_DN_CL,Cẩm Lệ,Cẩm Lệ,Đà Nẵng,1,ca_hai,200000,web,hoat_dong,2026-04-03,MON_VAN,Ngữ văn,xa_hoi,LOP_06,Lớp 6,thcs,200000,,,
GS_WB_0136,Lý Đức Hùng,nam,2002,Thac si,Quản trị Kinh doanh,DH_DN,Đại học Đà Nẵng,dai_hoc,KV_HCM_Q1,Quận 1,Quận 1,Hồ Chí Minh,7,truc_tiep,250000,web,hoat_dong,2026-04-03,MON_ANH,Tiếng Anh,ngoai_ngu,LOP_06,Lớp 6,thcs,250000,HS_WB_0476,4.18,2026-03-26
GS_WB_0137,Trần Thanh Thu,nu,1995,Cu nhan,Sư phạm Toán,DH_Y_HN,Đại học Y Hà Nội,dai_hoc,KV_HCM_Q1,Quận 1,Quận 1,Hồ Chí Minh,8,truc_tiep,180000,web,hoat_dong,2026-04-03,MON_TOAN,Toán,tu_nhien,LOP_06,Lớp 6,thcs,180000,HS_WB_0119,4.68,2026-03-23
GS_WB_0138,Lý Đình Nam,nam,1999,Ky su,Ngôn ngữ Anh,DH_GTVT,Đại học Giao thông Vận tải,dai_hoc,KV_HN_LB,Long Biên,Long Biên,Hà Nội,5,truc_tiep,150000,web,hoat_dong,2026-04-03,MON_VAN,Ngữ văn,xa_hoi,LOP_06,Lớp 6,thcs,150000,HS_WB_0763,3.52,2026-03-11
GS_WB_0139,Trần Ngọc Vy,nu,2001,Ky su,Ngôn ngữ Anh,DH_FPT,Đại học FPT,dai_hoc,KV_HCM_Q1,Quận 1,Quận 1,Hồ Chí Minh,6,online,180000,web,hoat_dong,2026-04-03,MON_TOAN,Toán,tu_nhien,LOP_06,Lớp 6,thcs,180000,HS_WB_0993,4.05,2026-03-15
GS_WB_0140,Phạm Thị Vy,nu,1995,Cu nhan,Quản trị Kinh doanh,DH_BK_HN,Đại học Bách Khoa Hà Nội,dai_hoc,KV_HCM_PN,Phú Nhuận,Phú Nhuận,Hồ Chí Minh,1,truc_tiep,150000,web,hoat_dong,2026-04-03,MON_VAN,Ngữ văn,xa_hoi,LOP_06,Lớp 6,thcs,150000,,,
GS_WB_0141,Phạm Thị Hân,nu,1999,Thac si,Sư phạm Toán,DH_Y_HCM,Đại học Y Dược TP.HCM,dai_hoc,KV_HCM_Q1,Quận 1,Quận 1,Hồ Chí Minh,7,truc_tiep,200000,web,hoat_dong,2026-04-03,MON_VAN,Ngữ văn,xa_hoi,LOP_06,Lớp 6,thcs,200000,,,
GS_WB_0142,Phạm Thái Nam,nam,2001,Cu nhan,Công nghệ thông tin,DH_KT_DN,Đại học Kinh tế Đà Nẵng,dai_hoc,KV_HCM_Q5,Quận 5,Quận 5,Hồ Chí Minh,1,online,180000,web,hoat_dong,2026-04-03,MON_LY,Vật lý,tu_nhien,LOP_09,Lớp 9,thcs,180000,HS_WB_0218,4.39,2026-03-12
GS_WB_0143,Đặng Bảo Linh,nu,2001,Ky su,Sư phạm Toán,DH_KTQD,Đại học Kinh tế Quốc dân,dai_hoc,KV_HCM_Q8,Quận 8,Quận 8,Hồ Chí Minh,3,truc_tiep,200000,web,hoat_dong,2026-04-03,MON_ANH,Tiếng Anh,ngoai_ngu,LOP_12,Lớp 12,thpt,200000,,,
GS_WB_0144,Trần Ngọc Trang,nu,1997,Ky su,Ngôn ngữ Anh,DH_UEH,Đại học Kinh tế TP.HCM,dai_hoc,KV_HCM_GV,Gò Vấp,Gò Vấp,Hồ Chí Minh,2,ca_hai,180000,web,hoat_dong,2026-04-03,MON_LY,Vật lý,tu_nhien,LOP_12,Lớp 12,thpt,180000,HS_WB_0424,3.73,2026-03-19
GS_WB_0145,Bùi Minh Kiệt,nam,1996,Ky su,Quản trị Kinh doanh,DH_Y_HN,Đại học Y Hà Nội,dai_hoc,KV_HN_BTL,Bắc Từ Liêm,Bắc Từ Liêm,Hà Nội,2,ca_hai,200000,web,hoat_dong,2026-04-03,MON_ANH,Tiếng Anh,ngoai_ngu,LOP_12,Lớp 12,thpt,200000,HS_WB_0193,4.89,2026-03-17
GS_WB_0146,Nguyễn Ngọc Mai,nu,2000,Cu nhan,Ngôn ngữ Anh,DH_NT_HN,Đại học Ngoại thương Hà Nội,dai_hoc,KV_DN_CL,Cẩm Lệ,Cẩm Lệ,Đà Nẵng,7,online,200000,web,hoat_dong,2026-04-03,MON_LY,Vật lý,tu_nhien,LOP_12,Lớp 12,thpt,200000,HS_WB_0214,4.75,2026-03-08
GS_WB_0147,Vũ Bảo Mai,nu,2002,Thac si,Ngôn ngữ Anh,DH_Y_HN,Đại học Y Hà Nội,dai_hoc,KV_HN_BD,Ba Đình,Ba Đình,Hà Nội,4,ca_hai,200000,web,hoat_dong,2026-04-03,MON_LY,Vật lý,tu_nhien,LOP_09,Lớp 9,thcs,200000,HS_WB_0053,4.85,2026-03-28
GS_WB_0148,Lý Thanh An,nu,1998,Ky su,Sư phạm Toán,DH_NT_HN,Đại học Ngoại thương Hà Nội,dai_hoc,KV_HCM_Q10,Quận 10,Quận 10,Hồ Chí Minh,5,online,200000,web,hoat_dong,2026-04-03,MON_VAN,Ngữ văn,xa_hoi,LOP_10,Lớp 10,thpt,200000,,,
GS_WB_0149,Đỗ Hồng Thu,nu,1999,Cu nhan,Sư phạm Toán,DH_DN,Đại học Đà Nẵng,dai_hoc,KV_HN_BTL,Bắc Từ Liêm,Bắc Từ Liêm,Hà Nội,3,online,180000,web,hoat_dong,2026-04-03,MON_ANH,Tiếng Anh,ngoai_ngu,LOP_12,Lớp 12,thpt,180000,,,
GS_WB_0150,Lê Thanh Hân,nu,2003,Thac si,Sư phạm Toán,DH_NT_HN,Đại học Ngoại thương Hà Nội,dai_hoc,KV_HN_CG,Cầu Giấy,Cầu Giấy,Hà Nội,2,online,180000,web,hoat_dong,2026-04-03,MON_VAN,Ngữ văn,xa_hoi,LOP_09,Lớp 9,thcs,180000,HS_WB_0099,4.38,2026-03-18
GS_WB_0151,Lê Thái Đức,nam,1995,Cu nhan,Công nghệ thông tin,DH_KTQD,Đại học Kinh tế Quốc dân,dai_hoc,KV_HN_HM,Hoàng Mai,Hoàng Mai,Hà Nội,4,online,200000,web,hoat_dong,2026-04-03,MON_VAN,Ngữ văn,xa_hoi,LOP_12,Lớp 12,thpt,200000,HS_WB_0387,3.53,2026-03-09
GS_WB_0152,Nguyễn Hữu Phú,nam,1997,Thac si,Công nghệ thông tin,DH_NT_HN,Đại học Ngoại thương Hà Nội,dai_hoc,KV_HCM_Q5,Quận 5,Quận 5,Hồ Chí Minh,8,ca_hai,250000,web,hoat_dong,2026-04-03,MON_VAN,Ngữ văn,xa_hoi,LOP_10,Lớp 10,thpt,250000,HS_WB_0080,4.84,2026-03-10
GS_WB_0153,Đỗ Đức Phú,nam,1998,Thac si,Ngôn ngữ Anh,DH_DN,Đại học Đà Nẵng,dai_hoc,KV_HN_LB,Long Biên,Long Biên,Hà Nội,3,truc_tiep,180000,web,hoat_dong,2026-04-03,MON_VAN,Ngữ văn,xa_hoi,LOP_09,Lớp 9,thcs,180000,HS_WB_0654,4.32,2026-03-28
GS_WB_0154,Ngô Thanh Châu,nu,1999,Thac si,Quản trị Kinh doanh,DH_SP_HN,Đại học Sư phạm Hà Nội,dai_hoc,KV_HCM_GV,Gò Vấp,Gò Vấp,Hồ Chí Minh,4,online,250000,web,hoat_dong,2026-04-03,MON_VAN,Ngữ văn,xa_hoi,LOP_06,Lớp 6,thcs,250000,HS_WB_0577,3.6,2026-03-04
GS_WB_0155,Lê Thanh An,nu,1998,Cu nhan,Ngôn ngữ Anh,DH_DN,Đại học Đà Nẵng,dai_hoc,KV_HCM_Q1,Quận 1,Quận 1,Hồ Chí Minh,8,online,200000,web,hoat_dong,2026-04-03,MON_TOAN,Toán,tu_nhien,LOP_06,Lớp 6,thcs,200000,HS_WB_0644,4.46,2026-03-10
GS_WB_0156,Vũ Quang Cường,nam,1996,Ky su,Sư phạm Toán,DH_XD,Đại học Xây dựng Hà Nội,dai_hoc,KV_HN_HD,Hà Đông,Hà Đông,Hà Nội,5,truc_tiep,250000,web,hoat_dong,2026-04-03,MON_TOAN,Toán,tu_nhien,LOP_10,Lớp 10,thpt,250000,HS_WB_0620,3.62,2026-03-12
GS_WB_0157,Phạm Hồng An,nu,1999,Thac si,Sư phạm Toán,DH_SP_HN,Đại học Sư phạm Hà Nội,dai_hoc,KV_HN_LB,Long Biên,Long Biên,Hà Nội,4,online,150000,web,hoat_dong,2026-04-03,MON_TOAN,Toán,tu_nhien,LOP_10,Lớp 10,thpt,150000,HS_WB_0847,4.4,2026-03-17
GS_WB_0158,Nguyễn Đức Phú,nam,2000,Cu nhan,Quản trị Kinh doanh,DH_GTVT,Đại học Giao thông Vận tải,dai_hoc,KV_HCM_PN,Phú Nhuận,Phú Nhuận,Hồ Chí Minh,8,truc_tiep,250000,web,hoat_dong,2026-04-03,MON_TOAN,Toán,tu_nhien,LOP_06,Lớp 6,thcs,250000,HS_WB_0953,3.75,2026-03-18
GS_WB_0159,Vũ Hồng Mai,nu,2003,Thac si,Công nghệ thông tin,DH_CNTT,Đại học Công nghệ Thông tin TP.HCM,dai_hoc,KV_DN_ST,Sơn Trà,Sơn Trà,Đà Nẵng,5,ca_hai,180000,web,hoat_dong,2026-04-03,MON_TOAN,Toán,tu_nhien,LOP_10,Lớp 10,thpt,180000,,,
GS_WB_0160,Ngô Bảo Nhung,nu,2003,Ky su,Sư phạm Toán,DH_NL_HCM,Đại học Nông Lâm TP.HCM,dai_hoc,KV_HN_LB,Long Biên,Long Biên,Hà Nội,1,ca_hai,200000,web,hoat_dong,2026-04-03,MON_VAN,Ngữ văn,xa_hoi,LOP_09,Lớp 9,thcs,200000,HS_WB_0427,3.56,2026-03-19
GS_WB_0161,Ngô Thái Đức,nam,1999,Thac si,Công nghệ thông tin,DH_XD,Đại học Xây dựng Hà Nội,dai_hoc,KV_HCM_TP,Tân Phú,Tân Phú,Hồ Chí Minh,3,truc_tiep,250000,web,hoat_dong,2026-04-03,MON_TOAN,Toán,tu_nhien,LOP_10,Lớp 10,thpt,250000,HS_WB_0502,4.91,2026-03-25
GS_WB_0162,Đỗ Quang Kiệt,nam,2002,Thac si,Quản trị Kinh doanh,DH_Y_HCM,Đại học Y Dược TP.HCM,dai_hoc,KV_HN_NTL,Nam Từ Liêm,Nam Từ Liêm,Hà Nội,8,online,180000,web,hoat_dong,2026-04-03,MON_TOAN,Toán,tu_nhien,LOP_12,Lớp 12,thpt,180000,HS_WB_0820,4.42,2026-04-01
GS_WB_0163,Nguyễn Thị Linh,nu,2002,Thac si,Công nghệ thông tin,DH_CNTT,Đại học Công nghệ Thông tin TP.HCM,dai_hoc,KV_HCM_GV,Gò Vấp,Gò Vấp,Hồ Chí Minh,5,online,250000,web,hoat_dong,2026-04-03,MON_VAN,Ngữ văn,xa_hoi,LOP_10,Lớp 10,thpt,250000,HS_WB_0902,4.79,2026-03-23
GS_WB_0164,Vũ Hồng Thảo,nu,1995,Thac si,Công nghệ thông tin,DH_KTQD,Đại học Kinh tế Quốc dân,dai_hoc,KV_HN_LB,Long Biên,Long Biên,Hà Nội,4,ca_hai,150000,web,hoat_dong,2026-04-03,MON_VAN,Ngữ văn,xa_hoi,LOP_06,Lớp 6,thcs,150000,HS_WB_0142,4.51,2026-03-20
GS_WB_0165,Hoàng Quang Tuấn,nam,2000,Cu nhan,Quản trị Kinh doanh,DH_UEH,Đại học Kinh tế TP.HCM,dai_hoc,KV_HN_HBT,Hai Bà Trưng,Hai Bà Trưng,Hà Nội,6,truc_tiep,180000,web,hoat_dong,2026-04-03,MON_ANH,Tiếng Anh,ngoai_ngu,LOP_09,Lớp 9,thcs,180000,HS_WB_0501,4.93,2026-03-15
GS_WB_0166,Đặng Trọng Cường,nam,1997,Ky su,Ngôn ngữ Anh,DH_KTQD,Đại học Kinh tế Quốc dân,dai_hoc,KV_HCM_BT,Bình Thạnh,Bình Thạnh,Hồ Chí Minh,6,truc_tiep,200000,web,hoat_dong,2026-04-03,MON_TOAN,Toán,tu_nhien,LOP_09,Lớp 9,thcs,200000,HS_WB_0307,4.68,2026-03-20
GS_WB_0167,Ngô Trọng Nam,nam,1995,Ky su,Quản trị Kinh doanh,DH_Y_HN,Đại học Y Hà Nội,dai_hoc,KV_HCM_TB,Tân Bình,Tân Bình,Hồ Chí Minh,7,online,180000,web,hoat_dong,2026-04-03,MON_ANH,Tiếng Anh,ngoai_ngu,LOP_12,Lớp 12,thpt,180000,HS_WB_0395,4.63,2026-03-25
GS_WB_0168,Lý Thái Phú,nam,2000,Cu nhan,Sư phạm Toán,DH_NT_HN,Đại học Ngoại thương Hà Nội,dai_hoc,KV_DN_CL,Cẩm Lệ,Cẩm Lệ,Đà Nẵng,3,ca_hai,200000,web,hoat_dong,2026-04-03,MON_TOAN,Toán,tu_nhien,LOP_09,Lớp 9,thcs,200000,HS_WB_0396,4.01,2026-03-20
GS_WB_0169,Trần Hoàng Thu,nu,1999,Thac si,Quản trị Kinh doanh,DH_SP_HN,Đại học Sư phạm Hà Nội,dai_hoc,KV_HN_DD,Đống Đa,Đống Đa,Hà Nội,6,online,180000,web,hoat_dong,2026-04-03,MON_LY,Vật lý,tu_nhien,LOP_06,Lớp 6,thcs,180000,HS_WB_0177,4.27,2026-03-28
GS_WB_0170,Vũ Ngọc Nhung,nu,1997,Thac si,Công nghệ thông tin,DH_DN,Đại học Đà Nẵng,dai_hoc,KV_DN_HC,Hải Châu,Hải Châu,Đà Nẵng,1,truc_tiep,150000,web,hoat_dong,2026-04-03,MON_VAN,Ngữ văn,xa_hoi,LOP_09,Lớp 9,thcs,150000,HS_WB_0377,4.3,2026-03-05
GS_WB_0171,Vũ Đức Hùng,nam,2001,Ky su,Công nghệ thông tin,DH_BK_HCM,Đại học Bách Khoa TP.HCM,dai_hoc,KV_HCM_TB,Tân Bình,Tân Bình,Hồ Chí Minh,8,truc_tiep,200000,web,hoat_dong,2026-04-03,MON_TOAN,Toán,tu_nhien,LOP_10,Lớp 10,thpt,200000,HS_WB_0211,3.73,2026-03-30
GS_WB_0172,Bùi Minh Phú,nam,2001,Thac si,Sư phạm Toán,DH_SP_HCM,Đại học Sư phạm TP.HCM,dai_hoc,KV_HN_NTL,Nam Từ Liêm,Nam Từ Liêm,Hà Nội,3,truc_tiep,180000,web,hoat_dong,2026-04-03,MON_ANH,Tiếng Anh,ngoai_ngu,LOP_10,Lớp 10,thpt,180000,HS_WB_0804,3.96,2026-03-21
GS_WB_0173,Phạm Bảo An,nu,1995,Cu nhan,Công nghệ thông tin,DH_KT_DN,Đại học Kinh tế Đà Nẵng,dai_hoc,KV_DN_CL,Cẩm Lệ,Cẩm Lệ,Đà Nẵng,4,online,150000,web,hoat_dong,2026-04-03,MON_TOAN,Toán,tu_nhien,LOP_12,Lớp 12,thpt,150000,HS_WB_0474,4.34,2026-03-04
GS_WB_0174,Đặng Thị Hân,nu,1995,Thac si,Sư phạm Toán,DH_KT_DN,Đại học Kinh tế Đà Nẵng,dai_hoc,KV_HCM_TD,Thủ Đức,Thủ Đức,Hồ Chí Minh,6,online,250000,web,hoat_dong,2026-04-03,MON_LY,Vật lý,tu_nhien,LOP_06,Lớp 6,thcs,250000,HS_WB_0399,3.68,2026-03-08
GS_WB_0175,Đỗ Hồng Mai,nu,2000,Cu nhan,Công nghệ thông tin,DH_SP_HCM,Đại học Sư phạm TP.HCM,dai_hoc,KV_HN_CG,Cầu Giấy,Cầu Giấy,Hà Nội,2,ca_hai,200000,web,hoat_dong,2026-04-03,MON_VAN,Ngữ văn,xa_hoi,LOP_09,Lớp 9,thcs,200000,,,
GS_WB_0176,Lê Trọng Nam,nam,2001,Thac si,Sư phạm Toán,DH_NT_HN,Đại học Ngoại thương Hà Nội,dai_hoc,KV_HCM_GV,Gò Vấp,Gò Vấp,Hồ Chí Minh,8,ca_hai,180000,web,hoat_dong,2026-04-03,MON_LY,Vật lý,tu_nhien,LOP_06,Lớp 6,thcs,180000,HS_WB_0041,4.84,2026-03-12
GS_WB_0177,Lý Thu Nhung,nu,2003,Thac si,Công nghệ thông tin,DH_BK_HCM,Đại học Bách Khoa TP.HCM,dai_hoc,KV_HN_BTL,Bắc Từ Liêm,Bắc Từ Liêm,Hà Nội,8,ca_hai,200000,web,hoat_dong,2026-04-03,MON_TOAN,Toán,tu_nhien,LOP_12,Lớp 12,thpt,200000,HS_WB_0707,4.32,2026-03-09
GS_WB_0178,Đỗ Bảo Trang,nu,1997,Thac si,Công nghệ thông tin,DH_FPT,Đại học FPT,dai_hoc,KV_HN_TX,Thanh Xuân,Thanh Xuân,Hà Nội,4,online,150000,web,hoat_dong,2026-04-03,MON_TOAN,Toán,tu_nhien,LOP_09,Lớp 9,thcs,150000,,,
GS_WB_0179,Phạm Đức Nam,nam,1999,Thac si,Công nghệ thông tin,DH_XD,Đại học Xây dựng Hà Nội,dai_hoc,KV_HCM_Q7,Quận 7,Quận 7,Hồ Chí Minh,7,online,150000,web,hoat_dong,2026-04-03,MON_ANH,Tiếng Anh,ngoai_ngu,LOP_06,Lớp 6,thcs,150000,HS_WB_0588,4.87,2026-03-14
GS_WB_0180,Lý Hoàng Thảo,nu,1998,Cu nhan,Quản trị Kinh doanh,DH_FPT,Đại học FPT,dai_hoc,KV_HN_DD,Đống Đa,Đống Đa,Hà Nội,1,ca_hai,150000,web,hoat_dong,2026-04-03,MON_ANH,Tiếng Anh,ngoai_ngu,LOP_09,Lớp 9,thcs,150000,HS_WB_0173,4.2,2026-03-09
GS_WB_0181,Ngô Văn Hùng,nam,1998,Ky su,Ngôn ngữ Anh,DH_QGHN,Đại học Quốc gia Hà Nội,dai_hoc,KV_HN_HK,Hoàn Kiếm,Hoàn Kiếm,Hà Nội,2,online,250000,web,hoat_dong,2026-04-03,MON_ANH,Tiếng Anh,ngoai_ngu,LOP_12,Lớp 12,thpt,250000,HS_WB_0222,4.49,2026-03-25
GS_WB_0182,Đỗ Hồng Trang,nu,1996,Ky su,Công nghệ thông tin,DH_NT_HN,Đại học Ngoại thương Hà Nội,dai_hoc,KV_DN_HC,Hải Châu,Hải Châu,Đà Nẵng,5,truc_tiep,150000,web,hoat_dong,2026-04-03,MON_LY,Vật lý,tu_nhien,LOP_09,Lớp 9,thcs,150000,HS_WB_0075,4.29,2026-03-19
GS_WB_0183,Lý Thanh Nhung,nu,2001,Ky su,Sư phạm Toán,DH_KHTN_HN,Đại học Khoa học Tự nhiên Hà Nội,dai_hoc,KV_HCM_Q1,Quận 1,Quận 1,Hồ Chí Minh,5,truc_tiep,200000,web,hoat_dong,2026-04-03,MON_LY,Vật lý,tu_nhien,LOP_12,Lớp 12,thpt,200000,HS_WB_0696,3.52,2026-03-04
GS_WB_0184,Lý Bảo Mai,nu,2002,Thac si,Công nghệ thông tin,DH_UEH,Đại học Kinh tế TP.HCM,dai_hoc,KV_HCM_TD,Thủ Đức,Thủ Đức,Hồ Chí Minh,3,online,180000,web,hoat_dong,2026-04-03,MON_LY,Vật lý,tu_nhien,LOP_10,Lớp 10,thpt,180000,,,
GS_WB_0185,Dương Hải Hùng,nam,2001,Thac si,Sư phạm Toán,DH_BK_HCM,Đại học Bách Khoa TP.HCM,dai_hoc,KV_HN_DD,Đống Đa,Đống Đa,Hà Nội,7,ca_hai,150000,web,hoat_dong,2026-04-03,MON_ANH,Tiếng Anh,ngoai_ngu,LOP_06,Lớp 6,thcs,150000,HS_WB_0125,3.51,2026-03-06
GS_WB_0186,Bùi Quang Hùng,nam,1999,Thac si,Công nghệ thông tin,DH_BK_HCM,Đại học Bách Khoa TP.HCM,dai_hoc,KV_HCM_Q8,Quận 8,Quận 8,Hồ Chí Minh,4,truc_tiep,250000,web,hoat_dong,2026-04-03,MON_TOAN,Toán,tu_nhien,LOP_10,Lớp 10,thpt,250000,HS_WB_0461,4.15,2026-03-16
GS_WB_0187,Dương Ngọc Linh,nu,1999,Cu nhan,Ngôn ngữ Anh,DH_SP_HN,Đại học Sư phạm Hà Nội,dai_hoc,KV_HCM_PN,Phú Nhuận,Phú Nhuận,Hồ Chí Minh,8,truc_tiep,150000,web,hoat_dong,2026-04-03,MON_LY,Vật lý,tu_nhien,LOP_12,Lớp 12,thpt,150000,,,
GS_WB_0188,Dương Bảo Nhung,nu,1996,Cu nhan,Ngôn ngữ Anh,DH_QGHN,Đại học Quốc gia Hà Nội,dai_hoc,KV_HCM_Q8,Quận 8,Quận 8,Hồ Chí Minh,5,truc_tiep,180000,web,hoat_dong,2026-04-03,MON_LY,Vật lý,tu_nhien,LOP_12,Lớp 12,thpt,180000,,,
GS_WB_0189,Phạm Xuân An,nu,1997,Thac si,Công nghệ thông tin,DH_Y_HCM,Đại học Y Dược TP.HCM,dai_hoc,KV_HCM_Q3,Quận 3,Quận 3,Hồ Chí Minh,1,online,200000,web,hoat_dong,2026-04-03,MON_LY,Vật lý,tu_nhien,LOP_12,Lớp 12,thpt,200000,HS_WB_0012,3.82,2026-03-14
GS_WB_0190,Lê Hồng Thảo,nu,1996,Ky su,Công nghệ thông tin,DH_SP_HN,Đại học Sư phạm Hà Nội,dai_hoc,KV_HCM_TD,Thủ Đức,Thủ Đức,Hồ Chí Minh,7,truc_tiep,150000,web,hoat_dong,2026-04-03,MON_ANH,Tiếng Anh,ngoai_ngu,LOP_10,Lớp 10,thpt,150000,,,
GS_WB_0191,Ngô Thanh Vy,nu,2003,Cu nhan,Sư phạm Toán,DH_KHTN_HCM,Đại học Khoa học Tự nhiên TP.HCM,dai_hoc,KV_HN_CG,Cầu Giấy,Cầu Giấy,Hà Nội,2,online,200000,web,hoat_dong,2026-04-03,MON_VAN,Ngữ văn,xa_hoi,LOP_06,Lớp 6,thcs,200000,HS_WB_0146,4.45,2026-03-20
GS_WB_0192,Nguyễn Hồng Châu,nu,1995,Thac si,Công nghệ thông tin,DH_BK_HCM,Đại học Bách Khoa TP.HCM,dai_hoc,KV_HCM_Q7,Quận 7,Quận 7,Hồ Chí Minh,3,truc_tiep,250000,web,hoat_dong,2026-04-03,MON_ANH,Tiếng Anh,ngoai_ngu,LOP_12,Lớp 12,thpt,250000,HS_WB_0277,3.62,2026-03-27
GS_WB_0193,Nguyễn Đức Huy,nam,2002,Cu nhan,Công nghệ thông tin,DH_UEH,Đại học Kinh tế TP.HCM,dai_hoc,KV_HN_BTL,Bắc Từ Liêm,Bắc Từ Liêm,Hà Nội,6,ca_hai,200000,web,hoat_dong,2026-04-03,MON_VAN,Ngữ văn,xa_hoi,LOP_06,Lớp 6,thcs,200000,,,
GS_WB_0194,Bùi Minh Đức,nam,1997,Ky su,Sư phạm Toán,DH_KT_DN,Đại học Kinh tế Đà Nẵng,dai_hoc,KV_HCM_TD,Thủ Đức,Thủ Đức,Hồ Chí Minh,1,ca_hai,250000,web,hoat_dong,2026-04-03,MON_TOAN,Toán,tu_nhien,LOP_10,Lớp 10,thpt,250000,,,
GS_WB_0195,Nguyễn Ngọc Mai,nu,2001,Ky su,Ngôn ngữ Anh,DH_KT_DN,Đại học Kinh tế Đà Nẵng,dai_hoc,KV_HN_BTL,Bắc Từ Liêm,Bắc Từ Liêm,Hà Nội,3,online,150000,web,hoat_dong,2026-04-03,MON_LY,Vật lý,tu_nhien,LOP_10,Lớp 10,thpt,150000,,,
GS_WB_0196,Ngô Bảo Trang,nu,1997,Thac si,Công nghệ thông tin,DH_TM,Đại học Thương mại,dai_hoc,KV_HN_TX,Thanh Xuân,Thanh Xuân,Hà Nội,5,ca_hai,200000,web,hoat_dong,2026-04-03,MON_LY,Vật lý,tu_nhien,LOP_09,Lớp 9,thcs,200000,HS_WB_0209,3.69,2026-03-09
GS_WB_0197,Lý Quang Đạt,nam,1998,Cu nhan,Sư phạm Toán,DH_DN,Đại học Đà Nẵng,dai_hoc,KV_HN_HK,Hoàn Kiếm,Hoàn Kiếm,Hà Nội,1,online,180000,web,hoat_dong,2026-04-03,MON_LY,Vật lý,tu_nhien,LOP_10,Lớp 10,thpt,180000,HS_WB_0892,4.96,2026-03-21
GS_WB_0198,Đặng Đức Cường,nam,1995,Ky su,Quản trị Kinh doanh,DH_UEH,Đại học Kinh tế TP.HCM,dai_hoc,KV_DN_ST,Sơn Trà,Sơn Trà,Đà Nẵng,2,ca_hai,180000,web,hoat_dong,2026-04-03,MON_ANH,Tiếng Anh,ngoai_ngu,LOP_09,Lớp 9,thcs,180000,HS_WB_0583,4.44,2026-03-14
GS_WB_0199,Đặng Xuân Nhung,nu,2000,Thac si,Ngôn ngữ Anh,DH_XD,Đại học Xây dựng Hà Nội,dai_hoc,KV_DN_TK,Thanh Khê,Thanh Khê,Đà Nẵng,2,ca_hai,200000,web,hoat_dong,2026-04-03,MON_TOAN,Toán,tu_nhien,LOP_09,Lớp 9,thcs,200000,,,
GS_WB_0200,Nguyễn Đức Tuấn,nam,2003,Ky su,Công nghệ thông tin,DH_KHTN_HN,Đại học Khoa học Tự nhiên Hà Nội,dai_hoc,KV_DN_LC,Liên Chiểu,Liên Chiểu,Đà Nẵng,1,online,180000,web,hoat_dong,2026-04-03,MON_TOAN,Toán,tu_nhien,LOP_10,Lớp 10,thpt,180000,HS_WB_0095,3.85,2026-03-18
GS_WB_0201,Trần Thị Thảo,nu,1995,Ky su,Công nghệ thông tin,DH_SP_HN,Đại học Sư phạm Hà Nội,dai_hoc,KV_HCM_Q4,Quận 4,Quận 4,Hồ Chí Minh,8,truc_tiep,250000,web,hoat_dong,2026-04-03,MON_LY,Vật lý,tu_nhien,LOP_12,Lớp 12,thpt,250000,HS_WB_0021,4.49,2026-03-16
GS_WB_0202,Lê Minh Cường,nam,1999,Ky su,Ngôn ngữ Anh,DH_QGHN,Đại học Quốc gia Hà Nội,dai_hoc,KV_HN_TX,Thanh Xuân,Thanh Xuân,Hà Nội,7,truc_tiep,200000,web,hoat_dong,2026-04-03,MON_ANH,Tiếng Anh,ngoai_ngu,LOP_12,Lớp 12,thpt,200000,HS_WB_0188,3.68,2026-03-26
GS_WB_0203,Đặng Xuân Thảo,nu,1996,Cu nhan,Sư phạm Toán,DH_KHTN_HCM,Đại học Khoa học Tự nhiên TP.HCM,dai_hoc,KV_HN_HBT,Hai Bà Trưng,Hai Bà Trưng,Hà Nội,7,online,150000,web,hoat_dong,2026-04-03,MON_VAN,Ngữ văn,xa_hoi,LOP_09,Lớp 9,thcs,150000,HS_WB_0193,4.57,2026-03-30
GS_WB_0204,Phạm Ngọc Hân,nu,2001,Ky su,Sư phạm Toán,DH_XD,Đại học Xây dựng Hà Nội,dai_hoc,KV_DN_NHS,Ngũ Hành Sơn,Ngũ Hành Sơn,Đà Nẵng,6,ca_hai,250000,web,hoat_dong,2026-04-03,MON_VAN,Ngữ văn,xa_hoi,LOP_09,Lớp 9,thcs,250000,HS_WB_0811,4.64,2026-03-05
GS_WB_0205,Lê Hữu Hùng,nam,2000,Cu nhan,Công nghệ thông tin,DH_TM,Đại học Thương mại,dai_hoc,KV_HN_LB,Long Biên,Long Biên,Hà Nội,7,ca_hai,200000,web,hoat_dong,2026-04-03,MON_ANH,Tiếng Anh,ngoai_ngu,LOP_12,Lớp 12,thpt,200000,HS_WB_0498,4.06,2026-03-27
GS_WB_0206,Trần Thu Thảo,nu,2001,Thac si,Sư phạm Toán,DH_XD,Đại học Xây dựng Hà Nội,dai_hoc,KV_DN_TK,Thanh Khê,Thanh Khê,Đà Nẵng,8,truc_tiep,200000,web,hoat_dong,2026-04-03,MON_LY,Vật lý,tu_nhien,LOP_09,Lớp 9,thcs,200000,HS_WB_0435,4.84,2026-03-09
GS_WB_0207,Bùi Xuân Vy,nu,1997,Cu nhan,Quản trị Kinh doanh,DH_KHTN_HN,Đại học Khoa học Tự nhiên Hà Nội,dai_hoc,KV_HCM_TP,Tân Phú,Tân Phú,Hồ Chí Minh,8,ca_hai,180000,web,hoat_dong,2026-04-03,MON_ANH,Tiếng Anh,ngoai_ngu,LOP_10,Lớp 10,thpt,180000,HS_WB_0183,4.78,2026-03-21
GS_WB_0208,Đặng Hoàng Châu,nu,2001,Cu nhan,Quản trị Kinh doanh,DH_BK_HCM,Đại học Bách Khoa TP.HCM,dai_hoc,KV_HCM_TP,Tân Phú,Tân Phú,Hồ Chí Minh,7,truc_tiep,150000,web,hoat_dong,2026-04-03,MON_LY,Vật lý,tu_nhien,LOP_06,Lớp 6,thcs,150000,HS_WB_0234,3.67,2026-03-08
GS_WB_0209,Hoàng Hồng Hân,nu,1998,Ky su,Quản trị Kinh doanh,DH_CNTT,Đại học Công nghệ Thông tin TP.HCM,dai_hoc,KV_HN_CG,Cầu Giấy,Cầu Giấy,Hà Nội,8,online,200000,web,hoat_dong,2026-04-03,MON_LY,Vật lý,tu_nhien,LOP_09,Lớp 9,thcs,200000,HS_WB_0011,4.29,2026-03-24
GS_WB_0210,Ngô Mai Linh,nu,1998,Thac si,Sư phạm Toán,DH_FPT,Đại học FPT,dai_hoc,KV_HN_HM,Hoàng Mai,Hoàng Mai,Hà Nội,4,ca_hai,150000,web,hoat_dong,2026-04-03,MON_TOAN,Toán,tu_nhien,LOP_10,Lớp 10,thpt,150000,HS_WB_0943,4.21,2026-03-16
GS_WB_0211,Lý Hải Khoa,nam,1995,Cu nhan,Ngôn ngữ Anh,DH_KT_DN,Đại học Kinh tế Đà Nẵng,dai_hoc,KV_DN_NHS,Ngũ Hành Sơn,Ngũ Hành Sơn,Đà Nẵng,2,online,200000,web,hoat_dong,2026-04-03,MON_ANH,Tiếng Anh,ngoai_ngu,LOP_12,Lớp 12,thpt,200000,HS_WB_0335,3.81,2026-03-30
GS_WB_0212,Dương Hoàng Thảo,nu,1997,Cu nhan,Sư phạm Toán,DH_CNTT,Đại học Công nghệ Thông tin TP.HCM,dai_hoc,KV_HN_HK,Hoàn Kiếm,Hoàn Kiếm,Hà Nội,4,ca_hai,250000,web,hoat_dong,2026-04-03,MON_ANH,Tiếng Anh,ngoai_ngu,LOP_09,Lớp 9,thcs,250000,HS_WB_0862,3.51,2026-03-30
GS_WB_0213,Lê Minh Tuấn,nam,1995,Cu nhan,Sư phạm Toán,DH_NL_HCM,Đại học Nông Lâm TP.HCM,dai_hoc,KV_HN_NTL,Nam Từ Liêm,Nam Từ Liêm,Hà Nội,2,online,180000,web,hoat_dong,2026-04-03,MON_VAN,Ngữ văn,xa_hoi,LOP_06,Lớp 6,thcs,180000,HS_WB_0525,3.71,2026-03-05
GS_WB_0214,Phạm Trọng Đức,nam,2000,Cu nhan,Sư phạm Toán,DH_KTQD,Đại học Kinh tế Quốc dân,dai_hoc,KV_HCM_Q7,Quận 7,Quận 7,Hồ Chí Minh,1,online,250000,web,hoat_dong,2026-04-03,MON_ANH,Tiếng Anh,ngoai_ngu,LOP_10,Lớp 10,thpt,250000,HS_WB_0065,4.03,2026-03-30
GS_WB_0215,Nguyễn Thái Đức,nam,1996,Cu nhan,Quản trị Kinh doanh,DH_KHTN_HN,Đại học Khoa học Tự nhiên Hà Nội,dai_hoc,KV_HCM_TP,Tân Phú,Tân Phú,Hồ Chí Minh,5,ca_hai,200000,web,hoat_dong,2026-04-03,MON_ANH,Tiếng Anh,ngoai_ngu,LOP_10,Lớp 10,thpt,200000,,,
GS_WB_0216,Bùi Minh Đạt,nam,1997,Thac si,Quản trị Kinh doanh,DH_SP_HCM,Đại học Sư phạm TP.HCM,dai_hoc,KV_HCM_Q3,Quận 3,Quận 3,Hồ Chí Minh,2,ca_hai,200000,web,hoat_dong,2026-04-03,MON_VAN,Ngữ văn,xa_hoi,LOP_12,Lớp 12,thpt,200000,,,
GS_WB_0217,Phạm Minh Huy,nam,1997,Thac si,Công nghệ thông tin,DH_Y_HN,Đại học Y Hà Nội,dai_hoc,KV_HN_TH,Tây Hồ,Tây Hồ,Hà Nội,4,online,150000,web,hoat_dong,2026-04-03,MON_TOAN,Toán,tu_nhien,LOP_10,Lớp 10,thpt,150000,,,
GS_WB_0218,Ngô Hồng Linh,nu,2002,Thac si,Ngôn ngữ Anh,DH_KT_DN,Đại học Kinh tế Đà Nẵng,dai_hoc,KV_HN_HK,Hoàn Kiếm,Hoàn Kiếm,Hà Nội,3,ca_hai,180000,web,hoat_dong,2026-04-03,MON_VAN,Ngữ văn,xa_hoi,LOP_06,Lớp 6,thcs,180000,HS_WB_0955,4.17,2026-03-16
GS_WB_0219,Đỗ Hoàng Thảo,nu,1998,Cu nhan,Sư phạm Toán,DH_Y_HN,Đại học Y Hà Nội,dai_hoc,KV_HN_LB,Long Biên,Long Biên,Hà Nội,4,ca_hai,180000,web,hoat_dong,2026-04-03,MON_TOAN,Toán,tu_nhien,LOP_06,Lớp 6,thcs,180000,HS_WB_0426,3.86,2026-03-06
GS_WB_0220,Trần Văn Đức,nam,1999,Ky su,Sư phạm Toán,DH_BK_HN,Đại học Bách Khoa Hà Nội,dai_hoc,KV_HN_HBT,Hai Bà Trưng,Hai Bà Trưng,Hà Nội,7,truc_tiep,200000,web,hoat_dong,2026-04-03,MON_VAN,Ngữ văn,xa_hoi,LOP_10,Lớp 10,thpt,200000,HS_WB_0138,3.99,2026-03-29
GS_WB_0221,Hoàng Trọng Kiệt,nam,2001,Thac si,Ngôn ngữ Anh,DH_Y_HCM,Đại học Y Dược TP.HCM,dai_hoc,KV_HCM_Q8,Quận 8,Quận 8,Hồ Chí Minh,5,truc_tiep,180000,web,hoat_dong,2026-04-03,MON_LY,Vật lý,tu_nhien,LOP_09,Lớp 9,thcs,180000,HS_WB_0188,3.82,2026-04-01
GS_WB_0222,Trần Hải Nam,nam,1995,Thac si,Sư phạm Toán,DH_CNTT,Đại học Công nghệ Thông tin TP.HCM,dai_hoc,KV_HCM_Q10,Quận 10,Quận 10,Hồ Chí Minh,2,truc_tiep,150000,web,hoat_dong,2026-04-03,MON_LY,Vật lý,tu_nhien,LOP_06,Lớp 6,thcs,150000,HS_WB_0153,4.61,2026-03-25
GS_WB_0223,Đặng Đình Khoa,nam,1998,Ky su,Ngôn ngữ Anh,DH_FPT,Đại học FPT,dai_hoc,KV_HCM_Q3,Quận 3,Quận 3,Hồ Chí Minh,1,truc_tiep,250000,web,hoat_dong,2026-04-03,MON_VAN,Ngữ văn,xa_hoi,LOP_09,Lớp 9,thcs,250000,HS_WB_0241,4.84,2026-03-11
GS_WB_0224,Đỗ Bảo Vy,nu,2002,Thac si,Quản trị Kinh doanh,DH_FPT,Đại học FPT,dai_hoc,KV_HCM_Q4,Quận 4,Quận 4,Hồ Chí Minh,5,ca_hai,150000,web,hoat_dong,2026-04-03,MON_LY,Vật lý,tu_nhien,LOP_09,Lớp 9,thcs,150000,,,
GS_WB_0225,Đỗ Bảo Vy,nu,2000,Ky su,Ngôn ngữ Anh,DH_TM,Đại học Thương mại,dai_hoc,KV_HCM_Q5,Quận 5,Quận 5,Hồ Chí Minh,8,online,250000,web,hoat_dong,2026-04-03,MON_VAN,Ngữ văn,xa_hoi,LOP_06,Lớp 6,thcs,250000,HS_WB_0977,4.14,2026-03-08
GS_WB_0226,Hoàng Thu Nhung,nu,1997,Ky su,Quản trị Kinh doanh,DH_KHTN_HN,Đại học Khoa học Tự nhiên Hà Nội,dai_hoc,KV_HN_BD,Ba Đình,Ba Đình,Hà Nội,2,ca_hai,150000,web,hoat_dong,2026-04-03,MON_TOAN,Toán,tu_nhien,LOP_12,Lớp 12,thpt,150000,,,
GS_WB_0227,Bùi Thu Hân,nu,1995,Cu nhan,Quản trị Kinh doanh,DH_BK_HCM,Đại học Bách Khoa TP.HCM,dai_hoc,KV_HN_LB,Long Biên,Long Biên,Hà Nội,8,online,250000,web,hoat_dong,2026-04-03,MON_ANH,Tiếng Anh,ngoai_ngu,LOP_10,Lớp 10,thpt,250000,HS_WB_0004,3.64,2026-03-22
GS_WB_0228,Nguyễn Minh Hùng,nam,1996,Thac si,Ngôn ngữ Anh,DH_Y_HN,Đại học Y Hà Nội,dai_hoc,KV_HCM_Q7,Quận 7,Quận 7,Hồ Chí Minh,5,truc_tiep,200000,web,hoat_dong,2026-04-03,MON_ANH,Tiếng Anh,ngoai_ngu,LOP_09,Lớp 9,thcs,200000,HS_WB_0591,4.61,2026-03-09
GS_WB_0229,Bùi Thị Mai,nu,1997,Thac si,Ngôn ngữ Anh,DH_KHTN_HCM,Đại học Khoa học Tự nhiên TP.HCM,dai_hoc,KV_HN_HM,Hoàng Mai,Hoàng Mai,Hà Nội,8,truc_tiep,180000,web,hoat_dong,2026-04-03,MON_ANH,Tiếng Anh,ngoai_ngu,LOP_12,Lớp 12,thpt,180000,HS_WB_0184,3.79,2026-03-04
GS_WB_0230,Vũ Thu Linh,nu,1995,Ky su,Sư phạm Toán,DH_KTQD,Đại học Kinh tế Quốc dân,dai_hoc,KV_DN_HC,Hải Châu,Hải Châu,Đà Nẵng,3,ca_hai,250000,web,hoat_dong,2026-04-03,MON_ANH,Tiếng Anh,ngoai_ngu,LOP_09,Lớp 9,thcs,250000,HS_WB_0240,4.26,2026-03-07
GS_WB_0231,Vũ Quang Khoa,nam,1999,Thac si,Sư phạm Toán,DH_XD,Đại học Xây dựng Hà Nội,dai_hoc,KV_HCM_Q1,Quận 1,Quận 1,Hồ Chí Minh,1,truc_tiep,250000,web,hoat_dong,2026-04-03,MON_ANH,Tiếng Anh,ngoai_ngu,LOP_10,Lớp 10,thpt,250000,HS_WB_0661,4.52,2026-03-05
GS_WB_0232,Vũ Trọng Khoa,nam,1997,Thac si,Sư phạm Toán,DH_KHTN_HN,Đại học Khoa học Tự nhiên Hà Nội,dai_hoc,KV_HCM_Q5,Quận 5,Quận 5,Hồ Chí Minh,8,truc_tiep,250000,web,hoat_dong,2026-04-03,MON_LY,Vật lý,tu_nhien,LOP_10,Lớp 10,thpt,250000,HS_WB_0379,4.05,2026-03-30
GS_WB_0233,Hoàng Bảo Thảo,nu,1995,Thac si,Công nghệ thông tin,DH_KTQD,Đại học Kinh tế Quốc dân,dai_hoc,KV_HN_BTL,Bắc Từ Liêm,Bắc Từ Liêm,Hà Nội,3,online,180000,web,hoat_dong,2026-04-03,MON_LY,Vật lý,tu_nhien,LOP_10,Lớp 10,thpt,180000,HS_WB_0779,4.26,2026-03-20
GS_WB_0234,Nguyễn Đình Khoa,nam,2002,Cu nhan,Quản trị Kinh doanh,DH_SP_HN,Đại học Sư phạm Hà Nội,dai_hoc,KV_HCM_Q4,Quận 4,Quận 4,Hồ Chí Minh,2,truc_tiep,200000,web,hoat_dong,2026-04-03,MON_ANH,Tiếng Anh,ngoai_ngu,LOP_12,Lớp 12,thpt,200000,,,
GS_WB_0235,Phạm Hồng Linh,nu,2003,Thac si,Quản trị Kinh doanh,DH_KTQD,Đại học Kinh tế Quốc dân,dai_hoc,KV_HN_BTL,Bắc Từ Liêm,Bắc Từ Liêm,Hà Nội,8,online,250000,web,hoat_dong,2026-04-03,MON_TOAN,Toán,tu_nhien,LOP_06,Lớp 6,thcs,250000,HS_WB_0265,3.77,2026-03-04
GS_WB_0236,Lê Xuân Hân,nu,2001,Cu nhan,Sư phạm Toán,DH_KHTN_HCM,Đại học Khoa học Tự nhiên TP.HCM,dai_hoc,KV_HN_TH,Tây Hồ,Tây Hồ,Hà Nội,8,truc_tiep,150000,web,hoat_dong,2026-04-03,MON_ANH,Tiếng Anh,ngoai_ngu,LOP_10,Lớp 10,thpt,150000,,,
GS_WB_0237,Ngô Đình Cường,nam,2002,Ky su,Sư phạm Toán,DH_TM,Đại học Thương mại,dai_hoc,KV_DN_CL,Cẩm Lệ,Cẩm Lệ,Đà Nẵng,5,online,150000,web,hoat_dong,2026-04-03,MON_LY,Vật lý,tu_nhien,LOP_09,Lớp 9,thcs,150000,HS_WB_0818,4.98,2026-03-09
GS_WB_0238,Nguyễn Hữu Hùng,nam,1998,Thac si,Quản trị Kinh doanh,DH_BK_HCM,Đại học Bách Khoa TP.HCM,dai_hoc,KV_HN_HD,Hà Đông,Hà Đông,Hà Nội,1,ca_hai,250000,web,hoat_dong,2026-04-03,MON_VAN,Ngữ văn,xa_hoi,LOP_12,Lớp 12,thpt,250000,HS_WB_0163,3.83,2026-03-26
GS_WB_0239,Vũ Đức Hùng,nam,1997,Thac si,Ngôn ngữ Anh,DH_NT_HN,Đại học Ngoại thương Hà Nội,dai_hoc,KV_HN_LB,Long Biên,Long Biên,Hà Nội,2,online,180000,web,hoat_dong,2026-04-03,MON_ANH,Tiếng Anh,ngoai_ngu,LOP_06,Lớp 6,thcs,180000,HS_WB_0520,4.85,2026-03-14
GS_WB_0240,Hoàng Hữu Kiệt,nam,2002,Ky su,Ngôn ngữ Anh,DH_QGHN,Đại học Quốc gia Hà Nội,dai_hoc,KV_HCM_Q7,Quận 7,Quận 7,Hồ Chí Minh,3,online,180000,web,hoat_dong,2026-04-03,MON_TOAN,Toán,tu_nhien,LOP_12,Lớp 12,thpt,180000,HS_WB_0648,4.22,2026-03-16
GS_WB_0241,Dương Hải Khoa,nam,2003,Ky su,Ngôn ngữ Anh,DH_Y_HN,Đại học Y Hà Nội,dai_hoc,KV_HN_TX,Thanh Xuân,Thanh Xuân,Hà Nội,3,online,150000,web,hoat_dong,2026-04-03,MON_LY,Vật lý,tu_nhien,LOP_06,Lớp 6,thcs,150000,,,
GS_WB_0242,Trần Văn Đạt,nam,1998,Ky su,Công nghệ thông tin,DH_XD,Đại học Xây dựng Hà Nội,dai_hoc,KV_HCM_Q4,Quận 4,Quận 4,Hồ Chí Minh,4,ca_hai,180000,web,hoat_dong,2026-04-03,MON_VAN,Ngữ văn,xa_hoi,LOP_09,Lớp 9,thcs,180000,HS_WB_0831,5.0,2026-03-15
GS_WB_0243,Trần Mai Hân,nu,2001,Ky su,Công nghệ thông tin,DH_CNTT,Đại học Công nghệ Thông tin TP.HCM,dai_hoc,KV_HCM_Q8,Quận 8,Quận 8,Hồ Chí Minh,2,truc_tiep,200000,web,hoat_dong,2026-04-03,MON_LY,Vật lý,tu_nhien,LOP_12,Lớp 12,thpt,200000,,,
GS_WB_0244,Đỗ Đình Kiệt,nam,1996,Thac si,Sư phạm Toán,DH_SP_HN,Đại học Sư phạm Hà Nội,dai_hoc,KV_HCM_Q8,Quận 8,Quận 8,Hồ Chí Minh,6,online,250000,web,hoat_dong,2026-04-03,MON_LY,Vật lý,tu_nhien,LOP_10,Lớp 10,thpt,250000,,,
GS_WB_0245,Hoàng Hữu Cường,nam,2001,Ky su,Ngôn ngữ Anh,DH_SP_HN,Đại học Sư phạm Hà Nội,dai_hoc,KV_HCM_Q3,Quận 3,Quận 3,Hồ Chí Minh,8,truc_tiep,150000,web,hoat_dong,2026-04-03,MON_VAN,Ngữ văn,xa_hoi,LOP_12,Lớp 12,thpt,150000,HS_WB_0379,4.7,2026-03-23
GS_WB_0246,Bùi Quang Cường,nam,1998,Thac si,Quản trị Kinh doanh,DH_BK_HN,Đại học Bách Khoa Hà Nội,dai_hoc,KV_HCM_Q5,Quận 5,Quận 5,Hồ Chí Minh,1,ca_hai,150000,web,hoat_dong,2026-04-03,MON_LY,Vật lý,tu_nhien,LOP_09,Lớp 9,thcs,150000,HS_WB_0635,3.69,2026-03-23
GS_WB_0247,Hoàng Hồng Châu,nu,2000,Ky su,Sư phạm Toán,DH_FPT,Đại học FPT,dai_hoc,KV_HN_NTL,Nam Từ Liêm,Nam Từ Liêm,Hà Nội,2,ca_hai,200000,web,hoat_dong,2026-04-03,MON_VAN,Ngữ văn,xa_hoi,LOP_12,Lớp 12,thpt,200000,HS_WB_0182,3.99,2026-03-05
GS_WB_0248,Vũ Minh Kiệt,nam,2001,Thac si,Quản trị Kinh doanh,DH_UEH,Đại học Kinh tế TP.HCM,dai_hoc,KV_HCM_TD,Thủ Đức,Thủ Đức,Hồ Chí Minh,3,ca_hai,180000,web,hoat_dong,2026-04-03,MON_VAN,Ngữ văn,xa_hoi,LOP_10,Lớp 10,thpt,180000,HS_WB_0205,4.33,2026-03-14
GS_WB_0249,Phạm Văn Huy,nam,2003,Cu nhan,Quản trị Kinh doanh,DH_KHTN_HCM,Đại học Khoa học Tự nhiên TP.HCM,dai_hoc,KV_HCM_Q1,Quận 1,Quận 1,Hồ Chí Minh,4,truc_tiep,180000,web,hoat_dong,2026-04-03,MON_TOAN,Toán,tu_nhien,LOP_09,Lớp 9,thcs,180000,,,
GS_WB_0250,Hoàng Bảo Hân,nu,2001,Ky su,Sư phạm Toán,DH_KTQD,Đại học Kinh tế Quốc dân,dai_hoc,KV_HN_TH,Tây Hồ,Tây Hồ,Hà Nội,3,truc_tiep,150000,web,hoat_dong,2026-04-03,MON_VAN,Ngữ văn,xa_hoi,LOP_06,Lớp 6,thcs,150000,,,
GS_WB_0251,Lý Thanh Vy,nu,2002,Thac si,Ngôn ngữ Anh,DH_KTQD,Đại học Kinh tế Quốc dân,dai_hoc,KV_HCM_BT,Bình Thạnh,Bình Thạnh,Hồ Chí Minh,8,online,250000,web,hoat_dong,2026-04-03,MON_ANH,Tiếng Anh,ngoai_ngu,LOP_09,Lớp 9,thcs,250000,HS_WB_0002,4.43,2026-03-22
GS_WB_0252,Đỗ Ngọc Trang,nu,2001,Thac si,Sư phạm Toán,DH_CNTT,Đại học Công nghệ Thông tin TP.HCM,dai_hoc,KV_HCM_PN,Phú Nhuận,Phú Nhuận,Hồ Chí Minh,4,truc_tiep,250000,web,hoat_dong,2026-04-03,MON_LY,Vật lý,tu_nhien,LOP_10,Lớp 10,thpt,250000,HS_WB_0799,4.66,2026-03-27
GS_WB_0253,Nguyễn Minh Tuấn,nam,1995,Cu nhan,Sư phạm Toán,DH_KT_DN,Đại học Kinh tế Đà Nẵng,dai_hoc,KV_HN_BTL,Bắc Từ Liêm,Bắc Từ Liêm,Hà Nội,1,truc_tiep,250000,web,hoat_dong,2026-04-03,MON_TOAN,Toán,tu_nhien,LOP_06,Lớp 6,thcs,250000,HS_WB_0158,3.8,2026-03-18
GS_WB_0254,Đỗ Thái Cường,nam,2000,Thac si,Sư phạm Toán,DH_KT_DN,Đại học Kinh tế Đà Nẵng,dai_hoc,KV_HCM_Q5,Quận 5,Quận 5,Hồ Chí Minh,5,online,200000,web,hoat_dong,2026-04-03,MON_LY,Vật lý,tu_nhien,LOP_12,Lớp 12,thpt,200000,HS_WB_0523,4.55,2026-03-24
GS_WB_0255,Lý Đức Đạt,nam,2001,Ky su,Sư phạm Toán,DH_KHTN_HN,Đại học Khoa học Tự nhiên Hà Nội,dai_hoc,KV_HN_BTL,Bắc Từ Liêm,Bắc Từ Liêm,Hà Nội,7,online,180000,web,hoat_dong,2026-04-03,MON_ANH,Tiếng Anh,ngoai_ngu,LOP_09,Lớp 9,thcs,180000,HS_WB_0769,4.93,2026-03-24
GS_WB_0256,Trần Ngọc Châu,nu,2002,Ky su,Quản trị Kinh doanh,DH_Y_HN,Đại học Y Hà Nội,dai_hoc,KV_HCM_TD,Thủ Đức,Thủ Đức,Hồ Chí Minh,5,online,200000,web,hoat_dong,2026-04-03,MON_ANH,Tiếng Anh,ngoai_ngu,LOP_10,Lớp 10,thpt,200000,HS_WB_0367,4.36,2026-03-27
GS_WB_0257,Lê Thái Phú,nam,2001,Ky su,Công nghệ thông tin,DH_XD,Đại học Xây dựng Hà Nội,dai_hoc,KV_HN_BTL,Bắc Từ Liêm,Bắc Từ Liêm,Hà Nội,3,truc_tiep,150000,web,hoat_dong,2026-04-03,MON_VAN,Ngữ văn,xa_hoi,LOP_09,Lớp 9,thcs,150000,HS_WB_0159,3.71,2026-03-10
GS_WB_0258,Ngô Thu Nhung,nu,1997,Thac si,Công nghệ thông tin,DH_Y_HCM,Đại học Y Dược TP.HCM,dai_hoc,KV_DN_HC,Hải Châu,Hải Châu,Đà Nẵng,6,ca_hai,180000,web,hoat_dong,2026-04-03,MON_ANH,Tiếng Anh,ngoai_ngu,LOP_12,Lớp 12,thpt,180000,HS_WB_0736,4.78,2026-03-19
GS_WB_0259,Lê Xuân Châu,nu,2000,Thac si,Công nghệ thông tin,DH_XD,Đại học Xây dựng Hà Nội,dai_hoc,KV_HN_CG,Cầu Giấy,Cầu Giấy,Hà Nội,3,online,200000,web,hoat_dong,2026-04-03,MON_ANH,Tiếng Anh,ngoai_ngu,LOP_06,Lớp 6,thcs,200000,HS_WB_0095,4.41,2026-03-16
GS_WB_0260,Lý Hoàng Trang,nu,1997,Ky su,Ngôn ngữ Anh,DH_KHTN_HCM,Đại học Khoa học Tự nhiên TP.HCM,dai_hoc,KV_HN_HM,Hoàng Mai,Hoàng Mai,Hà Nội,6,truc_tiep,150000,web,hoat_dong,2026-04-03,MON_LY,Vật lý,tu_nhien,LOP_10,Lớp 10,thpt,150000,,,
GS_WB_0261,Trần Văn Đạt,nam,1996,Ky su,Công nghệ thông tin,DH_XD,Đại học Xây dựng Hà Nội,dai_hoc,KV_HN_NTL,Nam Từ Liêm,Nam Từ Liêm,Hà Nội,1,ca_hai,250000,web,hoat_dong,2026-04-03,MON_LY,Vật lý,tu_nhien,LOP_12,Lớp 12,thpt,250000,HS_WB_0412,4.92,2026-03-26
GS_WB_0262,Đỗ Hồng Vy,nu,1996,Thac si,Công nghệ thông tin,DH_KHTN_HCM,Đại học Khoa học Tự nhiên TP.HCM,dai_hoc,KV_HN_HD,Hà Đông,Hà Đông,Hà Nội,6,ca_hai,180000,web,hoat_dong,2026-04-03,MON_LY,Vật lý,tu_nhien,LOP_12,Lớp 12,thpt,180000,,,
GS_WB_0263,Đặng Hồng Thu,nu,2001,Ky su,Sư phạm Toán,DH_SP_HCM,Đại học Sư phạm TP.HCM,dai_hoc,KV_DN_CL,Cẩm Lệ,Cẩm Lệ,Đà Nẵng,7,online,200000,web,hoat_dong,2026-04-03,MON_LY,Vật lý,tu_nhien,LOP_10,Lớp 10,thpt,200000,,,
GS_WB_0264,Nguyễn Thanh Thu,nu,2003,Cu nhan,Ngôn ngữ Anh,DH_DN,Đại học Đà Nẵng,dai_hoc,KV_HN_BTL,Bắc Từ Liêm,Bắc Từ Liêm,Hà Nội,2,ca_hai,200000,web,hoat_dong,2026-04-03,MON_ANH,Tiếng Anh,ngoai_ngu,LOP_06,Lớp 6,thcs,200000,HS_WB_0082,4.86,2026-03-07
GS_WB_0265,Trần Thị Hân,nu,2002,Thac si,Quản trị Kinh doanh,DH_NL_HCM,Đại học Nông Lâm TP.HCM,dai_hoc,KV_HN_HBT,Hai Bà Trưng,Hai Bà Trưng,Hà Nội,7,ca_hai,250000,web,hoat_dong,2026-04-03,MON_TOAN,Toán,tu_nhien,LOP_10,Lớp 10,thpt,250000,HS_WB_0201,4.23,2026-03-05
GS_WB_0266,Ngô Đình Cường,nam,1998,Cu nhan,Quản trị Kinh doanh,DH_NL_HCM,Đại học Nông Lâm TP.HCM,dai_hoc,KV_HCM_GV,Gò Vấp,Gò Vấp,Hồ Chí Minh,6,online,150000,web,hoat_dong,2026-04-03,MON_ANH,Tiếng Anh,ngoai_ngu,LOP_10,Lớp 10,thpt,150000,HS_WB_0412,4.49,2026-03-28
GS_WB_0267,Dương Mai Linh,nu,2002,Cu nhan,Sư phạm Toán,DH_NL_HCM,Đại học Nông Lâm TP.HCM,dai_hoc,KV_DN_CL,Cẩm Lệ,Cẩm Lệ,Đà Nẵng,7,ca_hai,250000,web,hoat_dong,2026-04-03,MON_ANH,Tiếng Anh,ngoai_ngu,LOP_09,Lớp 9,thcs,250000,HS_WB_0644,3.85,2026-03-17
GS_WB_0268,Đặng Đức Hùng,nam,2000,Thac si,Quản trị Kinh doanh,DH_KHTN_HCM,Đại học Khoa học Tự nhiên TP.HCM,dai_hoc,KV_HCM_PN,Phú Nhuận,Phú Nhuận,Hồ Chí Minh,3,online,250000,web,hoat_dong,2026-04-03,MON_TOAN,Toán,tu_nhien,LOP_10,Lớp 10,thpt,250000,HS_WB_0086,4.26,2026-03-07
GS_WB_0269,Đặng Xuân An,nu,2000,Thac si,Sư phạm Toán,DH_SP_HCM,Đại học Sư phạm TP.HCM,dai_hoc,KV_HN_HBT,Hai Bà Trưng,Hai Bà Trưng,Hà Nội,4,truc_tiep,250000,web,hoat_dong,2026-04-03,MON_VAN,Ngữ văn,xa_hoi,LOP_06,Lớp 6,thcs,250000,HS_WB_0490,3.99,2026-03-27
GS_WB_0270,Lê Hoàng Mai,nu,2000,Cu nhan,Ngôn ngữ Anh,DH_SP_HN,Đại học Sư phạm Hà Nội,dai_hoc,KV_HN_TH,Tây Hồ,Tây Hồ,Hà Nội,6,ca_hai,150000,web,hoat_dong,2026-04-03,MON_ANH,Tiếng Anh,ngoai_ngu,LOP_12,Lớp 12,thpt,150000,HS_WB_0142,3.64,2026-03-22
GS_WB_0271,Ngô Thị An,nu,1996,Thac si,Công nghệ thông tin,DH_GTVT,Đại học Giao thông Vận tải,dai_hoc,KV_DN_CL,Cẩm Lệ,Cẩm Lệ,Đà Nẵng,5,ca_hai,180000,web,hoat_dong,2026-04-03,MON_TOAN,Toán,tu_nhien,LOP_09,Lớp 9,thcs,180000,HS_WB_0488,4.41,2026-03-15
GS_WB_0272,Hoàng Hữu Đức,nam,2003,Ky su,Công nghệ thông tin,DH_NL_HCM,Đại học Nông Lâm TP.HCM,dai_hoc,KV_HN_HD,Hà Đông,Hà Đông,Hà Nội,8,truc_tiep,180000,web,hoat_dong,2026-04-03,MON_VAN,Ngữ văn,xa_hoi,LOP_10,Lớp 10,thpt,180000,,,
GS_WB_0273,Ngô Đình Cường,nam,2002,Cu nhan,Sư phạm Toán,DH_XD,Đại học Xây dựng Hà Nội,dai_hoc,KV_HCM_Q7,Quận 7,Quận 7,Hồ Chí Minh,7,ca_hai,200000,web,hoat_dong,2026-04-03,MON_ANH,Tiếng Anh,ngoai_ngu,LOP_09,Lớp 9,thcs,200000,HS_WB_0880,4.06,2026-03-07
GS_WB_0274,Ngô Ngọc Thu,nu,1995,Thac si,Quản trị Kinh doanh,DH_DN,Đại học Đà Nẵng,dai_hoc,KV_HCM_Q3,Quận 3,Quận 3,Hồ Chí Minh,5,online,200000,web,hoat_dong,2026-04-03,MON_VAN,Ngữ văn,xa_hoi,LOP_12,Lớp 12,thpt,200000,HS_WB_0145,4.62,2026-03-23
GS_WB_0275,Vũ Minh Hùng,nam,2003,Ky su,Công nghệ thông tin,DH_DN,Đại học Đà Nẵng,dai_hoc,KV_HN_LB,Long Biên,Long Biên,Hà Nội,7,online,250000,web,hoat_dong,2026-04-03,MON_TOAN,Toán,tu_nhien,LOP_06,Lớp 6,thcs,250000,HS_WB_0830,4.03,2026-03-06
GS_WB_0276,Bùi Hồng Nhung,nu,1997,Ky su,Ngôn ngữ Anh,DH_GTVT,Đại học Giao thông Vận tải,dai_hoc,KV_HN_HD,Hà Đông,Hà Đông,Hà Nội,5,ca_hai,150000,web,hoat_dong,2026-04-03,MON_TOAN,Toán,tu_nhien,LOP_10,Lớp 10,thpt,150000,HS_WB_0496,4.55,2026-03-19
GS_WB_0277,Đỗ Quang Hùng,nam,2003,Ky su,Quản trị Kinh doanh,DH_SP_HCM,Đại học Sư phạm TP.HCM,dai_hoc,KV_DN_NHS,Ngũ Hành Sơn,Ngũ Hành Sơn,Đà Nẵng,1,truc_tiep,180000,web,hoat_dong,2026-04-03,MON_TOAN,Toán,tu_nhien,LOP_10,Lớp 10,thpt,180000,HS_WB_0402,4.84,2026-03-22
GS_WB_0278,Bùi Thái Hùng,nam,2002,Ky su,Công nghệ thông tin,DH_SP_HN,Đại học Sư phạm Hà Nội,dai_hoc,KV_HCM_TP,Tân Phú,Tân Phú,Hồ Chí Minh,2,online,200000,web,hoat_dong,2026-04-03,MON_ANH,Tiếng Anh,ngoai_ngu,LOP_06,Lớp 6,thcs,200000,HS_WB_0744,3.95,2026-03-16
GS_WB_0279,Đặng Thu Châu,nu,2000,Cu nhan,Công nghệ thông tin,DH_KTQD,Đại học Kinh tế Quốc dân,dai_hoc,KV_HN_TX,Thanh Xuân,Thanh Xuân,Hà Nội,2,ca_hai,150000,web,hoat_dong,2026-04-03,MON_ANH,Tiếng Anh,ngoai_ngu,LOP_09,Lớp 9,thcs,150000,,,
GS_WB_0280,Đặng Thị Vy,nu,2002,Cu nhan,Sư phạm Toán,DH_KHTN_HCM,Đại học Khoa học Tự nhiên TP.HCM,dai_hoc,KV_HN_HK,Hoàn Kiếm,Hoàn Kiếm,Hà Nội,2,online,180000,web,hoat_dong,2026-04-03,MON_ANH,Tiếng Anh,ngoai_ngu,LOP_10,Lớp 10,thpt,180000,HS_WB_0845,4.06,2026-03-21
GS_WB_0281,Ngô Bảo Hân,nu,1995,Ky su,Công nghệ thông tin,DH_SP_HCM,Đại học Sư phạm TP.HCM,dai_hoc,KV_DN_LC,Liên Chiểu,Liên Chiểu,Đà Nẵng,1,ca_hai,150000,web,hoat_dong,2026-04-03,MON_TOAN,Toán,tu_nhien,LOP_06,Lớp 6,thcs,150000,HS_WB_0465,3.88,2026-03-06
GS_WB_0282,Lý Xuân Trang,nu,2003,Cu nhan,Ngôn ngữ Anh,DH_KHTN_HCM,Đại học Khoa học Tự nhiên TP.HCM,dai_hoc,KV_HCM_Q10,Quận 10,Quận 10,Hồ Chí Minh,6,online,150000,web,hoat_dong,2026-04-03,MON_VAN,Ngữ văn,xa_hoi,LOP_12,Lớp 12,thpt,150000,HS_WB_0211,3.89,2026-03-16
GS_WB_0283,Dương Ngọc Nhung,nu,1996,Ky su,Ngôn ngữ Anh,DH_Y_HCM,Đại học Y Dược TP.HCM,dai_hoc,KV_HCM_Q8,Quận 8,Quận 8,Hồ Chí Minh,7,online,200000,web,hoat_dong,2026-04-03,MON_LY,Vật lý,tu_nhien,LOP_12,Lớp 12,thpt,200000,HS_WB_0656,4.81,2026-03-25
GS_WB_0284,Nguyễn Hải Đức,nam,2000,Thac si,Ngôn ngữ Anh,DH_Y_HCM,Đại học Y Dược TP.HCM,dai_hoc,KV_HN_DD,Đống Đa,Đống Đa,Hà Nội,3,truc_tiep,200000,web,hoat_dong,2026-04-03,MON_LY,Vật lý,tu_nhien,LOP_12,Lớp 12,thpt,200000,HS_WB_0038,4.4,2026-03-06
GS_WB_0285,Trần Thanh Thảo,nu,2002,Cu nhan,Công nghệ thông tin,DH_KTQD,Đại học Kinh tế Quốc dân,dai_hoc,KV_HN_CG,Cầu Giấy,Cầu Giấy,Hà Nội,4,ca_hai,180000,web,hoat_dong,2026-04-03,MON_VAN,Ngữ văn,xa_hoi,LOP_10,Lớp 10,thpt,180000,HS_WB_0843,4.53,2026-03-18
GS_WB_0286,Dương Thái Khoa,nam,1996,Cu nhan,Sư phạm Toán,DH_SP_HCM,Đại học Sư phạm TP.HCM,dai_hoc,KV_HN_TX,Thanh Xuân,Thanh Xuân,Hà Nội,3,ca_hai,180000,web,hoat_dong,2026-04-03,MON_TOAN,Toán,tu_nhien,LOP_09,Lớp 9,thcs,180000,HS_WB_0773,4.66,2026-03-11
GS_WB_0287,Ngô Thu Linh,nu,1999,Cu nhan,Sư phạm Toán,DH_UEH,Đại học Kinh tế TP.HCM,dai_hoc,KV_HN_DD,Đống Đa,Đống Đa,Hà Nội,3,truc_tiep,250000,web,hoat_dong,2026-04-03,MON_LY,Vật lý,tu_nhien,LOP_09,Lớp 9,thcs,250000,HS_WB_0123,3.92,2026-03-10
GS_WB_0288,Ngô Thu Trang,nu,1999,Ky su,Quản trị Kinh doanh,DH_UEH,Đại học Kinh tế TP.HCM,dai_hoc,KV_DN_NHS,Ngũ Hành Sơn,Ngũ Hành Sơn,Đà Nẵng,1,truc_tiep,180000,web,hoat_dong,2026-04-03,MON_LY,Vật lý,tu_nhien,LOP_09,Lớp 9,thcs,180000,HS_WB_0286,3.64,2026-03-27
GS_WB_0289,Vũ Trọng Đức,nam,2001,Thac si,Công nghệ thông tin,DH_KTQD,Đại học Kinh tế Quốc dân,dai_hoc,KV_HCM_GV,Gò Vấp,Gò Vấp,Hồ Chí Minh,3,truc_tiep,250000,web,hoat_dong,2026-04-03,MON_LY,Vật lý,tu_nhien,LOP_12,Lớp 12,thpt,250000,HS_WB_0231,4.34,2026-03-04
GS_WB_0290,Lý Xuân Thảo,nu,1995,Cu nhan,Quản trị Kinh doanh,DH_CNTT,Đại học Công nghệ Thông tin TP.HCM,dai_hoc,KV_HN_LB,Long Biên,Long Biên,Hà Nội,8,ca_hai,200000,web,hoat_dong,2026-04-03,MON_TOAN,Toán,tu_nhien,LOP_12,Lớp 12,thpt,200000,HS_WB_0789,4.99,2026-04-01
GS_WB_0291,Phạm Thanh An,nu,2000,Thac si,Ngôn ngữ Anh,DH_KHTN_HCM,Đại học Khoa học Tự nhiên TP.HCM,dai_hoc,KV_HCM_Q3,Quận 3,Quận 3,Hồ Chí Minh,5,online,250000,web,hoat_dong,2026-04-03,MON_TOAN,Toán,tu_nhien,LOP_09,Lớp 9,thcs,250000,,,
GS_WB_0292,Dương Thị Châu,nu,1997,Ky su,Sư phạm Toán,DH_Y_HN,Đại học Y Hà Nội,dai_hoc,KV_DN_NHS,Ngũ Hành Sơn,Ngũ Hành Sơn,Đà Nẵng,2,online,250000,web,hoat_dong,2026-04-03,MON_VAN,Ngữ văn,xa_hoi,LOP_09,Lớp 9,thcs,250000,HS_WB_0394,4.77,2026-03-12
GS_WB_0293,Dương Trọng Tuấn,nam,2001,Cu nhan,Quản trị Kinh doanh,DH_UEH,Đại học Kinh tế TP.HCM,dai_hoc,KV_HCM_BT,Bình Thạnh,Bình Thạnh,Hồ Chí Minh,5,ca_hai,200000,web,hoat_dong,2026-04-03,MON_ANH,Tiếng Anh,ngoai_ngu,LOP_10,Lớp 10,thpt,200000,HS_WB_0223,4.31,2026-03-31
GS_WB_0294,Vũ Quang Kiệt,nam,1996,Thac si,Sư phạm Toán,DH_KHTN_HCM,Đại học Khoa học Tự nhiên TP.HCM,dai_hoc,KV_HCM_Q1,Quận 1,Quận 1,Hồ Chí Minh,5,truc_tiep,200000,web,hoat_dong,2026-04-03,MON_TOAN,Toán,tu_nhien,LOP_09,Lớp 9,thcs,200000,,,
GS_WB_0295,Bùi Quang Phú,nam,1996,Cu nhan,Công nghệ thông tin,DH_NL_HCM,Đại học Nông Lâm TP.HCM,dai_hoc,KV_HCM_Q3,Quận 3,Quận 3,Hồ Chí Minh,5,truc_tiep,250000,web,hoat_dong,2026-04-03,MON_ANH,Tiếng Anh,ngoai_ngu,LOP_10,Lớp 10,thpt,250000,,,
GS_WB_0296,Trần Xuân Thảo,nu,1998,Ky su,Sư phạm Toán,DH_KT_DN,Đại học Kinh tế Đà Nẵng,dai_hoc,KV_DN_TK,Thanh Khê,Thanh Khê,Đà Nẵng,6,online,150000,web,hoat_dong,2026-04-03,MON_LY,Vật lý,tu_nhien,LOP_10,Lớp 10,thpt,150000,HS_WB_0870,4.47,2026-03-11
GS_WB_0297,Lê Thanh Mai,nu,1996,Ky su,Công nghệ thông tin,DH_BK_HCM,Đại học Bách Khoa TP.HCM,dai_hoc,KV_HCM_GV,Gò Vấp,Gò Vấp,Hồ Chí Minh,4,online,200000,web,hoat_dong,2026-04-03,MON_VAN,Ngữ văn,xa_hoi,LOP_12,Lớp 12,thpt,200000,HS_WB_0722,4.41,2026-03-04
GS_WB_0298,Phạm Thái Đạt,nam,1999,Thac si,Sư phạm Toán,DH_KT_DN,Đại học Kinh tế Đà Nẵng,dai_hoc,KV_HN_BD,Ba Đình,Ba Đình,Hà Nội,6,online,150000,web,hoat_dong,2026-04-03,MON_ANH,Tiếng Anh,ngoai_ngu,LOP_12,Lớp 12,thpt,150000,HS_WB_0140,4.01,2026-03-18
GS_WB_0299,Ngô Bảo Vy,nu,2001,Thac si,Quản trị Kinh doanh,DH_NL_HCM,Đại học Nông Lâm TP.HCM,dai_hoc,KV_HN_HK,Hoàn Kiếm,Hoàn Kiếm,Hà Nội,1,online,200000,web,hoat_dong,2026-04-03,MON_ANH,Tiếng Anh,ngoai_ngu,LOP_06,Lớp 6,thcs,200000,HS_WB_0552,4.69,2026-03-13
GS_WB_0300,Dương Quang Phú,nam,2000,Ky su,Công nghệ thông tin,DH_XD,Đại học Xây dựng Hà Nội,dai_hoc,KV_DN_TK,Thanh Khê,Thanh Khê,Đà Nẵng,3,online,180000,web,hoat_dong,2026-04-03,MON_ANH,Tiếng Anh,ngoai_ngu,LOP_12,Lớp 12,thpt,180000,HS_WB_0989,4.89,2026-03-16
GS_WB_0301,Lý Thu Trang,nu,1996,Cu nhan,Ngôn ngữ Anh,DH_CNTT,Đại học Công nghệ Thông tin TP.HCM,dai_hoc,KV_HCM_TP,Tân Phú,Tân Phú,Hồ Chí Minh,3,truc_tiep,200000,web,hoat_dong,2026-04-03,MON_TOAN,Toán,tu_nhien,LOP_09,Lớp 9,thcs,200000,HS_WB_0849,4.66,2026-03-24
GS_WB_0302,Lê Xuân Vy,nu,2002,Ky su,Ngôn ngữ Anh,DH_Y_HN,Đại học Y Hà Nội,dai_hoc,KV_DN_CL,Cẩm Lệ,Cẩm Lệ,Đà Nẵng,3,truc_tiep,250000,web,hoat_dong,2026-04-03,MON_LY,Vật lý,tu_nhien,LOP_12,Lớp 12,thpt,250000,HS_WB_0055,4.45,2026-03-19
GS_WB_0303,Dương Bảo Thu,nu,2000,Thac si,Sư phạm Toán,DH_SP_HN,Đại học Sư phạm Hà Nội,dai_hoc,KV_HCM_GV,Gò Vấp,Gò Vấp,Hồ Chí Minh,6,ca_hai,200000,web,hoat_dong,2026-04-03,MON_TOAN,Toán,tu_nhien,LOP_09,Lớp 9,thcs,200000,HS_WB_0645,3.87,2026-03-30
GS_WB_0304,Dương Hải Đức,nam,1996,Ky su,Quản trị Kinh doanh,DH_Y_HN,Đại học Y Hà Nội,dai_hoc,KV_HCM_Q7,Quận 7,Quận 7,Hồ Chí Minh,2,online,200000,web,hoat_dong,2026-04-03,MON_ANH,Tiếng Anh,ngoai_ngu,LOP_12,Lớp 12,thpt,200000,HS_WB_0146,4.17,2026-03-05
GS_WB_0305,Dương Thanh Châu,nu,1995,Thac si,Ngôn ngữ Anh,DH_NT_HN,Đại học Ngoại thương Hà Nội,dai_hoc,KV_HN_HK,Hoàn Kiếm,Hoàn Kiếm,Hà Nội,5,ca_hai,250000,web,hoat_dong,2026-04-03,MON_VAN,Ngữ văn,xa_hoi,LOP_12,Lớp 12,thpt,250000,HS_WB_0999,3.68,2026-03-28
GS_WB_0306,Phạm Thị Thảo,nu,1995,Cu nhan,Quản trị Kinh doanh,DH_NT_HN,Đại học Ngoại thương Hà Nội,dai_hoc,KV_HCM_GV,Gò Vấp,Gò Vấp,Hồ Chí Minh,3,ca_hai,180000,web,hoat_dong,2026-04-03,MON_VAN,Ngữ văn,xa_hoi,LOP_09,Lớp 9,thcs,180000,HS_WB_0421,4.37,2026-03-08
GS_WB_0307,Nguyễn Văn Phú,nam,2003,Ky su,Ngôn ngữ Anh,DH_FPT,Đại học FPT,dai_hoc,KV_DN_ST,Sơn Trà,Sơn Trà,Đà Nẵng,7,ca_hai,250000,web,hoat_dong,2026-04-03,MON_TOAN,Toán,tu_nhien,LOP_06,Lớp 6,thcs,250000,HS_WB_0423,4.72,2026-03-31
GS_WB_0308,Phạm Xuân An,nu,1995,Ky su,Ngôn ngữ Anh,DH_GTVT,Đại học Giao thông Vận tải,dai_hoc,KV_HCM_TB,Tân Bình,Tân Bình,Hồ Chí Minh,2,truc_tiep,250000,web,hoat_dong,2026-04-03,MON_VAN,Ngữ văn,xa_hoi,LOP_10,Lớp 10,thpt,250000,HS_WB_0506,4.85,2026-03-07
GS_WB_0309,Ngô Hải Nam,nam,2000,Ky su,Sư phạm Toán,DH_XD,Đại học Xây dựng Hà Nội,dai_hoc,KV_HN_TX,Thanh Xuân,Thanh Xuân,Hà Nội,5,ca_hai,180000,web,hoat_dong,2026-04-03,MON_VAN,Ngữ văn,xa_hoi,LOP_09,Lớp 9,thcs,180000,HS_WB_0598,4.23,2026-03-23
GS_WB_0310,Lê Đình Huy,nam,2000,Thac si,Công nghệ thông tin,DH_QGHN,Đại học Quốc gia Hà Nội,dai_hoc,KV_HCM_TD,Thủ Đức,Thủ Đức,Hồ Chí Minh,5,online,180000,web,hoat_dong,2026-04-03,MON_ANH,Tiếng Anh,ngoai_ngu,LOP_09,Lớp 9,thcs,180000,HS_WB_0692,4.3,2026-03-28
GS_WB_0311,Dương Đức Đức,nam,2001,Cu nhan,Quản trị Kinh doanh,DH_SP_HN,Đại học Sư phạm Hà Nội,dai_hoc,KV_DN_LC,Liên Chiểu,Liên Chiểu,Đà Nẵng,8,truc_tiep,180000,web,hoat_dong,2026-04-03,MON_TOAN,Toán,tu_nhien,LOP_10,Lớp 10,thpt,180000,HS_WB_0791,4.29,2026-03-10
GS_WB_0312,Ngô Đức Phú,nam,1997,Cu nhan,Quản trị Kinh doanh,DH_BK_HN,Đại học Bách Khoa Hà Nội,dai_hoc,KV_HCM_Q3,Quận 3,Quận 3,Hồ Chí Minh,4,truc_tiep,180000,web,hoat_dong,2026-04-03,MON_LY,Vật lý,tu_nhien,LOP_09,Lớp 9,thcs,180000,HS_WB_0335,4.76,2026-03-18
GS_WB_0313,Đặng Trọng Đạt,nam,2002,Ky su,Quản trị Kinh doanh,DH_CNTT,Đại học Công nghệ Thông tin TP.HCM,dai_hoc,KV_HCM_Q5,Quận 5,Quận 5,Hồ Chí Minh,7,ca_hai,250000,web,hoat_dong,2026-04-03,MON_ANH,Tiếng Anh,ngoai_ngu,LOP_10,Lớp 10,thpt,250000,HS_WB_0682,4.65,2026-03-11
GS_WB_0314,Dương Xuân Thảo,nu,1998,Thac si,Ngôn ngữ Anh,DH_Y_HN,Đại học Y Hà Nội,dai_hoc,KV_HN_TH,Tây Hồ,Tây Hồ,Hà Nội,8,ca_hai,180000,web,hoat_dong,2026-04-03,MON_ANH,Tiếng Anh,ngoai_ngu,LOP_06,Lớp 6,thcs,180000,HS_WB_0209,4.79,2026-03-05
GS_WB_0315,Hoàng Bảo Thảo,nu,2002,Cu nhan,Sư phạm Toán,DH_QGHN,Đại học Quốc gia Hà Nội,dai_hoc,KV_DN_TK,Thanh Khê,Thanh Khê,Đà Nẵng,1,ca_hai,180000,web,hoat_dong,2026-04-03,MON_ANH,Tiếng Anh,ngoai_ngu,LOP_10,Lớp 10,thpt,180000,HS_WB_0892,4.88,2026-03-10
GS_WB_0316,Trần Thu Vy,nu,1997,Ky su,Ngôn ngữ Anh,DH_GTVT,Đại học Giao thông Vận tải,dai_hoc,KV_HN_TX,Thanh Xuân,Thanh Xuân,Hà Nội,1,ca_hai,180000,web,hoat_dong,2026-04-03,MON_LY,Vật lý,tu_nhien,LOP_10,Lớp 10,thpt,180000,HS_WB_0667,4.49,2026-03-28
GS_WB_0317,Đặng Thu Linh,nu,2001,Cu nhan,Ngôn ngữ Anh,DH_KHTN_HN,Đại học Khoa học Tự nhiên Hà Nội,dai_hoc,KV_HN_HK,Hoàn Kiếm,Hoàn Kiếm,Hà Nội,5,truc_tiep,200000,web,hoat_dong,2026-04-03,MON_ANH,Tiếng Anh,ngoai_ngu,LOP_09,Lớp 9,thcs,200000,HS_WB_0932,4.99,2026-03-12
GS_WB_0318,Dương Ngọc An,nu,1998,Thac si,Ngôn ngữ Anh,DH_Y_HN,Đại học Y Hà Nội,dai_hoc,KV_HCM_TP,Tân Phú,Tân Phú,Hồ Chí Minh,6,truc_tiep,150000,web,hoat_dong,2026-04-03,MON_VAN,Ngữ văn,xa_hoi,LOP_09,Lớp 9,thcs,150000,HS_WB_0440,4.3,2026-03-15
GS_WB_0319,Lê Thanh Trang,nu,1997,Cu nhan,Quản trị Kinh doanh,DH_BK_HCM,Đại học Bách Khoa TP.HCM,dai_hoc,KV_HN_LB,Long Biên,Long Biên,Hà Nội,8,ca_hai,150000,web,hoat_dong,2026-04-03,MON_ANH,Tiếng Anh,ngoai_ngu,LOP_06,Lớp 6,thcs,150000,HS_WB_0772,4.55,2026-03-06
GS_WB_0320,Lê Minh Huy,nam,1996,Cu nhan,Sư phạm Toán,DH_TM,Đại học Thương mại,dai_hoc,KV_HCM_TB,Tân Bình,Tân Bình,Hồ Chí Minh,8,truc_tiep,250000,web,hoat_dong,2026-04-03,MON_ANH,Tiếng Anh,ngoai_ngu,LOP_10,Lớp 10,thpt,250000,HS_WB_0494,3.59,2026-03-27
GS_WB_0321,Đỗ Thị Nhung,nu,1995,Ky su,Ngôn ngữ Anh,DH_FPT,Đại học FPT,dai_hoc,KV_HN_NTL,Nam Từ Liêm,Nam Từ Liêm,Hà Nội,6,truc_tiep,180000,web,hoat_dong,2026-04-03,MON_VAN,Ngữ văn,xa_hoi,LOP_10,Lớp 10,thpt,180000,HS_WB_0160,4.73,2026-03-25
GS_WB_0322,Ngô Quang Hùng,nam,2002,Thac si,Sư phạm Toán,DH_QGHN,Đại học Quốc gia Hà Nội,dai_hoc,KV_HN_HD,Hà Đông,Hà Đông,Hà Nội,8,truc_tiep,250000,web,hoat_dong,2026-04-03,MON_LY,Vật lý,tu_nhien,LOP_12,Lớp 12,thpt,250000,HS_WB_0440,3.56,2026-03-29
GS_WB_0323,Dương Ngọc Hân,nu,1997,Cu nhan,Ngôn ngữ Anh,DH_SP_HN,Đại học Sư phạm Hà Nội,dai_hoc,KV_HN_LB,Long Biên,Long Biên,Hà Nội,6,online,150000,web,hoat_dong,2026-04-03,MON_LY,Vật lý,tu_nhien,LOP_09,Lớp 9,thcs,150000,HS_WB_0070,3.61,2026-03-18
GS_WB_0324,Hoàng Đức Huy,nam,1999,Cu nhan,Ngôn ngữ Anh,DH_SP_HCM,Đại học Sư phạm TP.HCM,dai_hoc,KV_HN_TH,Tây Hồ,Tây Hồ,Hà Nội,3,ca_hai,200000,web,hoat_dong,2026-04-03,MON_VAN,Ngữ văn,xa_hoi,LOP_10,Lớp 10,thpt,200000,HS_WB_0025,3.52,2026-03-10
GS_WB_0325,Lý Thanh Thu,nu,1998,Thac si,Sư phạm Toán,DH_BK_HN,Đại học Bách Khoa Hà Nội,dai_hoc,KV_DN_TK,Thanh Khê,Thanh Khê,Đà Nẵng,2,truc_tiep,250000,web,hoat_dong,2026-04-03,MON_TOAN,Toán,tu_nhien,LOP_06,Lớp 6,thcs,250000,HS_WB_0088,4.31,2026-03-27
GS_WB_0326,Lê Hữu Đức,nam,2001,Ky su,Sư phạm Toán,DH_QGHN,Đại học Quốc gia Hà Nội,dai_hoc,KV_HN_CG,Cầu Giấy,Cầu Giấy,Hà Nội,1,ca_hai,200000,web,hoat_dong,2026-04-03,MON_LY,Vật lý,tu_nhien,LOP_12,Lớp 12,thpt,200000,HS_WB_0804,4.4,2026-03-07
GS_WB_0327,Lê Hoàng Mai,nu,2003,Cu nhan,Sư phạm Toán,DH_KHTN_HCM,Đại học Khoa học Tự nhiên TP.HCM,dai_hoc,KV_HN_CG,Cầu Giấy,Cầu Giấy,Hà Nội,8,ca_hai,150000,web,hoat_dong,2026-04-03,MON_LY,Vật lý,tu_nhien,LOP_10,Lớp 10,thpt,150000,HS_WB_0069,4.18,2026-03-23
GS_WB_0328,Dương Xuân Mai,nu,1997,Ky su,Quản trị Kinh doanh,DH_SP_HN,Đại học Sư phạm Hà Nội,dai_hoc,KV_HCM_Q3,Quận 3,Quận 3,Hồ Chí Minh,8,online,250000,web,hoat_dong,2026-04-03,MON_LY,Vật lý,tu_nhien,LOP_06,Lớp 6,thcs,250000,HS_WB_0095,3.77,2026-03-08
GS_WB_0329,Vũ Hữu Kiệt,nam,2001,Cu nhan,Sư phạm Toán,DH_SP_HCM,Đại học Sư phạm TP.HCM,dai_hoc,KV_HN_BD,Ba Đình,Ba Đình,Hà Nội,5,truc_tiep,180000,web,hoat_dong,2026-04-03,MON_LY,Vật lý,tu_nhien,LOP_12,Lớp 12,thpt,180000,HS_WB_0235,4.57,2026-04-02
GS_WB_0330,Hoàng Hoàng Châu,nu,1995,Thac si,Công nghệ thông tin,DH_XD,Đại học Xây dựng Hà Nội,dai_hoc,KV_HCM_Q10,Quận 10,Quận 10,Hồ Chí Minh,1,online,200000,web,hoat_dong,2026-04-03,MON_ANH,Tiếng Anh,ngoai_ngu,LOP_09,Lớp 9,thcs,200000,HS_WB_0245,4.57,2026-04-01
GS_WB_0331,Trần Hữu Phú,nam,2003,Cu nhan,Công nghệ thông tin,DH_KT_DN,Đại học Kinh tế Đà Nẵng,dai_hoc,KV_HN_DD,Đống Đa,Đống Đa,Hà Nội,4,truc_tiep,150000,web,hoat_dong,2026-04-03,MON_TOAN,Toán,tu_nhien,LOP_12,Lớp 12,thpt,150000,HS_WB_0593,4.11,2026-03-26
GS_WB_0332,Hoàng Ngọc Châu,nu,1996,Ky su,Quản trị Kinh doanh,DH_CNTT,Đại học Công nghệ Thông tin TP.HCM,dai_hoc,KV_HCM_Q7,Quận 7,Quận 7,Hồ Chí Minh,1,truc_tiep,250000,web,hoat_dong,2026-04-03,MON_LY,Vật lý,tu_nhien,LOP_10,Lớp 10,thpt,250000,HS_WB_0838,4.09,2026-03-10
GS_WB_0333,Ngô Ngọc Nhung,nu,1995,Cu nhan,Ngôn ngữ Anh,DH_GTVT,Đại học Giao thông Vận tải,dai_hoc,KV_HCM_TP,Tân Phú,Tân Phú,Hồ Chí Minh,6,ca_hai,200000,web,hoat_dong,2026-04-03,MON_TOAN,Toán,tu_nhien,LOP_09,Lớp 9,thcs,200000,HS_WB_0282,4.63,2026-03-16
GS_WB_0334,Phạm Hải Đạt,nam,1998,Cu nhan,Sư phạm Toán,DH_KT_DN,Đại học Kinh tế Đà Nẵng,dai_hoc,KV_HN_BD,Ba Đình,Ba Đình,Hà Nội,8,online,200000,web,hoat_dong,2026-04-03,MON_LY,Vật lý,tu_nhien,LOP_06,Lớp 6,thcs,200000,HS_WB_0027,4.18,2026-03-05
GS_WB_0335,Ngô Trọng Khoa,nam,1996,Thac si,Công nghệ thông tin,DH_FPT,Đại học FPT,dai_hoc,KV_DN_LC,Liên Chiểu,Liên Chiểu,Đà Nẵng,4,online,180000,web,hoat_dong,2026-04-03,MON_ANH,Tiếng Anh,ngoai_ngu,LOP_10,Lớp 10,thpt,180000,HS_WB_0259,3.51,2026-03-05
GS_WB_0336,Ngô Ngọc Linh,nu,1998,Ky su,Ngôn ngữ Anh,DH_BK_HCM,Đại học Bách Khoa TP.HCM,dai_hoc,KV_HCM_Q7,Quận 7,Quận 7,Hồ Chí Minh,6,online,250000,web,hoat_dong,2026-04-03,MON_TOAN,Toán,tu_nhien,LOP_12,Lớp 12,thpt,250000,HS_WB_0545,3.57,2026-03-11
GS_WB_0337,Bùi Hải Huy,nam,1995,Thac si,Quản trị Kinh doanh,DH_BK_HN,Đại học Bách Khoa Hà Nội,dai_hoc,KV_HCM_Q1,Quận 1,Quận 1,Hồ Chí Minh,1,ca_hai,200000,web,hoat_dong,2026-04-03,MON_LY,Vật lý,tu_nhien,LOP_09,Lớp 9,thcs,200000,HS_WB_0328,4.53,2026-04-01
GS_WB_0338,Lý Hoàng Hân,nu,1996,Thac si,Công nghệ thông tin,DH_Y_HN,Đại học Y Hà Nội,dai_hoc,KV_DN_LC,Liên Chiểu,Liên Chiểu,Đà Nẵng,1,truc_tiep,250000,web,hoat_dong,2026-04-03,MON_VAN,Ngữ văn,xa_hoi,LOP_09,Lớp 9,thcs,250000,HS_WB_0103,4.82,2026-04-02
GS_WB_0339,Dương Ngọc An,nu,1998,Cu nhan,Quản trị Kinh doanh,DH_Y_HCM,Đại học Y Dược TP.HCM,dai_hoc,KV_HN_DD,Đống Đa,Đống Đa,Hà Nội,6,truc_tiep,150000,web,hoat_dong,2026-04-03,MON_LY,Vật lý,tu_nhien,LOP_06,Lớp 6,thcs,150000,HS_WB_0591,4.48,2026-03-14
GS_WB_0340,Trần Hồng Thu,nu,1995,Thac si,Sư phạm Toán,DH_BK_HN,Đại học Bách Khoa Hà Nội,dai_hoc,KV_HCM_TP,Tân Phú,Tân Phú,Hồ Chí Minh,5,online,180000,web,hoat_dong,2026-04-03,MON_ANH,Tiếng Anh,ngoai_ngu,LOP_12,Lớp 12,thpt,180000,HS_WB_0370,4.89,2026-03-30
GS_WB_0341,Nguyễn Thanh Châu,nu,1996,Ky su,Công nghệ thông tin,DH_TM,Đại học Thương mại,dai_hoc,KV_HN_HM,Hoàng Mai,Hoàng Mai,Hà Nội,3,ca_hai,200000,web,hoat_dong,2026-04-03,MON_LY,Vật lý,tu_nhien,LOP_06,Lớp 6,thcs,200000,HS_WB_0257,3.99,2026-03-10
GS_WB_0342,Đặng Mai Châu,nu,2003,Cu nhan,Sư phạm Toán,DH_Y_HN,Đại học Y Hà Nội,dai_hoc,KV_HN_HBT,Hai Bà Trưng,Hai Bà Trưng,Hà Nội,6,ca_hai,200000,web,hoat_dong,2026-04-03,MON_ANH,Tiếng Anh,ngoai_ngu,LOP_06,Lớp 6,thcs,200000,HS_WB_0540,4.51,2026-03-06
GS_WB_0343,Đỗ Minh Nam,nam,2001,Cu nhan,Công nghệ thông tin,DH_KHTN_HN,Đại học Khoa học Tự nhiên Hà Nội,dai_hoc,KV_HN_BTL,Bắc Từ Liêm,Bắc Từ Liêm,Hà Nội,5,truc_tiep,200000,web,hoat_dong,2026-04-03,MON_VAN,Ngữ văn,xa_hoi,LOP_12,Lớp 12,thpt,200000,,,
GS_WB_0344,Phạm Đình Tuấn,nam,1997,Thac si,Quản trị Kinh doanh,DH_TM,Đại học Thương mại,dai_hoc,KV_HCM_Q7,Quận 7,Quận 7,Hồ Chí Minh,5,truc_tiep,150000,web,hoat_dong,2026-04-03,MON_LY,Vật lý,tu_nhien,LOP_09,Lớp 9,thcs,150000,HS_WB_0089,4.99,2026-03-12
GS_WB_0345,Hoàng Mai Thảo,nu,2002,Ky su,Ngôn ngữ Anh,DH_XD,Đại học Xây dựng Hà Nội,dai_hoc,KV_HCM_BT,Bình Thạnh,Bình Thạnh,Hồ Chí Minh,8,online,150000,web,hoat_dong,2026-04-03,MON_ANH,Tiếng Anh,ngoai_ngu,LOP_12,Lớp 12,thpt,150000,HS_WB_0298,4.55,2026-03-10
GS_WB_0346,Nguyễn Văn Hùng,nam,1996,Cu nhan,Công nghệ thông tin,DH_CNTT,Đại học Công nghệ Thông tin TP.HCM,dai_hoc,KV_HN_TX,Thanh Xuân,Thanh Xuân,Hà Nội,5,online,250000,web,hoat_dong,2026-04-03,MON_VAN,Ngữ văn,xa_hoi,LOP_06,Lớp 6,thcs,250000,HS_WB_0059,3.99,2026-03-16
GS_WB_0347,Vũ Hồng Hân,nu,1998,Ky su,Công nghệ thông tin,DH_BK_HCM,Đại học Bách Khoa TP.HCM,dai_hoc,KV_HCM_Q1,Quận 1,Quận 1,Hồ Chí Minh,3,online,250000,web,hoat_dong,2026-04-03,MON_ANH,Tiếng Anh,ngoai_ngu,LOP_12,Lớp 12,thpt,250000,HS_WB_0453,4.24,2026-03-25
GS_WB_0348,Bùi Thị Nhung,nu,2000,Thac si,Sư phạm Toán,DH_BK_HCM,Đại học Bách Khoa TP.HCM,dai_hoc,KV_DN_NHS,Ngũ Hành Sơn,Ngũ Hành Sơn,Đà Nẵng,4,ca_hai,180000,web,hoat_dong,2026-04-03,MON_VAN,Ngữ văn,xa_hoi,LOP_09,Lớp 9,thcs,180000,HS_WB_0222,4.7,2026-03-04
GS_WB_0349,Đặng Hoàng Thảo,nu,1995,Ky su,Công nghệ thông tin,DH_SP_HN,Đại học Sư phạm Hà Nội,dai_hoc,KV_HCM_Q7,Quận 7,Quận 7,Hồ Chí Minh,4,online,200000,web,hoat_dong,2026-04-03,MON_ANH,Tiếng Anh,ngoai_ngu,LOP_10,Lớp 10,thpt,200000,,,
GS_WB_0350,Vũ Quang Cường,nam,2003,Cu nhan,Công nghệ thông tin,DH_DN,Đại học Đà Nẵng,dai_hoc,KV_DN_HC,Hải Châu,Hải Châu,Đà Nẵng,3,ca_hai,200000,web,hoat_dong,2026-04-03,MON_ANH,Tiếng Anh,ngoai_ngu,LOP_09,Lớp 9,thcs,200000,HS_WB_0416,4.35,2026-03-05
GS_WB_0351,Bùi Văn Hùng,nam,2000,Cu nhan,Công nghệ thông tin,DH_SP_HN,Đại học Sư phạm Hà Nội,dai_hoc,KV_HCM_Q3,Quận 3,Quận 3,Hồ Chí Minh,2,truc_tiep,250000,web,hoat_dong,2026-04-03,MON_LY,Vật lý,tu_nhien,LOP_09,Lớp 9,thcs,250000,HS_WB_0395,3.97,2026-03-18
GS_WB_0352,Ngô Văn Nam,nam,1998,Ky su,Ngôn ngữ Anh,DH_BK_HCM,Đại học Bách Khoa TP.HCM,dai_hoc,KV_HCM_Q4,Quận 4,Quận 4,Hồ Chí Minh,7,truc_tiep,250000,web,hoat_dong,2026-04-03,MON_VAN,Ngữ văn,xa_hoi,LOP_10,Lớp 10,thpt,250000,HS_WB_0558,4.31,2026-04-01
GS_WB_0353,Lý Đức Hùng,nam,1998,Thac si,Ngôn ngữ Anh,DH_CNTT,Đại học Công nghệ Thông tin TP.HCM,dai_hoc,KV_HN_HM,Hoàng Mai,Hoàng Mai,Hà Nội,3,online,250000,web,hoat_dong,2026-04-03,MON_VAN,Ngữ văn,xa_hoi,LOP_10,Lớp 10,thpt,250000,HS_WB_0164,4.44,2026-03-18
GS_WB_0354,Vũ Văn Tuấn,nam,2003,Thac si,Quản trị Kinh doanh,DH_KHTN_HN,Đại học Khoa học Tự nhiên Hà Nội,dai_hoc,KV_HN_HBT,Hai Bà Trưng,Hai Bà Trưng,Hà Nội,2,online,180000,web,hoat_dong,2026-04-03,MON_TOAN,Toán,tu_nhien,LOP_06,Lớp 6,thcs,180000,HS_WB_0579,4.47,2026-03-20
GS_WB_0355,Vũ Minh Đức,nam,1998,Cu nhan,Sư phạm Toán,DH_DN,Đại học Đà Nẵng,dai_hoc,KV_HCM_PN,Phú Nhuận,Phú Nhuận,Hồ Chí Minh,5,ca_hai,150000,web,hoat_dong,2026-04-03,MON_VAN,Ngữ văn,xa_hoi,LOP_09,Lớp 9,thcs,150000,,,
GS_WB_0356,Đặng Bảo An,nu,2000,Ky su,Quản trị Kinh doanh,DH_KTQD,Đại học Kinh tế Quốc dân,dai_hoc,KV_HN_HM,Hoàng Mai,Hoàng Mai,Hà Nội,4,ca_hai,180000,web,hoat_dong,2026-04-03,MON_LY,Vật lý,tu_nhien,LOP_10,Lớp 10,thpt,180000,HS_WB_0567,4.73,2026-03-13
GS_WB_0357,Lý Bảo Linh,nu,1998,Ky su,Ngôn ngữ Anh,DH_SP_HN,Đại học Sư phạm Hà Nội,dai_hoc,KV_HCM_Q1,Quận 1,Quận 1,Hồ Chí Minh,1,ca_hai,250000,web,hoat_dong,2026-04-03,MON_ANH,Tiếng Anh,ngoai_ngu,LOP_10,Lớp 10,thpt,250000,,,
GS_WB_0358,Đặng Minh Nam,nam,1995,Thac si,Sư phạm Toán,DH_CNTT,Đại học Công nghệ Thông tin TP.HCM,dai_hoc,KV_HN_BD,Ba Đình,Ba Đình,Hà Nội,5,ca_hai,200000,web,hoat_dong,2026-04-03,MON_LY,Vật lý,tu_nhien,LOP_10,Lớp 10,thpt,200000,HS_WB_0527,4.32,2026-03-07
GS_WB_0359,Phạm Đình Đức,nam,1995,Thac si,Quản trị Kinh doanh,DH_DN,Đại học Đà Nẵng,dai_hoc,KV_HN_HBT,Hai Bà Trưng,Hai Bà Trưng,Hà Nội,4,truc_tiep,250000,web,hoat_dong,2026-04-03,MON_VAN,Ngữ văn,xa_hoi,LOP_06,Lớp 6,thcs,250000,HS_WB_0571,3.74,2026-03-10
GS_WB_0360,Dương Xuân Nhung,nu,1998,Thac si,Sư phạm Toán,DH_KHTN_HCM,Đại học Khoa học Tự nhiên TP.HCM,dai_hoc,KV_DN_HC,Hải Châu,Hải Châu,Đà Nẵng,7,ca_hai,200000,web,hoat_dong,2026-04-03,MON_VAN,Ngữ văn,xa_hoi,LOP_10,Lớp 10,thpt,200000,HS_WB_0750,4.71,2026-03-30
GS_WB_0361,Phạm Thái Cường,nam,2002,Cu nhan,Công nghệ thông tin,DH_FPT,Đại học FPT,dai_hoc,KV_HCM_TP,Tân Phú,Tân Phú,Hồ Chí Minh,2,online,250000,web,hoat_dong,2026-04-03,MON_ANH,Tiếng Anh,ngoai_ngu,LOP_09,Lớp 9,thcs,250000,HS_WB_0555,4.28,2026-03-07
GS_WB_0362,Lý Văn Hùng,nam,2001,Ky su,Ngôn ngữ Anh,DH_BK_HCM,Đại học Bách Khoa TP.HCM,dai_hoc,KV_HN_NTL,Nam Từ Liêm,Nam Từ Liêm,Hà Nội,7,truc_tiep,180000,web,hoat_dong,2026-04-03,MON_TOAN,Toán,tu_nhien,LOP_06,Lớp 6,thcs,180000,HS_WB_0467,3.93,2026-03-26
GS_WB_0363,Phạm Trọng Đức,nam,1995,Thac si,Ngôn ngữ Anh,DH_FPT,Đại học FPT,dai_hoc,KV_HCM_Q7,Quận 7,Quận 7,Hồ Chí Minh,6,ca_hai,250000,web,hoat_dong,2026-04-03,MON_VAN,Ngữ văn,xa_hoi,LOP_09,Lớp 9,thcs,250000,HS_WB_0651,4.51,2026-03-31
GS_WB_0364,Vũ Đức Nam,nam,1995,Thac si,Quản trị Kinh doanh,DH_KHTN_HCM,Đại học Khoa học Tự nhiên TP.HCM,dai_hoc,KV_HCM_Q7,Quận 7,Quận 7,Hồ Chí Minh,3,ca_hai,250000,web,hoat_dong,2026-04-03,MON_ANH,Tiếng Anh,ngoai_ngu,LOP_09,Lớp 9,thcs,250000,HS_WB_0035,4.41,2026-03-17
GS_WB_0365,Đỗ Đức Hùng,nam,1999,Thac si,Quản trị Kinh doanh,DH_BK_HN,Đại học Bách Khoa Hà Nội,dai_hoc,KV_HCM_TP,Tân Phú,Tân Phú,Hồ Chí Minh,1,ca_hai,150000,web,hoat_dong,2026-04-03,MON_ANH,Tiếng Anh,ngoai_ngu,LOP_10,Lớp 10,thpt,150000,,,
GS_WB_0366,Nguyễn Thị Hân,nu,1999,Thac si,Sư phạm Toán,DH_Y_HN,Đại học Y Hà Nội,dai_hoc,KV_DN_NHS,Ngũ Hành Sơn,Ngũ Hành Sơn,Đà Nẵng,8,online,180000,web,hoat_dong,2026-04-03,MON_ANH,Tiếng Anh,ngoai_ngu,LOP_10,Lớp 10,thpt,180000,HS_WB_0793,4.51,2026-03-13
GS_WB_0367,Bùi Văn Tuấn,nam,2002,Thac si,Ngôn ngữ Anh,DH_Y_HN,Đại học Y Hà Nội,dai_hoc,KV_HN_HBT,Hai Bà Trưng,Hai Bà Trưng,Hà Nội,7,truc_tiep,200000,web,hoat_dong,2026-04-03,MON_TOAN,Toán,tu_nhien,LOP_10,Lớp 10,thpt,200000,HS_WB_0333,3.77,2026-03-28
GS_WB_0368,Hoàng Xuân Thu,nu,1996,Cu nhan,Công nghệ thông tin,DH_KT_DN,Đại học Kinh tế Đà Nẵng,dai_hoc,KV_DN_HC,Hải Châu,Hải Châu,Đà Nẵng,8,online,200000,web,hoat_dong,2026-04-03,MON_ANH,Tiếng Anh,ngoai_ngu,LOP_06,Lớp 6,thcs,200000,,,
GS_WB_0369,Vũ Mai Nhung,nu,1998,Ky su,Công nghệ thông tin,DH_Y_HN,Đại học Y Hà Nội,dai_hoc,KV_HN_DD,Đống Đa,Đống Đa,Hà Nội,7,truc_tiep,150000,web,hoat_dong,2026-04-03,MON_TOAN,Toán,tu_nhien,LOP_10,Lớp 10,thpt,150000,HS_WB_0369,4.6,2026-03-19
GS_WB_0370,Nguyễn Ngọc Nhung,nu,2002,Cu nhan,Sư phạm Toán,DH_XD,Đại học Xây dựng Hà Nội,dai_hoc,KV_DN_TK,Thanh Khê,Thanh Khê,Đà Nẵng,5,truc_tiep,180000,web,hoat_dong,2026-04-03,MON_ANH,Tiếng Anh,ngoai_ngu,LOP_09,Lớp 9,thcs,180000,HS_WB_0760,4.15,2026-03-04
GS_WB_0371,Dương Văn Nam,nam,1998,Ky su,Quản trị Kinh doanh,DH_XD,Đại học Xây dựng Hà Nội,dai_hoc,KV_HCM_PN,Phú Nhuận,Phú Nhuận,Hồ Chí Minh,7,truc_tiep,180000,web,hoat_dong,2026-04-03,MON_ANH,Tiếng Anh,ngoai_ngu,LOP_12,Lớp 12,thpt,180000,,,
GS_WB_0372,Phạm Xuân Thu,nu,2001,Ky su,Sư phạm Toán,DH_QGHN,Đại học Quốc gia Hà Nội,dai_hoc,KV_HN_HK,Hoàn Kiếm,Hoàn Kiếm,Hà Nội,2,truc_tiep,200000,web,hoat_dong,2026-04-03,MON_ANH,Tiếng Anh,ngoai_ngu,LOP_10,Lớp 10,thpt,200000,HS_WB_0993,4.02,2026-03-22
GS_WB_0373,Nguyễn Trọng Đức,nam,2001,Cu nhan,Ngôn ngữ Anh,DH_NT_HN,Đại học Ngoại thương Hà Nội,dai_hoc,KV_HN_NTL,Nam Từ Liêm,Nam Từ Liêm,Hà Nội,5,online,180000,web,hoat_dong,2026-04-03,MON_LY,Vật lý,tu_nhien,LOP_06,Lớp 6,thcs,180000,HS_WB_0950,3.68,2026-03-28
GS_WB_0374,Ngô Hải Tuấn,nam,2002,Cu nhan,Quản trị Kinh doanh,DH_SP_HN,Đại học Sư phạm Hà Nội,dai_hoc,KV_HCM_Q7,Quận 7,Quận 7,Hồ Chí Minh,7,truc_tiep,200000,web,hoat_dong,2026-04-03,MON_LY,Vật lý,tu_nhien,LOP_12,Lớp 12,thpt,200000,HS_WB_0084,4.88,2026-03-30
GS_WB_0375,Lê Văn Đạt,nam,2001,Ky su,Sư phạm Toán,DH_BK_HN,Đại học Bách Khoa Hà Nội,dai_hoc,KV_HN_TX,Thanh Xuân,Thanh Xuân,Hà Nội,4,ca_hai,150000,web,hoat_dong,2026-04-03,MON_VAN,Ngữ văn,xa_hoi,LOP_10,Lớp 10,thpt,150000,,,
GS_WB_0376,Nguyễn Hữu Tuấn,nam,1995,Thac si,Ngôn ngữ Anh,DH_KHTN_HCM,Đại học Khoa học Tự nhiên TP.HCM,dai_hoc,KV_DN_CL,Cẩm Lệ,Cẩm Lệ,Đà Nẵng,2,online,150000,web,hoat_dong,2026-04-03,MON_VAN,Ngữ văn,xa_hoi,LOP_12,Lớp 12,thpt,150000,HS_WB_0748,3.6,2026-04-02
GS_WB_0377,Trần Văn Phú,nam,1998,Ky su,Công nghệ thông tin,DH_KHTN_HN,Đại học Khoa học Tự nhiên Hà Nội,dai_hoc,KV_HCM_Q4,Quận 4,Quận 4,Hồ Chí Minh,4,ca_hai,150000,web,hoat_dong,2026-04-03,MON_ANH,Tiếng Anh,ngoai_ngu,LOP_12,Lớp 12,thpt,150000,HS_WB_0551,4.01,2026-03-12
GS_WB_0378,Bùi Thu Thu,nu,1996,Cu nhan,Công nghệ thông tin,DH_QGHN,Đại học Quốc gia Hà Nội,dai_hoc,KV_HCM_TD,Thủ Đức,Thủ Đức,Hồ Chí Minh,1,truc_tiep,150000,web,hoat_dong,2026-04-03,MON_ANH,Tiếng Anh,ngoai_ngu,LOP_06,Lớp 6,thcs,150000,HS_WB_0418,4.78,2026-03-27
GS_WB_0379,Vũ Thu An,nu,2003,Cu nhan,Ngôn ngữ Anh,DH_UEH,Đại học Kinh tế TP.HCM,dai_hoc,KV_HN_CG,Cầu Giấy,Cầu Giấy,Hà Nội,6,ca_hai,150000,web,hoat_dong,2026-04-03,MON_VAN,Ngữ văn,xa_hoi,LOP_06,Lớp 6,thcs,150000,HS_WB_0766,4.32,2026-04-01
GS_WB_0380,Nguyễn Xuân Trang,nu,1998,Ky su,Sư phạm Toán,DH_BK_HCM,Đại học Bách Khoa TP.HCM,dai_hoc,KV_HCM_Q10,Quận 10,Quận 10,Hồ Chí Minh,7,truc_tiep,150000,web,hoat_dong,2026-04-03,MON_TOAN,Toán,tu_nhien,LOP_09,Lớp 9,thcs,150000,,,
GS_WB_0381,Trần Minh Đức,nam,2003,Thac si,Quản trị Kinh doanh,DH_UEH,Đại học Kinh tế TP.HCM,dai_hoc,KV_DN_TK,Thanh Khê,Thanh Khê,Đà Nẵng,6,online,200000,web,hoat_dong,2026-04-03,MON_VAN,Ngữ văn,xa_hoi,LOP_09,Lớp 9,thcs,200000,HS_WB_0380,3.76,2026-03-22
GS_WB_0382,Trần Văn Tuấn,nam,2003,Thac si,Quản trị Kinh doanh,DH_GTVT,Đại học Giao thông Vận tải,dai_hoc,KV_HCM_PN,Phú Nhuận,Phú Nhuận,Hồ Chí Minh,8,truc_tiep,150000,web,hoat_dong,2026-04-03,MON_VAN,Ngữ văn,xa_hoi,LOP_12,Lớp 12,thpt,150000,HS_WB_0503,4.53,2026-03-10
GS_WB_0383,Đặng Mai Thảo,nu,2000,Ky su,Sư phạm Toán,DH_KT_DN,Đại học Kinh tế Đà Nẵng,dai_hoc,KV_HCM_TD,Thủ Đức,Thủ Đức,Hồ Chí Minh,6,truc_tiep,250000,web,hoat_dong,2026-04-03,MON_LY,Vật lý,tu_nhien,LOP_09,Lớp 9,thcs,250000,HS_WB_0537,4.22,2026-03-23
GS_WB_0384,Đặng Đình Huy,nam,2003,Ky su,Sư phạm Toán,DH_GTVT,Đại học Giao thông Vận tải,dai_hoc,KV_DN_TK,Thanh Khê,Thanh Khê,Đà Nẵng,5,truc_tiep,150000,web,hoat_dong,2026-04-03,MON_VAN,Ngữ văn,xa_hoi,LOP_06,Lớp 6,thcs,150000,HS_WB_0960,3.8,2026-03-08
GS_WB_0385,Dương Hồng Hân,nu,1999,Ky su,Công nghệ thông tin,DH_CNTT,Đại học Công nghệ Thông tin TP.HCM,dai_hoc,KV_HN_LB,Long Biên,Long Biên,Hà Nội,7,online,250000,web,hoat_dong,2026-04-03,MON_TOAN,Toán,tu_nhien,LOP_12,Lớp 12,thpt,250000,,,
GS_WB_0386,Hoàng Xuân An,nu,2003,Cu nhan,Ngôn ngữ Anh,DH_SP_HN,Đại học Sư phạm Hà Nội,dai_hoc,KV_DN_CL,Cẩm Lệ,Cẩm Lệ,Đà Nẵng,2,truc_tiep,150000,web,hoat_dong,2026-04-03,MON_TOAN,Toán,tu_nhien,LOP_10,Lớp 10,thpt,150000,HS_WB_0925,4.23,2026-03-28
GS_WB_0387,Lê Quang Khoa,nam,2000,Cu nhan,Công nghệ thông tin,DH_CNTT,Đại học Công nghệ Thông tin TP.HCM,dai_hoc,KV_HCM_TB,Tân Bình,Tân Bình,Hồ Chí Minh,6,online,200000,web,hoat_dong,2026-04-03,MON_TOAN,Toán,tu_nhien,LOP_06,Lớp 6,thcs,200000,HS_WB_0527,3.53,2026-03-26
GS_WB_0388,Lý Quang Tuấn,nam,2001,Thac si,Sư phạm Toán,DH_XD,Đại học Xây dựng Hà Nội,dai_hoc,KV_HN_NTL,Nam Từ Liêm,Nam Từ Liêm,Hà Nội,7,ca_hai,150000,web,hoat_dong,2026-04-03,MON_VAN,Ngữ văn,xa_hoi,LOP_09,Lớp 9,thcs,150000,,,
GS_WB_0389,Bùi Quang Cường,nam,2002,Thac si,Công nghệ thông tin,DH_TM,Đại học Thương mại,dai_hoc,KV_DN_LC,Liên Chiểu,Liên Chiểu,Đà Nẵng,7,ca_hai,250000,web,hoat_dong,2026-04-03,MON_LY,Vật lý,tu_nhien,LOP_10,Lớp 10,thpt,250000,HS_WB_0060,4.87,2026-03-29
GS_WB_0390,Phạm Ngọc An,nu,2002,Cu nhan,Công nghệ thông tin,DH_NL_HCM,Đại học Nông Lâm TP.HCM,dai_hoc,KV_HCM_TP,Tân Phú,Tân Phú,Hồ Chí Minh,5,truc_tiep,200000,web,hoat_dong,2026-04-03,MON_TOAN,Toán,tu_nhien,LOP_09,Lớp 9,thcs,200000,,,
GS_WB_0391,Hoàng Bảo Châu,nu,2001,Thac si,Quản trị Kinh doanh,DH_FPT,Đại học FPT,dai_hoc,KV_HN_TX,Thanh Xuân,Thanh Xuân,Hà Nội,7,truc_tiep,250000,web,hoat_dong,2026-04-03,MON_VAN,Ngữ văn,xa_hoi,LOP_09,Lớp 9,thcs,250000,,,
GS_WB_0392,Đỗ Thu Linh,nu,2002,Ky su,Quản trị Kinh doanh,DH_BK_HN,Đại học Bách Khoa Hà Nội,dai_hoc,KV_HCM_Q10,Quận 10,Quận 10,Hồ Chí Minh,4,online,150000,web,hoat_dong,2026-04-03,MON_LY,Vật lý,tu_nhien,LOP_06,Lớp 6,thcs,150000,HS_WB_0643,4.21,2026-03-18
GS_WB_0393,Bùi Thanh Trang,nu,1998,Cu nhan,Công nghệ thông tin,DH_KT_DN,Đại học Kinh tế Đà Nẵng,dai_hoc,KV_HCM_GV,Gò Vấp,Gò Vấp,Hồ Chí Minh,3,ca_hai,180000,web,hoat_dong,2026-04-03,MON_TOAN,Toán,tu_nhien,LOP_09,Lớp 9,thcs,180000,,,
GS_WB_0394,Lê Thị Châu,nu,1998,Thac si,Công nghệ thông tin,DH_DN,Đại học Đà Nẵng,dai_hoc,KV_DN_NHS,Ngũ Hành Sơn,Ngũ Hành Sơn,Đà Nẵng,2,truc_tiep,200000,web,hoat_dong,2026-04-03,MON_TOAN,Toán,tu_nhien,LOP_12,Lớp 12,thpt,200000,,,
GS_WB_0395,Đặng Thái Đạt,nam,1999,Thac si,Sư phạm Toán,DH_QGHN,Đại học Quốc gia Hà Nội,dai_hoc,KV_DN_NHS,Ngũ Hành Sơn,Ngũ Hành Sơn,Đà Nẵng,7,online,200000,web,hoat_dong,2026-04-03,MON_ANH,Tiếng Anh,ngoai_ngu,LOP_10,Lớp 10,thpt,200000,,,
GS_WB_0396,Phạm Đức Đạt,nam,2003,Thac si,Quản trị Kinh doanh,DH_KT_DN,Đại học Kinh tế Đà Nẵng,dai_hoc,KV_DN_CL,Cẩm Lệ,Cẩm Lệ,Đà Nẵng,6,ca_hai,200000,web,hoat_dong,2026-04-03,MON_TOAN,Toán,tu_nhien,LOP_09,Lớp 9,thcs,200000,HS_WB_0697,4.95,2026-03-21
GS_WB_0397,Lý Hồng Hân,nu,2000,Cu nhan,Quản trị Kinh doanh,DH_NT_HN,Đại học Ngoại thương Hà Nội,dai_hoc,KV_HCM_Q5,Quận 5,Quận 5,Hồ Chí Minh,2,truc_tiep,250000,web,hoat_dong,2026-04-03,MON_TOAN,Toán,tu_nhien,LOP_09,Lớp 9,thcs,250000,HS_WB_0344,3.79,2026-03-14
GS_WB_0398,Ngô Hồng Châu,nu,1996,Cu nhan,Quản trị Kinh doanh,DH_Y_HCM,Đại học Y Dược TP.HCM,dai_hoc,KV_HN_CG,Cầu Giấy,Cầu Giấy,Hà Nội,3,ca_hai,200000,web,hoat_dong,2026-04-03,MON_TOAN,Toán,tu_nhien,LOP_06,Lớp 6,thcs,200000,,,
GS_WB_0399,Nguyễn Thu Nhung,nu,1999,Cu nhan,Quản trị Kinh doanh,DH_KT_DN,Đại học Kinh tế Đà Nẵng,dai_hoc,KV_HN_HM,Hoàng Mai,Hoàng Mai,Hà Nội,3,online,200000,web,hoat_dong,2026-04-03,MON_LY,Vật lý,tu_nhien,LOP_06,Lớp 6,thcs,200000,HS_WB_0411,3.92,2026-03-11
GS_WB_0400,Ngô Thanh Mai,nu,1999,Cu nhan,Sư phạm Toán,DH_SP_HCM,Đại học Sư phạm TP.HCM,dai_hoc,KV_HN_TH,Tây Hồ,Tây Hồ,Hà Nội,5,online,250000,web,hoat_dong,2026-04-03,MON_ANH,Tiếng Anh,ngoai_ngu,LOP_09,Lớp 9,thcs,250000,HS_WB_0289,3.64,2026-03-08
GS_WB_0401,Trần Thanh Châu,nu,2001,Ky su,Sư phạm Toán,DH_KHTN_HN,Đại học Khoa học Tự nhiên Hà Nội,dai_hoc,KV_HN_HD,Hà Đông,Hà Đông,Hà Nội,7,online,250000,web,hoat_dong,2026-04-03,MON_ANH,Tiếng Anh,ngoai_ngu,LOP_10,Lớp 10,thpt,250000,HS_WB_0785,4.58,2026-03-14
GS_WB_0402,Lý Quang Tuấn,nam,1998,Cu nhan,Công nghệ thông tin,DH_KHTN_HN,Đại học Khoa học Tự nhiên Hà Nội,dai_hoc,KV_DN_LC,Liên Chiểu,Liên Chiểu,Đà Nẵng,4,ca_hai,250000,web,hoat_dong,2026-04-03,MON_ANH,Tiếng Anh,ngoai_ngu,LOP_10,Lớp 10,thpt,250000,HS_WB_0055,4.75,2026-03-06
GS_WB_0403,Dương Đình Đạt,nam,2003,Cu nhan,Sư phạm Toán,DH_BK_HN,Đại học Bách Khoa Hà Nội,dai_hoc,KV_DN_HC,Hải Châu,Hải Châu,Đà Nẵng,3,ca_hai,150000,web,hoat_dong,2026-04-03,MON_VAN,Ngữ văn,xa_hoi,LOP_09,Lớp 9,thcs,150000,HS_WB_0403,4.99,2026-03-08
GS_WB_0404,Phạm Thái Tuấn,nam,2000,Thac si,Quản trị Kinh doanh,DH_DN,Đại học Đà Nẵng,dai_hoc,KV_HCM_Q10,Quận 10,Quận 10,Hồ Chí Minh,6,ca_hai,250000,web,hoat_dong,2026-04-03,MON_TOAN,Toán,tu_nhien,LOP_10,Lớp 10,thpt,250000,HS_WB_0845,4.16,2026-03-26
GS_WB_0405,Hoàng Quang Tuấn,nam,1999,Ky su,Công nghệ thông tin,DH_NL_HCM,Đại học Nông Lâm TP.HCM,dai_hoc,KV_DN_HC,Hải Châu,Hải Châu,Đà Nẵng,7,truc_tiep,250000,web,hoat_dong,2026-04-03,MON_TOAN,Toán,tu_nhien,LOP_09,Lớp 9,thcs,250000,HS_WB_0474,4.55,2026-03-12
GS_WB_0406,Phạm Văn Khoa,nam,2000,Cu nhan,Công nghệ thông tin,DH_NL_HCM,Đại học Nông Lâm TP.HCM,dai_hoc,KV_HN_TH,Tây Hồ,Tây Hồ,Hà Nội,8,ca_hai,200000,web,hoat_dong,2026-04-03,MON_ANH,Tiếng Anh,ngoai_ngu,LOP_10,Lớp 10,thpt,200000,HS_WB_0890,4.24,2026-03-31
GS_WB_0407,Hoàng Hải Đức,nam,1995,Cu nhan,Sư phạm Toán,DH_CNTT,Đại học Công nghệ Thông tin TP.HCM,dai_hoc,KV_HCM_PN,Phú Nhuận,Phú Nhuận,Hồ Chí Minh,5,truc_tiep,250000,web,hoat_dong,2026-04-03,MON_TOAN,Toán,tu_nhien,LOP_10,Lớp 10,thpt,250000,HS_WB_0166,4.63,2026-03-21
GS_WB_0408,Vũ Ngọc Thu,nu,2002,Ky su,Công nghệ thông tin,DH_NT_HN,Đại học Ngoại thương Hà Nội,dai_hoc,KV_HCM_PN,Phú Nhuận,Phú Nhuận,Hồ Chí Minh,6,ca_hai,180000,web,hoat_dong,2026-04-03,MON_LY,Vật lý,tu_nhien,LOP_10,Lớp 10,thpt,180000,HS_WB_0435,4.34,2026-03-13
GS_WB_0409,Hoàng Hồng Mai,nu,2003,Thac si,Công nghệ thông tin,DH_KTQD,Đại học Kinh tế Quốc dân,dai_hoc,KV_HN_LB,Long Biên,Long Biên,Hà Nội,8,online,180000,web,hoat_dong,2026-04-03,MON_LY,Vật lý,tu_nhien,LOP_09,Lớp 9,thcs,180000,,,
GS_WB_0410,Đặng Hoàng Vy,nu,2000,Thac si,Sư phạm Toán,DH_KHTN_HCM,Đại học Khoa học Tự nhiên TP.HCM,dai_hoc,KV_HN_CG,Cầu Giấy,Cầu Giấy,Hà Nội,3,online,250000,web,hoat_dong,2026-04-03,MON_VAN,Ngữ văn,xa_hoi,LOP_10,Lớp 10,thpt,250000,HS_WB_0543,4.23,2026-04-02
GS_WB_0411,Trần Thị Nhung,nu,1998,Cu nhan,Quản trị Kinh doanh,DH_GTVT,Đại học Giao thông Vận tải,dai_hoc,KV_HCM_Q10,Quận 10,Quận 10,Hồ Chí Minh,3,truc_tiep,250000,web,hoat_dong,2026-04-03,MON_VAN,Ngữ văn,xa_hoi,LOP_10,Lớp 10,thpt,250000,HS_WB_0081,4.48,2026-03-07
GS_WB_0412,Phạm Trọng Cường,nam,1997,Ky su,Công nghệ thông tin,DH_DN,Đại học Đà Nẵng,dai_hoc,KV_HN_HBT,Hai Bà Trưng,Hai Bà Trưng,Hà Nội,3,ca_hai,180000,web,hoat_dong,2026-04-03,MON_ANH,Tiếng Anh,ngoai_ngu,LOP_06,Lớp 6,thcs,180000,,,
GS_WB_0413,Ngô Minh Huy,nam,2002,Ky su,Sư phạm Toán,DH_DN,Đại học Đà Nẵng,dai_hoc,KV_DN_HC,Hải Châu,Hải Châu,Đà Nẵng,3,online,200000,web,hoat_dong,2026-04-03,MON_LY,Vật lý,tu_nhien,LOP_09,Lớp 9,thcs,200000,HS_WB_0671,4.51,2026-03-09
GS_WB_0414,Đặng Hồng Linh,nu,2003,Cu nhan,Sư phạm Toán,DH_KHTN_HCM,Đại học Khoa học Tự nhiên TP.HCM,dai_hoc,KV_HCM_TP,Tân Phú,Tân Phú,Hồ Chí Minh,5,truc_tiep,250000,web,hoat_dong,2026-04-03,MON_LY,Vật lý,tu_nhien,LOP_09,Lớp 9,thcs,250000,,,
GS_WB_0415,Nguyễn Mai Thu,nu,1996,Cu nhan,Sư phạm Toán,DH_KTQD,Đại học Kinh tế Quốc dân,dai_hoc,KV_HCM_Q1,Quận 1,Quận 1,Hồ Chí Minh,3,truc_tiep,200000,web,hoat_dong,2026-04-03,MON_VAN,Ngữ văn,xa_hoi,LOP_12,Lớp 12,thpt,200000,HS_WB_0805,3.99,2026-03-15
GS_WB_0416,Trần Hoàng Vy,nu,1999,Thac si,Công nghệ thông tin,DH_XD,Đại học Xây dựng Hà Nội,dai_hoc,KV_DN_HC,Hải Châu,Hải Châu,Đà Nẵng,3,truc_tiep,150000,web,hoat_dong,2026-04-03,MON_TOAN,Toán,tu_nhien,LOP_12,Lớp 12,thpt,150000,HS_WB_0895,4.27,2026-03-31
GS_WB_0417,Dương Thái Huy,nam,1999,Cu nhan,Quản trị Kinh doanh,DH_KHTN_HN,Đại học Khoa học Tự nhiên Hà Nội,dai_hoc,KV_HCM_TD,Thủ Đức,Thủ Đức,Hồ Chí Minh,1,ca_hai,150000,web,hoat_dong,2026-04-03,MON_TOAN,Toán,tu_nhien,LOP_09,Lớp 9,thcs,150000,HS_WB_0115,4.57,2026-03-07
GS_WB_0418,Vũ Đình Kiệt,nam,1996,Cu nhan,Ngôn ngữ Anh,DH_KTQD,Đại học Kinh tế Quốc dân,dai_hoc,KV_DN_NHS,Ngũ Hành Sơn,Ngũ Hành Sơn,Đà Nẵng,8,ca_hai,150000,web,hoat_dong,2026-04-03,MON_LY,Vật lý,tu_nhien,LOP_12,Lớp 12,thpt,150000,HS_WB_0615,4.91,2026-03-25
GS_WB_0419,Đặng Minh Đức,nam,2001,Cu nhan,Sư phạm Toán,DH_KT_DN,Đại học Kinh tế Đà Nẵng,dai_hoc,KV_HN_HK,Hoàn Kiếm,Hoàn Kiếm,Hà Nội,6,truc_tiep,200000,web,hoat_dong,2026-04-03,MON_LY,Vật lý,tu_nhien,LOP_06,Lớp 6,thcs,200000,,,
GS_WB_0420,Đặng Văn Huy,nam,1997,Cu nhan,Ngôn ngữ Anh,DH_NL_HCM,Đại học Nông Lâm TP.HCM,dai_hoc,KV_DN_LC,Liên Chiểu,Liên Chiểu,Đà Nẵng,8,truc_tiep,200000,web,hoat_dong,2026-04-03,MON_VAN,Ngữ văn,xa_hoi,LOP_10,Lớp 10,thpt,200000,HS_WB_0167,4.69,2026-03-30
GS_WB_0421,Đỗ Quang Khoa,nam,1997,Cu nhan,Công nghệ thông tin,DH_NT_HN,Đại học Ngoại thương Hà Nội,dai_hoc,KV_HN_HBT,Hai Bà Trưng,Hai Bà Trưng,Hà Nội,3,truc_tiep,180000,web,hoat_dong,2026-04-03,MON_ANH,Tiếng Anh,ngoai_ngu,LOP_10,Lớp 10,thpt,180000,HS_WB_0464,4.88,2026-03-18
GS_WB_0422,Vũ Minh Đạt,nam,2001,Thac si,Công nghệ thông tin,DH_Y_HCM,Đại học Y Dược TP.HCM,dai_hoc,KV_HCM_BT,Bình Thạnh,Bình Thạnh,Hồ Chí Minh,7,online,200000,web,hoat_dong,2026-04-03,MON_LY,Vật lý,tu_nhien,LOP_09,Lớp 9,thcs,200000,HS_WB_0484,4.88,2026-03-30
GS_WB_0423,Đỗ Đức Nam,nam,1997,Cu nhan,Ngôn ngữ Anh,DH_Y_HCM,Đại học Y Dược TP.HCM,dai_hoc,KV_HCM_BT,Bình Thạnh,Bình Thạnh,Hồ Chí Minh,2,online,150000,web,hoat_dong,2026-04-03,MON_TOAN,Toán,tu_nhien,LOP_12,Lớp 12,thpt,150000,HS_WB_0692,4.92,2026-03-22
GS_WB_0424,Lê Minh Nam,nam,2002,Cu nhan,Quản trị Kinh doanh,DH_FPT,Đại học FPT,dai_hoc,KV_HN_HM,Hoàng Mai,Hoàng Mai,Hà Nội,2,online,200000,web,hoat_dong,2026-04-03,MON_LY,Vật lý,tu_nhien,LOP_06,Lớp 6,thcs,200000,HS_WB_0802,3.87,2026-03-26
GS_WB_0425,Đỗ Thái Nam,nam,2002,Cu nhan,Ngôn ngữ Anh,DH_SP_HN,Đại học Sư phạm Hà Nội,dai_hoc,KV_HCM_GV,Gò Vấp,Gò Vấp,Hồ Chí Minh,8,online,200000,web,hoat_dong,2026-04-03,MON_ANH,Tiếng Anh,ngoai_ngu,LOP_09,Lớp 9,thcs,200000,HS_WB_0965,4.27,2026-03-13
GS_WB_0426,Dương Minh Hùng,nam,1996,Cu nhan,Ngôn ngữ Anh,DH_XD,Đại học Xây dựng Hà Nội,dai_hoc,KV_HCM_TP,Tân Phú,Tân Phú,Hồ Chí Minh,1,ca_hai,180000,web,hoat_dong,2026-04-03,MON_LY,Vật lý,tu_nhien,LOP_06,Lớp 6,thcs,180000,HS_WB_0485,4.22,2026-03-30
GS_WB_0427,Hoàng Hoàng An,nu,2001,Ky su,Công nghệ thông tin,DH_UEH,Đại học Kinh tế TP.HCM,dai_hoc,KV_HCM_Q4,Quận 4,Quận 4,Hồ Chí Minh,2,online,250000,web,hoat_dong,2026-04-03,MON_LY,Vật lý,tu_nhien,LOP_06,Lớp 6,thcs,250000,HS_WB_0586,4.64,2026-03-04
GS_WB_0428,Phạm Hải Khoa,nam,2001,Cu nhan,Ngôn ngữ Anh,DH_BK_HN,Đại học Bách Khoa Hà Nội,dai_hoc,KV_HCM_GV,Gò Vấp,Gò Vấp,Hồ Chí Minh,4,online,180000,web,hoat_dong,2026-04-03,MON_ANH,Tiếng Anh,ngoai_ngu,LOP_09,Lớp 9,thcs,180000,,,
GS_WB_0429,Lê Mai Trang,nu,2001,Ky su,Ngôn ngữ Anh,DH_SP_HCM,Đại học Sư phạm TP.HCM,dai_hoc,KV_HCM_TB,Tân Bình,Tân Bình,Hồ Chí Minh,4,online,200000,web,hoat_dong,2026-04-03,MON_TOAN,Toán,tu_nhien,LOP_09,Lớp 9,thcs,200000,,,
GS_WB_0430,Phạm Mai Vy,nu,1996,Cu nhan,Quản trị Kinh doanh,DH_Y_HN,Đại học Y Hà Nội,dai_hoc,KV_DN_LC,Liên Chiểu,Liên Chiểu,Đà Nẵng,8,ca_hai,180000,web,hoat_dong,2026-04-03,MON_LY,Vật lý,tu_nhien,LOP_06,Lớp 6,thcs,180000,HS_WB_0703,4.83,2026-03-05
GS_WB_0431,Phạm Thu Trang,nu,2000,Thac si,Ngôn ngữ Anh,DH_TM,Đại học Thương mại,dai_hoc,KV_HN_NTL,Nam Từ Liêm,Nam Từ Liêm,Hà Nội,4,ca_hai,150000,web,hoat_dong,2026-04-03,MON_VAN,Ngữ văn,xa_hoi,LOP_09,Lớp 9,thcs,150000,HS_WB_0806,3.67,2026-03-20
GS_WB_0432,Trần Mai An,nu,1998,Cu nhan,Quản trị Kinh doanh,DH_GTVT,Đại học Giao thông Vận tải,dai_hoc,KV_HCM_Q5,Quận 5,Quận 5,Hồ Chí Minh,5,online,200000,web,hoat_dong,2026-04-03,MON_ANH,Tiếng Anh,ngoai_ngu,LOP_09,Lớp 9,thcs,200000,,,
GS_WB_0433,Nguyễn Ngọc An,nu,2000,Cu nhan,Sư phạm Toán,DH_DN,Đại học Đà Nẵng,dai_hoc,KV_HN_HD,Hà Đông,Hà Đông,Hà Nội,1,truc_tiep,180000,web,hoat_dong,2026-04-03,MON_LY,Vật lý,tu_nhien,LOP_09,Lớp 9,thcs,180000,HS_WB_0631,3.67,2026-03-05
GS_WB_0434,Ngô Minh Khoa,nam,2001,Ky su,Công nghệ thông tin,DH_NT_HN,Đại học Ngoại thương Hà Nội,dai_hoc,KV_HN_BTL,Bắc Từ Liêm,Bắc Từ Liêm,Hà Nội,6,truc_tiep,180000,web,hoat_dong,2026-04-03,MON_ANH,Tiếng Anh,ngoai_ngu,LOP_12,Lớp 12,thpt,180000,HS_WB_0231,3.83,2026-03-25
GS_WB_0435,Lý Trọng Khoa,nam,1999,Thac si,Quản trị Kinh doanh,DH_CNTT,Đại học Công nghệ Thông tin TP.HCM,dai_hoc,KV_HCM_TP,Tân Phú,Tân Phú,Hồ Chí Minh,7,online,180000,web,hoat_dong,2026-04-03,MON_VAN,Ngữ văn,xa_hoi,LOP_06,Lớp 6,thcs,180000,HS_WB_0313,3.78,2026-03-25
GS_WB_0436,Vũ Bảo Châu,nu,2002,Ky su,Quản trị Kinh doanh,DH_TM,Đại học Thương mại,dai_hoc,KV_HN_NTL,Nam Từ Liêm,Nam Từ Liêm,Hà Nội,2,online,150000,web,hoat_dong,2026-04-03,MON_LY,Vật lý,tu_nhien,LOP_06,Lớp 6,thcs,150000,HS_WB_0189,3.71,2026-03-23
GS_WB_0437,Vũ Mai Trang,nu,2000,Ky su,Sư phạm Toán,DH_GTVT,Đại học Giao thông Vận tải,dai_hoc,KV_DN_CL,Cẩm Lệ,Cẩm Lệ,Đà Nẵng,3,online,250000,web,hoat_dong,2026-04-03,MON_ANH,Tiếng Anh,ngoai_ngu,LOP_10,Lớp 10,thpt,250000,HS_WB_0289,4.99,2026-03-14
GS_WB_0438,Lê Đức Cường,nam,2001,Thac si,Sư phạm Toán,DH_KT_DN,Đại học Kinh tế Đà Nẵng,dai_hoc,KV_HCM_Q8,Quận 8,Quận 8,Hồ Chí Minh,3,online,180000,web,hoat_dong,2026-04-03,MON_VAN,Ngữ văn,xa_hoi,LOP_12,Lớp 12,thpt,180000,HS_WB_0086,4.01,2026-03-15
GS_WB_0439,Hoàng Thái Tuấn,nam,1997,Ky su,Công nghệ thông tin,DH_GTVT,Đại học Giao thông Vận tải,dai_hoc,KV_HCM_TP,Tân Phú,Tân Phú,Hồ Chí Minh,1,ca_hai,180000,web,hoat_dong,2026-04-03,MON_LY,Vật lý,tu_nhien,LOP_10,Lớp 10,thpt,180000,HS_WB_0295,4.51,2026-03-22
GS_WB_0440,Hoàng Hữu Tuấn,nam,2002,Cu nhan,Ngôn ngữ Anh,DH_QGHN,Đại học Quốc gia Hà Nội,dai_hoc,KV_DN_CL,Cẩm Lệ,Cẩm Lệ,Đà Nẵng,8,truc_tiep,150000,web,hoat_dong,2026-04-03,MON_TOAN,Toán,tu_nhien,LOP_12,Lớp 12,thpt,150000,HS_WB_0929,4.16,2026-03-24
GS_WB_0441,Dương Hải Huy,nam,1999,Ky su,Công nghệ thông tin,DH_UEH,Đại học Kinh tế TP.HCM,dai_hoc,KV_DN_HC,Hải Châu,Hải Châu,Đà Nẵng,6,truc_tiep,200000,web,hoat_dong,2026-04-03,MON_LY,Vật lý,tu_nhien,LOP_06,Lớp 6,thcs,200000,HS_WB_0933,4.53,2026-03-17
GS_WB_0442,Lý Thanh Thảo,nu,2000,Thac si,Ngôn ngữ Anh,DH_Y_HCM,Đại học Y Dược TP.HCM,dai_hoc,KV_DN_LC,Liên Chiểu,Liên Chiểu,Đà Nẵng,3,ca_hai,250000,web,hoat_dong,2026-04-03,MON_ANH,Tiếng Anh,ngoai_ngu,LOP_06,Lớp 6,thcs,250000,HS_WB_0024,3.93,2026-03-05
GS_WB_0443,Dương Thái Khoa,nam,1995,Ky su,Quản trị Kinh doanh,DH_NT_HN,Đại học Ngoại thương Hà Nội,dai_hoc,KV_HCM_Q1,Quận 1,Quận 1,Hồ Chí Minh,2,truc_tiep,150000,web,hoat_dong,2026-04-03,MON_TOAN,Toán,tu_nhien,LOP_12,Lớp 12,thpt,150000,,,
GS_WB_0444,Lý Minh Cường,nam,1995,Cu nhan,Ngôn ngữ Anh,DH_DN,Đại học Đà Nẵng,dai_hoc,KV_HN_NTL,Nam Từ Liêm,Nam Từ Liêm,Hà Nội,8,ca_hai,150000,web,hoat_dong,2026-04-03,MON_LY,Vật lý,tu_nhien,LOP_09,Lớp 9,thcs,150000,HS_WB_0335,4.24,2026-03-06
GS_WB_0445,Nguyễn Văn Nam,nam,1997,Thac si,Công nghệ thông tin,DH_NT_HN,Đại học Ngoại thương Hà Nội,dai_hoc,KV_HCM_TB,Tân Bình,Tân Bình,Hồ Chí Minh,8,ca_hai,180000,web,hoat_dong,2026-04-03,MON_TOAN,Toán,tu_nhien,LOP_12,Lớp 12,thpt,180000,,,
GS_WB_0446,Vũ Thái Đức,nam,1998,Thac si,Sư phạm Toán,DH_Y_HN,Đại học Y Hà Nội,dai_hoc,KV_HN_TH,Tây Hồ,Tây Hồ,Hà Nội,2,ca_hai,250000,web,hoat_dong,2026-04-03,MON_VAN,Ngữ văn,xa_hoi,LOP_09,Lớp 9,thcs,250000,HS_WB_0313,4.19,2026-03-05
GS_WB_0447,Đỗ Minh Tuấn,nam,2002,Thac si,Công nghệ thông tin,DH_QGHN,Đại học Quốc gia Hà Nội,dai_hoc,KV_HCM_Q7,Quận 7,Quận 7,Hồ Chí Minh,4,online,150000,web,hoat_dong,2026-04-03,MON_TOAN,Toán,tu_nhien,LOP_09,Lớp 9,thcs,150000,,,
GS_WB_0448,Lý Thị Nhung,nu,2003,Thac si,Quản trị Kinh doanh,DH_KHTN_HN,Đại học Khoa học Tự nhiên Hà Nội,dai_hoc,KV_HCM_Q8,Quận 8,Quận 8,Hồ Chí Minh,6,ca_hai,250000,web,hoat_dong,2026-04-03,MON_VAN,Ngữ văn,xa_hoi,LOP_10,Lớp 10,thpt,250000,HS_WB_0304,4.49,2026-03-22
GS_WB_0449,Bùi Bảo Mai,nu,1996,Thac si,Ngôn ngữ Anh,DH_DN,Đại học Đà Nẵng,dai_hoc,KV_HCM_Q8,Quận 8,Quận 8,Hồ Chí Minh,6,truc_tiep,200000,web,hoat_dong,2026-04-03,MON_TOAN,Toán,tu_nhien,LOP_12,Lớp 12,thpt,200000,HS_WB_0736,4.01,2026-03-26
GS_WB_0450,Hoàng Hoàng Vy,nu,2001,Ky su,Ngôn ngữ Anh,DH_FPT,Đại học FPT,dai_hoc,KV_HCM_GV,Gò Vấp,Gò Vấp,Hồ Chí Minh,8,truc_tiep,200000,web,hoat_dong,2026-04-03,MON_TOAN,Toán,tu_nhien,LOP_12,Lớp 12,thpt,200000,,,
GS_WB_0451,Bùi Ngọc Mai,nu,1999,Cu nhan,Công nghệ thông tin,DH_BK_HN,Đại học Bách Khoa Hà Nội,dai_hoc,KV_DN_NHS,Ngũ Hành Sơn,Ngũ Hành Sơn,Đà Nẵng,3,ca_hai,180000,web,hoat_dong,2026-04-03,MON_VAN,Ngữ văn,xa_hoi,LOP_06,Lớp 6,thcs,180000,HS_WB_0019,4.65,2026-03-13
GS_WB_0452,Vũ Hồng Thu,nu,1998,Thac si,Sư phạm Toán,DH_CNTT,Đại học Công nghệ Thông tin TP.HCM,dai_hoc,KV_HN_TX,Thanh Xuân,Thanh Xuân,Hà Nội,6,truc_tiep,200000,web,hoat_dong,2026-04-03,MON_ANH,Tiếng Anh,ngoai_ngu,LOP_09,Lớp 9,thcs,200000,,,
GS_WB_0453,Bùi Mai Trang,nu,2001,Cu nhan,Sư phạm Toán,DH_Y_HN,Đại học Y Hà Nội,dai_hoc,KV_HN_HBT,Hai Bà Trưng,Hai Bà Trưng,Hà Nội,5,online,150000,web,hoat_dong,2026-04-03,MON_ANH,Tiếng Anh,ngoai_ngu,LOP_12,Lớp 12,thpt,150000,HS_WB_0271,4.67,2026-03-13
GS_WB_0454,Trần Hoàng Mai,nu,1995,Ky su,Sư phạm Toán,DH_KHTN_HCM,Đại học Khoa học Tự nhiên TP.HCM,dai_hoc,KV_DN_LC,Liên Chiểu,Liên Chiểu,Đà Nẵng,8,online,180000,web,hoat_dong,2026-04-03,MON_VAN,Ngữ văn,xa_hoi,LOP_10,Lớp 10,thpt,180000,HS_WB_0569,3.88,2026-03-08
GS_WB_0455,Lê Thanh Châu,nu,1996,Cu nhan,Quản trị Kinh doanh,DH_BK_HN,Đại học Bách Khoa Hà Nội,dai_hoc,KV_HCM_Q3,Quận 3,Quận 3,Hồ Chí Minh,4,ca_hai,180000,web,hoat_dong,2026-04-03,MON_LY,Vật lý,tu_nhien,LOP_12,Lớp 12,thpt,180000,HS_WB_0206,4.35,2026-04-01
GS_WB_0456,Dương Bảo Trang,nu,2000,Cu nhan,Quản trị Kinh doanh,DH_DN,Đại học Đà Nẵng,dai_hoc,KV_HN_TX,Thanh Xuân,Thanh Xuân,Hà Nội,1,ca_hai,200000,web,hoat_dong,2026-04-03,MON_TOAN,Toán,tu_nhien,LOP_09,Lớp 9,thcs,200000,HS_WB_0156,3.97,2026-03-05
GS_WB_0457,Ngô Ngọc Thảo,nu,1995,Ky su,Quản trị Kinh doanh,DH_UEH,Đại học Kinh tế TP.HCM,dai_hoc,KV_HCM_PN,Phú Nhuận,Phú Nhuận,Hồ Chí Minh,5,ca_hai,250000,web,hoat_dong,2026-04-03,MON_VAN,Ngữ văn,xa_hoi,LOP_09,Lớp 9,thcs,250000,HS_WB_0831,3.52,2026-03-19
GS_WB_0458,Ngô Bảo Nhung,nu,2001,Thac si,Ngôn ngữ Anh,DH_KTQD,Đại học Kinh tế Quốc dân,dai_hoc,KV_HCM_Q7,Quận 7,Quận 7,Hồ Chí Minh,2,online,180000,web,hoat_dong,2026-04-03,MON_ANH,Tiếng Anh,ngoai_ngu,LOP_09,Lớp 9,thcs,180000,HS_WB_0330,4.23,2026-04-02
GS_WB_0459,Bùi Hải Đạt,nam,2003,Thac si,Quản trị Kinh doanh,DH_DN,Đại học Đà Nẵng,dai_hoc,KV_HN_TX,Thanh Xuân,Thanh Xuân,Hà Nội,4,online,180000,web,hoat_dong,2026-04-03,MON_VAN,Ngữ văn,xa_hoi,LOP_06,Lớp 6,thcs,180000,HS_WB_0928,4.3,2026-03-05
GS_WB_0460,Nguyễn Hồng Mai,nu,2002,Ky su,Sư phạm Toán,DH_BK_HN,Đại học Bách Khoa Hà Nội,dai_hoc,KV_DN_CL,Cẩm Lệ,Cẩm Lệ,Đà Nẵng,4,online,200000,web,hoat_dong,2026-04-03,MON_TOAN,Toán,tu_nhien,LOP_09,Lớp 9,thcs,200000,,,
GS_WB_0461,Trần Xuân Linh,nu,2001,Cu nhan,Quản trị Kinh doanh,DH_QGHN,Đại học Quốc gia Hà Nội,dai_hoc,KV_DN_TK,Thanh Khê,Thanh Khê,Đà Nẵng,6,truc_tiep,150000,web,hoat_dong,2026-04-03,MON_VAN,Ngữ văn,xa_hoi,LOP_10,Lớp 10,thpt,150000,HS_WB_0299,4.98,2026-03-08
GS_WB_0462,Trần Thị An,nu,1996,Ky su,Ngôn ngữ Anh,DH_NT_HN,Đại học Ngoại thương Hà Nội,dai_hoc,KV_HCM_TP,Tân Phú,Tân Phú,Hồ Chí Minh,4,online,250000,web,hoat_dong,2026-04-03,MON_ANH,Tiếng Anh,ngoai_ngu,LOP_12,Lớp 12,thpt,250000,,,
GS_WB_0463,Nguyễn Quang Phú,nam,2003,Ky su,Ngôn ngữ Anh,DH_TM,Đại học Thương mại,dai_hoc,KV_HN_BD,Ba Đình,Ba Đình,Hà Nội,1,truc_tiep,150000,web,hoat_dong,2026-04-03,MON_VAN,Ngữ văn,xa_hoi,LOP_06,Lớp 6,thcs,150000,HS_WB_0330,4.32,2026-03-17
GS_WB_0464,Ngô Bảo Nhung,nu,1998,Thac si,Ngôn ngữ Anh,DH_Y_HN,Đại học Y Hà Nội,dai_hoc,KV_HN_HK,Hoàn Kiếm,Hoàn Kiếm,Hà Nội,7,online,200000,web,hoat_dong,2026-04-03,MON_LY,Vật lý,tu_nhien,LOP_10,Lớp 10,thpt,200000,HS_WB_0087,4.84,2026-03-24
GS_WB_0465,Đặng Thị Nhung,nu,1996,Cu nhan,Ngôn ngữ Anh,DH_BK_HCM,Đại học Bách Khoa TP.HCM,dai_hoc,KV_HN_BTL,Bắc Từ Liêm,Bắc Từ Liêm,Hà Nội,4,truc_tiep,200000,web,hoat_dong,2026-04-03,MON_LY,Vật lý,tu_nhien,LOP_12,Lớp 12,thpt,200000,,,
GS_WB_0466,Trần Hoàng Vy,nu,1996,Ky su,Công nghệ thông tin,DH_QGHN,Đại học Quốc gia Hà Nội,dai_hoc,KV_HCM_TP,Tân Phú,Tân Phú,Hồ Chí Minh,1,online,200000,web,hoat_dong,2026-04-03,MON_TOAN,Toán,tu_nhien,LOP_10,Lớp 10,thpt,200000,HS_WB_0032,3.7,2026-03-05
GS_WB_0467,Ngô Thu Vy,nu,1999,Cu nhan,Sư phạm Toán,DH_NT_HN,Đại học Ngoại thương Hà Nội,dai_hoc,KV_HN_BD,Ba Đình,Ba Đình,Hà Nội,2,ca_hai,250000,web,hoat_dong,2026-04-03,MON_ANH,Tiếng Anh,ngoai_ngu,LOP_06,Lớp 6,thcs,250000,HS_WB_0066,4.5,2026-03-26
GS_WB_0468,Ngô Minh Đạt,nam,1999,Cu nhan,Quản trị Kinh doanh,DH_GTVT,Đại học Giao thông Vận tải,dai_hoc,KV_HCM_Q3,Quận 3,Quận 3,Hồ Chí Minh,2,online,180000,web,hoat_dong,2026-04-03,MON_ANH,Tiếng Anh,ngoai_ngu,LOP_12,Lớp 12,thpt,180000,HS_WB_0355,4.63,2026-03-11
GS_WB_0469,Hoàng Thái Đạt,nam,2001,Thac si,Sư phạm Toán,DH_SP_HN,Đại học Sư phạm Hà Nội,dai_hoc,KV_HCM_Q10,Quận 10,Quận 10,Hồ Chí Minh,4,ca_hai,150000,web,hoat_dong,2026-04-03,MON_VAN,Ngữ văn,xa_hoi,LOP_06,Lớp 6,thcs,150000,,,
GS_WB_0470,Bùi Hoàng Trang,nu,1999,Ky su,Quản trị Kinh doanh,DH_BK_HN,Đại học Bách Khoa Hà Nội,dai_hoc,KV_HCM_Q8,Quận 8,Quận 8,Hồ Chí Minh,4,online,250000,web,hoat_dong,2026-04-03,MON_LY,Vật lý,tu_nhien,LOP_06,Lớp 6,thcs,250000,,,
GS_WB_0471,Phạm Thanh An,nu,2003,Ky su,Công nghệ thông tin,DH_NL_HCM,Đại học Nông Lâm TP.HCM,dai_hoc,KV_DN_CL,Cẩm Lệ,Cẩm Lệ,Đà Nẵng,8,ca_hai,200000,web,hoat_dong,2026-04-03,MON_LY,Vật lý,tu_nhien,LOP_09,Lớp 9,thcs,200000,,,
GS_WB_0472,Ngô Thái Phú,nam,2000,Thac si,Quản trị Kinh doanh,DH_SP_HN,Đại học Sư phạm Hà Nội,dai_hoc,KV_HCM_Q4,Quận 4,Quận 4,Hồ Chí Minh,7,online,200000,web,hoat_dong,2026-04-03,MON_ANH,Tiếng Anh,ngoai_ngu,LOP_12,Lớp 12,thpt,200000,,,
GS_WB_0473,Ngô Mai Mai,nu,1995,Cu nhan,Công nghệ thông tin,DH_TM,Đại học Thương mại,dai_hoc,KV_HCM_Q4,Quận 4,Quận 4,Hồ Chí Minh,4,online,150000,web,hoat_dong,2026-04-03,MON_TOAN,Toán,tu_nhien,LOP_09,Lớp 9,thcs,150000,,,
GS_WB_0474,Lê Văn Phú,nam,1998,Ky su,Quản trị Kinh doanh,DH_KTQD,Đại học Kinh tế Quốc dân,dai_hoc,KV_HN_DD,Đống Đa,Đống Đa,Hà Nội,7,truc_tiep,180000,web,hoat_dong,2026-04-03,MON_VAN,Ngữ văn,xa_hoi,LOP_10,Lớp 10,thpt,180000,HS_WB_0027,4.4,2026-03-19
GS_WB_0475,Trần Minh Hùng,nam,2001,Ky su,Quản trị Kinh doanh,DH_SP_HCM,Đại học Sư phạm TP.HCM,dai_hoc,KV_HN_LB,Long Biên,Long Biên,Hà Nội,2,ca_hai,200000,web,hoat_dong,2026-04-03,MON_TOAN,Toán,tu_nhien,LOP_09,Lớp 9,thcs,200000,HS_WB_0426,4.65,2026-03-19
GS_WB_0476,Hoàng Thị An,nu,1995,Thac si,Sư phạm Toán,DH_BK_HCM,Đại học Bách Khoa TP.HCM,dai_hoc,KV_HN_DD,Đống Đa,Đống Đa,Hà Nội,7,truc_tiep,180000,web,hoat_dong,2026-04-03,MON_TOAN,Toán,tu_nhien,LOP_10,Lớp 10,thpt,180000,HS_WB_0029,4.36,2026-03-14
GS_WB_0477,Ngô Hồng Hân,nu,2001,Ky su,Sư phạm Toán,DH_BK_HN,Đại học Bách Khoa Hà Nội,dai_hoc,KV_HN_BD,Ba Đình,Ba Đình,Hà Nội,6,ca_hai,180000,web,hoat_dong,2026-04-03,MON_ANH,Tiếng Anh,ngoai_ngu,LOP_06,Lớp 6,thcs,180000,HS_WB_0679,3.65,2026-03-22
GS_WB_0478,Phạm Thái Hùng,nam,1996,Ky su,Quản trị Kinh doanh,DH_KTQD,Đại học Kinh tế Quốc dân,dai_hoc,KV_HN_HK,Hoàn Kiếm,Hoàn Kiếm,Hà Nội,3,online,180000,web,hoat_dong,2026-04-03,MON_ANH,Tiếng Anh,ngoai_ngu,LOP_06,Lớp 6,thcs,180000,HS_WB_0496,3.64,2026-03-26
GS_WB_0479,Dương Hoàng Mai,nu,1997,Ky su,Quản trị Kinh doanh,DH_KT_DN,Đại học Kinh tế Đà Nẵng,dai_hoc,KV_HCM_GV,Gò Vấp,Gò Vấp,Hồ Chí Minh,8,ca_hai,250000,web,hoat_dong,2026-04-03,MON_LY,Vật lý,tu_nhien,LOP_12,Lớp 12,thpt,250000,HS_WB_0491,4.34,2026-03-24
GS_WB_0480,Đỗ Thu Hân,nu,1996,Cu nhan,Quản trị Kinh doanh,DH_KTQD,Đại học Kinh tế Quốc dân,dai_hoc,KV_HCM_PN,Phú Nhuận,Phú Nhuận,Hồ Chí Minh,4,truc_tiep,250000,web,hoat_dong,2026-04-03,MON_ANH,Tiếng Anh,ngoai_ngu,LOP_10,Lớp 10,thpt,250000,HS_WB_0792,4.18,2026-04-01
GS_WB_0481,Lý Hải Tuấn,nam,1998,Ky su,Sư phạm Toán,DH_NL_HCM,Đại học Nông Lâm TP.HCM,dai_hoc,KV_HN_HM,Hoàng Mai,Hoàng Mai,Hà Nội,8,truc_tiep,200000,web,hoat_dong,2026-04-03,MON_VAN,Ngữ văn,xa_hoi,LOP_10,Lớp 10,thpt,200000,HS_WB_0785,3.79,2026-03-15
GS_WB_0482,Phạm Thanh Mai,nu,2002,Thac si,Công nghệ thông tin,DH_TM,Đại học Thương mại,dai_hoc,KV_HN_TH,Tây Hồ,Tây Hồ,Hà Nội,5,online,150000,web,hoat_dong,2026-04-03,MON_VAN,Ngữ văn,xa_hoi,LOP_06,Lớp 6,thcs,150000,HS_WB_0529,4.44,2026-03-28
GS_WB_0483,Lý Ngọc An,nu,1998,Cu nhan,Quản trị Kinh doanh,DH_Y_HN,Đại học Y Hà Nội,dai_hoc,KV_HCM_TD,Thủ Đức,Thủ Đức,Hồ Chí Minh,7,ca_hai,200000,web,hoat_dong,2026-04-03,MON_VAN,Ngữ văn,xa_hoi,LOP_09,Lớp 9,thcs,200000,HS_WB_0306,4.3,2026-03-08
GS_WB_0484,Đỗ Mai Linh,nu,1996,Ky su,Ngôn ngữ Anh,DH_SP_HN,Đại học Sư phạm Hà Nội,dai_hoc,KV_HCM_PN,Phú Nhuận,Phú Nhuận,Hồ Chí Minh,8,online,200000,web,hoat_dong,2026-04-03,MON_ANH,Tiếng Anh,ngoai_ngu,LOP_12,Lớp 12,thpt,200000,HS_WB_0232,3.67,2026-03-04
GS_WB_0485,Dương Đình Đức,nam,2003,Thac si,Công nghệ thông tin,DH_TM,Đại học Thương mại,dai_hoc,KV_DN_HC,Hải Châu,Hải Châu,Đà Nẵng,3,ca_hai,250000,web,hoat_dong,2026-04-03,MON_VAN,Ngữ văn,xa_hoi,LOP_06,Lớp 6,thcs,250000,HS_WB_0943,3.73,2026-03-30
GS_WB_0486,Đặng Mai Thảo,nu,1995,Cu nhan,Công nghệ thông tin,DH_KHTN_HCM,Đại học Khoa học Tự nhiên TP.HCM,dai_hoc,KV_DN_TK,Thanh Khê,Thanh Khê,Đà Nẵng,1,online,250000,web,hoat_dong,2026-04-03,MON_VAN,Ngữ văn,xa_hoi,LOP_10,Lớp 10,thpt,250000,,,
GS_WB_0487,Vũ Hồng Trang,nu,1996,Thac si,Quản trị Kinh doanh,DH_Y_HCM,Đại học Y Dược TP.HCM,dai_hoc,KV_HCM_Q5,Quận 5,Quận 5,Hồ Chí Minh,2,truc_tiep,200000,web,hoat_dong,2026-04-03,MON_ANH,Tiếng Anh,ngoai_ngu,LOP_12,Lớp 12,thpt,200000,HS_WB_0732,4.16,2026-03-19
GS_WB_0488,Lê Hữu Tuấn,nam,1999,Thac si,Ngôn ngữ Anh,DH_GTVT,Đại học Giao thông Vận tải,dai_hoc,KV_HCM_TP,Tân Phú,Tân Phú,Hồ Chí Minh,3,ca_hai,150000,web,hoat_dong,2026-04-03,MON_LY,Vật lý,tu_nhien,LOP_10,Lớp 10,thpt,150000,HS_WB_0859,4.53,2026-03-26
GS_WB_0489,Phạm Hoàng Hân,nu,2002,Cu nhan,Quản trị Kinh doanh,DH_XD,Đại học Xây dựng Hà Nội,dai_hoc,KV_HN_TH,Tây Hồ,Tây Hồ,Hà Nội,6,ca_hai,200000,web,hoat_dong,2026-04-03,MON_TOAN,Toán,tu_nhien,LOP_10,Lớp 10,thpt,200000,HS_WB_0559,3.99,2026-03-16
GS_WB_0490,Đặng Mai Vy,nu,2001,Ky su,Sư phạm Toán,DH_FPT,Đại học FPT,dai_hoc,KV_HN_HM,Hoàng Mai,Hoàng Mai,Hà Nội,2,online,180000,web,hoat_dong,2026-04-03,MON_TOAN,Toán,tu_nhien,LOP_10,Lớp 10,thpt,180000,,,
GS_WB_0491,Phạm Mai Linh,nu,1999,Thac si,Quản trị Kinh doanh,DH_BK_HCM,Đại học Bách Khoa TP.HCM,dai_hoc,KV_HCM_Q8,Quận 8,Quận 8,Hồ Chí Minh,2,truc_tiep,200000,web,hoat_dong,2026-04-03,MON_LY,Vật lý,tu_nhien,LOP_10,Lớp 10,thpt,200000,HS_WB_0650,4.53,2026-04-02
GS_WB_0492,Vũ Minh Đạt,nam,1999,Ky su,Ngôn ngữ Anh,DH_KT_DN,Đại học Kinh tế Đà Nẵng,dai_hoc,KV_DN_HC,Hải Châu,Hải Châu,Đà Nẵng,3,online,180000,web,hoat_dong,2026-04-03,MON_LY,Vật lý,tu_nhien,LOP_09,Lớp 9,thcs,180000,HS_WB_0325,4.22,2026-03-23
GS_WB_0493,Đỗ Hải Nam,nam,2003,Ky su,Sư phạm Toán,DH_KTQD,Đại học Kinh tế Quốc dân,dai_hoc,KV_HN_CG,Cầu Giấy,Cầu Giấy,Hà Nội,3,ca_hai,150000,web,hoat_dong,2026-04-03,MON_VAN,Ngữ văn,xa_hoi,LOP_06,Lớp 6,thcs,150000,HS_WB_0734,4.85,2026-03-21
GS_WB_0494,Dương Trọng Cường,nam,1998,Ky su,Ngôn ngữ Anh,DH_BK_HN,Đại học Bách Khoa Hà Nội,dai_hoc,KV_HCM_Q5,Quận 5,Quận 5,Hồ Chí Minh,2,truc_tiep,200000,web,hoat_dong,2026-04-03,MON_VAN,Ngữ văn,xa_hoi,LOP_09,Lớp 9,thcs,200000,,,
GS_WB_0495,Trần Thu Châu,nu,2000,Cu nhan,Ngôn ngữ Anh,DH_SP_HN,Đại học Sư phạm Hà Nội,dai_hoc,KV_HCM_GV,Gò Vấp,Gò Vấp,Hồ Chí Minh,1,truc_tiep,150000,web,hoat_dong,2026-04-03,MON_LY,Vật lý,tu_nhien,LOP_12,Lớp 12,thpt,150000,,,
GS_WB_0496,Lý Thanh Vy,nu,1996,Ky su,Sư phạm Toán,DH_SP_HCM,Đại học Sư phạm TP.HCM,dai_hoc,KV_HN_BD,Ba Đình,Ba Đình,Hà Nội,7,truc_tiep,150000,web,hoat_dong,2026-04-03,MON_ANH,Tiếng Anh,ngoai_ngu,LOP_06,Lớp 6,thcs,150000,HS_WB_0457,4.79,2026-04-02
GS_WB_0497,Trần Mai Nhung,nu,2002,Ky su,Sư phạm Toán,DH_CNTT,Đại học Công nghệ Thông tin TP.HCM,dai_hoc,KV_HN_DD,Đống Đa,Đống Đa,Hà Nội,4,online,250000,web,hoat_dong,2026-04-03,MON_ANH,Tiếng Anh,ngoai_ngu,LOP_09,Lớp 9,thcs,250000,HS_WB_0460,3.78,2026-03-27
GS_WB_0498,Ngô Minh Đức,nam,2003,Thac si,Sư phạm Toán,DH_BK_HN,Đại học Bách Khoa Hà Nội,dai_hoc,KV_HN_HK,Hoàn Kiếm,Hoàn Kiếm,Hà Nội,3,online,200000,web,hoat_dong,2026-04-03,MON_TOAN,Toán,tu_nhien,LOP_10,Lớp 10,thpt,200000,,,
GS_WB_0499,Hoàng Thu Hân,nu,2002,Ky su,Quản trị Kinh doanh,DH_KHTN_HN,Đại học Khoa học Tự nhiên Hà Nội,dai_hoc,KV_HN_HK,Hoàn Kiếm,Hoàn Kiếm,Hà Nội,2,ca_hai,180000,web,hoat_dong,2026-04-03,MON_LY,Vật lý,tu_nhien,LOP_12,Lớp 12,thpt,180000,HS_WB_0945,4.67,2026-03-27
GS_WB_0500,Ngô Hoàng Nhung,nu,2003,Cu nhan,Sư phạm Toán,DH_KT_DN,Đại học Kinh tế Đà Nẵng,dai_hoc,KV_HCM_TD,Thủ Đức,Thủ Đức,Hồ Chí Minh,4,ca_hai,180000,web,hoat_dong,2026-04-03,MON_LY,Vật lý,tu_nhien,LOP_12,Lớp 12,thpt,180000,,,
GS_WB_0501,Vũ Thái Phú,nam,2001,Thac si,Sư phạm Toán,DH_UEH,Đại học Kinh tế TP.HCM,dai_hoc,KV_DN_NHS,Ngũ Hành Sơn,Ngũ Hành Sơn,Đà Nẵng,1,online,200000,web,hoat_dong,2026-04-03,MON_TOAN,Toán,tu_nhien,LOP_10,Lớp 10,thpt,200000,HS_WB_0803,4.25,2026-03-29
GS_WB_0502,Bùi Đức Khoa,nam,2003,Cu nhan,Công nghệ thông tin,DH_TM,Đại học Thương mại,dai_hoc,KV_DN_TK,Thanh Khê,Thanh Khê,Đà Nẵng,6,truc_tiep,150000,web,hoat_dong,2026-04-03,MON_LY,Vật lý,tu_nhien,LOP_09,Lớp 9,thcs,150000,HS_WB_0973,4.88,2026-03-14
GS_WB_0503,Nguyễn Thái Cường,nam,1997,Cu nhan,Sư phạm Toán,DH_KTQD,Đại học Kinh tế Quốc dân,dai_hoc,KV_HCM_Q5,Quận 5,Quận 5,Hồ Chí Minh,2,ca_hai,200000,web,hoat_dong,2026-04-03,MON_LY,Vật lý,tu_nhien,LOP_06,Lớp 6,thcs,200000,,,
GS_WB_0504,Đặng Văn Đức,nam,1999,Thac si,Ngôn ngữ Anh,DH_FPT,Đại học FPT,dai_hoc,KV_HCM_BT,Bình Thạnh,Bình Thạnh,Hồ Chí Minh,2,ca_hai,250000,web,hoat_dong,2026-04-03,MON_VAN,Ngữ văn,xa_hoi,LOP_09,Lớp 9,thcs,250000,HS_WB_0127,4.4,2026-03-29
GS_WB_0505,Bùi Đức Phú,nam,2000,Ky su,Sư phạm Toán,DH_KHTN_HN,Đại học Khoa học Tự nhiên Hà Nội,dai_hoc,KV_HN_BD,Ba Đình,Ba Đình,Hà Nội,5,truc_tiep,150000,web,hoat_dong,2026-04-03,MON_VAN,Ngữ văn,xa_hoi,LOP_10,Lớp 10,thpt,150000,HS_WB_0868,4.34,2026-04-01
GS_WB_0506,Ngô Bảo Linh,nu,2001,Cu nhan,Công nghệ thông tin,DH_TM,Đại học Thương mại,dai_hoc,KV_HCM_Q4,Quận 4,Quận 4,Hồ Chí Minh,1,truc_tiep,180000,web,hoat_dong,2026-04-03,MON_VAN,Ngữ văn,xa_hoi,LOP_09,Lớp 9,thcs,180000,HS_WB_0079,3.82,2026-03-17
GS_WB_0507,Đặng Đức Nam,nam,2003,Cu nhan,Công nghệ thông tin,DH_GTVT,Đại học Giao thông Vận tải,dai_hoc,KV_HCM_TB,Tân Bình,Tân Bình,Hồ Chí Minh,7,ca_hai,180000,web,hoat_dong,2026-04-03,MON_VAN,Ngữ văn,xa_hoi,LOP_06,Lớp 6,thcs,180000,HS_WB_0325,4.62,2026-03-10
GS_WB_0508,Nguyễn Xuân Linh,nu,2000,Cu nhan,Ngôn ngữ Anh,DH_KTQD,Đại học Kinh tế Quốc dân,dai_hoc,KV_HCM_Q10,Quận 10,Quận 10,Hồ Chí Minh,4,online,250000,web,hoat_dong,2026-04-03,MON_VAN,Ngữ văn,xa_hoi,LOP_09,Lớp 9,thcs,250000,HS_WB_0028,3.72,2026-03-22
GS_WB_0509,Ngô Hải Nam,nam,1997,Cu nhan,Ngôn ngữ Anh,DH_BK_HCM,Đại học Bách Khoa TP.HCM,dai_hoc,KV_HCM_Q7,Quận 7,Quận 7,Hồ Chí Minh,8,ca_hai,150000,web,hoat_dong,2026-04-03,MON_LY,Vật lý,tu_nhien,LOP_10,Lớp 10,thpt,150000,HS_WB_0407,4.5,2026-03-19
GS_WB_0510,Phạm Hoàng Châu,nu,1999,Cu nhan,Quản trị Kinh doanh,DH_NL_HCM,Đại học Nông Lâm TP.HCM,dai_hoc,KV_DN_LC,Liên Chiểu,Liên Chiểu,Đà Nẵng,2,ca_hai,200000,web,hoat_dong,2026-04-03,MON_LY,Vật lý,tu_nhien,LOP_12,Lớp 12,thpt,200000,HS_WB_0614,3.84,2026-03-04
GS_WB_0511,Vũ Đức Tuấn,nam,2000,Ky su,Công nghệ thông tin,DH_NT_HN,Đại học Ngoại thương Hà Nội,dai_hoc,KV_HCM_Q10,Quận 10,Quận 10,Hồ Chí Minh,7,truc_tiep,180000,web,hoat_dong,2026-04-03,MON_TOAN,Toán,tu_nhien,LOP_06,Lớp 6,thcs,180000,,,
GS_WB_0512,Bùi Mai Châu,nu,1999,Thac si,Công nghệ thông tin,DH_FPT,Đại học FPT,dai_hoc,KV_HN_HD,Hà Đông,Hà Đông,Hà Nội,6,truc_tiep,200000,web,hoat_dong,2026-04-03,MON_ANH,Tiếng Anh,ngoai_ngu,LOP_09,Lớp 9,thcs,200000,HS_WB_0908,3.88,2026-03-23
GS_WB_0513,Ngô Quang Đạt,nam,2003,Ky su,Sư phạm Toán,DH_UEH,Đại học Kinh tế TP.HCM,dai_hoc,KV_HN_HD,Hà Đông,Hà Đông,Hà Nội,8,truc_tiep,250000,web,hoat_dong,2026-04-03,MON_ANH,Tiếng Anh,ngoai_ngu,LOP_10,Lớp 10,thpt,250000,HS_WB_0129,4.08,2026-03-09
GS_WB_0514,Lý Đình Khoa,nam,1999,Ky su,Quản trị Kinh doanh,DH_UEH,Đại học Kinh tế TP.HCM,dai_hoc,KV_HN_BD,Ba Đình,Ba Đình,Hà Nội,3,ca_hai,200000,web,hoat_dong,2026-04-03,MON_ANH,Tiếng Anh,ngoai_ngu,LOP_09,Lớp 9,thcs,200000,HS_WB_0020,3.99,2026-03-09
GS_WB_0515,Đỗ Thái Nam,nam,2002,Cu nhan,Sư phạm Toán,DH_KT_DN,Đại học Kinh tế Đà Nẵng,dai_hoc,KV_HCM_TP,Tân Phú,Tân Phú,Hồ Chí Minh,3,ca_hai,250000,web,hoat_dong,2026-04-03,MON_VAN,Ngữ văn,xa_hoi,LOP_12,Lớp 12,thpt,250000,HS_WB_0238,3.51,2026-03-24
GS_WB_0516,Bùi Thanh Thu,nu,2003,Thac si,Sư phạm Toán,DH_KTQD,Đại học Kinh tế Quốc dân,dai_hoc,KV_HCM_PN,Phú Nhuận,Phú Nhuận,Hồ Chí Minh,6,truc_tiep,250000,web,hoat_dong,2026-04-03,MON_ANH,Tiếng Anh,ngoai_ngu,LOP_12,Lớp 12,thpt,250000,HS_WB_0955,3.68,2026-03-18
GS_WB_0517,Lê Quang Đạt,nam,2002,Ky su,Công nghệ thông tin,DH_SP_HN,Đại học Sư phạm Hà Nội,dai_hoc,KV_HN_BD,Ba Đình,Ba Đình,Hà Nội,3,online,200000,web,hoat_dong,2026-04-03,MON_LY,Vật lý,tu_nhien,LOP_10,Lớp 10,thpt,200000,HS_WB_0393,4.51,2026-04-01
GS_WB_0518,Hoàng Xuân An,nu,1997,Cu nhan,Ngôn ngữ Anh,DH_QGHN,Đại học Quốc gia Hà Nội,dai_hoc,KV_HCM_Q8,Quận 8,Quận 8,Hồ Chí Minh,1,truc_tiep,150000,web,hoat_dong,2026-04-03,MON_VAN,Ngữ văn,xa_hoi,LOP_12,Lớp 12,thpt,150000,HS_WB_0574,4.92,2026-03-08
GS_WB_0519,Nguyễn Xuân Trang,nu,2002,Thac si,Sư phạm Toán,DH_CNTT,Đại học Công nghệ Thông tin TP.HCM,dai_hoc,KV_HN_HBT,Hai Bà Trưng,Hai Bà Trưng,Hà Nội,2,online,150000,web,hoat_dong,2026-04-03,MON_ANH,Tiếng Anh,ngoai_ngu,LOP_06,Lớp 6,thcs,150000,HS_WB_0057,3.51,2026-03-22
GS_WB_0520,Nguyễn Hữu Khoa,nam,1995,Ky su,Sư phạm Toán,DH_SP_HN,Đại học Sư phạm Hà Nội,dai_hoc,KV_HN_BD,Ba Đình,Ba Đình,Hà Nội,1,online,200000,web,hoat_dong,2026-04-03,MON_VAN,Ngữ văn,xa_hoi,LOP_06,Lớp 6,thcs,200000,HS_WB_0872,4.51,2026-03-22
GS_WB_0521,Hoàng Bảo Thu,nu,1998,Cu nhan,Công nghệ thông tin,DH_CNTT,Đại học Công nghệ Thông tin TP.HCM,dai_hoc,KV_HCM_BT,Bình Thạnh,Bình Thạnh,Hồ Chí Minh,1,online,180000,web,hoat_dong,2026-04-03,MON_LY,Vật lý,tu_nhien,LOP_10,Lớp 10,thpt,180000,HS_WB_0790,3.54,2026-03-26
GS_WB_0522,Đỗ Quang Đức,nam,1998,Cu nhan,Ngôn ngữ Anh,DH_KHTN_HCM,Đại học Khoa học Tự nhiên TP.HCM,dai_hoc,KV_HN_CG,Cầu Giấy,Cầu Giấy,Hà Nội,7,truc_tiep,180000,web,hoat_dong,2026-04-03,MON_ANH,Tiếng Anh,ngoai_ngu,LOP_10,Lớp 10,thpt,180000,,,
GS_WB_0523,Lê Mai An,nu,1998,Cu nhan,Ngôn ngữ Anh,DH_DN,Đại học Đà Nẵng,dai_hoc,KV_HN_HM,Hoàng Mai,Hoàng Mai,Hà Nội,8,truc_tiep,150000,web,hoat_dong,2026-04-03,MON_VAN,Ngữ văn,xa_hoi,LOP_12,Lớp 12,thpt,150000,HS_WB_0573,3.54,2026-03-09
GS_WB_0524,Dương Hải Hùng,nam,1996,Cu nhan,Ngôn ngữ Anh,DH_DN,Đại học Đà Nẵng,dai_hoc,KV_HCM_Q8,Quận 8,Quận 8,Hồ Chí Minh,6,online,200000,web,hoat_dong,2026-04-03,MON_LY,Vật lý,tu_nhien,LOP_12,Lớp 12,thpt,200000,,,
GS_WB_0525,Phạm Mai Hân,nu,2002,Ky su,Quản trị Kinh doanh,DH_XD,Đại học Xây dựng Hà Nội,dai_hoc,KV_HCM_Q7,Quận 7,Quận 7,Hồ Chí Minh,3,online,150000,web,hoat_dong,2026-04-03,MON_ANH,Tiếng Anh,ngoai_ngu,LOP_12,Lớp 12,thpt,150000,HS_WB_0154,4.77,2026-03-29
GS_WB_0526,Bùi Thanh Thu,nu,2000,Thac si,Công nghệ thông tin,DH_CNTT,Đại học Công nghệ Thông tin TP.HCM,dai_hoc,KV_HCM_GV,Gò Vấp,Gò Vấp,Hồ Chí Minh,2,online,180000,web,hoat_dong,2026-04-03,MON_LY,Vật lý,tu_nhien,LOP_06,Lớp 6,thcs,180000,HS_WB_0196,3.95,2026-03-25
GS_WB_0527,Hoàng Hữu Tuấn,nam,2003,Ky su,Công nghệ thông tin,DH_UEH,Đại học Kinh tế TP.HCM,dai_hoc,KV_HCM_TP,Tân Phú,Tân Phú,Hồ Chí Minh,8,truc_tiep,200000,web,hoat_dong,2026-04-03,MON_LY,Vật lý,tu_nhien,LOP_09,Lớp 9,thcs,200000,HS_WB_0176,3.9,2026-03-17
GS_WB_0528,Đặng Thu Linh,nu,1996,Ky su,Ngôn ngữ Anh,DH_FPT,Đại học FPT,dai_hoc,KV_HCM_Q1,Quận 1,Quận 1,Hồ Chí Minh,7,ca_hai,180000,web,hoat_dong,2026-04-03,MON_VAN,Ngữ văn,xa_hoi,LOP_09,Lớp 9,thcs,180000,HS_WB_0480,4.1,2026-03-11
GS_WB_0529,Dương Văn Đạt,nam,1998,Thac si,Quản trị Kinh doanh,DH_BK_HN,Đại học Bách Khoa Hà Nội,dai_hoc,KV_HN_HD,Hà Đông,Hà Đông,Hà Nội,1,truc_tiep,180000,web,hoat_dong,2026-04-03,MON_ANH,Tiếng Anh,ngoai_ngu,LOP_12,Lớp 12,thpt,180000,HS_WB_0251,3.68,2026-03-05
GS_WB_0530,Hoàng Bảo Thu,nu,2000,Ky su,Sư phạm Toán,DH_Y_HCM,Đại học Y Dược TP.HCM,dai_hoc,KV_HN_HK,Hoàn Kiếm,Hoàn Kiếm,Hà Nội,8,online,200000,web,hoat_dong,2026-04-03,MON_ANH,Tiếng Anh,ngoai_ngu,LOP_09,Lớp 9,thcs,200000,HS_WB_0933,4.85,2026-03-10
GS_WB_0531,Đặng Ngọc Trang,nu,1996,Cu nhan,Quản trị Kinh doanh,DH_BK_HN,Đại học Bách Khoa Hà Nội,dai_hoc,KV_HN_BD,Ba Đình,Ba Đình,Hà Nội,8,truc_tiep,200000,web,hoat_dong,2026-04-03,MON_TOAN,Toán,tu_nhien,LOP_09,Lớp 9,thcs,200000,HS_WB_0149,4.09,2026-03-06
GS_WB_0532,Đỗ Hồng Hân,nu,2002,Ky su,Ngôn ngữ Anh,DH_SP_HN,Đại học Sư phạm Hà Nội,dai_hoc,KV_HN_BD,Ba Đình,Ba Đình,Hà Nội,2,online,180000,web,hoat_dong,2026-04-03,MON_LY,Vật lý,tu_nhien,LOP_10,Lớp 10,thpt,180000,HS_WB_0383,4.98,2026-04-01
GS_WB_0533,Lê Minh Khoa,nam,1996,Cu nhan,Công nghệ thông tin,DH_KHTN_HCM,Đại học Khoa học Tự nhiên TP.HCM,dai_hoc,KV_DN_LC,Liên Chiểu,Liên Chiểu,Đà Nẵng,2,truc_tiep,150000,web,hoat_dong,2026-04-03,MON_ANH,Tiếng Anh,ngoai_ngu,LOP_10,Lớp 10,thpt,150000,HS_WB_0335,3.65,2026-03-30
GS_WB_0534,Ngô Minh Hùng,nam,1999,Cu nhan,Quản trị Kinh doanh,DH_QGHN,Đại học Quốc gia Hà Nội,dai_hoc,KV_HCM_GV,Gò Vấp,Gò Vấp,Hồ Chí Minh,6,online,150000,web,hoat_dong,2026-04-03,MON_LY,Vật lý,tu_nhien,LOP_12,Lớp 12,thpt,150000,HS_WB_0024,3.83,2026-03-29
GS_WB_0535,Vũ Thị An,nu,1997,Cu nhan,Công nghệ thông tin,DH_CNTT,Đại học Công nghệ Thông tin TP.HCM,dai_hoc,KV_HN_HM,Hoàng Mai,Hoàng Mai,Hà Nội,3,ca_hai,200000,web,hoat_dong,2026-04-03,MON_TOAN,Toán,tu_nhien,LOP_06,Lớp 6,thcs,200000,,,
GS_WB_0536,Bùi Quang Cường,nam,1995,Thac si,Quản trị Kinh doanh,DH_SP_HN,Đại học Sư phạm Hà Nội,dai_hoc,KV_HN_HM,Hoàng Mai,Hoàng Mai,Hà Nội,3,ca_hai,250000,web,hoat_dong,2026-04-03,MON_VAN,Ngữ văn,xa_hoi,LOP_10,Lớp 10,thpt,250000,HS_WB_0169,4.43,2026-03-15
GS_WB_0537,Lê Hồng Thu,nu,2001,Thac si,Sư phạm Toán,DH_GTVT,Đại học Giao thông Vận tải,dai_hoc,KV_HN_BD,Ba Đình,Ba Đình,Hà Nội,2,online,250000,web,hoat_dong,2026-04-03,MON_TOAN,Toán,tu_nhien,LOP_09,Lớp 9,thcs,250000,HS_WB_0226,3.82,2026-03-11
GS_WB_0538,Đỗ Đình Tuấn,nam,2001,Cu nhan,Công nghệ thông tin,DH_GTVT,Đại học Giao thông Vận tải,dai_hoc,KV_HN_CG,Cầu Giấy,Cầu Giấy,Hà Nội,4,ca_hai,150000,web,hoat_dong,2026-04-03,MON_TOAN,Toán,tu_nhien,LOP_10,Lớp 10,thpt,150000,HS_WB_0726,4.52,2026-03-18
GS_WB_0539,Lê Quang Nam,nam,2000,Cu nhan,Ngôn ngữ Anh,DH_KHTN_HCM,Đại học Khoa học Tự nhiên TP.HCM,dai_hoc,KV_HCM_TB,Tân Bình,Tân Bình,Hồ Chí Minh,6,ca_hai,250000,web,hoat_dong,2026-04-03,MON_TOAN,Toán,tu_nhien,LOP_06,Lớp 6,thcs,250000,HS_WB_0376,4.37,2026-03-12
GS_WB_0540,Hoàng Xuân Hân,nu,2003,Ky su,Sư phạm Toán,DH_KTQD,Đại học Kinh tế Quốc dân,dai_hoc,KV_HN_HD,Hà Đông,Hà Đông,Hà Nội,1,truc_tiep,200000,web,hoat_dong,2026-04-03,MON_LY,Vật lý,tu_nhien,LOP_06,Lớp 6,thcs,200000,,,
GS_WB_0541,Ngô Đình Hùng,nam,1995,Ky su,Công nghệ thông tin,DH_KHTN_HN,Đại học Khoa học Tự nhiên Hà Nội,dai_hoc,KV_DN_HC,Hải Châu,Hải Châu,Đà Nẵng,1,truc_tiep,250000,web,hoat_dong,2026-04-03,MON_TOAN,Toán,tu_nhien,LOP_10,Lớp 10,thpt,250000,HS_WB_0773,3.78,2026-03-31
GS_WB_0542,Vũ Hoàng Thảo,nu,1998,Cu nhan,Ngôn ngữ Anh,DH_TM,Đại học Thương mại,dai_hoc,KV_HN_TX,Thanh Xuân,Thanh Xuân,Hà Nội,1,ca_hai,150000,web,hoat_dong,2026-04-03,MON_TOAN,Toán,tu_nhien,LOP_10,Lớp 10,thpt,150000,HS_WB_0728,4.19,2026-03-20
GS_WB_0543,Đỗ Hải Khoa,nam,1996,Thac si,Quản trị Kinh doanh,DH_UEH,Đại học Kinh tế TP.HCM,dai_hoc,KV_HN_TX,Thanh Xuân,Thanh Xuân,Hà Nội,5,truc_tiep,150000,web,hoat_dong,2026-04-03,MON_TOAN,Toán,tu_nhien,LOP_06,Lớp 6,thcs,150000,HS_WB_0626,4.19,2026-03-25
GS_WB_0544,Đỗ Mai Mai,nu,2001,Thac si,Công nghệ thông tin,DH_KHTN_HCM,Đại học Khoa học Tự nhiên TP.HCM,dai_hoc,KV_HCM_TP,Tân Phú,Tân Phú,Hồ Chí Minh,8,truc_tiep,150000,web,hoat_dong,2026-04-03,MON_TOAN,Toán,tu_nhien,LOP_12,Lớp 12,thpt,150000,,,
GS_WB_0545,Dương Bảo An,nu,1998,Ky su,Ngôn ngữ Anh,DH_TM,Đại học Thương mại,dai_hoc,KV_HCM_GV,Gò Vấp,Gò Vấp,Hồ Chí Minh,4,truc_tiep,180000,web,hoat_dong,2026-04-03,MON_VAN,Ngữ văn,xa_hoi,LOP_06,Lớp 6,thcs,180000,,,
GS_WB_0546,Phạm Hoàng Thu,nu,1995,Cu nhan,Ngôn ngữ Anh,DH_Y_HCM,Đại học Y Dược TP.HCM,dai_hoc,KV_HCM_Q8,Quận 8,Quận 8,Hồ Chí Minh,1,ca_hai,150000,web,hoat_dong,2026-04-03,MON_VAN,Ngữ văn,xa_hoi,LOP_09,Lớp 9,thcs,150000,,,
GS_WB_0547,Vũ Thị Linh,nu,1996,Ky su,Ngôn ngữ Anh,DH_TM,Đại học Thương mại,dai_hoc,KV_HCM_PN,Phú Nhuận,Phú Nhuận,Hồ Chí Minh,4,online,200000,web,hoat_dong,2026-04-03,MON_TOAN,Toán,tu_nhien,LOP_12,Lớp 12,thpt,200000,HS_WB_0125,4.75,2026-03-10
GS_WB_0548,Bùi Đức Nam,nam,1999,Thac si,Sư phạm Toán,DH_KT_DN,Đại học Kinh tế Đà Nẵng,dai_hoc,KV_DN_CL,Cẩm Lệ,Cẩm Lệ,Đà Nẵng,8,truc_tiep,250000,web,hoat_dong,2026-04-03,MON_VAN,Ngữ văn,xa_hoi,LOP_09,Lớp 9,thcs,250000,HS_WB_0867,4.79,2026-03-24
GS_WB_0549,Ngô Thanh Trang,nu,1998,Cu nhan,Quản trị Kinh doanh,DH_UEH,Đại học Kinh tế TP.HCM,dai_hoc,KV_HCM_Q5,Quận 5,Quận 5,Hồ Chí Minh,5,truc_tiep,200000,web,hoat_dong,2026-04-03,MON_ANH,Tiếng Anh,ngoai_ngu,LOP_10,Lớp 10,thpt,200000,HS_WB_0039,4.29,2026-03-29
GS_WB_0550,Bùi Bảo An,nu,2000,Thac si,Sư phạm Toán,DH_XD,Đại học Xây dựng Hà Nội,dai_hoc,KV_DN_TK,Thanh Khê,Thanh Khê,Đà Nẵng,3,truc_tiep,150000,web,hoat_dong,2026-04-03,MON_TOAN,Toán,tu_nhien,LOP_10,Lớp 10,thpt,150000,HS_WB_0160,4.1,2026-03-18
GS_WB_0551,Dương Hải Huy,nam,2001,Cu nhan,Sư phạm Toán,DH_KTQD,Đại học Kinh tế Quốc dân,dai_hoc,KV_HCM_Q10,Quận 10,Quận 10,Hồ Chí Minh,4,ca_hai,150000,web,hoat_dong,2026-04-03,MON_VAN,Ngữ văn,xa_hoi,LOP_06,Lớp 6,thcs,150000,HS_WB_0133,4.01,2026-03-18
GS_WB_0552,Lê Thanh Trang,nu,2002,Ky su,Công nghệ thông tin,DH_DN,Đại học Đà Nẵng,dai_hoc,KV_DN_LC,Liên Chiểu,Liên Chiểu,Đà Nẵng,1,online,250000,web,hoat_dong,2026-04-03,MON_VAN,Ngữ văn,xa_hoi,LOP_06,Lớp 6,thcs,250000,,,
GS_WB_0553,Đỗ Trọng Huy,nam,1995,Ky su,Sư phạm Toán,DH_QGHN,Đại học Quốc gia Hà Nội,dai_hoc,KV_DN_ST,Sơn Trà,Sơn Trà,Đà Nẵng,3,ca_hai,180000,web,hoat_dong,2026-04-03,MON_TOAN,Toán,tu_nhien,LOP_12,Lớp 12,thpt,180000,HS_WB_0905,3.86,2026-03-08
GS_WB_0554,Ngô Xuân Thu,nu,1995,Cu nhan,Sư phạm Toán,DH_DN,Đại học Đà Nẵng,dai_hoc,KV_DN_TK,Thanh Khê,Thanh Khê,Đà Nẵng,5,online,180000,web,hoat_dong,2026-04-03,MON_TOAN,Toán,tu_nhien,LOP_12,Lớp 12,thpt,180000,HS_WB_0499,4.74,2026-03-16
GS_WB_0555,Bùi Ngọc Trang,nu,2002,Thac si,Sư phạm Toán,DH_UEH,Đại học Kinh tế TP.HCM,dai_hoc,KV_HCM_Q5,Quận 5,Quận 5,Hồ Chí Minh,6,ca_hai,250000,web,hoat_dong,2026-04-03,MON_VAN,Ngữ văn,xa_hoi,LOP_09,Lớp 9,thcs,250000,HS_WB_0665,4.38,2026-03-10
GS_WB_0556,Dương Thanh Linh,nu,1995,Thac si,Công nghệ thông tin,DH_NT_HN,Đại học Ngoại thương Hà Nội,dai_hoc,KV_HCM_PN,Phú Nhuận,Phú Nhuận,Hồ Chí Minh,8,ca_hai,200000,web,hoat_dong,2026-04-03,MON_ANH,Tiếng Anh,ngoai_ngu,LOP_10,Lớp 10,thpt,200000,HS_WB_0990,4.06,2026-03-29
GS_WB_0557,Đỗ Thị An,nu,2000,Thac si,Quản trị Kinh doanh,DH_CNTT,Đại học Công nghệ Thông tin TP.HCM,dai_hoc,KV_HN_BTL,Bắc Từ Liêm,Bắc Từ Liêm,Hà Nội,3,truc_tiep,150000,web,hoat_dong,2026-04-03,MON_VAN,Ngữ văn,xa_hoi,LOP_06,Lớp 6,thcs,150000,,,
GS_WB_0558,Ngô Ngọc Hân,nu,1995,Cu nhan,Công nghệ thông tin,DH_DN,Đại học Đà Nẵng,dai_hoc,KV_HN_DD,Đống Đa,Đống Đa,Hà Nội,7,truc_tiep,180000,web,hoat_dong,2026-04-03,MON_VAN,Ngữ văn,xa_hoi,LOP_06,Lớp 6,thcs,180000,HS_WB_0642,3.97,2026-03-17
GS_WB_0559,Bùi Thu Trang,nu,2000,Ky su,Ngôn ngữ Anh,DH_NL_HCM,Đại học Nông Lâm TP.HCM,dai_hoc,KV_HN_NTL,Nam Từ Liêm,Nam Từ Liêm,Hà Nội,4,truc_tiep,200000,web,hoat_dong,2026-04-03,MON_ANH,Tiếng Anh,ngoai_ngu,LOP_10,Lớp 10,thpt,200000,HS_WB_0332,4.23,2026-03-09
GS_WB_0560,Đỗ Hải Đạt,nam,1995,Thac si,Công nghệ thông tin,DH_TM,Đại học Thương mại,dai_hoc,KV_HCM_Q8,Quận 8,Quận 8,Hồ Chí Minh,5,truc_tiep,180000,web,hoat_dong,2026-04-03,MON_VAN,Ngữ văn,xa_hoi,LOP_09,Lớp 9,thcs,180000,HS_WB_0246,4.44,2026-03-26
GS_WB_0561,Lý Xuân Nhung,nu,1995,Cu nhan,Ngôn ngữ Anh,DH_NT_HN,Đại học Ngoại thương Hà Nội,dai_hoc,KV_HCM_Q10,Quận 10,Quận 10,Hồ Chí Minh,6,ca_hai,150000,web,hoat_dong,2026-04-03,MON_TOAN,Toán,tu_nhien,LOP_09,Lớp 9,thcs,150000,HS_WB_0486,4.45,2026-03-09
GS_WB_0562,Đỗ Hoàng An,nu,1999,Cu nhan,Quản trị Kinh doanh,DH_BK_HN,Đại học Bách Khoa Hà Nội,dai_hoc,KV_HCM_Q7,Quận 7,Quận 7,Hồ Chí Minh,6,truc_tiep,200000,web,hoat_dong,2026-04-03,MON_VAN,Ngữ văn,xa_hoi,LOP_10,Lớp 10,thpt,200000,HS_WB_0536,3.84,2026-04-01
GS_WB_0563,Trần Xuân An,nu,1998,Ky su,Quản trị Kinh doanh,DH_KHTN_HCM,Đại học Khoa học Tự nhiên TP.HCM,dai_hoc,KV_DN_LC,Liên Chiểu,Liên Chiểu,Đà Nẵng,5,online,180000,web,hoat_dong,2026-04-03,MON_ANH,Tiếng Anh,ngoai_ngu,LOP_06,Lớp 6,thcs,180000,,,
GS_WB_0564,Đỗ Đức Khoa,nam,1999,Ky su,Sư phạm Toán,DH_KHTN_HN,Đại học Khoa học Tự nhiên Hà Nội,dai_hoc,KV_HN_HD,Hà Đông,Hà Đông,Hà Nội,5,online,250000,web,hoat_dong,2026-04-03,MON_LY,Vật lý,tu_nhien,LOP_06,Lớp 6,thcs,250000,HS_WB_0651,3.62,2026-03-06
GS_WB_0565,Hoàng Hồng Trang,nu,2003,Ky su,Công nghệ thông tin,DH_GTVT,Đại học Giao thông Vận tải,dai_hoc,KV_DN_NHS,Ngũ Hành Sơn,Ngũ Hành Sơn,Đà Nẵng,6,ca_hai,180000,web,hoat_dong,2026-04-03,MON_LY,Vật lý,tu_nhien,LOP_10,Lớp 10,thpt,180000,,,
GS_WB_0566,Đỗ Đức Kiệt,nam,2000,Thac si,Quản trị Kinh doanh,DH_NL_HCM,Đại học Nông Lâm TP.HCM,dai_hoc,KV_HCM_TD,Thủ Đức,Thủ Đức,Hồ Chí Minh,7,ca_hai,150000,web,hoat_dong,2026-04-03,MON_TOAN,Toán,tu_nhien,LOP_12,Lớp 12,thpt,150000,HS_WB_0701,4.44,2026-03-14
GS_WB_0567,Lý Văn Khoa,nam,1998,Ky su,Công nghệ thông tin,DH_UEH,Đại học Kinh tế TP.HCM,dai_hoc,KV_HCM_Q10,Quận 10,Quận 10,Hồ Chí Minh,6,truc_tiep,150000,web,hoat_dong,2026-04-03,MON_TOAN,Toán,tu_nhien,LOP_10,Lớp 10,thpt,150000,HS_WB_0821,4.19,2026-03-14
GS_WB_0568,Đặng Đức Cường,nam,1995,Cu nhan,Ngôn ngữ Anh,DH_CNTT,Đại học Công nghệ Thông tin TP.HCM,dai_hoc,KV_HN_HD,Hà Đông,Hà Đông,Hà Nội,4,ca_hai,200000,web,hoat_dong,2026-04-03,MON_VAN,Ngữ văn,xa_hoi,LOP_10,Lớp 10,thpt,200000,HS_WB_0030,3.67,2026-03-18
GS_WB_0569,Bùi Bảo Linh,nu,2002,Cu nhan,Công nghệ thông tin,DH_NT_HN,Đại học Ngoại thương Hà Nội,dai_hoc,KV_HCM_Q8,Quận 8,Quận 8,Hồ Chí Minh,5,truc_tiep,200000,web,hoat_dong,2026-04-03,MON_LY,Vật lý,tu_nhien,LOP_09,Lớp 9,thcs,200000,HS_WB_0697,3.7,2026-03-15
GS_WB_0570,Trần Hoàng Vy,nu,1998,Ky su,Ngôn ngữ Anh,DH_NT_HN,Đại học Ngoại thương Hà Nội,dai_hoc,KV_HN_LB,Long Biên,Long Biên,Hà Nội,5,ca_hai,150000,web,hoat_dong,2026-04-03,MON_TOAN,Toán,tu_nhien,LOP_09,Lớp 9,thcs,150000,,,
GS_WB_0571,Vũ Hoàng Châu,nu,2000,Cu nhan,Ngôn ngữ Anh,DH_BK_HN,Đại học Bách Khoa Hà Nội,dai_hoc,KV_DN_HC,Hải Châu,Hải Châu,Đà Nẵng,7,ca_hai,250000,web,hoat_dong,2026-04-03,MON_LY,Vật lý,tu_nhien,LOP_09,Lớp 9,thcs,250000,,,
GS_WB_0572,Phạm Quang Hùng,nam,2003,Ky su,Sư phạm Toán,DH_SP_HCM,Đại học Sư phạm TP.HCM,dai_hoc,KV_HCM_TB,Tân Bình,Tân Bình,Hồ Chí Minh,3,truc_tiep,200000,web,hoat_dong,2026-04-03,MON_LY,Vật lý,tu_nhien,LOP_10,Lớp 10,thpt,200000,,,
GS_WB_0573,Ngô Thái Cường,nam,2000,Ky su,Sư phạm Toán,DH_SP_HCM,Đại học Sư phạm TP.HCM,dai_hoc,KV_DN_NHS,Ngũ Hành Sơn,Ngũ Hành Sơn,Đà Nẵng,3,ca_hai,180000,web,hoat_dong,2026-04-03,MON_VAN,Ngữ văn,xa_hoi,LOP_12,Lớp 12,thpt,180000,HS_WB_0298,4.58,2026-03-20
GS_WB_0574,Phạm Đình Kiệt,nam,2001,Thac si,Quản trị Kinh doanh,DH_UEH,Đại học Kinh tế TP.HCM,dai_hoc,KV_HN_BD,Ba Đình,Ba Đình,Hà Nội,6,truc_tiep,200000,web,hoat_dong,2026-04-03,MON_LY,Vật lý,tu_nhien,LOP_06,Lớp 6,thcs,200000,HS_WB_0165,3.94,2026-04-01
GS_WB_0575,Hoàng Trọng Đạt,nam,2000,Cu nhan,Sư phạm Toán,DH_BK_HCM,Đại học Bách Khoa TP.HCM,dai_hoc,KV_HCM_Q10,Quận 10,Quận 10,Hồ Chí Minh,2,online,250000,web,hoat_dong,2026-04-03,MON_ANH,Tiếng Anh,ngoai_ngu,LOP_09,Lớp 9,thcs,250000,,,
GS_WB_0576,Đỗ Hải Khoa,nam,1999,Thac si,Sư phạm Toán,DH_SP_HN,Đại học Sư phạm Hà Nội,dai_hoc,KV_HN_DD,Đống Đa,Đống Đa,Hà Nội,4,truc_tiep,150000,web,hoat_dong,2026-04-03,MON_LY,Vật lý,tu_nhien,LOP_10,Lớp 10,thpt,150000,HS_WB_0893,3.61,2026-03-29
GS_WB_0577,Trần Mai Vy,nu,1996,Cu nhan,Quản trị Kinh doanh,DH_KT_DN,Đại học Kinh tế Đà Nẵng,dai_hoc,KV_HCM_Q1,Quận 1,Quận 1,Hồ Chí Minh,6,truc_tiep,180000,web,hoat_dong,2026-04-03,MON_LY,Vật lý,tu_nhien,LOP_12,Lớp 12,thpt,180000,HS_WB_0201,4.68,2026-03-31
GS_WB_0578,Ngô Hoàng Thảo,nu,2001,Cu nhan,Ngôn ngữ Anh,DH_GTVT,Đại học Giao thông Vận tải,dai_hoc,KV_HCM_Q10,Quận 10,Quận 10,Hồ Chí Minh,3,truc_tiep,180000,web,hoat_dong,2026-04-03,MON_TOAN,Toán,tu_nhien,LOP_06,Lớp 6,thcs,180000,HS_WB_0441,3.68,2026-03-18
GS_WB_0579,Lê Thái Kiệt,nam,2001,Cu nhan,Ngôn ngữ Anh,DH_XD,Đại học Xây dựng Hà Nội,dai_hoc,KV_HN_CG,Cầu Giấy,Cầu Giấy,Hà Nội,5,ca_hai,250000,web,hoat_dong,2026-04-03,MON_TOAN,Toán,tu_nhien,LOP_09,Lớp 9,thcs,250000,HS_WB_0184,4.95,2026-03-15
GS_WB_0580,Lý Bảo Linh,nu,1999,Cu nhan,Quản trị Kinh doanh,DH_KHTN_HCM,Đại học Khoa học Tự nhiên TP.HCM,dai_hoc,KV_DN_TK,Thanh Khê,Thanh Khê,Đà Nẵng,5,online,150000,web,hoat_dong,2026-04-03,MON_LY,Vật lý,tu_nhien,LOP_10,Lớp 10,thpt,150000,HS_WB_0390,4.27,2026-03-11
GS_WB_0581,Vũ Đình Phú,nam,2003,Cu nhan,Quản trị Kinh doanh,DH_Y_HN,Đại học Y Hà Nội,dai_hoc,KV_HCM_Q8,Quận 8,Quận 8,Hồ Chí Minh,8,ca_hai,150000,web,hoat_dong,2026-04-03,MON_LY,Vật lý,tu_nhien,LOP_12,Lớp 12,thpt,150000,HS_WB_0768,4.37,2026-03-27
GS_WB_0582,Lý Đức Tuấn,nam,2001,Thac si,Quản trị Kinh doanh,DH_NT_HN,Đại học Ngoại thương Hà Nội,dai_hoc,KV_HN_TX,Thanh Xuân,Thanh Xuân,Hà Nội,2,ca_hai,180000,web,hoat_dong,2026-04-03,MON_ANH,Tiếng Anh,ngoai_ngu,LOP_09,Lớp 9,thcs,180000,,,
GS_WB_0583,Lý Minh Phú,nam,1997,Ky su,Quản trị Kinh doanh,DH_BK_HN,Đại học Bách Khoa Hà Nội,dai_hoc,KV_HN_TH,Tây Hồ,Tây Hồ,Hà Nội,1,online,250000,web,hoat_dong,2026-04-03,MON_VAN,Ngữ văn,xa_hoi,LOP_09,Lớp 9,thcs,250000,HS_WB_0764,4.14,2026-03-04
GS_WB_0584,Vũ Thu An,nu,1995,Ky su,Sư phạm Toán,DH_DN,Đại học Đà Nẵng,dai_hoc,KV_DN_TK,Thanh Khê,Thanh Khê,Đà Nẵng,7,ca_hai,180000,web,hoat_dong,2026-04-03,MON_TOAN,Toán,tu_nhien,LOP_06,Lớp 6,thcs,180000,,,
GS_WB_0585,Lê Ngọc Mai,nu,1995,Ky su,Sư phạm Toán,DH_UEH,Đại học Kinh tế TP.HCM,dai_hoc,KV_DN_TK,Thanh Khê,Thanh Khê,Đà Nẵng,2,online,150000,web,hoat_dong,2026-04-03,MON_VAN,Ngữ văn,xa_hoi,LOP_06,Lớp 6,thcs,150000,HS_WB_0572,4.83,2026-03-31
GS_WB_0586,Lý Xuân Thu,nu,1997,Ky su,Ngôn ngữ Anh,DH_NT_HN,Đại học Ngoại thương Hà Nội,dai_hoc,KV_HCM_Q7,Quận 7,Quận 7,Hồ Chí Minh,1,truc_tiep,250000,web,hoat_dong,2026-04-03,MON_ANH,Tiếng Anh,ngoai_ngu,LOP_10,Lớp 10,thpt,250000,,,
GS_WB_0587,Vũ Đình Kiệt,nam,2000,Cu nhan,Công nghệ thông tin,DH_SP_HCM,Đại học Sư phạm TP.HCM,dai_hoc,KV_HCM_TD,Thủ Đức,Thủ Đức,Hồ Chí Minh,1,truc_tiep,150000,web,hoat_dong,2026-04-03,MON_LY,Vật lý,tu_nhien,LOP_06,Lớp 6,thcs,150000,HS_WB_0070,4.24,2026-03-23
GS_WB_0588,Đặng Hải Hùng,nam,1998,Cu nhan,Sư phạm Toán,DH_SP_HCM,Đại học Sư phạm TP.HCM,dai_hoc,KV_HCM_TD,Thủ Đức,Thủ Đức,Hồ Chí Minh,3,ca_hai,250000,web,hoat_dong,2026-04-03,MON_LY,Vật lý,tu_nhien,LOP_12,Lớp 12,thpt,250000,HS_WB_0892,4.47,2026-03-30
GS_WB_0589,Trần Quang Đạt,nam,2001,Thac si,Sư phạm Toán,DH_BK_HN,Đại học Bách Khoa Hà Nội,dai_hoc,KV_HCM_PN,Phú Nhuận,Phú Nhuận,Hồ Chí Minh,7,ca_hai,250000,web,hoat_dong,2026-04-03,MON_VAN,Ngữ văn,xa_hoi,LOP_09,Lớp 9,thcs,250000,HS_WB_0434,3.62,2026-03-23
GS_WB_0590,Đỗ Hải Khoa,nam,2000,Ky su,Ngôn ngữ Anh,DH_SP_HCM,Đại học Sư phạm TP.HCM,dai_hoc,KV_HCM_Q8,Quận 8,Quận 8,Hồ Chí Minh,2,ca_hai,200000,web,hoat_dong,2026-04-03,MON_ANH,Tiếng Anh,ngoai_ngu,LOP_12,Lớp 12,thpt,200000,HS_WB_0675,3.77,2026-03-11
GS_WB_0591,Đặng Hồng Hân,nu,2002,Ky su,Ngôn ngữ Anh,DH_NL_HCM,Đại học Nông Lâm TP.HCM,dai_hoc,KV_DN_HC,Hải Châu,Hải Châu,Đà Nẵng,1,ca_hai,250000,web,hoat_dong,2026-04-03,MON_TOAN,Toán,tu_nhien,LOP_12,Lớp 12,thpt,250000,,,
GS_WB_0592,Ngô Bảo Thảo,nu,1996,Ky su,Công nghệ thông tin,DH_CNTT,Đại học Công nghệ Thông tin TP.HCM,dai_hoc,KV_HCM_BT,Bình Thạnh,Bình Thạnh,Hồ Chí Minh,4,online,200000,web,hoat_dong,2026-04-03,MON_LY,Vật lý,tu_nhien,LOP_12,Lớp 12,thpt,200000,HS_WB_0032,4.38,2026-03-10
GS_WB_0593,Bùi Bảo Vy,nu,1997,Cu nhan,Ngôn ngữ Anh,DH_FPT,Đại học FPT,dai_hoc,KV_HN_BTL,Bắc Từ Liêm,Bắc Từ Liêm,Hà Nội,1,online,150000,web,hoat_dong,2026-04-03,MON_LY,Vật lý,tu_nhien,LOP_12,Lớp 12,thpt,150000,HS_WB_0767,3.9,2026-03-19
GS_WB_0594,Nguyễn Thu Linh,nu,1996,Ky su,Công nghệ thông tin,DH_TM,Đại học Thương mại,dai_hoc,KV_HCM_Q1,Quận 1,Quận 1,Hồ Chí Minh,6,online,150000,web,hoat_dong,2026-04-03,MON_LY,Vật lý,tu_nhien,LOP_12,Lớp 12,thpt,150000,HS_WB_0169,4.33,2026-03-13
GS_WB_0595,Bùi Hữu Khoa,nam,2000,Cu nhan,Công nghệ thông tin,DH_DN,Đại học Đà Nẵng,dai_hoc,KV_HCM_Q3,Quận 3,Quận 3,Hồ Chí Minh,8,online,180000,web,hoat_dong,2026-04-03,MON_TOAN,Toán,tu_nhien,LOP_09,Lớp 9,thcs,180000,HS_WB_0830,4.26,2026-03-12
GS_WB_0596,Dương Thị Trang,nu,1997,Cu nhan,Ngôn ngữ Anh,DH_KHTN_HCM,Đại học Khoa học Tự nhiên TP.HCM,dai_hoc,KV_HCM_Q5,Quận 5,Quận 5,Hồ Chí Minh,1,truc_tiep,200000,web,hoat_dong,2026-04-03,MON_TOAN,Toán,tu_nhien,LOP_09,Lớp 9,thcs,200000,HS_WB_0790,3.97,2026-03-15
GS_WB_0597,Phạm Đức Đức,nam,1997,Thac si,Quản trị Kinh doanh,DH_KHTN_HN,Đại học Khoa học Tự nhiên Hà Nội,dai_hoc,KV_HCM_GV,Gò Vấp,Gò Vấp,Hồ Chí Minh,1,truc_tiep,150000,web,hoat_dong,2026-04-03,MON_TOAN,Toán,tu_nhien,LOP_09,Lớp 9,thcs,150000,,,
GS_WB_0598,Hoàng Hoàng Thu,nu,2003,Ky su,Công nghệ thông tin,DH_Y_HCM,Đại học Y Dược TP.HCM,dai_hoc,KV_HN_TH,Tây Hồ,Tây Hồ,Hà Nội,5,online,200000,web,hoat_dong,2026-04-03,MON_VAN,Ngữ văn,xa_hoi,LOP_06,Lớp 6,thcs,200000,HS_WB_0089,3.64,2026-03-15
GS_WB_0599,Trần Hữu Kiệt,nam,1998,Thac si,Công nghệ thông tin,DH_SP_HCM,Đại học Sư phạm TP.HCM,dai_hoc,KV_HCM_Q3,Quận 3,Quận 3,Hồ Chí Minh,7,truc_tiep,180000,web,hoat_dong,2026-04-03,MON_LY,Vật lý,tu_nhien,LOP_06,Lớp 6,thcs,180000,HS_WB_0150,4.04,2026-03-04
GS_WB_0600,Dương Mai Linh,nu,1997,Ky su,Sư phạm Toán,DH_BK_HCM,Đại học Bách Khoa TP.HCM,dai_hoc,KV_HCM_PN,Phú Nhuận,Phú Nhuận,Hồ Chí Minh,8,ca_hai,150000,web,hoat_dong,2026-04-03,MON_VAN,Ngữ văn,xa_hoi,LOP_09,Lớp 9,thcs,150000,HS_WB_0418,3.94,2026-03-07
GS_WB_0601,Ngô Bảo Linh,nu,1995,Cu nhan,Sư phạm Toán,DH_DN,Đại học Đà Nẵng,dai_hoc,KV_HN_HM,Hoàng Mai,Hoàng Mai,Hà Nội,4,online,200000,web,hoat_dong,2026-04-03,MON_TOAN,Toán,tu_nhien,LOP_06,Lớp 6,thcs,200000,HS_WB_0038,4.06,2026-03-21
GS_WB_0602,Lý Thái Cường,nam,2003,Cu nhan,Ngôn ngữ Anh,DH_BK_HCM,Đại học Bách Khoa TP.HCM,dai_hoc,KV_HCM_Q3,Quận 3,Quận 3,Hồ Chí Minh,2,truc_tiep,250000,web,hoat_dong,2026-04-03,MON_VAN,Ngữ văn,xa_hoi,LOP_10,Lớp 10,thpt,250000,HS_WB_0319,3.98,2026-03-18
GS_WB_0603,Hoàng Mai Trang,nu,1999,Thac si,Sư phạm Toán,DH_DN,Đại học Đà Nẵng,dai_hoc,KV_HN_LB,Long Biên,Long Biên,Hà Nội,7,online,250000,web,hoat_dong,2026-04-03,MON_VAN,Ngữ văn,xa_hoi,LOP_09,Lớp 9,thcs,250000,HS_WB_0044,4.83,2026-03-26
GS_WB_0604,Ngô Xuân An,nu,1995,Cu nhan,Công nghệ thông tin,DH_KHTN_HCM,Đại học Khoa học Tự nhiên TP.HCM,dai_hoc,KV_HN_BD,Ba Đình,Ba Đình,Hà Nội,3,ca_hai,180000,web,hoat_dong,2026-04-03,MON_TOAN,Toán,tu_nhien,LOP_12,Lớp 12,thpt,180000,,,
GS_WB_0605,Phạm Thái Đức,nam,1999,Cu nhan,Ngôn ngữ Anh,DH_KT_DN,Đại học Kinh tế Đà Nẵng,dai_hoc,KV_DN_CL,Cẩm Lệ,Cẩm Lệ,Đà Nẵng,8,truc_tiep,180000,web,hoat_dong,2026-04-03,MON_VAN,Ngữ văn,xa_hoi,LOP_12,Lớp 12,thpt,180000,HS_WB_0455,3.89,2026-03-15
GS_WB_0606,Lý Đình Huy,nam,2000,Thac si,Ngôn ngữ Anh,DH_TM,Đại học Thương mại,dai_hoc,KV_HCM_Q5,Quận 5,Quận 5,Hồ Chí Minh,4,ca_hai,250000,web,hoat_dong,2026-04-03,MON_TOAN,Toán,tu_nhien,LOP_12,Lớp 12,thpt,250000,HS_WB_0609,3.59,2026-03-15
GS_WB_0607,Hoàng Hoàng Hân,nu,1998,Cu nhan,Công nghệ thông tin,DH_SP_HN,Đại học Sư phạm Hà Nội,dai_hoc,KV_HN_HK,Hoàn Kiếm,Hoàn Kiếm,Hà Nội,6,online,150000,web,hoat_dong,2026-04-03,MON_TOAN,Toán,tu_nhien,LOP_10,Lớp 10,thpt,150000,,,
GS_WB_0608,Bùi Minh Đức,nam,1996,Ky su,Công nghệ thông tin,DH_SP_HN,Đại học Sư phạm Hà Nội,dai_hoc,KV_HN_CG,Cầu Giấy,Cầu Giấy,Hà Nội,8,ca_hai,150000,web,hoat_dong,2026-04-03,MON_LY,Vật lý,tu_nhien,LOP_12,Lớp 12,thpt,150000,HS_WB_0573,4.02,2026-03-29
GS_WB_0609,Đỗ Đình Tuấn,nam,2002,Ky su,Ngôn ngữ Anh,DH_XD,Đại học Xây dựng Hà Nội,dai_hoc,KV_HCM_Q3,Quận 3,Quận 3,Hồ Chí Minh,1,online,250000,web,hoat_dong,2026-04-03,MON_TOAN,Toán,tu_nhien,LOP_12,Lớp 12,thpt,250000,HS_WB_0811,4.8,2026-03-06
GS_WB_0610,Đỗ Quang Đạt,nam,2002,Ky su,Ngôn ngữ Anh,DH_KT_DN,Đại học Kinh tế Đà Nẵng,dai_hoc,KV_DN_NHS,Ngũ Hành Sơn,Ngũ Hành Sơn,Đà Nẵng,7,ca_hai,150000,web,hoat_dong,2026-04-03,MON_ANH,Tiếng Anh,ngoai_ngu,LOP_09,Lớp 9,thcs,150000,HS_WB_0185,4.46,2026-03-24
GS_WB_0611,Dương Mai Thu,nu,1998,Thac si,Ngôn ngữ Anh,DH_XD,Đại học Xây dựng Hà Nội,dai_hoc,KV_HN_BD,Ba Đình,Ba Đình,Hà Nội,4,online,250000,web,hoat_dong,2026-04-03,MON_VAN,Ngữ văn,xa_hoi,LOP_06,Lớp 6,thcs,250000,HS_WB_0562,4.99,2026-03-20
GS_WB_0612,Bùi Xuân Châu,nu,1997,Thac si,Sư phạm Toán,DH_GTVT,Đại học Giao thông Vận tải,dai_hoc,KV_DN_ST,Sơn Trà,Sơn Trà,Đà Nẵng,6,online,150000,web,hoat_dong,2026-04-03,MON_VAN,Ngữ văn,xa_hoi,LOP_06,Lớp 6,thcs,150000,,,
GS_WB_0613,Ngô Quang Khoa,nam,1996,Cu nhan,Ngôn ngữ Anh,DH_KHTN_HCM,Đại học Khoa học Tự nhiên TP.HCM,dai_hoc,KV_HN_CG,Cầu Giấy,Cầu Giấy,Hà Nội,1,ca_hai,150000,web,hoat_dong,2026-04-03,MON_ANH,Tiếng Anh,ngoai_ngu,LOP_12,Lớp 12,thpt,150000,HS_WB_0310,4.02,2026-03-16
GS_WB_0614,Vũ Đình Đức,nam,1999,Cu nhan,Sư phạm Toán,DH_QGHN,Đại học Quốc gia Hà Nội,dai_hoc,KV_HCM_Q7,Quận 7,Quận 7,Hồ Chí Minh,6,ca_hai,150000,web,hoat_dong,2026-04-03,MON_ANH,Tiếng Anh,ngoai_ngu,LOP_12,Lớp 12,thpt,150000,HS_WB_0029,3.89,2026-03-15
GS_WB_0615,Lê Thanh Mai,nu,1999,Ky su,Công nghệ thông tin,DH_SP_HN,Đại học Sư phạm Hà Nội,dai_hoc,KV_DN_TK,Thanh Khê,Thanh Khê,Đà Nẵng,2,ca_hai,250000,web,hoat_dong,2026-04-03,MON_VAN,Ngữ văn,xa_hoi,LOP_10,Lớp 10,thpt,250000,HS_WB_0691,4.85,2026-03-28
GS_WB_0616,Đỗ Đình Tuấn,nam,2001,Thac si,Sư phạm Toán,DH_FPT,Đại học FPT,dai_hoc,KV_HCM_Q4,Quận 4,Quận 4,Hồ Chí Minh,2,ca_hai,250000,web,hoat_dong,2026-04-03,MON_LY,Vật lý,tu_nhien,LOP_09,Lớp 9,thcs,250000,HS_WB_0136,3.76,2026-03-04
GS_WB_0617,Bùi Hồng Châu,nu,2002,Cu nhan,Ngôn ngữ Anh,DH_GTVT,Đại học Giao thông Vận tải,dai_hoc,KV_HN_BTL,Bắc Từ Liêm,Bắc Từ Liêm,Hà Nội,8,ca_hai,150000,web,hoat_dong,2026-04-03,MON_LY,Vật lý,tu_nhien,LOP_06,Lớp 6,thcs,150000,HS_WB_0018,3.66,2026-03-26
GS_WB_0618,Hoàng Trọng Phú,nam,1996,Ky su,Sư phạm Toán,DH_KHTN_HN,Đại học Khoa học Tự nhiên Hà Nội,dai_hoc,KV_DN_TK,Thanh Khê,Thanh Khê,Đà Nẵng,8,ca_hai,250000,web,hoat_dong,2026-04-03,MON_LY,Vật lý,tu_nhien,LOP_10,Lớp 10,thpt,250000,HS_WB_0850,4.91,2026-03-29
GS_WB_0619,Ngô Hải Đạt,nam,1998,Ky su,Công nghệ thông tin,DH_CNTT,Đại học Công nghệ Thông tin TP.HCM,dai_hoc,KV_HN_TH,Tây Hồ,Tây Hồ,Hà Nội,6,online,250000,web,hoat_dong,2026-04-03,MON_ANH,Tiếng Anh,ngoai_ngu,LOP_12,Lớp 12,thpt,250000,HS_WB_0467,3.76,2026-03-22
GS_WB_0620,Đặng Hải Cường,nam,2003,Thac si,Sư phạm Toán,DH_FPT,Đại học FPT,dai_hoc,KV_HCM_Q4,Quận 4,Quận 4,Hồ Chí Minh,2,truc_tiep,250000,web,hoat_dong,2026-04-03,MON_VAN,Ngữ văn,xa_hoi,LOP_10,Lớp 10,thpt,250000,HS_WB_0519,4.69,2026-03-12
GS_WB_0621,Hoàng Hồng Châu,nu,1996,Thac si,Công nghệ thông tin,DH_UEH,Đại học Kinh tế TP.HCM,dai_hoc,KV_HCM_GV,Gò Vấp,Gò Vấp,Hồ Chí Minh,8,online,250000,web,hoat_dong,2026-04-03,MON_VAN,Ngữ văn,xa_hoi,LOP_06,Lớp 6,thcs,250000,HS_WB_0619,4.77,2026-04-02
GS_WB_0622,Bùi Mai Hân,nu,2003,Thac si,Sư phạm Toán,DH_SP_HN,Đại học Sư phạm Hà Nội,dai_hoc,KV_HCM_Q5,Quận 5,Quận 5,Hồ Chí Minh,8,ca_hai,250000,web,hoat_dong,2026-04-03,MON_ANH,Tiếng Anh,ngoai_ngu,LOP_09,Lớp 9,thcs,250000,HS_WB_0773,4.81,2026-03-22
GS_WB_0623,Dương Hoàng Thảo,nu,2003,Ky su,Công nghệ thông tin,DH_CNTT,Đại học Công nghệ Thông tin TP.HCM,dai_hoc,KV_HCM_Q4,Quận 4,Quận 4,Hồ Chí Minh,4,truc_tiep,150000,web,hoat_dong,2026-04-03,MON_LY,Vật lý,tu_nhien,LOP_06,Lớp 6,thcs,150000,,,
GS_WB_0624,Trần Hải Hùng,nam,1995,Cu nhan,Công nghệ thông tin,DH_KHTN_HN,Đại học Khoa học Tự nhiên Hà Nội,dai_hoc,KV_HCM_TB,Tân Bình,Tân Bình,Hồ Chí Minh,2,online,200000,web,hoat_dong,2026-04-03,MON_LY,Vật lý,tu_nhien,LOP_09,Lớp 9,thcs,200000,HS_WB_0661,3.6,2026-03-30
GS_WB_0625,Trần Quang Khoa,nam,2003,Ky su,Công nghệ thông tin,DH_KHTN_HCM,Đại học Khoa học Tự nhiên TP.HCM,dai_hoc,KV_DN_ST,Sơn Trà,Sơn Trà,Đà Nẵng,5,truc_tiep,200000,web,hoat_dong,2026-04-03,MON_LY,Vật lý,tu_nhien,LOP_09,Lớp 9,thcs,200000,,,
GS_WB_0626,Ngô Bảo Hân,nu,2000,Ky su,Công nghệ thông tin,DH_BK_HN,Đại học Bách Khoa Hà Nội,dai_hoc,KV_HN_HD,Hà Đông,Hà Đông,Hà Nội,1,online,200000,web,hoat_dong,2026-04-03,MON_VAN,Ngữ văn,xa_hoi,LOP_10,Lớp 10,thpt,200000,HS_WB_0824,3.78,2026-03-11
GS_WB_0627,Hoàng Hải Đạt,nam,1999,Thac si,Sư phạm Toán,DH_KTQD,Đại học Kinh tế Quốc dân,dai_hoc,KV_HCM_PN,Phú Nhuận,Phú Nhuận,Hồ Chí Minh,7,truc_tiep,180000,web,hoat_dong,2026-04-03,MON_ANH,Tiếng Anh,ngoai_ngu,LOP_06,Lớp 6,thcs,180000,HS_WB_0378,3.9,2026-03-21
GS_WB_0628,Phạm Thái Nam,nam,2003,Ky su,Quản trị Kinh doanh,DH_GTVT,Đại học Giao thông Vận tải,dai_hoc,KV_HN_HD,Hà Đông,Hà Đông,Hà Nội,2,truc_tiep,250000,web,hoat_dong,2026-04-03,MON_TOAN,Toán,tu_nhien,LOP_12,Lớp 12,thpt,250000,,,
GS_WB_0629,Nguyễn Bảo Mai,nu,1997,Ky su,Sư phạm Toán,DH_NT_HN,Đại học Ngoại thương Hà Nội,dai_hoc,KV_HN_HBT,Hai Bà Trưng,Hai Bà Trưng,Hà Nội,6,ca_hai,180000,web,hoat_dong,2026-04-03,MON_ANH,Tiếng Anh,ngoai_ngu,LOP_10,Lớp 10,thpt,180000,HS_WB_0236,3.91,2026-03-22
GS_WB_0630,Đỗ Thái Kiệt,nam,2001,Cu nhan,Sư phạm Toán,DH_SP_HCM,Đại học Sư phạm TP.HCM,dai_hoc,KV_HCM_Q1,Quận 1,Quận 1,Hồ Chí Minh,2,truc_tiep,180000,web,hoat_dong,2026-04-03,MON_LY,Vật lý,tu_nhien,LOP_12,Lớp 12,thpt,180000,HS_WB_0470,4.69,2026-03-25
GS_WB_0631,Lê Bảo Mai,nu,2000,Ky su,Ngôn ngữ Anh,DH_UEH,Đại học Kinh tế TP.HCM,dai_hoc,KV_HN_TH,Tây Hồ,Tây Hồ,Hà Nội,5,truc_tiep,250000,web,hoat_dong,2026-04-03,MON_TOAN,Toán,tu_nhien,LOP_10,Lớp 10,thpt,250000,,,
GS_WB_0632,Hoàng Quang Nam,nam,1996,Cu nhan,Ngôn ngữ Anh,DH_KHTN_HN,Đại học Khoa học Tự nhiên Hà Nội,dai_hoc,KV_HN_HK,Hoàn Kiếm,Hoàn Kiếm,Hà Nội,5,ca_hai,250000,web,hoat_dong,2026-04-03,MON_LY,Vật lý,tu_nhien,LOP_06,Lớp 6,thcs,250000,,,
GS_WB_0633,Đặng Hải Nam,nam,2002,Thac si,Ngôn ngữ Anh,DH_FPT,Đại học FPT,dai_hoc,KV_HN_TX,Thanh Xuân,Thanh Xuân,Hà Nội,1,truc_tiep,250000,web,hoat_dong,2026-04-03,MON_LY,Vật lý,tu_nhien,LOP_06,Lớp 6,thcs,250000,HS_WB_0415,3.78,2026-03-31
GS_WB_0634,Đặng Thanh Châu,nu,1997,Ky su,Công nghệ thông tin,DH_GTVT,Đại học Giao thông Vận tải,dai_hoc,KV_HCM_BT,Bình Thạnh,Bình Thạnh,Hồ Chí Minh,3,ca_hai,180000,web,hoat_dong,2026-04-03,MON_LY,Vật lý,tu_nhien,LOP_10,Lớp 10,thpt,180000,HS_WB_0739,4.36,2026-03-17
GS_WB_0635,Vũ Xuân Châu,nu,2001,Cu nhan,Công nghệ thông tin,DH_DN,Đại học Đà Nẵng,dai_hoc,KV_HN_HM,Hoàng Mai,Hoàng Mai,Hà Nội,1,online,250000,web,hoat_dong,2026-04-03,MON_LY,Vật lý,tu_nhien,LOP_12,Lớp 12,thpt,250000,HS_WB_0967,4.67,2026-04-02
GS_WB_0636,Phạm Ngọc Vy,nu,1996,Ky su,Sư phạm Toán,DH_QGHN,Đại học Quốc gia Hà Nội,dai_hoc,KV_HN_HM,Hoàng Mai,Hoàng Mai,Hà Nội,8,truc_tiep,200000,web,hoat_dong,2026-04-03,MON_LY,Vật lý,tu_nhien,LOP_06,Lớp 6,thcs,200000,HS_WB_0814,3.58,2026-03-05
GS_WB_0637,Trần Bảo Thu,nu,1998,Cu nhan,Ngôn ngữ Anh,DH_KHTN_HCM,Đại học Khoa học Tự nhiên TP.HCM,dai_hoc,KV_HCM_TP,Tân Phú,Tân Phú,Hồ Chí Minh,6,online,150000,web,hoat_dong,2026-04-03,MON_ANH,Tiếng Anh,ngoai_ngu,LOP_09,Lớp 9,thcs,150000,HS_WB_0946,3.73,2026-03-22
GS_WB_0638,Lê Hải Khoa,nam,2002,Thac si,Sư phạm Toán,DH_KHTN_HCM,Đại học Khoa học Tự nhiên TP.HCM,dai_hoc,KV_HCM_TB,Tân Bình,Tân Bình,Hồ Chí Minh,6,online,180000,web,hoat_dong,2026-04-03,MON_VAN,Ngữ văn,xa_hoi,LOP_09,Lớp 9,thcs,180000,HS_WB_0332,4.29,2026-03-04
GS_WB_0639,Đặng Thu Mai,nu,1996,Thac si,Sư phạm Toán,DH_KHTN_HN,Đại học Khoa học Tự nhiên Hà Nội,dai_hoc,KV_DN_LC,Liên Chiểu,Liên Chiểu,Đà Nẵng,4,online,180000,web,hoat_dong,2026-04-03,MON_VAN,Ngữ văn,xa_hoi,LOP_09,Lớp 9,thcs,180000,,,
GS_WB_0640,Ngô Đức Tuấn,nam,1999,Thac si,Ngôn ngữ Anh,DH_XD,Đại học Xây dựng Hà Nội,dai_hoc,KV_DN_LC,Liên Chiểu,Liên Chiểu,Đà Nẵng,1,ca_hai,180000,web,hoat_dong,2026-04-03,MON_VAN,Ngữ văn,xa_hoi,LOP_12,Lớp 12,thpt,180000,HS_WB_0638,4.65,2026-03-18
GS_WB_0641,Phạm Trọng Kiệt,nam,1996,Ky su,Công nghệ thông tin,DH_SP_HCM,Đại học Sư phạm TP.HCM,dai_hoc,KV_HCM_Q5,Quận 5,Quận 5,Hồ Chí Minh,7,ca_hai,250000,web,hoat_dong,2026-04-03,MON_LY,Vật lý,tu_nhien,LOP_09,Lớp 9,thcs,250000,HS_WB_0478,3.68,2026-03-07
GS_WB_0642,Vũ Quang Hùng,nam,1999,Thac si,Sư phạm Toán,DH_Y_HN,Đại học Y Hà Nội,dai_hoc,KV_HCM_PN,Phú Nhuận,Phú Nhuận,Hồ Chí Minh,2,ca_hai,200000,web,hoat_dong,2026-04-03,MON_LY,Vật lý,tu_nhien,LOP_09,Lớp 9,thcs,200000,HS_WB_0413,3.59,2026-04-01
GS_WB_0643,Nguyễn Ngọc Thu,nu,1998,Thac si,Công nghệ thông tin,DH_SP_HN,Đại học Sư phạm Hà Nội,dai_hoc,KV_HN_TH,Tây Hồ,Tây Hồ,Hà Nội,1,online,180000,web,hoat_dong,2026-04-03,MON_ANH,Tiếng Anh,ngoai_ngu,LOP_10,Lớp 10,thpt,180000,,,
GS_WB_0644,Dương Mai Nhung,nu,1996,Ky su,Ngôn ngữ Anh,DH_KHTN_HN,Đại học Khoa học Tự nhiên Hà Nội,dai_hoc,KV_HN_HM,Hoàng Mai,Hoàng Mai,Hà Nội,2,ca_hai,200000,web,hoat_dong,2026-04-03,MON_TOAN,Toán,tu_nhien,LOP_10,Lớp 10,thpt,200000,HS_WB_0361,4.27,2026-03-15
GS_WB_0645,Nguyễn Hoàng Linh,nu,1997,Thac si,Quản trị Kinh doanh,DH_TM,Đại học Thương mại,dai_hoc,KV_DN_ST,Sơn Trà,Sơn Trà,Đà Nẵng,2,truc_tiep,150000,web,hoat_dong,2026-04-03,MON_TOAN,Toán,tu_nhien,LOP_10,Lớp 10,thpt,150000,,,
GS_WB_0646,Lý Hải Khoa,nam,1999,Thac si,Công nghệ thông tin,DH_GTVT,Đại học Giao thông Vận tải,dai_hoc,KV_HN_HBT,Hai Bà Trưng,Hai Bà Trưng,Hà Nội,4,online,150000,web,hoat_dong,2026-04-03,MON_TOAN,Toán,tu_nhien,LOP_06,Lớp 6,thcs,150000,HS_WB_0691,3.65,2026-03-13
GS_WB_0647,Đỗ Bảo An,nu,2003,Ky su,Quản trị Kinh doanh,DH_TM,Đại học Thương mại,dai_hoc,KV_DN_ST,Sơn Trà,Sơn Trà,Đà Nẵng,5,truc_tiep,180000,web,hoat_dong,2026-04-03,MON_LY,Vật lý,tu_nhien,LOP_10,Lớp 10,thpt,180000,HS_WB_0724,4.36,2026-03-06
GS_WB_0648,Bùi Ngọc Mai,nu,1997,Ky su,Ngôn ngữ Anh,DH_CNTT,Đại học Công nghệ Thông tin TP.HCM,dai_hoc,KV_HN_CG,Cầu Giấy,Cầu Giấy,Hà Nội,8,ca_hai,200000,web,hoat_dong,2026-04-03,MON_LY,Vật lý,tu_nhien,LOP_09,Lớp 9,thcs,200000,HS_WB_0301,4.98,2026-03-19
GS_WB_0649,Lý Đức Đức,nam,1996,Thac si,Sư phạm Toán,DH_Y_HCM,Đại học Y Dược TP.HCM,dai_hoc,KV_HCM_BT,Bình Thạnh,Bình Thạnh,Hồ Chí Minh,4,truc_tiep,250000,web,hoat_dong,2026-04-03,MON_VAN,Ngữ văn,xa_hoi,LOP_10,Lớp 10,thpt,250000,,,
GS_WB_0650,Phạm Ngọc Thảo,nu,1999,Ky su,Ngôn ngữ Anh,DH_TM,Đại học Thương mại,dai_hoc,KV_HCM_Q5,Quận 5,Quận 5,Hồ Chí Minh,3,online,200000,web,hoat_dong,2026-04-03,MON_VAN,Ngữ văn,xa_hoi,LOP_06,Lớp 6,thcs,200000,HS_WB_0571,3.77,2026-03-12
GS_WB_0651,Nguyễn Văn Đức,nam,2002,Cu nhan,Công nghệ thông tin,DH_BK_HN,Đại học Bách Khoa Hà Nội,dai_hoc,KV_HN_HK,Hoàn Kiếm,Hoàn Kiếm,Hà Nội,8,truc_tiep,250000,web,hoat_dong,2026-04-03,MON_ANH,Tiếng Anh,ngoai_ngu,LOP_12,Lớp 12,thpt,250000,HS_WB_0814,4.98,2026-03-13
GS_WB_0652,Bùi Mai Linh,nu,1999,Ky su,Ngôn ngữ Anh,DH_NT_HN,Đại học Ngoại thương Hà Nội,dai_hoc,KV_HCM_Q5,Quận 5,Quận 5,Hồ Chí Minh,1,ca_hai,200000,web,hoat_dong,2026-04-03,MON_VAN,Ngữ văn,xa_hoi,LOP_10,Lớp 10,thpt,200000,,,
GS_WB_0653,Bùi Hồng Linh,nu,2001,Ky su,Ngôn ngữ Anh,DH_UEH,Đại học Kinh tế TP.HCM,dai_hoc,KV_HN_BTL,Bắc Từ Liêm,Bắc Từ Liêm,Hà Nội,7,ca_hai,200000,web,hoat_dong,2026-04-03,MON_TOAN,Toán,tu_nhien,LOP_12,Lớp 12,thpt,200000,HS_WB_0833,4.79,2026-03-20
GS_WB_0654,Bùi Minh Cường,nam,1996,Ky su,Công nghệ thông tin,DH_DN,Đại học Đà Nẵng,dai_hoc,KV_DN_TK,Thanh Khê,Thanh Khê,Đà Nẵng,6,truc_tiep,180000,web,hoat_dong,2026-04-03,MON_LY,Vật lý,tu_nhien,LOP_10,Lớp 10,thpt,180000,HS_WB_0653,4.16,2026-03-28
GS_WB_0655,Đặng Minh Nam,nam,2003,Thac si,Công nghệ thông tin,DH_QGHN,Đại học Quốc gia Hà Nội,dai_hoc,KV_HCM_PN,Phú Nhuận,Phú Nhuận,Hồ Chí Minh,2,ca_hai,200000,web,hoat_dong,2026-04-03,MON_LY,Vật lý,tu_nhien,LOP_09,Lớp 9,thcs,200000,,,
GS_WB_0656,Phạm Thanh Nhung,nu,2002,Thac si,Ngôn ngữ Anh,DH_UEH,Đại học Kinh tế TP.HCM,dai_hoc,KV_HCM_TD,Thủ Đức,Thủ Đức,Hồ Chí Minh,6,ca_hai,150000,web,hoat_dong,2026-04-03,MON_TOAN,Toán,tu_nhien,LOP_06,Lớp 6,thcs,150000,HS_WB_0732,4.57,2026-03-06
GS_WB_0657,Bùi Văn Phú,nam,1999,Thac si,Quản trị Kinh doanh,DH_QGHN,Đại học Quốc gia Hà Nội,dai_hoc,KV_HN_HD,Hà Đông,Hà Đông,Hà Nội,8,ca_hai,150000,web,hoat_dong,2026-04-03,MON_LY,Vật lý,tu_nhien,LOP_06,Lớp 6,thcs,150000,HS_WB_0061,4.51,2026-03-17
GS_WB_0658,Nguyễn Hải Phú,nam,1999,Thac si,Công nghệ thông tin,DH_XD,Đại học Xây dựng Hà Nội,dai_hoc,KV_HCM_Q4,Quận 4,Quận 4,Hồ Chí Minh,1,ca_hai,200000,web,hoat_dong,2026-04-03,MON_LY,Vật lý,tu_nhien,LOP_12,Lớp 12,thpt,200000,HS_WB_0949,4.95,2026-03-16
GS_WB_0659,Đỗ Xuân Linh,nu,2001,Ky su,Sư phạm Toán,DH_GTVT,Đại học Giao thông Vận tải,dai_hoc,KV_HCM_Q1,Quận 1,Quận 1,Hồ Chí Minh,7,ca_hai,180000,web,hoat_dong,2026-04-03,MON_VAN,Ngữ văn,xa_hoi,LOP_09,Lớp 9,thcs,180000,HS_WB_0692,4.34,2026-03-13
GS_WB_0660,Nguyễn Xuân Thu,nu,1997,Thac si,Ngôn ngữ Anh,DH_TM,Đại học Thương mại,dai_hoc,KV_HCM_Q7,Quận 7,Quận 7,Hồ Chí Minh,4,online,200000,web,hoat_dong,2026-04-03,MON_TOAN,Toán,tu_nhien,LOP_09,Lớp 9,thcs,200000,HS_WB_0648,3.55,2026-03-28
GS_WB_0661,Trần Xuân Nhung,nu,1997,Cu nhan,Quản trị Kinh doanh,DH_QGHN,Đại học Quốc gia Hà Nội,dai_hoc,KV_DN_ST,Sơn Trà,Sơn Trà,Đà Nẵng,3,ca_hai,150000,web,hoat_dong,2026-04-03,MON_VAN,Ngữ văn,xa_hoi,LOP_09,Lớp 9,thcs,150000,,,
GS_WB_0662,Nguyễn Thị Vy,nu,2003,Thac si,Quản trị Kinh doanh,DH_DN,Đại học Đà Nẵng,dai_hoc,KV_HCM_GV,Gò Vấp,Gò Vấp,Hồ Chí Minh,1,ca_hai,150000,web,hoat_dong,2026-04-03,MON_ANH,Tiếng Anh,ngoai_ngu,LOP_12,Lớp 12,thpt,150000,,,
GS_WB_0663,Phạm Đức Hùng,nam,1999,Cu nhan,Công nghệ thông tin,DH_BK_HN,Đại học Bách Khoa Hà Nội,dai_hoc,KV_HCM_TP,Tân Phú,Tân Phú,Hồ Chí Minh,2,ca_hai,150000,web,hoat_dong,2026-04-03,MON_VAN,Ngữ văn,xa_hoi,LOP_09,Lớp 9,thcs,150000,HS_WB_0043,4.83,2026-04-02
GS_WB_0664,Hoàng Thu Nhung,nu,1997,Cu nhan,Sư phạm Toán,DH_KT_DN,Đại học Kinh tế Đà Nẵng,dai_hoc,KV_HN_DD,Đống Đa,Đống Đa,Hà Nội,6,ca_hai,250000,web,hoat_dong,2026-04-03,MON_LY,Vật lý,tu_nhien,LOP_06,Lớp 6,thcs,250000,,,
GS_WB_0665,Đỗ Thanh Linh,nu,2001,Ky su,Quản trị Kinh doanh,DH_BK_HN,Đại học Bách Khoa Hà Nội,dai_hoc,KV_HCM_GV,Gò Vấp,Gò Vấp,Hồ Chí Minh,6,ca_hai,150000,web,hoat_dong,2026-04-03,MON_ANH,Tiếng Anh,ngoai_ngu,LOP_10,Lớp 10,thpt,150000,HS_WB_0131,4.13,2026-03-06
GS_WB_0666,Nguyễn Thu Vy,nu,1995,Thac si,Quản trị Kinh doanh,DH_BK_HCM,Đại học Bách Khoa TP.HCM,dai_hoc,KV_HN_LB,Long Biên,Long Biên,Hà Nội,8,truc_tiep,150000,web,hoat_dong,2026-04-03,MON_ANH,Tiếng Anh,ngoai_ngu,LOP_10,Lớp 10,thpt,150000,HS_WB_0451,4.21,2026-03-15
GS_WB_0667,Lê Xuân Thảo,nu,1999,Cu nhan,Sư phạm Toán,DH_GTVT,Đại học Giao thông Vận tải,dai_hoc,KV_HN_HM,Hoàng Mai,Hoàng Mai,Hà Nội,4,ca_hai,200000,web,hoat_dong,2026-04-03,MON_LY,Vật lý,tu_nhien,LOP_10,Lớp 10,thpt,200000,HS_WB_0237,3.74,2026-03-16
GS_WB_0668,Đặng Bảo Hân,nu,1996,Ky su,Quản trị Kinh doanh,DH_QGHN,Đại học Quốc gia Hà Nội,dai_hoc,KV_HCM_Q10,Quận 10,Quận 10,Hồ Chí Minh,8,online,150000,web,hoat_dong,2026-04-03,MON_ANH,Tiếng Anh,ngoai_ngu,LOP_09,Lớp 9,thcs,150000,,,
GS_WB_0669,Lý Hoàng Thu,nu,1999,Cu nhan,Công nghệ thông tin,DH_KHTN_HCM,Đại học Khoa học Tự nhiên TP.HCM,dai_hoc,KV_HN_TH,Tây Hồ,Tây Hồ,Hà Nội,3,online,150000,web,hoat_dong,2026-04-03,MON_TOAN,Toán,tu_nhien,LOP_09,Lớp 9,thcs,150000,HS_WB_0679,4.99,2026-03-28
GS_WB_0670,Lý Đức Đức,nam,1996,Ky su,Ngôn ngữ Anh,DH_SP_HCM,Đại học Sư phạm TP.HCM,dai_hoc,KV_HN_TH,Tây Hồ,Tây Hồ,Hà Nội,4,truc_tiep,150000,web,hoat_dong,2026-04-03,MON_TOAN,Toán,tu_nhien,LOP_10,Lớp 10,thpt,150000,HS_WB_0156,3.89,2026-03-14
GS_WB_0671,Hoàng Đình Kiệt,nam,2003,Cu nhan,Ngôn ngữ Anh,DH_GTVT,Đại học Giao thông Vận tải,dai_hoc,KV_HN_TH,Tây Hồ,Tây Hồ,Hà Nội,2,online,180000,web,hoat_dong,2026-04-03,MON_VAN,Ngữ văn,xa_hoi,LOP_10,Lớp 10,thpt,180000,HS_WB_0332,3.51,2026-03-10
GS_WB_0672,Bùi Thái Nam,nam,1998,Thac si,Quản trị Kinh doanh,DH_NT_HN,Đại học Ngoại thương Hà Nội,dai_hoc,KV_HCM_Q7,Quận 7,Quận 7,Hồ Chí Minh,5,online,200000,web,hoat_dong,2026-04-03,MON_ANH,Tiếng Anh,ngoai_ngu,LOP_06,Lớp 6,thcs,200000,HS_WB_0575,3.82,2026-03-20
GS_WB_0673,Dương Đình Tuấn,nam,1999,Ky su,Quản trị Kinh doanh,DH_CNTT,Đại học Công nghệ Thông tin TP.HCM,dai_hoc,KV_HCM_GV,Gò Vấp,Gò Vấp,Hồ Chí Minh,1,truc_tiep,250000,web,hoat_dong,2026-04-03,MON_TOAN,Toán,tu_nhien,LOP_12,Lớp 12,thpt,250000,HS_WB_0372,4.06,2026-03-10
GS_WB_0674,Dương Văn Nam,nam,1997,Thac si,Công nghệ thông tin,DH_TM,Đại học Thương mại,dai_hoc,KV_HCM_BT,Bình Thạnh,Bình Thạnh,Hồ Chí Minh,7,truc_tiep,250000,web,hoat_dong,2026-04-03,MON_ANH,Tiếng Anh,ngoai_ngu,LOP_06,Lớp 6,thcs,250000,,,
GS_WB_0675,Trần Văn Cường,nam,1997,Ky su,Sư phạm Toán,DH_KHTN_HCM,Đại học Khoa học Tự nhiên TP.HCM,dai_hoc,KV_DN_ST,Sơn Trà,Sơn Trà,Đà Nẵng,4,truc_tiep,180000,web,hoat_dong,2026-04-03,MON_TOAN,Toán,tu_nhien,LOP_10,Lớp 10,thpt,180000,HS_WB_0708,4.96,2026-03-19
GS_WB_0676,Đặng Trọng Huy,nam,2000,Ky su,Sư phạm Toán,DH_Y_HCM,Đại học Y Dược TP.HCM,dai_hoc,KV_HCM_Q7,Quận 7,Quận 7,Hồ Chí Minh,4,truc_tiep,200000,web,hoat_dong,2026-04-03,MON_TOAN,Toán,tu_nhien,LOP_12,Lớp 12,thpt,200000,HS_WB_0861,4.91,2026-03-19
GS_WB_0677,Vũ Văn Kiệt,nam,1999,Cu nhan,Công nghệ thông tin,DH_Y_HN,Đại học Y Hà Nội,dai_hoc,KV_HN_NTL,Nam Từ Liêm,Nam Từ Liêm,Hà Nội,8,online,150000,web,hoat_dong,2026-04-03,MON_VAN,Ngữ văn,xa_hoi,LOP_12,Lớp 12,thpt,150000,HS_WB_0157,4.03,2026-03-16
GS_WB_0678,Hoàng Thị Thu,nu,2001,Cu nhan,Ngôn ngữ Anh,DH_SP_HN,Đại học Sư phạm Hà Nội,dai_hoc,KV_HN_HD,Hà Đông,Hà Đông,Hà Nội,2,ca_hai,180000,web,hoat_dong,2026-04-03,MON_LY,Vật lý,tu_nhien,LOP_09,Lớp 9,thcs,180000,HS_WB_0907,4.46,2026-03-19
GS_WB_0679,Nguyễn Thị Vy,nu,2002,Cu nhan,Công nghệ thông tin,DH_NL_HCM,Đại học Nông Lâm TP.HCM,dai_hoc,KV_HCM_GV,Gò Vấp,Gò Vấp,Hồ Chí Minh,8,ca_hai,200000,web,hoat_dong,2026-04-03,MON_VAN,Ngữ văn,xa_hoi,LOP_10,Lớp 10,thpt,200000,HS_WB_0556,4.76,2026-03-09
GS_WB_0680,Dương Hoàng Linh,nu,1999,Ky su,Sư phạm Toán,DH_GTVT,Đại học Giao thông Vận tải,dai_hoc,KV_HCM_Q4,Quận 4,Quận 4,Hồ Chí Minh,2,ca_hai,200000,web,hoat_dong,2026-04-03,MON_TOAN,Toán,tu_nhien,LOP_06,Lớp 6,thcs,200000,HS_WB_0856,3.56,2026-03-11
GS_WB_0681,Hoàng Văn Khoa,nam,2001,Thac si,Công nghệ thông tin,DH_CNTT,Đại học Công nghệ Thông tin TP.HCM,dai_hoc,KV_HN_HK,Hoàn Kiếm,Hoàn Kiếm,Hà Nội,1,online,200000,web,hoat_dong,2026-04-03,MON_VAN,Ngữ văn,xa_hoi,LOP_06,Lớp 6,thcs,200000,,,
GS_WB_0682,Nguyễn Hoàng Nhung,nu,2003,Thac si,Quản trị Kinh doanh,DH_BK_HN,Đại học Bách Khoa Hà Nội,dai_hoc,KV_HCM_Q7,Quận 7,Quận 7,Hồ Chí Minh,1,online,150000,web,hoat_dong,2026-04-03,MON_LY,Vật lý,tu_nhien,LOP_09,Lớp 9,thcs,150000,,,
GS_WB_0683,Hoàng Xuân Vy,nu,2000,Cu nhan,Ngôn ngữ Anh,DH_NT_HN,Đại học Ngoại thương Hà Nội,dai_hoc,KV_HN_LB,Long Biên,Long Biên,Hà Nội,8,truc_tiep,250000,web,hoat_dong,2026-04-03,MON_ANH,Tiếng Anh,ngoai_ngu,LOP_06,Lớp 6,thcs,250000,HS_WB_0428,4.85,2026-03-24
GS_WB_0684,Lý Văn Đức,nam,2001,Ky su,Ngôn ngữ Anh,DH_KT_DN,Đại học Kinh tế Đà Nẵng,dai_hoc,KV_HN_DD,Đống Đa,Đống Đa,Hà Nội,3,online,250000,web,hoat_dong,2026-04-03,MON_LY,Vật lý,tu_nhien,LOP_12,Lớp 12,thpt,250000,,,
GS_WB_0685,Lý Quang Khoa,nam,2002,Cu nhan,Quản trị Kinh doanh,DH_SP_HN,Đại học Sư phạm Hà Nội,dai_hoc,KV_HCM_BT,Bình Thạnh,Bình Thạnh,Hồ Chí Minh,5,ca_hai,150000,web,hoat_dong,2026-04-03,MON_LY,Vật lý,tu_nhien,LOP_10,Lớp 10,thpt,150000,HS_WB_0001,3.73,2026-03-20
GS_WB_0686,Dương Thu Hân,nu,1998,Ky su,Quản trị Kinh doanh,DH_SP_HN,Đại học Sư phạm Hà Nội,dai_hoc,KV_HN_TX,Thanh Xuân,Thanh Xuân,Hà Nội,6,truc_tiep,200000,web,hoat_dong,2026-04-03,MON_VAN,Ngữ văn,xa_hoi,LOP_06,Lớp 6,thcs,200000,HS_WB_0229,4.59,2026-03-24
GS_WB_0687,Phạm Bảo Thu,nu,1996,Thac si,Quản trị Kinh doanh,DH_BK_HCM,Đại học Bách Khoa TP.HCM,dai_hoc,KV_HCM_PN,Phú Nhuận,Phú Nhuận,Hồ Chí Minh,8,online,150000,web,hoat_dong,2026-04-03,MON_ANH,Tiếng Anh,ngoai_ngu,LOP_10,Lớp 10,thpt,150000,,,
GS_WB_0688,Nguyễn Xuân Châu,nu,2000,Cu nhan,Quản trị Kinh doanh,DH_BK_HCM,Đại học Bách Khoa TP.HCM,dai_hoc,KV_HCM_Q10,Quận 10,Quận 10,Hồ Chí Minh,4,ca_hai,200000,web,hoat_dong,2026-04-03,MON_ANH,Tiếng Anh,ngoai_ngu,LOP_09,Lớp 9,thcs,200000,,,
GS_WB_0689,Đỗ Đình Tuấn,nam,2002,Cu nhan,Ngôn ngữ Anh,DH_KHTN_HN,Đại học Khoa học Tự nhiên Hà Nội,dai_hoc,KV_HN_LB,Long Biên,Long Biên,Hà Nội,1,online,250000,web,hoat_dong,2026-04-03,MON_ANH,Tiếng Anh,ngoai_ngu,LOP_12,Lớp 12,thpt,250000,HS_WB_0702,4.42,2026-03-18
GS_WB_0690,Ngô Hồng Thảo,nu,2002,Thac si,Ngôn ngữ Anh,DH_NL_HCM,Đại học Nông Lâm TP.HCM,dai_hoc,KV_HCM_Q5,Quận 5,Quận 5,Hồ Chí Minh,3,ca_hai,200000,web,hoat_dong,2026-04-03,MON_ANH,Tiếng Anh,ngoai_ngu,LOP_10,Lớp 10,thpt,200000,HS_WB_0951,4.49,2026-03-04
GS_WB_0691,Lý Thu Trang,nu,1997,Thac si,Ngôn ngữ Anh,DH_KT_DN,Đại học Kinh tế Đà Nẵng,dai_hoc,KV_HCM_BT,Bình Thạnh,Bình Thạnh,Hồ Chí Minh,6,ca_hai,200000,web,hoat_dong,2026-04-03,MON_TOAN,Toán,tu_nhien,LOP_09,Lớp 9,thcs,200000,,,
GS_WB_0692,Hoàng Hải Huy,nam,1995,Thac si,Sư phạm Toán,DH_SP_HCM,Đại học Sư phạm TP.HCM,dai_hoc,KV_DN_CL,Cẩm Lệ,Cẩm Lệ,Đà Nẵng,7,ca_hai,200000,web,hoat_dong,2026-04-03,MON_VAN,Ngữ văn,xa_hoi,LOP_06,Lớp 6,thcs,200000,HS_WB_0341,3.58,2026-03-21
GS_WB_0693,Ngô Xuân Châu,nu,2001,Ky su,Sư phạm Toán,DH_NT_HN,Đại học Ngoại thương Hà Nội,dai_hoc,KV_HN_HBT,Hai Bà Trưng,Hai Bà Trưng,Hà Nội,7,truc_tiep,250000,web,hoat_dong,2026-04-03,MON_VAN,Ngữ văn,xa_hoi,LOP_10,Lớp 10,thpt,250000,,,
GS_WB_0694,Đặng Minh Đạt,nam,2000,Cu nhan,Sư phạm Toán,DH_SP_HN,Đại học Sư phạm Hà Nội,dai_hoc,KV_HCM_Q10,Quận 10,Quận 10,Hồ Chí Minh,4,ca_hai,250000,web,hoat_dong,2026-04-03,MON_ANH,Tiếng Anh,ngoai_ngu,LOP_09,Lớp 9,thcs,250000,HS_WB_0185,3.76,2026-03-09
GS_WB_0695,Nguyễn Trọng Cường,nam,1996,Cu nhan,Quản trị Kinh doanh,DH_Y_HCM,Đại học Y Dược TP.HCM,dai_hoc,KV_DN_LC,Liên Chiểu,Liên Chiểu,Đà Nẵng,7,online,200000,web,hoat_dong,2026-04-03,MON_LY,Vật lý,tu_nhien,LOP_06,Lớp 6,thcs,200000,HS_WB_0198,4.22,2026-03-04
GS_WB_0696,Phạm Thái Khoa,nam,2000,Cu nhan,Sư phạm Toán,DH_XD,Đại học Xây dựng Hà Nội,dai_hoc,KV_HN_LB,Long Biên,Long Biên,Hà Nội,7,online,250000,web,hoat_dong,2026-04-03,MON_ANH,Tiếng Anh,ngoai_ngu,LOP_06,Lớp 6,thcs,250000,HS_WB_0090,4.74,2026-03-16
GS_WB_0697,Đặng Mai Linh,nu,2003,Ky su,Công nghệ thông tin,DH_KHTN_HCM,Đại học Khoa học Tự nhiên TP.HCM,dai_hoc,KV_DN_LC,Liên Chiểu,Liên Chiểu,Đà Nẵng,2,ca_hai,250000,web,hoat_dong,2026-04-03,MON_TOAN,Toán,tu_nhien,LOP_10,Lớp 10,thpt,250000,HS_WB_0817,4.29,2026-03-17
GS_WB_0698,Phạm Mai Châu,nu,1997,Cu nhan,Sư phạm Toán,DH_DN,Đại học Đà Nẵng,dai_hoc,KV_HCM_Q7,Quận 7,Quận 7,Hồ Chí Minh,8,online,180000,web,hoat_dong,2026-04-03,MON_ANH,Tiếng Anh,ngoai_ngu,LOP_12,Lớp 12,thpt,180000,HS_WB_0292,4.97,2026-03-13
GS_WB_0699,Trần Ngọc Nhung,nu,1996,Thac si,Sư phạm Toán,DH_GTVT,Đại học Giao thông Vận tải,dai_hoc,KV_HCM_GV,Gò Vấp,Gò Vấp,Hồ Chí Minh,4,online,250000,web,hoat_dong,2026-04-03,MON_ANH,Tiếng Anh,ngoai_ngu,LOP_09,Lớp 9,thcs,250000,HS_WB_0261,3.99,2026-03-26
GS_WB_0700,Lê Hữu Phú,nam,1996,Thac si,Sư phạm Toán,DH_GTVT,Đại học Giao thông Vận tải,dai_hoc,KV_HCM_BT,Bình Thạnh,Bình Thạnh,Hồ Chí Minh,3,truc_tiep,180000,web,hoat_dong,2026-04-03,MON_LY,Vật lý,tu_nhien,LOP_09,Lớp 9,thcs,180000,HS_WB_0654,4.13,2026-03-29
GS_WB_0701,Bùi Hải Đạt,nam,2000,Cu nhan,Công nghệ thông tin,DH_SP_HCM,Đại học Sư phạm TP.HCM,dai_hoc,KV_HCM_GV,Gò Vấp,Gò Vấp,Hồ Chí Minh,3,ca_hai,180000,web,hoat_dong,2026-04-03,MON_ANH,Tiếng Anh,ngoai_ngu,LOP_06,Lớp 6,thcs,180000,HS_WB_0948,3.58,2026-03-22
GS_WB_0702,Lê Xuân Nhung,nu,2002,Cu nhan,Quản trị Kinh doanh,DH_BK_HCM,Đại học Bách Khoa TP.HCM,dai_hoc,KV_HCM_PN,Phú Nhuận,Phú Nhuận,Hồ Chí Minh,4,online,180000,web,hoat_dong,2026-04-03,MON_TOAN,Toán,tu_nhien,LOP_12,Lớp 12,thpt,180000,HS_WB_0398,4.06,2026-04-02
GS_WB_0703,Bùi Xuân Châu,nu,1996,Ky su,Công nghệ thông tin,DH_KHTN_HCM,Đại học Khoa học Tự nhiên TP.HCM,dai_hoc,KV_HN_HK,Hoàn Kiếm,Hoàn Kiếm,Hà Nội,2,ca_hai,180000,web,hoat_dong,2026-04-03,MON_VAN,Ngữ văn,xa_hoi,LOP_10,Lớp 10,thpt,180000,HS_WB_0026,4.08,2026-03-06
GS_WB_0704,Lý Quang Huy,nam,2001,Ky su,Sư phạm Toán,DH_NT_HN,Đại học Ngoại thương Hà Nội,dai_hoc,KV_DN_NHS,Ngũ Hành Sơn,Ngũ Hành Sơn,Đà Nẵng,6,ca_hai,180000,web,hoat_dong,2026-04-03,MON_TOAN,Toán,tu_nhien,LOP_09,Lớp 9,thcs,180000,HS_WB_0350,4.12,2026-03-21
GS_WB_0705,Đặng Thị Vy,nu,2003,Cu nhan,Sư phạm Toán,DH_XD,Đại học Xây dựng Hà Nội,dai_hoc,KV_HCM_TD,Thủ Đức,Thủ Đức,Hồ Chí Minh,1,truc_tiep,180000,web,hoat_dong,2026-04-03,MON_TOAN,Toán,tu_nhien,LOP_12,Lớp 12,thpt,180000,,,
GS_WB_0706,Vũ Hải Đức,nam,1997,Cu nhan,Ngôn ngữ Anh,DH_CNTT,Đại học Công nghệ Thông tin TP.HCM,dai_hoc,KV_DN_HC,Hải Châu,Hải Châu,Đà Nẵng,3,ca_hai,250000,web,hoat_dong,2026-04-03,MON_VAN,Ngữ văn,xa_hoi,LOP_12,Lớp 12,thpt,250000,HS_WB_0680,3.84,2026-03-05
GS_WB_0707,Bùi Quang Huy,nam,1995,Ky su,Quản trị Kinh doanh,DH_SP_HCM,Đại học Sư phạm TP.HCM,dai_hoc,KV_DN_TK,Thanh Khê,Thanh Khê,Đà Nẵng,3,online,150000,web,hoat_dong,2026-04-03,MON_ANH,Tiếng Anh,ngoai_ngu,LOP_06,Lớp 6,thcs,150000,HS_WB_0804,4.7,2026-03-27
GS_WB_0708,Đỗ Thái Đạt,nam,2001,Thac si,Sư phạm Toán,DH_NL_HCM,Đại học Nông Lâm TP.HCM,dai_hoc,KV_HCM_Q1,Quận 1,Quận 1,Hồ Chí Minh,1,truc_tiep,200000,web,hoat_dong,2026-04-03,MON_LY,Vật lý,tu_nhien,LOP_06,Lớp 6,thcs,200000,,,
GS_WB_0709,Nguyễn Đình Kiệt,nam,1998,Cu nhan,Công nghệ thông tin,DH_XD,Đại học Xây dựng Hà Nội,dai_hoc,KV_DN_LC,Liên Chiểu,Liên Chiểu,Đà Nẵng,5,online,250000,web,hoat_dong,2026-04-03,MON_ANH,Tiếng Anh,ngoai_ngu,LOP_12,Lớp 12,thpt,250000,HS_WB_0842,4.91,2026-03-20
GS_WB_0710,Dương Mai Châu,nu,1996,Ky su,Quản trị Kinh doanh,DH_BK_HN,Đại học Bách Khoa Hà Nội,dai_hoc,KV_HCM_Q8,Quận 8,Quận 8,Hồ Chí Minh,1,truc_tiep,200000,web,hoat_dong,2026-04-03,MON_ANH,Tiếng Anh,ngoai_ngu,LOP_12,Lớp 12,thpt,200000,HS_WB_0586,3.79,2026-03-30
GS_WB_0711,Phạm Thu Trang,nu,1997,Thac si,Ngôn ngữ Anh,DH_CNTT,Đại học Công nghệ Thông tin TP.HCM,dai_hoc,KV_HN_NTL,Nam Từ Liêm,Nam Từ Liêm,Hà Nội,3,truc_tiep,150000,web,hoat_dong,2026-04-03,MON_VAN,Ngữ văn,xa_hoi,LOP_06,Lớp 6,thcs,150000,,,
GS_WB_0712,Phạm Quang Khoa,nam,2001,Thac si,Ngôn ngữ Anh,DH_FPT,Đại học FPT,dai_hoc,KV_HCM_Q1,Quận 1,Quận 1,Hồ Chí Minh,5,truc_tiep,150000,web,hoat_dong,2026-04-03,MON_LY,Vật lý,tu_nhien,LOP_09,Lớp 9,thcs,150000,HS_WB_0802,4.86,2026-03-26
GS_WB_0713,Vũ Thu Hân,nu,1995,Ky su,Sư phạm Toán,DH_NL_HCM,Đại học Nông Lâm TP.HCM,dai_hoc,KV_HCM_Q5,Quận 5,Quận 5,Hồ Chí Minh,6,truc_tiep,180000,web,hoat_dong,2026-04-03,MON_LY,Vật lý,tu_nhien,LOP_12,Lớp 12,thpt,180000,HS_WB_0219,4.85,2026-03-20
GS_WB_0714,Lê Mai Mai,nu,2003,Cu nhan,Ngôn ngữ Anh,DH_BK_HCM,Đại học Bách Khoa TP.HCM,dai_hoc,KV_HN_LB,Long Biên,Long Biên,Hà Nội,7,truc_tiep,200000,web,hoat_dong,2026-04-03,MON_ANH,Tiếng Anh,ngoai_ngu,LOP_10,Lớp 10,thpt,200000,HS_WB_0220,4.33,2026-03-09
GS_WB_0715,Lê Đình Khoa,nam,2000,Thac si,Sư phạm Toán,DH_KT_DN,Đại học Kinh tế Đà Nẵng,dai_hoc,KV_HCM_TP,Tân Phú,Tân Phú,Hồ Chí Minh,1,ca_hai,150000,web,hoat_dong,2026-04-03,MON_LY,Vật lý,tu_nhien,LOP_10,Lớp 10,thpt,150000,HS_WB_0986,4.52,2026-03-04
GS_WB_0716,Ngô Thị Nhung,nu,1997,Cu nhan,Ngôn ngữ Anh,DH_QGHN,Đại học Quốc gia Hà Nội,dai_hoc,KV_HN_HM,Hoàng Mai,Hoàng Mai,Hà Nội,4,ca_hai,150000,web,hoat_dong,2026-04-03,MON_VAN,Ngữ văn,xa_hoi,LOP_09,Lớp 9,thcs,150000,HS_WB_0512,3.53,2026-03-30
GS_WB_0717,Bùi Bảo Châu,nu,2001,Cu nhan,Sư phạm Toán,DH_CNTT,Đại học Công nghệ Thông tin TP.HCM,dai_hoc,KV_HCM_TD,Thủ Đức,Thủ Đức,Hồ Chí Minh,3,ca_hai,150000,web,hoat_dong,2026-04-03,MON_TOAN,Toán,tu_nhien,LOP_12,Lớp 12,thpt,150000,HS_WB_0694,4.05,2026-03-07
GS_WB_0718,Bùi Trọng Hùng,nam,1996,Cu nhan,Quản trị Kinh doanh,DH_Y_HN,Đại học Y Hà Nội,dai_hoc,KV_DN_LC,Liên Chiểu,Liên Chiểu,Đà Nẵng,4,ca_hai,150000,web,hoat_dong,2026-04-03,MON_ANH,Tiếng Anh,ngoai_ngu,LOP_09,Lớp 9,thcs,150000,HS_WB_0992,3.5,2026-03-24
GS_WB_0719,Ngô Thu Hân,nu,2003,Thac si,Sư phạm Toán,DH_GTVT,Đại học Giao thông Vận tải,dai_hoc,KV_HCM_Q7,Quận 7,Quận 7,Hồ Chí Minh,3,truc_tiep,200000,web,hoat_dong,2026-04-03,MON_TOAN,Toán,tu_nhien,LOP_09,Lớp 9,thcs,200000,HS_WB_0055,3.71,2026-03-10
GS_WB_0720,Trần Quang Nam,nam,2002,Ky su,Sư phạm Toán,DH_FPT,Đại học FPT,dai_hoc,KV_DN_NHS,Ngũ Hành Sơn,Ngũ Hành Sơn,Đà Nẵng,7,truc_tiep,150000,web,hoat_dong,2026-04-03,MON_LY,Vật lý,tu_nhien,LOP_06,Lớp 6,thcs,150000,HS_WB_0953,3.98,2026-03-18
GS_WB_0721,Lê Hữu Hùng,nam,1999,Thac si,Ngôn ngữ Anh,DH_XD,Đại học Xây dựng Hà Nội,dai_hoc,KV_HCM_BT,Bình Thạnh,Bình Thạnh,Hồ Chí Minh,7,ca_hai,200000,web,hoat_dong,2026-04-03,MON_ANH,Tiếng Anh,ngoai_ngu,LOP_06,Lớp 6,thcs,200000,HS_WB_0671,4.92,2026-03-25
GS_WB_0722,Lý Mai Hân,nu,2001,Cu nhan,Ngôn ngữ Anh,DH_FPT,Đại học FPT,dai_hoc,KV_DN_TK,Thanh Khê,Thanh Khê,Đà Nẵng,3,online,180000,web,hoat_dong,2026-04-03,MON_LY,Vật lý,tu_nhien,LOP_06,Lớp 6,thcs,180000,HS_WB_0863,4.51,2026-03-26
GS_WB_0723,Hoàng Văn Đạt,nam,2003,Thac si,Ngôn ngữ Anh,DH_TM,Đại học Thương mại,dai_hoc,KV_HCM_Q4,Quận 4,Quận 4,Hồ Chí Minh,1,ca_hai,150000,web,hoat_dong,2026-04-03,MON_TOAN,Toán,tu_nhien,LOP_10,Lớp 10,thpt,150000,HS_WB_0235,4.26,2026-03-16
GS_WB_0724,Hoàng Mai Châu,nu,1998,Cu nhan,Sư phạm Toán,DH_NT_HN,Đại học Ngoại thương Hà Nội,dai_hoc,KV_HCM_TD,Thủ Đức,Thủ Đức,Hồ Chí Minh,7,online,250000,web,hoat_dong,2026-04-03,MON_VAN,Ngữ văn,xa_hoi,LOP_10,Lớp 10,thpt,250000,HS_WB_0248,4.41,2026-03-07
GS_WB_0725,Đặng Hải Khoa,nam,1998,Thac si,Quản trị Kinh doanh,DH_NT_HN,Đại học Ngoại thương Hà Nội,dai_hoc,KV_HN_BD,Ba Đình,Ba Đình,Hà Nội,1,ca_hai,180000,web,hoat_dong,2026-04-03,MON_VAN,Ngữ văn,xa_hoi,LOP_09,Lớp 9,thcs,180000,,,
GS_WB_0726,Hoàng Đình Phú,nam,1996,Thac si,Quản trị Kinh doanh,DH_QGHN,Đại học Quốc gia Hà Nội,dai_hoc,KV_HCM_TD,Thủ Đức,Thủ Đức,Hồ Chí Minh,6,truc_tiep,180000,web,hoat_dong,2026-04-03,MON_ANH,Tiếng Anh,ngoai_ngu,LOP_10,Lớp 10,thpt,180000,HS_WB_0707,3.67,2026-03-13
GS_WB_0727,Trần Hữu Tuấn,nam,1996,Thac si,Ngôn ngữ Anh,DH_DN,Đại học Đà Nẵng,dai_hoc,KV_DN_HC,Hải Châu,Hải Châu,Đà Nẵng,8,online,250000,web,hoat_dong,2026-04-03,MON_TOAN,Toán,tu_nhien,LOP_10,Lớp 10,thpt,250000,HS_WB_0220,3.62,2026-03-18
GS_WB_0728,Nguyễn Hồng Nhung,nu,2003,Cu nhan,Sư phạm Toán,DH_SP_HN,Đại học Sư phạm Hà Nội,dai_hoc,KV_HCM_TB,Tân Bình,Tân Bình,Hồ Chí Minh,1,truc_tiep,180000,web,hoat_dong,2026-04-03,MON_LY,Vật lý,tu_nhien,LOP_12,Lớp 12,thpt,180000,,,
GS_WB_0729,Lê Trọng Phú,nam,2001,Cu nhan,Quản trị Kinh doanh,DH_KHTN_HN,Đại học Khoa học Tự nhiên Hà Nội,dai_hoc,KV_DN_CL,Cẩm Lệ,Cẩm Lệ,Đà Nẵng,2,ca_hai,250000,web,hoat_dong,2026-04-03,MON_LY,Vật lý,tu_nhien,LOP_10,Lớp 10,thpt,250000,HS_WB_0201,4.56,2026-03-17
GS_WB_0730,Vũ Hồng Trang,nu,1995,Cu nhan,Quản trị Kinh doanh,DH_Y_HCM,Đại học Y Dược TP.HCM,dai_hoc,KV_HN_TX,Thanh Xuân,Thanh Xuân,Hà Nội,5,ca_hai,180000,web,hoat_dong,2026-04-03,MON_LY,Vật lý,tu_nhien,LOP_12,Lớp 12,thpt,180000,HS_WB_0968,4.7,2026-03-28
GS_WB_0731,Lý Quang Huy,nam,1997,Ky su,Quản trị Kinh doanh,DH_Y_HCM,Đại học Y Dược TP.HCM,dai_hoc,KV_HN_HM,Hoàng Mai,Hoàng Mai,Hà Nội,2,ca_hai,200000,web,hoat_dong,2026-04-03,MON_VAN,Ngữ văn,xa_hoi,LOP_06,Lớp 6,thcs,200000,,,
GS_WB_0732,Lý Quang Phú,nam,1998,Ky su,Sư phạm Toán,DH_BK_HN,Đại học Bách Khoa Hà Nội,dai_hoc,KV_HN_LB,Long Biên,Long Biên,Hà Nội,1,ca_hai,250000,web,hoat_dong,2026-04-03,MON_VAN,Ngữ văn,xa_hoi,LOP_06,Lớp 6,thcs,250000,HS_WB_0872,4.4,2026-03-28
GS_WB_0733,Trần Trọng Đức,nam,1998,Cu nhan,Sư phạm Toán,DH_SP_HCM,Đại học Sư phạm TP.HCM,dai_hoc,KV_DN_CL,Cẩm Lệ,Cẩm Lệ,Đà Nẵng,3,ca_hai,150000,web,hoat_dong,2026-04-03,MON_VAN,Ngữ văn,xa_hoi,LOP_06,Lớp 6,thcs,150000,HS_WB_0667,4.59,2026-03-14
GS_WB_0734,Trần Thanh Trang,nu,1996,Cu nhan,Sư phạm Toán,DH_TM,Đại học Thương mại,dai_hoc,KV_DN_NHS,Ngũ Hành Sơn,Ngũ Hành Sơn,Đà Nẵng,7,truc_tiep,250000,web,hoat_dong,2026-04-03,MON_TOAN,Toán,tu_nhien,LOP_12,Lớp 12,thpt,250000,HS_WB_0214,3.65,2026-03-24
GS_WB_0735,Bùi Hồng Linh,nu,1996,Cu nhan,Công nghệ thông tin,DH_GTVT,Đại học Giao thông Vận tải,dai_hoc,KV_HCM_GV,Gò Vấp,Gò Vấp,Hồ Chí Minh,1,online,180000,web,hoat_dong,2026-04-03,MON_ANH,Tiếng Anh,ngoai_ngu,LOP_06,Lớp 6,thcs,180000,,,
GS_WB_0736,Dương Hải Đức,nam,2003,Cu nhan,Công nghệ thông tin,DH_KHTN_HCM,Đại học Khoa học Tự nhiên TP.HCM,dai_hoc,KV_HCM_TD,Thủ Đức,Thủ Đức,Hồ Chí Minh,4,ca_hai,200000,web,hoat_dong,2026-04-03,MON_TOAN,Toán,tu_nhien,LOP_06,Lớp 6,thcs,200000,HS_WB_0675,3.64,2026-03-16
GS_WB_0737,Đỗ Ngọc Vy,nu,2000,Ky su,Ngôn ngữ Anh,DH_DN,Đại học Đà Nẵng,dai_hoc,KV_DN_CL,Cẩm Lệ,Cẩm Lệ,Đà Nẵng,5,truc_tiep,150000,web,hoat_dong,2026-04-03,MON_VAN,Ngữ văn,xa_hoi,LOP_12,Lớp 12,thpt,150000,HS_WB_0690,4.21,2026-03-21
GS_WB_0738,Bùi Ngọc Nhung,nu,1996,Thac si,Quản trị Kinh doanh,DH_GTVT,Đại học Giao thông Vận tải,dai_hoc,KV_HCM_TD,Thủ Đức,Thủ Đức,Hồ Chí Minh,7,online,180000,web,hoat_dong,2026-04-03,MON_TOAN,Toán,tu_nhien,LOP_12,Lớp 12,thpt,180000,HS_WB_0584,4.8,2026-03-17
GS_WB_0739,Dương Hải Cường,nam,1996,Thac si,Ngôn ngữ Anh,DH_BK_HCM,Đại học Bách Khoa TP.HCM,dai_hoc,KV_DN_CL,Cẩm Lệ,Cẩm Lệ,Đà Nẵng,6,online,180000,web,hoat_dong,2026-04-03,MON_LY,Vật lý,tu_nhien,LOP_09,Lớp 9,thcs,180000,HS_WB_0191,4.77,2026-03-07
GS_WB_0740,Ngô Mai Vy,nu,2002,Ky su,Quản trị Kinh doanh,DH_NT_HN,Đại học Ngoại thương Hà Nội,dai_hoc,KV_HCM_TP,Tân Phú,Tân Phú,Hồ Chí Minh,2,ca_hai,200000,web,hoat_dong,2026-04-03,MON_LY,Vật lý,tu_nhien,LOP_10,Lớp 10,thpt,200000,HS_WB_0016,4.88,2026-03-25
GS_WB_0741,Lý Văn Tuấn,nam,1995,Thac si,Công nghệ thông tin,DH_SP_HCM,Đại học Sư phạm TP.HCM,dai_hoc,KV_HCM_Q8,Quận 8,Quận 8,Hồ Chí Minh,4,online,250000,web,hoat_dong,2026-04-03,MON_TOAN,Toán,tu_nhien,LOP_12,Lớp 12,thpt,250000,,,
GS_WB_0742,Lê Hồng Thảo,nu,2001,Cu nhan,Sư phạm Toán,DH_FPT,Đại học FPT,dai_hoc,KV_HCM_Q3,Quận 3,Quận 3,Hồ Chí Minh,7,truc_tiep,180000,web,hoat_dong,2026-04-03,MON_LY,Vật lý,tu_nhien,LOP_10,Lớp 10,thpt,180000,HS_WB_0260,3.67,2026-04-02
GS_WB_0743,Bùi Thị Linh,nu,2002,Thac si,Sư phạm Toán,DH_KTQD,Đại học Kinh tế Quốc dân,dai_hoc,KV_DN_NHS,Ngũ Hành Sơn,Ngũ Hành Sơn,Đà Nẵng,1,ca_hai,250000,web,hoat_dong,2026-04-03,MON_TOAN,Toán,tu_nhien,LOP_06,Lớp 6,thcs,250000,HS_WB_0885,4.68,2026-03-20
GS_WB_0744,Đặng Thị Thảo,nu,2002,Cu nhan,Quản trị Kinh doanh,DH_TM,Đại học Thương mại,dai_hoc,KV_HCM_TB,Tân Bình,Tân Bình,Hồ Chí Minh,5,online,180000,web,hoat_dong,2026-04-03,MON_LY,Vật lý,tu_nhien,LOP_06,Lớp 6,thcs,180000,HS_WB_0352,3.51,2026-03-11
GS_WB_0745,Lê Xuân Trang,nu,1997,Thac si,Công nghệ thông tin,DH_NL_HCM,Đại học Nông Lâm TP.HCM,dai_hoc,KV_HCM_TD,Thủ Đức,Thủ Đức,Hồ Chí Minh,4,truc_tiep,150000,web,hoat_dong,2026-04-03,MON_TOAN,Toán,tu_nhien,LOP_10,Lớp 10,thpt,150000,HS_WB_0837,4.76,2026-03-19
GS_WB_0746,Hoàng Thị Thảo,nu,2001,Cu nhan,Ngôn ngữ Anh,DH_KT_DN,Đại học Kinh tế Đà Nẵng,dai_hoc,KV_HN_HD,Hà Đông,Hà Đông,Hà Nội,2,online,180000,web,hoat_dong,2026-04-03,MON_LY,Vật lý,tu_nhien,LOP_10,Lớp 10,thpt,180000,HS_WB_0535,4.43,2026-03-22
GS_WB_0747,Dương Hoàng Trang,nu,1996,Ky su,Sư phạm Toán,DH_SP_HCM,Đại học Sư phạm TP.HCM,dai_hoc,KV_HCM_BT,Bình Thạnh,Bình Thạnh,Hồ Chí Minh,7,online,250000,web,hoat_dong,2026-04-03,MON_TOAN,Toán,tu_nhien,LOP_12,Lớp 12,thpt,250000,HS_WB_0317,3.66,2026-03-17
GS_WB_0748,Lý Trọng Đức,nam,1997,Thac si,Sư phạm Toán,DH_XD,Đại học Xây dựng Hà Nội,dai_hoc,KV_HCM_BT,Bình Thạnh,Bình Thạnh,Hồ Chí Minh,8,online,150000,web,hoat_dong,2026-04-03,MON_VAN,Ngữ văn,xa_hoi,LOP_06,Lớp 6,thcs,150000,HS_WB_0921,4.91,2026-03-27
GS_WB_0749,Ngô Minh Hùng,nam,2003,Cu nhan,Ngôn ngữ Anh,DH_KT_DN,Đại học Kinh tế Đà Nẵng,dai_hoc,KV_HCM_Q5,Quận 5,Quận 5,Hồ Chí Minh,2,truc_tiep,180000,web,hoat_dong,2026-04-03,MON_ANH,Tiếng Anh,ngoai_ngu,LOP_06,Lớp 6,thcs,180000,HS_WB_0525,4.51,2026-03-21
GS_WB_0750,Nguyễn Thái Khoa,nam,2001,Cu nhan,Ngôn ngữ Anh,DH_SP_HN,Đại học Sư phạm Hà Nội,dai_hoc,KV_HN_HM,Hoàng Mai,Hoàng Mai,Hà Nội,6,online,200000,web,hoat_dong,2026-04-03,MON_ANH,Tiếng Anh,ngoai_ngu,LOP_09,Lớp 9,thcs,200000,,,
GS_WB_0751,Lê Ngọc Thu,nu,2003,Ky su,Công nghệ thông tin,DH_FPT,Đại học FPT,dai_hoc,KV_HN_LB,Long Biên,Long Biên,Hà Nội,1,ca_hai,200000,web,hoat_dong,2026-04-03,MON_ANH,Tiếng Anh,ngoai_ngu,LOP_10,Lớp 10,thpt,200000,,,
GS_WB_0752,Lê Trọng Đức,nam,1996,Ky su,Ngôn ngữ Anh,DH_NL_HCM,Đại học Nông Lâm TP.HCM,dai_hoc,KV_HN_LB,Long Biên,Long Biên,Hà Nội,2,ca_hai,180000,web,hoat_dong,2026-04-03,MON_VAN,Ngữ văn,xa_hoi,LOP_09,Lớp 9,thcs,180000,,,
GS_WB_0753,Nguyễn Thái Đạt,nam,2001,Cu nhan,Quản trị Kinh doanh,DH_QGHN,Đại học Quốc gia Hà Nội,dai_hoc,KV_HCM_BT,Bình Thạnh,Bình Thạnh,Hồ Chí Minh,2,online,250000,web,hoat_dong,2026-04-03,MON_VAN,Ngữ văn,xa_hoi,LOP_09,Lớp 9,thcs,250000,HS_WB_0149,4.11,2026-03-16
GS_WB_0754,Hoàng Văn Phú,nam,1996,Thac si,Công nghệ thông tin,DH_KTQD,Đại học Kinh tế Quốc dân,dai_hoc,KV_DN_NHS,Ngũ Hành Sơn,Ngũ Hành Sơn,Đà Nẵng,6,ca_hai,200000,web,hoat_dong,2026-04-03,MON_VAN,Ngữ văn,xa_hoi,LOP_06,Lớp 6,thcs,200000,HS_WB_0636,4.73,2026-03-20
GS_WB_0755,Ngô Minh Tuấn,nam,1995,Ky su,Công nghệ thông tin,DH_SP_HCM,Đại học Sư phạm TP.HCM,dai_hoc,KV_HCM_TB,Tân Bình,Tân Bình,Hồ Chí Minh,1,truc_tiep,150000,web,hoat_dong,2026-04-03,MON_LY,Vật lý,tu_nhien,LOP_10,Lớp 10,thpt,150000,HS_WB_0018,4.44,2026-03-29
GS_WB_0756,Lý Trọng Đức,nam,1998,Cu nhan,Sư phạm Toán,DH_SP_HN,Đại học Sư phạm Hà Nội,dai_hoc,KV_HN_HBT,Hai Bà Trưng,Hai Bà Trưng,Hà Nội,8,truc_tiep,200000,web,hoat_dong,2026-04-03,MON_LY,Vật lý,tu_nhien,LOP_12,Lớp 12,thpt,200000,HS_WB_0559,3.58,2026-03-29
GS_WB_0757,Phạm Mai Linh,nu,2003,Ky su,Quản trị Kinh doanh,DH_QGHN,Đại học Quốc gia Hà Nội,dai_hoc,KV_HN_HM,Hoàng Mai,Hoàng Mai,Hà Nội,2,online,200000,web,hoat_dong,2026-04-03,MON_ANH,Tiếng Anh,ngoai_ngu,LOP_12,Lớp 12,thpt,200000,,,
GS_WB_0758,Phạm Quang Khoa,nam,1998,Cu nhan,Sư phạm Toán,DH_DN,Đại học Đà Nẵng,dai_hoc,KV_HN_HD,Hà Đông,Hà Đông,Hà Nội,7,truc_tiep,200000,web,hoat_dong,2026-04-03,MON_LY,Vật lý,tu_nhien,LOP_06,Lớp 6,thcs,200000,HS_WB_0182,4.14,2026-03-24
GS_WB_0759,Phạm Đình Huy,nam,1996,Ky su,Ngôn ngữ Anh,DH_KHTN_HCM,Đại học Khoa học Tự nhiên TP.HCM,dai_hoc,KV_DN_ST,Sơn Trà,Sơn Trà,Đà Nẵng,1,truc_tiep,150000,web,hoat_dong,2026-04-03,MON_VAN,Ngữ văn,xa_hoi,LOP_09,Lớp 9,thcs,150000,HS_WB_0605,3.91,2026-03-17
GS_WB_0760,Dương Quang Kiệt,nam,2001,Cu nhan,Sư phạm Toán,DH_Y_HCM,Đại học Y Dược TP.HCM,dai_hoc,KV_HCM_Q7,Quận 7,Quận 7,Hồ Chí Minh,3,truc_tiep,150000,web,hoat_dong,2026-04-03,MON_LY,Vật lý,tu_nhien,LOP_12,Lớp 12,thpt,150000,HS_WB_0002,3.82,2026-03-08
GS_WB_0761,Lý Bảo Trang,nu,1997,Ky su,Quản trị Kinh doanh,DH_Y_HCM,Đại học Y Dược TP.HCM,dai_hoc,KV_HCM_GV,Gò Vấp,Gò Vấp,Hồ Chí Minh,7,online,150000,web,hoat_dong,2026-04-03,MON_ANH,Tiếng Anh,ngoai_ngu,LOP_06,Lớp 6,thcs,150000,HS_WB_0119,4.19,2026-03-10
GS_WB_0762,Ngô Xuân Thảo,nu,2002,Ky su,Công nghệ thông tin,DH_KT_DN,Đại học Kinh tế Đà Nẵng,dai_hoc,KV_HCM_TD,Thủ Đức,Thủ Đức,Hồ Chí Minh,2,ca_hai,180000,web,hoat_dong,2026-04-03,MON_ANH,Tiếng Anh,ngoai_ngu,LOP_09,Lớp 9,thcs,180000,,,
GS_WB_0763,Lý Mai Thảo,nu,1998,Thac si,Công nghệ thông tin,DH_DN,Đại học Đà Nẵng,dai_hoc,KV_DN_NHS,Ngũ Hành Sơn,Ngũ Hành Sơn,Đà Nẵng,8,truc_tiep,250000,web,hoat_dong,2026-04-03,MON_LY,Vật lý,tu_nhien,LOP_12,Lớp 12,thpt,250000,HS_WB_0390,4.6,2026-03-15
GS_WB_0764,Nguyễn Thu Trang,nu,1996,Thac si,Quản trị Kinh doanh,DH_KHTN_HN,Đại học Khoa học Tự nhiên Hà Nội,dai_hoc,KV_HN_NTL,Nam Từ Liêm,Nam Từ Liêm,Hà Nội,8,ca_hai,180000,web,hoat_dong,2026-04-03,MON_TOAN,Toán,tu_nhien,LOP_12,Lớp 12,thpt,180000,HS_WB_0492,3.69,2026-03-17
GS_WB_0765,Vũ Hữu Đức,nam,2002,Ky su,Công nghệ thông tin,DH_GTVT,Đại học Giao thông Vận tải,dai_hoc,KV_HCM_BT,Bình Thạnh,Bình Thạnh,Hồ Chí Minh,8,online,200000,web,hoat_dong,2026-04-03,MON_LY,Vật lý,tu_nhien,LOP_10,Lớp 10,thpt,200000,HS_WB_0985,4.13,2026-03-28
GS_WB_0766,Lý Đình Tuấn,nam,1996,Thac si,Sư phạm Toán,DH_XD,Đại học Xây dựng Hà Nội,dai_hoc,KV_HN_HK,Hoàn Kiếm,Hoàn Kiếm,Hà Nội,1,online,180000,web,hoat_dong,2026-04-03,MON_TOAN,Toán,tu_nhien,LOP_12,Lớp 12,thpt,180000,HS_WB_0561,4.85,2026-04-02
GS_WB_0767,Hoàng Đình Kiệt,nam,1995,Ky su,Ngôn ngữ Anh,DH_Y_HN,Đại học Y Hà Nội,dai_hoc,KV_HCM_Q8,Quận 8,Quận 8,Hồ Chí Minh,8,ca_hai,200000,web,hoat_dong,2026-04-03,MON_ANH,Tiếng Anh,ngoai_ngu,LOP_10,Lớp 10,thpt,200000,HS_WB_0365,3.82,2026-03-30
GS_WB_0768,Phạm Đình Phú,nam,1997,Cu nhan,Sư phạm Toán,DH_TM,Đại học Thương mại,dai_hoc,KV_HCM_Q8,Quận 8,Quận 8,Hồ Chí Minh,4,ca_hai,250000,web,hoat_dong,2026-04-03,MON_LY,Vật lý,tu_nhien,LOP_09,Lớp 9,thcs,250000,HS_WB_0471,4.98,2026-03-19
GS_WB_0769,Đỗ Văn Cường,nam,2002,Ky su,Sư phạm Toán,DH_KT_DN,Đại học Kinh tế Đà Nẵng,dai_hoc,KV_HCM_TD,Thủ Đức,Thủ Đức,Hồ Chí Minh,3,truc_tiep,180000,web,hoat_dong,2026-04-03,MON_VAN,Ngữ văn,xa_hoi,LOP_12,Lớp 12,thpt,180000,,,
GS_WB_0770,Dương Đức Khoa,nam,2000,Ky su,Ngôn ngữ Anh,DH_NL_HCM,Đại học Nông Lâm TP.HCM,dai_hoc,KV_HCM_Q1,Quận 1,Quận 1,Hồ Chí Minh,2,truc_tiep,150000,web,hoat_dong,2026-04-03,MON_VAN,Ngữ văn,xa_hoi,LOP_09,Lớp 9,thcs,150000,,,
GS_WB_0771,Lý Hồng Nhung,nu,2002,Cu nhan,Ngôn ngữ Anh,DH_UEH,Đại học Kinh tế TP.HCM,dai_hoc,KV_HCM_Q4,Quận 4,Quận 4,Hồ Chí Minh,7,ca_hai,180000,web,hoat_dong,2026-04-03,MON_ANH,Tiếng Anh,ngoai_ngu,LOP_09,Lớp 9,thcs,180000,HS_WB_0846,4.62,2026-03-04
GS_WB_0772,Lê Bảo Thu,nu,1996,Thac si,Công nghệ thông tin,DH_GTVT,Đại học Giao thông Vận tải,dai_hoc,KV_DN_HC,Hải Châu,Hải Châu,Đà Nẵng,5,truc_tiep,150000,web,hoat_dong,2026-04-03,MON_TOAN,Toán,tu_nhien,LOP_10,Lớp 10,thpt,150000,HS_WB_0563,3.7,2026-03-11
GS_WB_0773,Trần Bảo Trang,nu,1999,Thac si,Ngôn ngữ Anh,DH_CNTT,Đại học Công nghệ Thông tin TP.HCM,dai_hoc,KV_HN_TX,Thanh Xuân,Thanh Xuân,Hà Nội,8,online,180000,web,hoat_dong,2026-04-03,MON_TOAN,Toán,tu_nhien,LOP_12,Lớp 12,thpt,180000,HS_WB_0146,3.75,2026-03-13
GS_WB_0774,Trần Đình Nam,nam,2001,Cu nhan,Sư phạm Toán,DH_CNTT,Đại học Công nghệ Thông tin TP.HCM,dai_hoc,KV_HCM_Q3,Quận 3,Quận 3,Hồ Chí Minh,6,online,250000,web,hoat_dong,2026-04-03,MON_VAN,Ngữ văn,xa_hoi,LOP_10,Lớp 10,thpt,250000,HS_WB_0301,4.26,2026-03-22
GS_WB_0775,Nguyễn Thị Nhung,nu,2003,Cu nhan,Quản trị Kinh doanh,DH_KHTN_HN,Đại học Khoa học Tự nhiên Hà Nội,dai_hoc,KV_HN_BTL,Bắc Từ Liêm,Bắc Từ Liêm,Hà Nội,7,truc_tiep,250000,web,hoat_dong,2026-04-03,MON_VAN,Ngữ văn,xa_hoi,LOP_06,Lớp 6,thcs,250000,HS_WB_0894,4.23,2026-03-30
GS_WB_0776,Lý Thanh Mai,nu,1997,Thac si,Sư phạm Toán,DH_GTVT,Đại học Giao thông Vận tải,dai_hoc,KV_DN_HC,Hải Châu,Hải Châu,Đà Nẵng,7,ca_hai,180000,web,hoat_dong,2026-04-03,MON_VAN,Ngữ văn,xa_hoi,LOP_09,Lớp 9,thcs,180000,HS_WB_0636,4.23,2026-04-01
GS_WB_0777,Ngô Hữu Khoa,nam,2000,Cu nhan,Quản trị Kinh doanh,DH_FPT,Đại học FPT,dai_hoc,KV_HCM_Q5,Quận 5,Quận 5,Hồ Chí Minh,6,truc_tiep,250000,web,hoat_dong,2026-04-03,MON_TOAN,Toán,tu_nhien,LOP_10,Lớp 10,thpt,250000,,,
GS_WB_0778,Đỗ Minh Tuấn,nam,1999,Cu nhan,Quản trị Kinh doanh,DH_SP_HCM,Đại học Sư phạm TP.HCM,dai_hoc,KV_HN_BD,Ba Đình,Ba Đình,Hà Nội,6,ca_hai,200000,web,hoat_dong,2026-04-03,MON_TOAN,Toán,tu_nhien,LOP_06,Lớp 6,thcs,200000,,,
GS_WB_0779,Vũ Thu An,nu,1995,Ky su,Công nghệ thông tin,DH_CNTT,Đại học Công nghệ Thông tin TP.HCM,dai_hoc,KV_DN_TK,Thanh Khê,Thanh Khê,Đà Nẵng,3,truc_tiep,150000,web,hoat_dong,2026-04-03,MON_TOAN,Toán,tu_nhien,LOP_09,Lớp 9,thcs,150000,,,
GS_WB_0780,Dương Mai Châu,nu,2001,Ky su,Công nghệ thông tin,DH_SP_HCM,Đại học Sư phạm TP.HCM,dai_hoc,KV_HN_NTL,Nam Từ Liêm,Nam Từ Liêm,Hà Nội,2,truc_tiep,150000,web,hoat_dong,2026-04-03,MON_TOAN,Toán,tu_nhien,LOP_10,Lớp 10,thpt,150000,HS_WB_0132,4.44,2026-03-15
GS_WB_0781,Dương Văn Tuấn,nam,2001,Ky su,Quản trị Kinh doanh,DH_SP_HCM,Đại học Sư phạm TP.HCM,dai_hoc,KV_HN_HBT,Hai Bà Trưng,Hai Bà Trưng,Hà Nội,3,online,180000,web,hoat_dong,2026-04-03,MON_ANH,Tiếng Anh,ngoai_ngu,LOP_09,Lớp 9,thcs,180000,HS_WB_0732,4.11,2026-03-24
GS_WB_0782,Ngô Quang Tuấn,nam,2002,Cu nhan,Sư phạm Toán,DH_BK_HN,Đại học Bách Khoa Hà Nội,dai_hoc,KV_DN_HC,Hải Châu,Hải Châu,Đà Nẵng,3,online,150000,web,hoat_dong,2026-04-03,MON_VAN,Ngữ văn,xa_hoi,LOP_10,Lớp 10,thpt,150000,,,
GS_WB_0783,Lý Đức Nam,nam,1996,Thac si,Công nghệ thông tin,DH_FPT,Đại học FPT,dai_hoc,KV_DN_HC,Hải Châu,Hải Châu,Đà Nẵng,3,online,200000,web,hoat_dong,2026-04-03,MON_TOAN,Toán,tu_nhien,LOP_06,Lớp 6,thcs,200000,HS_WB_0467,4.44,2026-03-12
GS_WB_0784,Vũ Văn Đạt,nam,2001,Thac si,Công nghệ thông tin,DH_Y_HN,Đại học Y Hà Nội,dai_hoc,KV_HCM_Q10,Quận 10,Quận 10,Hồ Chí Minh,3,truc_tiep,150000,web,hoat_dong,2026-04-03,MON_TOAN,Toán,tu_nhien,LOP_10,Lớp 10,thpt,150000,HS_WB_0764,4.72,2026-03-30
GS_WB_0785,Lý Mai Hân,nu,2000,Thac si,Công nghệ thông tin,DH_NT_HN,Đại học Ngoại thương Hà Nội,dai_hoc,KV_HCM_TB,Tân Bình,Tân Bình,Hồ Chí Minh,1,ca_hai,180000,web,hoat_dong,2026-04-03,MON_ANH,Tiếng Anh,ngoai_ngu,LOP_12,Lớp 12,thpt,180000,HS_WB_0178,4.65,2026-04-01
GS_WB_0786,Vũ Xuân Châu,nu,2003,Ky su,Sư phạm Toán,DH_XD,Đại học Xây dựng Hà Nội,dai_hoc,KV_HCM_Q7,Quận 7,Quận 7,Hồ Chí Minh,2,truc_tiep,200000,web,hoat_dong,2026-04-03,MON_VAN,Ngữ văn,xa_hoi,LOP_09,Lớp 9,thcs,200000,HS_WB_0710,3.76,2026-03-10
GS_WB_0787,Lê Ngọc Thảo,nu,1995,Cu nhan,Ngôn ngữ Anh,DH_Y_HCM,Đại học Y Dược TP.HCM,dai_hoc,KV_HCM_Q10,Quận 10,Quận 10,Hồ Chí Minh,5,ca_hai,200000,web,hoat_dong,2026-04-03,MON_TOAN,Toán,tu_nhien,LOP_12,Lớp 12,thpt,200000,HS_WB_0555,4.17,2026-03-05
GS_WB_0788,Đặng Bảo Trang,nu,2000,Ky su,Công nghệ thông tin,DH_FPT,Đại học FPT,dai_hoc,KV_DN_TK,Thanh Khê,Thanh Khê,Đà Nẵng,2,online,180000,web,hoat_dong,2026-04-03,MON_LY,Vật lý,tu_nhien,LOP_10,Lớp 10,thpt,180000,,,
GS_WB_0789,Vũ Trọng Kiệt,nam,1996,Thac si,Ngôn ngữ Anh,DH_DN,Đại học Đà Nẵng,dai_hoc,KV_DN_LC,Liên Chiểu,Liên Chiểu,Đà Nẵng,6,truc_tiep,180000,web,hoat_dong,2026-04-03,MON_ANH,Tiếng Anh,ngoai_ngu,LOP_09,Lớp 9,thcs,180000,HS_WB_0891,4.29,2026-03-13
GS_WB_0790,Nguyễn Ngọc An,nu,2002,Cu nhan,Công nghệ thông tin,DH_BK_HN,Đại học Bách Khoa Hà Nội,dai_hoc,KV_HN_BD,Ba Đình,Ba Đình,Hà Nội,2,truc_tiep,250000,web,hoat_dong,2026-04-03,MON_TOAN,Toán,tu_nhien,LOP_12,Lớp 12,thpt,250000,,,
GS_WB_0791,Vũ Trọng Đức,nam,1997,Thac si,Ngôn ngữ Anh,DH_CNTT,Đại học Công nghệ Thông tin TP.HCM,dai_hoc,KV_HCM_Q4,Quận 4,Quận 4,Hồ Chí Minh,8,truc_tiep,250000,web,hoat_dong,2026-04-03,MON_LY,Vật lý,tu_nhien,LOP_12,Lớp 12,thpt,250000,,,
GS_WB_0792,Lê Đình Phú,nam,2000,Thac si,Ngôn ngữ Anh,DH_FPT,Đại học FPT,dai_hoc,KV_HN_HM,Hoàng Mai,Hoàng Mai,Hà Nội,5,truc_tiep,250000,web,hoat_dong,2026-04-03,MON_TOAN,Toán,tu_nhien,LOP_12,Lớp 12,thpt,250000,,,
GS_WB_0793,Phạm Mai Linh,nu,1997,Thac si,Sư phạm Toán,DH_Y_HCM,Đại học Y Dược TP.HCM,dai_hoc,KV_HN_TH,Tây Hồ,Tây Hồ,Hà Nội,5,ca_hai,150000,web,hoat_dong,2026-04-03,MON_ANH,Tiếng Anh,ngoai_ngu,LOP_10,Lớp 10,thpt,150000,HS_WB_0047,4.7,2026-03-26
GS_WB_0794,Hoàng Đình Đức,nam,1999,Cu nhan,Ngôn ngữ Anh,DH_QGHN,Đại học Quốc gia Hà Nội,dai_hoc,KV_HCM_Q4,Quận 4,Quận 4,Hồ Chí Minh,4,truc_tiep,200000,web,hoat_dong,2026-04-03,MON_ANH,Tiếng Anh,ngoai_ngu,LOP_12,Lớp 12,thpt,200000,HS_WB_0637,3.99,2026-03-30
GS_WB_0795,Vũ Ngọc Châu,nu,1997,Ky su,Công nghệ thông tin,DH_SP_HN,Đại học Sư phạm Hà Nội,dai_hoc,KV_DN_NHS,Ngũ Hành Sơn,Ngũ Hành Sơn,Đà Nẵng,1,truc_tiep,150000,web,hoat_dong,2026-04-03,MON_ANH,Tiếng Anh,ngoai_ngu,LOP_12,Lớp 12,thpt,150000,HS_WB_0324,4.49,2026-03-06
GS_WB_0796,Đỗ Xuân Vy,nu,1995,Cu nhan,Quản trị Kinh doanh,DH_QGHN,Đại học Quốc gia Hà Nội,dai_hoc,KV_HN_CG,Cầu Giấy,Cầu Giấy,Hà Nội,7,online,180000,web,hoat_dong,2026-04-03,MON_TOAN,Toán,tu_nhien,LOP_06,Lớp 6,thcs,180000,HS_WB_0787,4.3,2026-03-13
GS_WB_0797,Nguyễn Hoàng Linh,nu,2002,Cu nhan,Sư phạm Toán,DH_DN,Đại học Đà Nẵng,dai_hoc,KV_HCM_Q7,Quận 7,Quận 7,Hồ Chí Minh,7,ca_hai,150000,web,hoat_dong,2026-04-03,MON_VAN,Ngữ văn,xa_hoi,LOP_12,Lớp 12,thpt,150000,,,
GS_WB_0798,Dương Minh Nam,nam,1996,Ky su,Quản trị Kinh doanh,DH_UEH,Đại học Kinh tế TP.HCM,dai_hoc,KV_DN_LC,Liên Chiểu,Liên Chiểu,Đà Nẵng,6,ca_hai,200000,web,hoat_dong,2026-04-03,MON_LY,Vật lý,tu_nhien,LOP_12,Lớp 12,thpt,200000,HS_WB_0385,4.57,2026-03-05
GS_WB_0799,Trần Xuân Thu,nu,1996,Thac si,Công nghệ thông tin,DH_NL_HCM,Đại học Nông Lâm TP.HCM,dai_hoc,KV_HCM_Q8,Quận 8,Quận 8,Hồ Chí Minh,1,ca_hai,250000,web,hoat_dong,2026-04-03,MON_TOAN,Toán,tu_nhien,LOP_10,Lớp 10,thpt,250000,HS_WB_0084,4.94,2026-03-10
GS_WB_0800,Đặng Bảo Linh,nu,1996,Ky su,Quản trị Kinh doanh,DH_KHTN_HN,Đại học Khoa học Tự nhiên Hà Nội,dai_hoc,KV_HN_NTL,Nam Từ Liêm,Nam Từ Liêm,Hà Nội,7,truc_tiep,250000,web,hoat_dong,2026-04-03,MON_TOAN,Toán,tu_nhien,LOP_09,Lớp 9,thcs,250000,HS_WB_0585,3.83,2026-03-08
GS_WB_0801,Hoàng Mai Thảo,nu,1997,Ky su,Sư phạm Toán,DH_TM,Đại học Thương mại,dai_hoc,KV_HCM_BT,Bình Thạnh,Bình Thạnh,Hồ Chí Minh,3,online,200000,web,hoat_dong,2026-04-03,MON_VAN,Ngữ văn,xa_hoi,LOP_12,Lớp 12,thpt,200000,HS_WB_0986,4.88,2026-03-19
GS_WB_0802,Dương Thu Vy,nu,1996,Thac si,Ngôn ngữ Anh,DH_SP_HCM,Đại học Sư phạm TP.HCM,dai_hoc,KV_HCM_Q1,Quận 1,Quận 1,Hồ Chí Minh,4,ca_hai,150000,web,hoat_dong,2026-04-03,MON_VAN,Ngữ văn,xa_hoi,LOP_10,Lớp 10,thpt,150000,HS_WB_0364,4.83,2026-03-08
GS_WB_0803,Ngô Hải Kiệt,nam,1997,Thac si,Sư phạm Toán,DH_TM,Đại học Thương mại,dai_hoc,KV_HN_NTL,Nam Từ Liêm,Nam Từ Liêm,Hà Nội,1,ca_hai,250000,web,hoat_dong,2026-04-03,MON_LY,Vật lý,tu_nhien,LOP_10,Lớp 10,thpt,250000,HS_WB_0067,3.79,2026-03-27
GS_WB_0804,Trần Đình Kiệt,nam,2001,Cu nhan,Ngôn ngữ Anh,DH_BK_HN,Đại học Bách Khoa Hà Nội,dai_hoc,KV_DN_ST,Sơn Trà,Sơn Trà,Đà Nẵng,1,ca_hai,150000,web,hoat_dong,2026-04-03,MON_VAN,Ngữ văn,xa_hoi,LOP_09,Lớp 9,thcs,150000,,,
GS_WB_0805,Ngô Văn Kiệt,nam,1998,Ky su,Sư phạm Toán,DH_BK_HN,Đại học Bách Khoa Hà Nội,dai_hoc,KV_HN_BD,Ba Đình,Ba Đình,Hà Nội,6,online,180000,web,hoat_dong,2026-04-03,MON_VAN,Ngữ văn,xa_hoi,LOP_12,Lớp 12,thpt,180000,HS_WB_0098,3.54,2026-03-14
GS_WB_0806,Nguyễn Thái Hùng,nam,2002,Thac si,Quản trị Kinh doanh,DH_NL_HCM,Đại học Nông Lâm TP.HCM,dai_hoc,KV_DN_CL,Cẩm Lệ,Cẩm Lệ,Đà Nẵng,1,ca_hai,250000,web,hoat_dong,2026-04-03,MON_TOAN,Toán,tu_nhien,LOP_12,Lớp 12,thpt,250000,,,
GS_WB_0807,Đỗ Thu Nhung,nu,1998,Cu nhan,Công nghệ thông tin,DH_DN,Đại học Đà Nẵng,dai_hoc,KV_HN_HK,Hoàn Kiếm,Hoàn Kiếm,Hà Nội,8,truc_tiep,150000,web,hoat_dong,2026-04-03,MON_VAN,Ngữ văn,xa_hoi,LOP_12,Lớp 12,thpt,150000,HS_WB_0682,4.65,2026-03-11
GS_WB_0808,Ngô Hồng Mai,nu,2001,Ky su,Quản trị Kinh doanh,DH_KTQD,Đại học Kinh tế Quốc dân,dai_hoc,KV_HN_HM,Hoàng Mai,Hoàng Mai,Hà Nội,6,ca_hai,250000,web,hoat_dong,2026-04-03,MON_VAN,Ngữ văn,xa_hoi,LOP_09,Lớp 9,thcs,250000,HS_WB_0027,3.72,2026-03-19
GS_WB_0809,Đỗ Thái Huy,nam,1995,Thac si,Sư phạm Toán,DH_Y_HN,Đại học Y Hà Nội,dai_hoc,KV_HCM_Q5,Quận 5,Quận 5,Hồ Chí Minh,1,ca_hai,180000,web,hoat_dong,2026-04-03,MON_LY,Vật lý,tu_nhien,LOP_12,Lớp 12,thpt,180000,,,
GS_WB_0810,Nguyễn Trọng Đức,nam,1997,Thac si,Ngôn ngữ Anh,DH_KHTN_HCM,Đại học Khoa học Tự nhiên TP.HCM,dai_hoc,KV_DN_CL,Cẩm Lệ,Cẩm Lệ,Đà Nẵng,2,ca_hai,250000,web,hoat_dong,2026-04-03,MON_TOAN,Toán,tu_nhien,LOP_06,Lớp 6,thcs,250000,HS_WB_0767,4.91,2026-04-01
GS_WB_0811,Phạm Thái Khoa,nam,1997,Thac si,Ngôn ngữ Anh,DH_Y_HN,Đại học Y Hà Nội,dai_hoc,KV_HCM_Q1,Quận 1,Quận 1,Hồ Chí Minh,4,online,250000,web,hoat_dong,2026-04-03,MON_ANH,Tiếng Anh,ngoai_ngu,LOP_10,Lớp 10,thpt,250000,HS_WB_0207,3.74,2026-03-04
GS_WB_0812,Vũ Bảo Châu,nu,1997,Thac si,Công nghệ thông tin,DH_BK_HCM,Đại học Bách Khoa TP.HCM,dai_hoc,KV_DN_NHS,Ngũ Hành Sơn,Ngũ Hành Sơn,Đà Nẵng,2,online,150000,web,hoat_dong,2026-04-03,MON_LY,Vật lý,tu_nhien,LOP_10,Lớp 10,thpt,150000,,,
GS_WB_0813,Đặng Minh Kiệt,nam,2000,Ky su,Công nghệ thông tin,DH_CNTT,Đại học Công nghệ Thông tin TP.HCM,dai_hoc,KV_HCM_Q4,Quận 4,Quận 4,Hồ Chí Minh,4,truc_tiep,250000,web,hoat_dong,2026-04-03,MON_TOAN,Toán,tu_nhien,LOP_10,Lớp 10,thpt,250000,HS_WB_0003,4.16,2026-03-31
GS_WB_0814,Bùi Ngọc Nhung,nu,2003,Cu nhan,Sư phạm Toán,DH_DN,Đại học Đà Nẵng,dai_hoc,KV_HN_TH,Tây Hồ,Tây Hồ,Hà Nội,6,ca_hai,250000,web,hoat_dong,2026-04-03,MON_VAN,Ngữ văn,xa_hoi,LOP_12,Lớp 12,thpt,250000,HS_WB_0262,4.86,2026-03-08
GS_WB_0815,Lê Ngọc An,nu,1997,Thac si,Ngôn ngữ Anh,DH_SP_HCM,Đại học Sư phạm TP.HCM,dai_hoc,KV_DN_LC,Liên Chiểu,Liên Chiểu,Đà Nẵng,2,truc_tiep,150000,web,hoat_dong,2026-04-03,MON_VAN,Ngữ văn,xa_hoi,LOP_10,Lớp 10,thpt,150000,,,
GS_WB_0816,Bùi Thái Tuấn,nam,1995,Thac si,Sư phạm Toán,DH_BK_HN,Đại học Bách Khoa Hà Nội,dai_hoc,KV_DN_NHS,Ngũ Hành Sơn,Ngũ Hành Sơn,Đà Nẵng,4,truc_tiep,180000,web,hoat_dong,2026-04-03,MON_TOAN,Toán,tu_nhien,LOP_09,Lớp 9,thcs,180000,HS_WB_0866,4.09,2026-04-01
GS_WB_0817,Lê Ngọc Hân,nu,2002,Thac si,Sư phạm Toán,DH_BK_HCM,Đại học Bách Khoa TP.HCM,dai_hoc,KV_DN_NHS,Ngũ Hành Sơn,Ngũ Hành Sơn,Đà Nẵng,5,ca_hai,200000,web,hoat_dong,2026-04-03,MON_ANH,Tiếng Anh,ngoai_ngu,LOP_12,Lớp 12,thpt,200000,,,
GS_WB_0818,Dương Ngọc Nhung,nu,1998,Thac si,Quản trị Kinh doanh,DH_Y_HCM,Đại học Y Dược TP.HCM,dai_hoc,KV_HN_HK,Hoàn Kiếm,Hoàn Kiếm,Hà Nội,1,ca_hai,200000,web,hoat_dong,2026-04-03,MON_TOAN,Toán,tu_nhien,LOP_06,Lớp 6,thcs,200000,HS_WB_0378,4.85,2026-03-25
GS_WB_0819,Phạm Thu Thảo,nu,2002,Cu nhan,Ngôn ngữ Anh,DH_CNTT,Đại học Công nghệ Thông tin TP.HCM,dai_hoc,KV_HN_DD,Đống Đa,Đống Đa,Hà Nội,1,truc_tiep,200000,web,hoat_dong,2026-04-03,MON_VAN,Ngữ văn,xa_hoi,LOP_06,Lớp 6,thcs,200000,,,
GS_WB_0820,Ngô Thái Nam,nam,2003,Thac si,Quản trị Kinh doanh,DH_KHTN_HN,Đại học Khoa học Tự nhiên Hà Nội,dai_hoc,KV_HN_BD,Ba Đình,Ba Đình,Hà Nội,1,truc_tiep,150000,web,hoat_dong,2026-04-03,MON_TOAN,Toán,tu_nhien,LOP_09,Lớp 9,thcs,150000,,,
GS_WB_0821,Ngô Xuân Thảo,nu,2001,Cu nhan,Ngôn ngữ Anh,DH_KHTN_HN,Đại học Khoa học Tự nhiên Hà Nội,dai_hoc,KV_HN_TH,Tây Hồ,Tây Hồ,Hà Nội,1,truc_tiep,180000,web,hoat_dong,2026-04-03,MON_ANH,Tiếng Anh,ngoai_ngu,LOP_12,Lớp 12,thpt,180000,,,
GS_WB_0822,Dương Hải Đức,nam,2001,Cu nhan,Ngôn ngữ Anh,DH_Y_HCM,Đại học Y Dược TP.HCM,dai_hoc,KV_HN_NTL,Nam Từ Liêm,Nam Từ Liêm,Hà Nội,3,ca_hai,180000,web,hoat_dong,2026-04-03,MON_ANH,Tiếng Anh,ngoai_ngu,LOP_12,Lớp 12,thpt,180000,HS_WB_0076,3.52,2026-03-19
GS_WB_0823,Phạm Minh Đạt,nam,2002,Cu nhan,Ngôn ngữ Anh,DH_CNTT,Đại học Công nghệ Thông tin TP.HCM,dai_hoc,KV_HN_HK,Hoàn Kiếm,Hoàn Kiếm,Hà Nội,6,ca_hai,150000,web,hoat_dong,2026-04-03,MON_ANH,Tiếng Anh,ngoai_ngu,LOP_09,Lớp 9,thcs,150000,HS_WB_0948,4.31,2026-03-20
GS_WB_0824,Hoàng Minh Hùng,nam,2002,Cu nhan,Ngôn ngữ Anh,DH_NT_HN,Đại học Ngoại thương Hà Nội,dai_hoc,KV_DN_TK,Thanh Khê,Thanh Khê,Đà Nẵng,5,truc_tiep,200000,web,hoat_dong,2026-04-03,MON_LY,Vật lý,tu_nhien,LOP_09,Lớp 9,thcs,200000,HS_WB_0532,4.08,2026-03-22
GS_WB_0825,Trần Thu Trang,nu,1996,Thac si,Công nghệ thông tin,DH_SP_HCM,Đại học Sư phạm TP.HCM,dai_hoc,KV_HN_BD,Ba Đình,Ba Đình,Hà Nội,7,online,200000,web,hoat_dong,2026-04-03,MON_ANH,Tiếng Anh,ngoai_ngu,LOP_09,Lớp 9,thcs,200000,HS_WB_0738,3.53,2026-03-24
GS_WB_0826,Lý Hữu Kiệt,nam,2003,Ky su,Công nghệ thông tin,DH_CNTT,Đại học Công nghệ Thông tin TP.HCM,dai_hoc,KV_HN_HM,Hoàng Mai,Hoàng Mai,Hà Nội,8,truc_tiep,180000,web,hoat_dong,2026-04-03,MON_ANH,Tiếng Anh,ngoai_ngu,LOP_06,Lớp 6,thcs,180000,HS_WB_0295,3.58,2026-03-06
GS_WB_0827,Lý Đình Kiệt,nam,2000,Ky su,Sư phạm Toán,DH_SP_HCM,Đại học Sư phạm TP.HCM,dai_hoc,KV_HN_DD,Đống Đa,Đống Đa,Hà Nội,1,online,150000,web,hoat_dong,2026-04-03,MON_TOAN,Toán,tu_nhien,LOP_09,Lớp 9,thcs,150000,HS_WB_0154,4.52,2026-04-01
GS_WB_0828,Nguyễn Văn Đức,nam,2003,Ky su,Sư phạm Toán,DH_BK_HCM,Đại học Bách Khoa TP.HCM,dai_hoc,KV_HN_HM,Hoàng Mai,Hoàng Mai,Hà Nội,1,truc_tiep,180000,web,hoat_dong,2026-04-03,MON_LY,Vật lý,tu_nhien,LOP_09,Lớp 9,thcs,180000,HS_WB_0892,3.93,2026-03-08
GS_WB_0829,Phạm Đình Kiệt,nam,2002,Thac si,Ngôn ngữ Anh,DH_XD,Đại học Xây dựng Hà Nội,dai_hoc,KV_HCM_Q8,Quận 8,Quận 8,Hồ Chí Minh,5,truc_tiep,200000,web,hoat_dong,2026-04-03,MON_TOAN,Toán,tu_nhien,LOP_10,Lớp 10,thpt,200000,HS_WB_0719,4.44,2026-03-11
GS_WB_0830,Trần Thị Nhung,nu,1999,Ky su,Ngôn ngữ Anh,DH_Y_HN,Đại học Y Hà Nội,dai_hoc,KV_HN_HD,Hà Đông,Hà Đông,Hà Nội,5,truc_tiep,180000,web,hoat_dong,2026-04-03,MON_VAN,Ngữ văn,xa_hoi,LOP_10,Lớp 10,thpt,180000,HS_WB_0615,4.67,2026-03-06
GS_WB_0831,Bùi Ngọc Trang,nu,1998,Thac si,Công nghệ thông tin,DH_GTVT,Đại học Giao thông Vận tải,dai_hoc,KV_HCM_PN,Phú Nhuận,Phú Nhuận,Hồ Chí Minh,6,truc_tiep,150000,web,hoat_dong,2026-04-03,MON_TOAN,Toán,tu_nhien,LOP_06,Lớp 6,thcs,150000,,,
GS_WB_0832,Đỗ Bảo Thu,nu,1996,Thac si,Quản trị Kinh doanh,DH_UEH,Đại học Kinh tế TP.HCM,dai_hoc,KV_HCM_TP,Tân Phú,Tân Phú,Hồ Chí Minh,6,truc_tiep,180000,web,hoat_dong,2026-04-03,MON_VAN,Ngữ văn,xa_hoi,LOP_12,Lớp 12,thpt,180000,,,
GS_WB_0833,Dương Ngọc Thu,nu,2003,Ky su,Quản trị Kinh doanh,DH_BK_HN,Đại học Bách Khoa Hà Nội,dai_hoc,KV_HN_TX,Thanh Xuân,Thanh Xuân,Hà Nội,5,ca_hai,200000,web,hoat_dong,2026-04-03,MON_LY,Vật lý,tu_nhien,LOP_06,Lớp 6,thcs,200000,HS_WB_0998,4.2,2026-03-23
GS_WB_0834,Lý Văn Nam,nam,1996,Ky su,Ngôn ngữ Anh,DH_XD,Đại học Xây dựng Hà Nội,dai_hoc,KV_HN_CG,Cầu Giấy,Cầu Giấy,Hà Nội,1,ca_hai,180000,web,hoat_dong,2026-04-03,MON_LY,Vật lý,tu_nhien,LOP_12,Lớp 12,thpt,180000,,,
GS_WB_0835,Phạm Bảo Linh,nu,1997,Cu nhan,Quản trị Kinh doanh,DH_GTVT,Đại học Giao thông Vận tải,dai_hoc,KV_HCM_Q7,Quận 7,Quận 7,Hồ Chí Minh,8,online,180000,web,hoat_dong,2026-04-03,MON_ANH,Tiếng Anh,ngoai_ngu,LOP_12,Lớp 12,thpt,180000,HS_WB_0619,4.94,2026-03-15
GS_WB_0836,Trần Bảo Linh,nu,1995,Thac si,Công nghệ thông tin,DH_KHTN_HN,Đại học Khoa học Tự nhiên Hà Nội,dai_hoc,KV_HCM_TD,Thủ Đức,Thủ Đức,Hồ Chí Minh,3,ca_hai,150000,web,hoat_dong,2026-04-03,MON_LY,Vật lý,tu_nhien,LOP_06,Lớp 6,thcs,150000,HS_WB_0019,4.82,2026-03-15
GS_WB_0837,Đỗ Thu Châu,nu,1995,Cu nhan,Quản trị Kinh doanh,DH_KHTN_HCM,Đại học Khoa học Tự nhiên TP.HCM,dai_hoc,KV_HN_TX,Thanh Xuân,Thanh Xuân,Hà Nội,2,online,200000,web,hoat_dong,2026-04-03,MON_VAN,Ngữ văn,xa_hoi,LOP_12,Lớp 12,thpt,200000,HS_WB_0648,4.4,2026-03-21
GS_WB_0838,Đỗ Thái Phú,nam,2001,Thac si,Công nghệ thông tin,DH_Y_HCM,Đại học Y Dược TP.HCM,dai_hoc,KV_HN_BD,Ba Đình,Ba Đình,Hà Nội,4,online,150000,web,hoat_dong,2026-04-03,MON_VAN,Ngữ văn,xa_hoi,LOP_06,Lớp 6,thcs,150000,HS_WB_0419,3.71,2026-03-29
GS_WB_0839,Đặng Đình Kiệt,nam,2000,Thac si,Quản trị Kinh doanh,DH_NL_HCM,Đại học Nông Lâm TP.HCM,dai_hoc,KV_HCM_TP,Tân Phú,Tân Phú,Hồ Chí Minh,2,truc_tiep,250000,web,hoat_dong,2026-04-03,MON_TOAN,Toán,tu_nhien,LOP_12,Lớp 12,thpt,250000,HS_WB_0726,4.63,2026-03-19
GS_WB_0840,Trần Thu Thu,nu,1996,Thac si,Ngôn ngữ Anh,DH_KTQD,Đại học Kinh tế Quốc dân,dai_hoc,KV_DN_CL,Cẩm Lệ,Cẩm Lệ,Đà Nẵng,6,truc_tiep,150000,web,hoat_dong,2026-04-03,MON_TOAN,Toán,tu_nhien,LOP_09,Lớp 9,thcs,150000,,,
GS_WB_0841,Vũ Văn Tuấn,nam,1998,Thac si,Ngôn ngữ Anh,DH_TM,Đại học Thương mại,dai_hoc,KV_DN_HC,Hải Châu,Hải Châu,Đà Nẵng,5,ca_hai,200000,web,hoat_dong,2026-04-03,MON_VAN,Ngữ văn,xa_hoi,LOP_12,Lớp 12,thpt,200000,HS_WB_0591,4.98,2026-03-30
GS_WB_0842,Ngô Hải Cường,nam,1999,Thac si,Công nghệ thông tin,DH_SP_HCM,Đại học Sư phạm TP.HCM,dai_hoc,KV_HN_DD,Đống Đa,Đống Đa,Hà Nội,4,online,200000,web,hoat_dong,2026-04-03,MON_VAN,Ngữ văn,xa_hoi,LOP_06,Lớp 6,thcs,200000,HS_WB_0512,4.11,2026-03-27
GS_WB_0843,Ngô Thanh Vy,nu,1996,Cu nhan,Sư phạm Toán,DH_Y_HN,Đại học Y Hà Nội,dai_hoc,KV_HN_HK,Hoàn Kiếm,Hoàn Kiếm,Hà Nội,6,online,200000,web,hoat_dong,2026-04-03,MON_TOAN,Toán,tu_nhien,LOP_10,Lớp 10,thpt,200000,HS_WB_0011,4.35,2026-03-06
GS_WB_0844,Dương Xuân Thảo,nu,1997,Thac si,Công nghệ thông tin,DH_NL_HCM,Đại học Nông Lâm TP.HCM,dai_hoc,KV_HN_NTL,Nam Từ Liêm,Nam Từ Liêm,Hà Nội,7,ca_hai,180000,web,hoat_dong,2026-04-03,MON_LY,Vật lý,tu_nhien,LOP_09,Lớp 9,thcs,180000,HS_WB_0959,4.61,2026-04-02
GS_WB_0845,Ngô Minh Huy,nam,1999,Cu nhan,Ngôn ngữ Anh,DH_KHTN_HCM,Đại học Khoa học Tự nhiên TP.HCM,dai_hoc,KV_HN_TX,Thanh Xuân,Thanh Xuân,Hà Nội,3,ca_hai,180000,web,hoat_dong,2026-04-03,MON_TOAN,Toán,tu_nhien,LOP_10,Lớp 10,thpt,180000,HS_WB_0507,3.92,2026-04-01
GS_WB_0846,Lý Thị Hân,nu,2003,Cu nhan,Ngôn ngữ Anh,DH_QGHN,Đại học Quốc gia Hà Nội,dai_hoc,KV_DN_CL,Cẩm Lệ,Cẩm Lệ,Đà Nẵng,1,truc_tiep,200000,web,hoat_dong,2026-04-03,MON_TOAN,Toán,tu_nhien,LOP_12,Lớp 12,thpt,200000,HS_WB_0892,4.63,2026-03-27
GS_WB_0847,Phạm Thái Phú,nam,1996,Cu nhan,Sư phạm Toán,DH_NT_HN,Đại học Ngoại thương Hà Nội,dai_hoc,KV_HN_TX,Thanh Xuân,Thanh Xuân,Hà Nội,6,ca_hai,180000,web,hoat_dong,2026-04-03,MON_ANH,Tiếng Anh,ngoai_ngu,LOP_12,Lớp 12,thpt,180000,HS_WB_0513,3.91,2026-03-14
GS_WB_0848,Ngô Quang Tuấn,nam,2001,Cu nhan,Ngôn ngữ Anh,DH_KTQD,Đại học Kinh tế Quốc dân,dai_hoc,KV_HCM_BT,Bình Thạnh,Bình Thạnh,Hồ Chí Minh,5,online,150000,web,hoat_dong,2026-04-03,MON_ANH,Tiếng Anh,ngoai_ngu,LOP_10,Lớp 10,thpt,150000,HS_WB_0549,3.67,2026-04-02
GS_WB_0849,Phạm Thị Vy,nu,2003,Cu nhan,Ngôn ngữ Anh,DH_QGHN,Đại học Quốc gia Hà Nội,dai_hoc,KV_HCM_Q7,Quận 7,Quận 7,Hồ Chí Minh,3,ca_hai,200000,web,hoat_dong,2026-04-03,MON_VAN,Ngữ văn,xa_hoi,LOP_06,Lớp 6,thcs,200000,HS_WB_0607,4.77,2026-03-20
GS_WB_0850,Nguyễn Thái Khoa,nam,2002,Cu nhan,Công nghệ thông tin,DH_KHTN_HN,Đại học Khoa học Tự nhiên Hà Nội,dai_hoc,KV_HN_TX,Thanh Xuân,Thanh Xuân,Hà Nội,6,ca_hai,200000,web,hoat_dong,2026-04-03,MON_LY,Vật lý,tu_nhien,LOP_09,Lớp 9,thcs,200000,HS_WB_0198,3.94,2026-03-24
GS_WB_0851,Đỗ Minh Đạt,nam,1996,Thac si,Ngôn ngữ Anh,DH_TM,Đại học Thương mại,dai_hoc,KV_HCM_Q5,Quận 5,Quận 5,Hồ Chí Minh,1,online,150000,web,hoat_dong,2026-04-03,MON_LY,Vật lý,tu_nhien,LOP_06,Lớp 6,thcs,150000,HS_WB_0254,3.82,2026-03-09
GS_WB_0852,Nguyễn Thị Nhung,nu,1996,Cu nhan,Công nghệ thông tin,DH_KHTN_HN,Đại học Khoa học Tự nhiên Hà Nội,dai_hoc,KV_HCM_BT,Bình Thạnh,Bình Thạnh,Hồ Chí Minh,7,ca_hai,150000,web,hoat_dong,2026-04-03,MON_LY,Vật lý,tu_nhien,LOP_10,Lớp 10,thpt,150000,,,
GS_WB_0853,Bùi Thái Kiệt,nam,2000,Cu nhan,Công nghệ thông tin,DH_DN,Đại học Đà Nẵng,dai_hoc,KV_DN_ST,Sơn Trà,Sơn Trà,Đà Nẵng,1,ca_hai,200000,web,hoat_dong,2026-04-03,MON_VAN,Ngữ văn,xa_hoi,LOP_09,Lớp 9,thcs,200000,HS_WB_0850,3.75,2026-03-30
GS_WB_0854,Đặng Hữu Đạt,nam,2001,Thac si,Sư phạm Toán,DH_SP_HN,Đại học Sư phạm Hà Nội,dai_hoc,KV_HCM_TD,Thủ Đức,Thủ Đức,Hồ Chí Minh,1,online,250000,web,hoat_dong,2026-04-03,MON_LY,Vật lý,tu_nhien,LOP_06,Lớp 6,thcs,250000,HS_WB_0884,4.02,2026-03-10
GS_WB_0855,Đặng Mai Mai,nu,2002,Thac si,Công nghệ thông tin,DH_SP_HN,Đại học Sư phạm Hà Nội,dai_hoc,KV_HCM_TB,Tân Bình,Tân Bình,Hồ Chí Minh,5,truc_tiep,150000,web,hoat_dong,2026-04-03,MON_VAN,Ngữ văn,xa_hoi,LOP_06,Lớp 6,thcs,150000,HS_WB_0040,4.96,2026-03-21
GS_WB_0856,Ngô Đình Kiệt,nam,2003,Thac si,Sư phạm Toán,DH_Y_HN,Đại học Y Hà Nội,dai_hoc,KV_HCM_Q4,Quận 4,Quận 4,Hồ Chí Minh,6,ca_hai,180000,web,hoat_dong,2026-04-03,MON_ANH,Tiếng Anh,ngoai_ngu,LOP_06,Lớp 6,thcs,180000,HS_WB_0513,4.69,2026-03-18
GS_WB_0857,Phạm Đình Tuấn,nam,2000,Ky su,Công nghệ thông tin,DH_Y_HN,Đại học Y Hà Nội,dai_hoc,KV_HCM_TB,Tân Bình,Tân Bình,Hồ Chí Minh,3,ca_hai,150000,web,hoat_dong,2026-04-03,MON_TOAN,Toán,tu_nhien,LOP_06,Lớp 6,thcs,150000,HS_WB_0777,3.78,2026-03-29
GS_WB_0858,Dương Minh Kiệt,nam,1996,Thac si,Quản trị Kinh doanh,DH_Y_HN,Đại học Y Hà Nội,dai_hoc,KV_HCM_TP,Tân Phú,Tân Phú,Hồ Chí Minh,1,ca_hai,180000,web,hoat_dong,2026-04-03,MON_VAN,Ngữ văn,xa_hoi,LOP_10,Lớp 10,thpt,180000,HS_WB_0790,3.67,2026-03-05
GS_WB_0859,Phạm Minh Cường,nam,1999,Thac si,Sư phạm Toán,DH_Y_HCM,Đại học Y Dược TP.HCM,dai_hoc,KV_HN_LB,Long Biên,Long Biên,Hà Nội,1,online,180000,web,hoat_dong,2026-04-03,MON_ANH,Tiếng Anh,ngoai_ngu,LOP_12,Lớp 12,thpt,180000,,,
GS_WB_0860,Bùi Xuân Trang,nu,2001,Cu nhan,Ngôn ngữ Anh,DH_UEH,Đại học Kinh tế TP.HCM,dai_hoc,KV_HN_TH,Tây Hồ,Tây Hồ,Hà Nội,6,truc_tiep,250000,web,hoat_dong,2026-04-03,MON_LY,Vật lý,tu_nhien,LOP_10,Lớp 10,thpt,250000,HS_WB_0574,4.33,2026-03-15
GS_WB_0861,Lý Thu Trang,nu,2000,Thac si,Công nghệ thông tin,DH_CNTT,Đại học Công nghệ Thông tin TP.HCM,dai_hoc,KV_HCM_PN,Phú Nhuận,Phú Nhuận,Hồ Chí Minh,5,ca_hai,180000,web,hoat_dong,2026-04-03,MON_VAN,Ngữ văn,xa_hoi,LOP_06,Lớp 6,thcs,180000,HS_WB_0405,4.99,2026-03-25
GS_WB_0862,Bùi Trọng Phú,nam,1999,Thac si,Quản trị Kinh doanh,DH_Y_HN,Đại học Y Hà Nội,dai_hoc,KV_DN_TK,Thanh Khê,Thanh Khê,Đà Nẵng,6,truc_tiep,250000,web,hoat_dong,2026-04-03,MON_TOAN,Toán,tu_nhien,LOP_12,Lớp 12,thpt,250000,HS_WB_0113,4.38,2026-03-25
GS_WB_0863,Vũ Bảo An,nu,1999,Thac si,Ngôn ngữ Anh,DH_NL_HCM,Đại học Nông Lâm TP.HCM,dai_hoc,KV_HCM_GV,Gò Vấp,Gò Vấp,Hồ Chí Minh,1,online,150000,web,hoat_dong,2026-04-03,MON_LY,Vật lý,tu_nhien,LOP_09,Lớp 9,thcs,150000,HS_WB_0978,3.64,2026-03-31
GS_WB_0864,Trần Hồng Thu,nu,2003,Ky su,Ngôn ngữ Anh,DH_TM,Đại học Thương mại,dai_hoc,KV_DN_LC,Liên Chiểu,Liên Chiểu,Đà Nẵng,7,online,250000,web,hoat_dong,2026-04-03,MON_VAN,Ngữ văn,xa_hoi,LOP_09,Lớp 9,thcs,250000,HS_WB_0166,4.67,2026-03-29
GS_WB_0865,Ngô Thái Đức,nam,1997,Ky su,Quản trị Kinh doanh,DH_NL_HCM,Đại học Nông Lâm TP.HCM,dai_hoc,KV_HCM_Q1,Quận 1,Quận 1,Hồ Chí Minh,7,ca_hai,250000,web,hoat_dong,2026-04-03,MON_VAN,Ngữ văn,xa_hoi,LOP_09,Lớp 9,thcs,250000,HS_WB_0318,4.03,2026-03-08
GS_WB_0866,Ngô Hồng An,nu,2002,Cu nhan,Công nghệ thông tin,DH_UEH,Đại học Kinh tế TP.HCM,dai_hoc,KV_DN_NHS,Ngũ Hành Sơn,Ngũ Hành Sơn,Đà Nẵng,5,ca_hai,150000,web,hoat_dong,2026-04-03,MON_VAN,Ngữ văn,xa_hoi,LOP_09,Lớp 9,thcs,150000,,,
GS_WB_0867,Bùi Hoàng Hân,nu,2000,Thac si,Quản trị Kinh doanh,DH_NT_HN,Đại học Ngoại thương Hà Nội,dai_hoc,KV_HN_CG,Cầu Giấy,Cầu Giấy,Hà Nội,7,online,150000,web,hoat_dong,2026-04-03,MON_ANH,Tiếng Anh,ngoai_ngu,LOP_12,Lớp 12,thpt,150000,HS_WB_0426,3.62,2026-03-10
GS_WB_0868,Lý Đình Tuấn,nam,2002,Cu nhan,Ngôn ngữ Anh,DH_UEH,Đại học Kinh tế TP.HCM,dai_hoc,KV_HN_LB,Long Biên,Long Biên,Hà Nội,8,truc_tiep,150000,web,hoat_dong,2026-04-03,MON_ANH,Tiếng Anh,ngoai_ngu,LOP_06,Lớp 6,thcs,150000,HS_WB_0821,4.41,2026-03-18
GS_WB_0869,Vũ Quang Tuấn,nam,1999,Cu nhan,Sư phạm Toán,DH_QGHN,Đại học Quốc gia Hà Nội,dai_hoc,KV_HN_HM,Hoàng Mai,Hoàng Mai,Hà Nội,6,truc_tiep,150000,web,hoat_dong,2026-04-03,MON_TOAN,Toán,tu_nhien,LOP_10,Lớp 10,thpt,150000,HS_WB_0443,4.87,2026-03-13
GS_WB_0870,Trần Mai Thảo,nu,2001,Cu nhan,Sư phạm Toán,DH_UEH,Đại học Kinh tế TP.HCM,dai_hoc,KV_HN_DD,Đống Đa,Đống Đa,Hà Nội,2,truc_tiep,250000,web,hoat_dong,2026-04-03,MON_VAN,Ngữ văn,xa_hoi,LOP_06,Lớp 6,thcs,250000,HS_WB_0519,4.69,2026-03-16
GS_WB_0871,Đỗ Hồng Linh,nu,1996,Ky su,Công nghệ thông tin,DH_KT_DN,Đại học Kinh tế Đà Nẵng,dai_hoc,KV_HCM_Q5,Quận 5,Quận 5,Hồ Chí Minh,7,ca_hai,250000,web,hoat_dong,2026-04-03,MON_TOAN,Toán,tu_nhien,LOP_10,Lớp 10,thpt,250000,,,
GS_WB_0872,Hoàng Thị Thảo,nu,2000,Cu nhan,Công nghệ thông tin,DH_TM,Đại học Thương mại,dai_hoc,KV_HN_HM,Hoàng Mai,Hoàng Mai,Hà Nội,6,truc_tiep,200000,web,hoat_dong,2026-04-03,MON_LY,Vật lý,tu_nhien,LOP_09,Lớp 9,thcs,200000,,,
GS_WB_0873,Vũ Thu Mai,nu,2002,Thac si,Sư phạm Toán,DH_KHTN_HN,Đại học Khoa học Tự nhiên Hà Nội,dai_hoc,KV_HN_TH,Tây Hồ,Tây Hồ,Hà Nội,6,ca_hai,250000,web,hoat_dong,2026-04-03,MON_ANH,Tiếng Anh,ngoai_ngu,LOP_12,Lớp 12,thpt,250000,HS_WB_0095,3.52,2026-03-25
GS_WB_0874,Ngô Thanh Châu,nu,1996,Ky su,Ngôn ngữ Anh,DH_KTQD,Đại học Kinh tế Quốc dân,dai_hoc,KV_HN_HD,Hà Đông,Hà Đông,Hà Nội,6,truc_tiep,150000,web,hoat_dong,2026-04-03,MON_LY,Vật lý,tu_nhien,LOP_10,Lớp 10,thpt,150000,HS_WB_0591,4.94,2026-03-16
GS_WB_0875,Lý Quang Khoa,nam,2003,Thac si,Ngôn ngữ Anh,DH_KTQD,Đại học Kinh tế Quốc dân,dai_hoc,KV_HN_BTL,Bắc Từ Liêm,Bắc Từ Liêm,Hà Nội,6,ca_hai,200000,web,hoat_dong,2026-04-03,MON_ANH,Tiếng Anh,ngoai_ngu,LOP_12,Lớp 12,thpt,200000,,,
GS_WB_0876,Dương Hải Kiệt,nam,1999,Thac si,Ngôn ngữ Anh,DH_FPT,Đại học FPT,dai_hoc,KV_HN_HBT,Hai Bà Trưng,Hai Bà Trưng,Hà Nội,8,truc_tiep,180000,web,hoat_dong,2026-04-03,MON_LY,Vật lý,tu_nhien,LOP_06,Lớp 6,thcs,180000,HS_WB_0661,4.21,2026-03-27
GS_WB_0877,Nguyễn Xuân Nhung,nu,1995,Ky su,Ngôn ngữ Anh,DH_BK_HCM,Đại học Bách Khoa TP.HCM,dai_hoc,KV_HN_TH,Tây Hồ,Tây Hồ,Hà Nội,4,ca_hai,150000,web,hoat_dong,2026-04-03,MON_ANH,Tiếng Anh,ngoai_ngu,LOP_06,Lớp 6,thcs,150000,HS_WB_0965,3.72,2026-03-17
GS_WB_0878,Trần Văn Tuấn,nam,2001,Cu nhan,Sư phạm Toán,DH_UEH,Đại học Kinh tế TP.HCM,dai_hoc,KV_DN_LC,Liên Chiểu,Liên Chiểu,Đà Nẵng,4,online,150000,web,hoat_dong,2026-04-03,MON_ANH,Tiếng Anh,ngoai_ngu,LOP_10,Lớp 10,thpt,150000,HS_WB_0391,4.99,2026-03-23
GS_WB_0879,Phạm Quang Hùng,nam,1997,Ky su,Ngôn ngữ Anh,DH_BK_HN,Đại học Bách Khoa Hà Nội,dai_hoc,KV_HCM_TP,Tân Phú,Tân Phú,Hồ Chí Minh,3,online,250000,web,hoat_dong,2026-04-03,MON_ANH,Tiếng Anh,ngoai_ngu,LOP_06,Lớp 6,thcs,250000,,,
GS_WB_0880,Hoàng Văn Đạt,nam,1999,Cu nhan,Ngôn ngữ Anh,DH_BK_HN,Đại học Bách Khoa Hà Nội,dai_hoc,KV_HCM_Q8,Quận 8,Quận 8,Hồ Chí Minh,6,ca_hai,150000,web,hoat_dong,2026-04-03,MON_VAN,Ngữ văn,xa_hoi,LOP_12,Lớp 12,thpt,150000,HS_WB_0422,4.82,2026-03-18
GS_WB_0881,Bùi Ngọc Hân,nu,2000,Ky su,Sư phạm Toán,DH_FPT,Đại học FPT,dai_hoc,KV_HN_HM,Hoàng Mai,Hoàng Mai,Hà Nội,1,ca_hai,250000,web,hoat_dong,2026-04-03,MON_LY,Vật lý,tu_nhien,LOP_12,Lớp 12,thpt,250000,HS_WB_0988,4.67,2026-03-22
GS_WB_0882,Bùi Quang Phú,nam,1996,Cu nhan,Quản trị Kinh doanh,DH_KHTN_HN,Đại học Khoa học Tự nhiên Hà Nội,dai_hoc,KV_DN_ST,Sơn Trà,Sơn Trà,Đà Nẵng,3,online,180000,web,hoat_dong,2026-04-03,MON_ANH,Tiếng Anh,ngoai_ngu,LOP_06,Lớp 6,thcs,180000,HS_WB_0657,4.99,2026-03-27
GS_WB_0883,Lý Thanh An,nu,1997,Ky su,Sư phạm Toán,DH_TM,Đại học Thương mại,dai_hoc,KV_HN_HM,Hoàng Mai,Hoàng Mai,Hà Nội,2,ca_hai,150000,web,hoat_dong,2026-04-03,MON_TOAN,Toán,tu_nhien,LOP_10,Lớp 10,thpt,150000,HS_WB_0358,4.3,2026-03-15
GS_WB_0884,Đỗ Ngọc Thảo,nu,1998,Cu nhan,Quản trị Kinh doanh,DH_SP_HN,Đại học Sư phạm Hà Nội,dai_hoc,KV_DN_HC,Hải Châu,Hải Châu,Đà Nẵng,2,ca_hai,250000,web,hoat_dong,2026-04-03,MON_LY,Vật lý,tu_nhien,LOP_09,Lớp 9,thcs,250000,HS_WB_0523,4.47,2026-03-31
GS_WB_0885,Bùi Đức Nam,nam,1995,Ky su,Công nghệ thông tin,DH_TM,Đại học Thương mại,dai_hoc,KV_HCM_Q8,Quận 8,Quận 8,Hồ Chí Minh,3,truc_tiep,150000,web,hoat_dong,2026-04-03,MON_TOAN,Toán,tu_nhien,LOP_12,Lớp 12,thpt,150000,HS_WB_0214,3.94,2026-03-30
GS_WB_0886,Hoàng Hồng Linh,nu,2003,Thac si,Sư phạm Toán,DH_TM,Đại học Thương mại,dai_hoc,KV_HCM_TB,Tân Bình,Tân Bình,Hồ Chí Minh,7,online,150000,web,hoat_dong,2026-04-03,MON_ANH,Tiếng Anh,ngoai_ngu,LOP_12,Lớp 12,thpt,150000,,,
GS_WB_0887,Ngô Văn Hùng,nam,1999,Ky su,Sư phạm Toán,DH_DN,Đại học Đà Nẵng,dai_hoc,KV_HCM_PN,Phú Nhuận,Phú Nhuận,Hồ Chí Minh,8,ca_hai,180000,web,hoat_dong,2026-04-03,MON_TOAN,Toán,tu_nhien,LOP_06,Lớp 6,thcs,180000,HS_WB_0064,3.59,2026-03-15
GS_WB_0888,Hoàng Thị Trang,nu,1997,Cu nhan,Sư phạm Toán,DH_Y_HCM,Đại học Y Dược TP.HCM,dai_hoc,KV_DN_TK,Thanh Khê,Thanh Khê,Đà Nẵng,2,online,180000,web,hoat_dong,2026-04-03,MON_LY,Vật lý,tu_nhien,LOP_09,Lớp 9,thcs,180000,,,
GS_WB_0889,Bùi Hải Đức,nam,1996,Thac si,Ngôn ngữ Anh,DH_NT_HN,Đại học Ngoại thương Hà Nội,dai_hoc,KV_HN_HBT,Hai Bà Trưng,Hai Bà Trưng,Hà Nội,6,online,150000,web,hoat_dong,2026-04-03,MON_VAN,Ngữ văn,xa_hoi,LOP_10,Lớp 10,thpt,150000,HS_WB_1000,4.66,2026-03-13
GS_WB_0890,Nguyễn Văn Khoa,nam,2003,Cu nhan,Sư phạm Toán,DH_BK_HCM,Đại học Bách Khoa TP.HCM,dai_hoc,KV_HN_TH,Tây Hồ,Tây Hồ,Hà Nội,2,ca_hai,180000,web,hoat_dong,2026-04-03,MON_TOAN,Toán,tu_nhien,LOP_09,Lớp 9,thcs,180000,HS_WB_0472,4.95,2026-03-04
GS_WB_0891,Đỗ Minh Huy,nam,2001,Ky su,Sư phạm Toán,DH_UEH,Đại học Kinh tế TP.HCM,dai_hoc,KV_HCM_GV,Gò Vấp,Gò Vấp,Hồ Chí Minh,2,truc_tiep,180000,web,hoat_dong,2026-04-03,MON_VAN,Ngữ văn,xa_hoi,LOP_09,Lớp 9,thcs,180000,HS_WB_0710,4.86,2026-03-06
GS_WB_0892,Đỗ Hoàng An,nu,1999,Thac si,Ngôn ngữ Anh,DH_UEH,Đại học Kinh tế TP.HCM,dai_hoc,KV_DN_HC,Hải Châu,Hải Châu,Đà Nẵng,5,online,150000,web,hoat_dong,2026-04-03,MON_VAN,Ngữ văn,xa_hoi,LOP_12,Lớp 12,thpt,150000,HS_WB_0591,4.51,2026-03-06
GS_WB_0893,Đặng Ngọc Mai,nu,1998,Ky su,Công nghệ thông tin,DH_XD,Đại học Xây dựng Hà Nội,dai_hoc,KV_HCM_Q4,Quận 4,Quận 4,Hồ Chí Minh,5,ca_hai,150000,web,hoat_dong,2026-04-03,MON_LY,Vật lý,tu_nhien,LOP_09,Lớp 9,thcs,150000,HS_WB_0652,3.51,2026-03-17
GS_WB_0894,Trần Đức Kiệt,nam,1997,Thac si,Ngôn ngữ Anh,DH_XD,Đại học Xây dựng Hà Nội,dai_hoc,KV_HCM_Q10,Quận 10,Quận 10,Hồ Chí Minh,5,ca_hai,180000,web,hoat_dong,2026-04-03,MON_VAN,Ngữ văn,xa_hoi,LOP_06,Lớp 6,thcs,180000,HS_WB_0850,3.94,2026-03-15
GS_WB_0895,Phạm Mai Trang,nu,2003,Cu nhan,Sư phạm Toán,DH_CNTT,Đại học Công nghệ Thông tin TP.HCM,dai_hoc,KV_HN_BD,Ba Đình,Ba Đình,Hà Nội,4,ca_hai,180000,web,hoat_dong,2026-04-03,MON_TOAN,Toán,tu_nhien,LOP_12,Lớp 12,thpt,180000,HS_WB_0005,3.55,2026-03-22
GS_WB_0896,Dương Đức Nam,nam,1997,Thac si,Công nghệ thông tin,DH_FPT,Đại học FPT,dai_hoc,KV_HN_HBT,Hai Bà Trưng,Hai Bà Trưng,Hà Nội,1,truc_tiep,150000,web,hoat_dong,2026-04-03,MON_VAN,Ngữ văn,xa_hoi,LOP_12,Lớp 12,thpt,150000,HS_WB_0730,4.29,2026-03-27
GS_WB_0897,Đỗ Minh Đạt,nam,1995,Ky su,Sư phạm Toán,DH_NT_HN,Đại học Ngoại thương Hà Nội,dai_hoc,KV_HN_DD,Đống Đa,Đống Đa,Hà Nội,5,online,150000,web,hoat_dong,2026-04-03,MON_LY,Vật lý,tu_nhien,LOP_12,Lớp 12,thpt,150000,HS_WB_0966,3.61,2026-03-22
GS_WB_0898,Bùi Hoàng Trang,nu,2001,Thac si,Ngôn ngữ Anh,DH_KHTN_HCM,Đại học Khoa học Tự nhiên TP.HCM,dai_hoc,KV_HN_NTL,Nam Từ Liêm,Nam Từ Liêm,Hà Nội,7,online,200000,web,hoat_dong,2026-04-03,MON_LY,Vật lý,tu_nhien,LOP_09,Lớp 9,thcs,200000,HS_WB_0811,4.66,2026-04-02
GS_WB_0899,Nguyễn Thu Thu,nu,2001,Ky su,Sư phạm Toán,DH_KT_DN,Đại học Kinh tế Đà Nẵng,dai_hoc,KV_DN_LC,Liên Chiểu,Liên Chiểu,Đà Nẵng,5,ca_hai,250000,web,hoat_dong,2026-04-03,MON_LY,Vật lý,tu_nhien,LOP_06,Lớp 6,thcs,250000,HS_WB_0093,4.5,2026-03-04
GS_WB_0900,Lý Ngọc Mai,nu,1996,Ky su,Sư phạm Toán,DH_SP_HN,Đại học Sư phạm Hà Nội,dai_hoc,KV_HN_HM,Hoàng Mai,Hoàng Mai,Hà Nội,2,truc_tiep,150000,web,hoat_dong,2026-04-03,MON_TOAN,Toán,tu_nhien,LOP_10,Lớp 10,thpt,150000,HS_WB_0237,3.98,2026-03-20
GS_WB_0901,Phạm Trọng Đức,nam,2002,Thac si,Sư phạm Toán,DH_TM,Đại học Thương mại,dai_hoc,KV_HN_HBT,Hai Bà Trưng,Hai Bà Trưng,Hà Nội,2,truc_tiep,200000,web,hoat_dong,2026-04-03,MON_VAN,Ngữ văn,xa_hoi,LOP_06,Lớp 6,thcs,200000,,,
GS_WB_0902,Phạm Bảo Thảo,nu,2001,Ky su,Công nghệ thông tin,DH_Y_HN,Đại học Y Hà Nội,dai_hoc,KV_DN_CL,Cẩm Lệ,Cẩm Lệ,Đà Nẵng,4,ca_hai,150000,web,hoat_dong,2026-04-03,MON_LY,Vật lý,tu_nhien,LOP_10,Lớp 10,thpt,150000,HS_WB_0393,3.95,2026-03-07
GS_WB_0903,Lý Trọng Huy,nam,1996,Thac si,Quản trị Kinh doanh,DH_FPT,Đại học FPT,dai_hoc,KV_HCM_Q1,Quận 1,Quận 1,Hồ Chí Minh,6,ca_hai,150000,web,hoat_dong,2026-04-03,MON_ANH,Tiếng Anh,ngoai_ngu,LOP_12,Lớp 12,thpt,150000,,,
GS_WB_0904,Vũ Minh Đức,nam,1996,Cu nhan,Sư phạm Toán,DH_DN,Đại học Đà Nẵng,dai_hoc,KV_HN_NTL,Nam Từ Liêm,Nam Từ Liêm,Hà Nội,1,truc_tiep,180000,web,hoat_dong,2026-04-03,MON_LY,Vật lý,tu_nhien,LOP_09,Lớp 9,thcs,180000,,,
GS_WB_0905,Vũ Đình Cường,nam,1995,Ky su,Sư phạm Toán,DH_CNTT,Đại học Công nghệ Thông tin TP.HCM,dai_hoc,KV_HCM_TD,Thủ Đức,Thủ Đức,Hồ Chí Minh,3,online,250000,web,hoat_dong,2026-04-03,MON_TOAN,Toán,tu_nhien,LOP_12,Lớp 12,thpt,250000,,,
GS_WB_0906,Lý Hồng Linh,nu,1996,Cu nhan,Sư phạm Toán,DH_QGHN,Đại học Quốc gia Hà Nội,dai_hoc,KV_DN_LC,Liên Chiểu,Liên Chiểu,Đà Nẵng,4,online,250000,web,hoat_dong,2026-04-03,MON_ANH,Tiếng Anh,ngoai_ngu,LOP_10,Lớp 10,thpt,250000,HS_WB_0114,4.77,2026-03-22
GS_WB_0907,Phạm Ngọc Châu,nu,1996,Cu nhan,Quản trị Kinh doanh,DH_SP_HN,Đại học Sư phạm Hà Nội,dai_hoc,KV_HCM_TB,Tân Bình,Tân Bình,Hồ Chí Minh,1,ca_hai,150000,web,hoat_dong,2026-04-03,MON_TOAN,Toán,tu_nhien,LOP_10,Lớp 10,thpt,150000,HS_WB_0108,4.47,2026-03-19
GS_WB_0908,Đặng Quang Kiệt,nam,1997,Ky su,Sư phạm Toán,DH_SP_HN,Đại học Sư phạm Hà Nội,dai_hoc,KV_HN_HM,Hoàng Mai,Hoàng Mai,Hà Nội,7,truc_tiep,180000,web,hoat_dong,2026-04-03,MON_LY,Vật lý,tu_nhien,LOP_06,Lớp 6,thcs,180000,HS_WB_0842,4.88,2026-03-08
GS_WB_0909,Lê Bảo An,nu,1996,Cu nhan,Công nghệ thông tin,DH_NL_HCM,Đại học Nông Lâm TP.HCM,dai_hoc,KV_HCM_PN,Phú Nhuận,Phú Nhuận,Hồ Chí Minh,1,online,200000,web,hoat_dong,2026-04-03,MON_ANH,Tiếng Anh,ngoai_ngu,LOP_09,Lớp 9,thcs,200000,,,
GS_WB_0910,Hoàng Hồng Nhung,nu,2000,Thac si,Sư phạm Toán,DH_Y_HCM,Đại học Y Dược TP.HCM,dai_hoc,KV_DN_LC,Liên Chiểu,Liên Chiểu,Đà Nẵng,7,online,150000,web,hoat_dong,2026-04-03,MON_TOAN,Toán,tu_nhien,LOP_09,Lớp 9,thcs,150000,HS_WB_0236,4.73,2026-03-29
GS_WB_0911,Đặng Văn Tuấn,nam,1998,Ky su,Sư phạm Toán,DH_XD,Đại học Xây dựng Hà Nội,dai_hoc,KV_HCM_Q10,Quận 10,Quận 10,Hồ Chí Minh,8,ca_hai,200000,web,hoat_dong,2026-04-03,MON_TOAN,Toán,tu_nhien,LOP_09,Lớp 9,thcs,200000,HS_WB_0967,4.85,2026-03-09
GS_WB_0912,Đặng Hải Nam,nam,2002,Ky su,Sư phạm Toán,DH_DN,Đại học Đà Nẵng,dai_hoc,KV_HCM_PN,Phú Nhuận,Phú Nhuận,Hồ Chí Minh,5,truc_tiep,250000,web,hoat_dong,2026-04-03,MON_VAN,Ngữ văn,xa_hoi,LOP_10,Lớp 10,thpt,250000,HS_WB_0565,3.83,2026-03-31
GS_WB_0913,Hoàng Ngọc Trang,nu,1995,Thac si,Sư phạm Toán,DH_DN,Đại học Đà Nẵng,dai_hoc,KV_DN_CL,Cẩm Lệ,Cẩm Lệ,Đà Nẵng,1,truc_tiep,150000,web,hoat_dong,2026-04-03,MON_LY,Vật lý,tu_nhien,LOP_09,Lớp 9,thcs,150000,HS_WB_0557,4.9,2026-03-23
GS_WB_0914,Vũ Đình Kiệt,nam,1998,Thac si,Ngôn ngữ Anh,DH_XD,Đại học Xây dựng Hà Nội,dai_hoc,KV_HN_DD,Đống Đa,Đống Đa,Hà Nội,7,truc_tiep,250000,web,hoat_dong,2026-04-03,MON_VAN,Ngữ văn,xa_hoi,LOP_06,Lớp 6,thcs,250000,HS_WB_0598,3.63,2026-03-22
GS_WB_0915,Đỗ Hải Khoa,nam,1995,Ky su,Ngôn ngữ Anh,DH_BK_HCM,Đại học Bách Khoa TP.HCM,dai_hoc,KV_HN_TX,Thanh Xuân,Thanh Xuân,Hà Nội,2,truc_tiep,200000,web,hoat_dong,2026-04-03,MON_ANH,Tiếng Anh,ngoai_ngu,LOP_06,Lớp 6,thcs,200000,HS_WB_0107,4.71,2026-03-05
GS_WB_0916,Lê Hồng Thảo,nu,2003,Thac si,Ngôn ngữ Anh,DH_XD,Đại học Xây dựng Hà Nội,dai_hoc,KV_HCM_Q4,Quận 4,Quận 4,Hồ Chí Minh,3,ca_hai,180000,web,hoat_dong,2026-04-03,MON_TOAN,Toán,tu_nhien,LOP_12,Lớp 12,thpt,180000,,,
GS_WB_0917,Ngô Hoàng Châu,nu,2000,Cu nhan,Quản trị Kinh doanh,DH_XD,Đại học Xây dựng Hà Nội,dai_hoc,KV_HCM_Q10,Quận 10,Quận 10,Hồ Chí Minh,1,online,250000,web,hoat_dong,2026-04-03,MON_VAN,Ngữ văn,xa_hoi,LOP_12,Lớp 12,thpt,250000,,,
GS_WB_0918,Trần Quang Hùng,nam,1995,Ky su,Quản trị Kinh doanh,DH_KT_DN,Đại học Kinh tế Đà Nẵng,dai_hoc,KV_HN_BD,Ba Đình,Ba Đình,Hà Nội,1,truc_tiep,200000,web,hoat_dong,2026-04-03,MON_VAN,Ngữ văn,xa_hoi,LOP_12,Lớp 12,thpt,200000,,,
GS_WB_0919,Dương Thu Châu,nu,2002,Cu nhan,Ngôn ngữ Anh,DH_SP_HCM,Đại học Sư phạm TP.HCM,dai_hoc,KV_HN_BD,Ba Đình,Ba Đình,Hà Nội,4,truc_tiep,150000,web,hoat_dong,2026-04-03,MON_TOAN,Toán,tu_nhien,LOP_09,Lớp 9,thcs,150000,HS_WB_0361,4.74,2026-03-26
GS_WB_0920,Lê Đình Khoa,nam,2002,Cu nhan,Sư phạm Toán,DH_BK_HCM,Đại học Bách Khoa TP.HCM,dai_hoc,KV_HN_HM,Hoàng Mai,Hoàng Mai,Hà Nội,5,truc_tiep,200000,web,hoat_dong,2026-04-03,MON_ANH,Tiếng Anh,ngoai_ngu,LOP_09,Lớp 9,thcs,200000,HS_WB_0407,4.5,2026-03-24
GS_WB_0921,Ngô Thị Thu,nu,1997,Ky su,Quản trị Kinh doanh,DH_GTVT,Đại học Giao thông Vận tải,dai_hoc,KV_HCM_Q3,Quận 3,Quận 3,Hồ Chí Minh,2,ca_hai,180000,web,hoat_dong,2026-04-03,MON_VAN,Ngữ văn,xa_hoi,LOP_12,Lớp 12,thpt,180000,HS_WB_0366,4.3,2026-03-25
GS_WB_0922,Lý Hoàng Linh,nu,1997,Ky su,Ngôn ngữ Anh,DH_KTQD,Đại học Kinh tế Quốc dân,dai_hoc,KV_HCM_TD,Thủ Đức,Thủ Đức,Hồ Chí Minh,2,truc_tiep,180000,web,hoat_dong,2026-04-03,MON_TOAN,Toán,tu_nhien,LOP_09,Lớp 9,thcs,180000,HS_WB_0822,4.95,2026-03-14
GS_WB_0923,Vũ Trọng Cường,nam,1997,Thac si,Sư phạm Toán,DH_NL_HCM,Đại học Nông Lâm TP.HCM,dai_hoc,KV_HN_TX,Thanh Xuân,Thanh Xuân,Hà Nội,4,truc_tiep,180000,web,hoat_dong,2026-04-03,MON_TOAN,Toán,tu_nhien,LOP_06,Lớp 6,thcs,180000,HS_WB_0193,4.07,2026-03-08
GS_WB_0924,Trần Đình Đạt,nam,2002,Thac si,Công nghệ thông tin,DH_UEH,Đại học Kinh tế TP.HCM,dai_hoc,KV_HCM_Q5,Quận 5,Quận 5,Hồ Chí Minh,3,online,150000,web,hoat_dong,2026-04-03,MON_LY,Vật lý,tu_nhien,LOP_10,Lớp 10,thpt,150000,,,
GS_WB_0925,Lê Hữu Kiệt,nam,1998,Ky su,Công nghệ thông tin,DH_CNTT,Đại học Công nghệ Thông tin TP.HCM,dai_hoc,KV_HN_NTL,Nam Từ Liêm,Nam Từ Liêm,Hà Nội,7,ca_hai,180000,web,hoat_dong,2026-04-03,MON_VAN,Ngữ văn,xa_hoi,LOP_12,Lớp 12,thpt,180000,HS_WB_0502,4.15,2026-03-31
GS_WB_0926,Đặng Hoàng Mai,nu,1995,Ky su,Ngôn ngữ Anh,DH_Y_HCM,Đại học Y Dược TP.HCM,dai_hoc,KV_DN_ST,Sơn Trà,Sơn Trà,Đà Nẵng,3,ca_hai,180000,web,hoat_dong,2026-04-03,MON_VAN,Ngữ văn,xa_hoi,LOP_10,Lớp 10,thpt,180000,HS_WB_0254,4.25,2026-04-02
GS_WB_0927,Phạm Trọng Phú,nam,2001,Ky su,Sư phạm Toán,DH_BK_HCM,Đại học Bách Khoa TP.HCM,dai_hoc,KV_DN_ST,Sơn Trà,Sơn Trà,Đà Nẵng,2,online,150000,web,hoat_dong,2026-04-03,MON_TOAN,Toán,tu_nhien,LOP_10,Lớp 10,thpt,150000,HS_WB_0885,4.15,2026-03-14
GS_WB_0928,Dương Quang Huy,nam,1999,Thac si,Ngôn ngữ Anh,DH_QGHN,Đại học Quốc gia Hà Nội,dai_hoc,KV_HCM_TD,Thủ Đức,Thủ Đức,Hồ Chí Minh,1,ca_hai,250000,web,hoat_dong,2026-04-03,MON_VAN,Ngữ văn,xa_hoi,LOP_12,Lớp 12,thpt,250000,,,
GS_WB_0929,Dương Hữu Đạt,nam,2002,Cu nhan,Công nghệ thông tin,DH_UEH,Đại học Kinh tế TP.HCM,dai_hoc,KV_HN_LB,Long Biên,Long Biên,Hà Nội,1,online,180000,web,hoat_dong,2026-04-03,MON_TOAN,Toán,tu_nhien,LOP_06,Lớp 6,thcs,180000,HS_WB_0959,3.82,2026-03-25
GS_WB_0930,Đỗ Trọng Tuấn,nam,2000,Ky su,Sư phạm Toán,DH_CNTT,Đại học Công nghệ Thông tin TP.HCM,dai_hoc,KV_HN_DD,Đống Đa,Đống Đa,Hà Nội,4,online,250000,web,hoat_dong,2026-04-03,MON_VAN,Ngữ văn,xa_hoi,LOP_09,Lớp 9,thcs,250000,HS_WB_0828,4.46,2026-03-21
GS_WB_0931,Nguyễn Hải Tuấn,nam,1997,Thac si,Quản trị Kinh doanh,DH_FPT,Đại học FPT,dai_hoc,KV_HN_LB,Long Biên,Long Biên,Hà Nội,3,ca_hai,150000,web,hoat_dong,2026-04-03,MON_LY,Vật lý,tu_nhien,LOP_12,Lớp 12,thpt,150000,HS_WB_0486,4.37,2026-03-08
GS_WB_0932,Trần Mai Thảo,nu,2002,Cu nhan,Công nghệ thông tin,DH_NT_HN,Đại học Ngoại thương Hà Nội,dai_hoc,KV_HCM_Q5,Quận 5,Quận 5,Hồ Chí Minh,2,truc_tiep,150000,web,hoat_dong,2026-04-03,MON_ANH,Tiếng Anh,ngoai_ngu,LOP_10,Lớp 10,thpt,150000,,,
GS_WB_0933,Dương Ngọc Trang,nu,2001,Cu nhan,Quản trị Kinh doanh,DH_KTQD,Đại học Kinh tế Quốc dân,dai_hoc,KV_HN_TH,Tây Hồ,Tây Hồ,Hà Nội,5,online,250000,web,hoat_dong,2026-04-03,MON_VAN,Ngữ văn,xa_hoi,LOP_10,Lớp 10,thpt,250000,HS_WB_0768,4.44,2026-03-26
GS_WB_0934,Bùi Ngọc Nhung,nu,2000,Thac si,Sư phạm Toán,DH_DN,Đại học Đà Nẵng,dai_hoc,KV_HCM_Q1,Quận 1,Quận 1,Hồ Chí Minh,2,online,250000,web,hoat_dong,2026-04-03,MON_LY,Vật lý,tu_nhien,LOP_09,Lớp 9,thcs,250000,,,
GS_WB_0935,Hoàng Đình Hùng,nam,2003,Thac si,Sư phạm Toán,DH_KT_DN,Đại học Kinh tế Đà Nẵng,dai_hoc,KV_HN_HM,Hoàng Mai,Hoàng Mai,Hà Nội,4,ca_hai,250000,web,hoat_dong,2026-04-03,MON_ANH,Tiếng Anh,ngoai_ngu,LOP_10,Lớp 10,thpt,250000,,,
GS_WB_0936,Nguyễn Hải Phú,nam,2003,Ky su,Ngôn ngữ Anh,DH_KHTN_HCM,Đại học Khoa học Tự nhiên TP.HCM,dai_hoc,KV_DN_ST,Sơn Trà,Sơn Trà,Đà Nẵng,4,online,200000,web,hoat_dong,2026-04-03,MON_ANH,Tiếng Anh,ngoai_ngu,LOP_12,Lớp 12,thpt,200000,,,
GS_WB_0937,Lý Ngọc Trang,nu,2001,Cu nhan,Quản trị Kinh doanh,DH_BK_HN,Đại học Bách Khoa Hà Nội,dai_hoc,KV_HCM_Q8,Quận 8,Quận 8,Hồ Chí Minh,6,online,250000,web,hoat_dong,2026-04-03,MON_TOAN,Toán,tu_nhien,LOP_12,Lớp 12,thpt,250000,HS_WB_0685,3.89,2026-03-18
GS_WB_0938,Trần Quang Khoa,nam,1998,Ky su,Ngôn ngữ Anh,DH_KT_DN,Đại học Kinh tế Đà Nẵng,dai_hoc,KV_DN_NHS,Ngũ Hành Sơn,Ngũ Hành Sơn,Đà Nẵng,3,ca_hai,180000,web,hoat_dong,2026-04-03,MON_VAN,Ngữ văn,xa_hoi,LOP_09,Lớp 9,thcs,180000,,,
GS_WB_0939,Dương Bảo Thảo,nu,1999,Cu nhan,Sư phạm Toán,DH_BK_HN,Đại học Bách Khoa Hà Nội,dai_hoc,KV_HCM_BT,Bình Thạnh,Bình Thạnh,Hồ Chí Minh,7,online,200000,web,hoat_dong,2026-04-03,MON_ANH,Tiếng Anh,ngoai_ngu,LOP_10,Lớp 10,thpt,200000,HS_WB_0057,5.0,2026-03-26
GS_WB_0940,Trần Thanh Mai,nu,2001,Cu nhan,Quản trị Kinh doanh,DH_BK_HCM,Đại học Bách Khoa TP.HCM,dai_hoc,KV_HCM_Q3,Quận 3,Quận 3,Hồ Chí Minh,6,truc_tiep,200000,web,hoat_dong,2026-04-03,MON_VAN,Ngữ văn,xa_hoi,LOP_10,Lớp 10,thpt,200000,HS_WB_0379,4.15,2026-03-22
GS_WB_0941,Hoàng Quang Đạt,nam,1999,Ky su,Quản trị Kinh doanh,DH_QGHN,Đại học Quốc gia Hà Nội,dai_hoc,KV_HCM_Q4,Quận 4,Quận 4,Hồ Chí Minh,4,truc_tiep,150000,web,hoat_dong,2026-04-03,MON_LY,Vật lý,tu_nhien,LOP_06,Lớp 6,thcs,150000,HS_WB_0935,4.97,2026-03-13
GS_WB_0942,Hoàng Thị Châu,nu,2000,Cu nhan,Quản trị Kinh doanh,DH_FPT,Đại học FPT,dai_hoc,KV_HCM_BT,Bình Thạnh,Bình Thạnh,Hồ Chí Minh,5,ca_hai,200000,web,hoat_dong,2026-04-03,MON_TOAN,Toán,tu_nhien,LOP_06,Lớp 6,thcs,200000,,,
GS_WB_0943,Dương Thanh Hân,nu,1999,Ky su,Ngôn ngữ Anh,DH_FPT,Đại học FPT,dai_hoc,KV_HN_HBT,Hai Bà Trưng,Hai Bà Trưng,Hà Nội,6,online,250000,web,hoat_dong,2026-04-03,MON_LY,Vật lý,tu_nhien,LOP_12,Lớp 12,thpt,250000,HS_WB_0663,4.32,2026-03-30
GS_WB_0944,Phạm Hồng Hân,nu,1997,Ky su,Sư phạm Toán,DH_BK_HN,Đại học Bách Khoa Hà Nội,dai_hoc,KV_HCM_TB,Tân Bình,Tân Bình,Hồ Chí Minh,7,online,180000,web,hoat_dong,2026-04-03,MON_TOAN,Toán,tu_nhien,LOP_10,Lớp 10,thpt,180000,HS_WB_0785,4.1,2026-03-11
GS_WB_0945,Trần Hải Khoa,nam,1998,Cu nhan,Sư phạm Toán,DH_KHTN_HCM,Đại học Khoa học Tự nhiên TP.HCM,dai_hoc,KV_HCM_Q3,Quận 3,Quận 3,Hồ Chí Minh,6,ca_hai,250000,web,hoat_dong,2026-04-03,MON_TOAN,Toán,tu_nhien,LOP_10,Lớp 10,thpt,250000,HS_WB_0636,4.36,2026-03-27
GS_WB_0946,Lý Trọng Phú,nam,2000,Ky su,Quản trị Kinh doanh,DH_FPT,Đại học FPT,dai_hoc,KV_HCM_Q10,Quận 10,Quận 10,Hồ Chí Minh,6,online,150000,web,hoat_dong,2026-04-03,MON_TOAN,Toán,tu_nhien,LOP_06,Lớp 6,thcs,150000,HS_WB_0737,3.99,2026-03-09
GS_WB_0947,Phạm Thu Trang,nu,2002,Cu nhan,Quản trị Kinh doanh,DH_TM,Đại học Thương mại,dai_hoc,KV_HN_BTL,Bắc Từ Liêm,Bắc Từ Liêm,Hà Nội,7,truc_tiep,180000,web,hoat_dong,2026-04-03,MON_VAN,Ngữ văn,xa_hoi,LOP_06,Lớp 6,thcs,180000,HS_WB_0101,4.64,2026-03-26
GS_WB_0948,Trần Minh Huy,nam,2002,Thac si,Sư phạm Toán,DH_DN,Đại học Đà Nẵng,dai_hoc,KV_DN_NHS,Ngũ Hành Sơn,Ngũ Hành Sơn,Đà Nẵng,4,online,250000,web,hoat_dong,2026-04-03,MON_ANH,Tiếng Anh,ngoai_ngu,LOP_12,Lớp 12,thpt,250000,HS_WB_0021,4.86,2026-03-04
GS_WB_0949,Bùi Thái Đức,nam,2001,Ky su,Sư phạm Toán,DH_GTVT,Đại học Giao thông Vận tải,dai_hoc,KV_DN_CL,Cẩm Lệ,Cẩm Lệ,Đà Nẵng,5,ca_hai,180000,web,hoat_dong,2026-04-03,MON_ANH,Tiếng Anh,ngoai_ngu,LOP_12,Lớp 12,thpt,180000,,,
GS_WB_0950,Phạm Hữu Cường,nam,1999,Cu nhan,Ngôn ngữ Anh,DH_KT_DN,Đại học Kinh tế Đà Nẵng,dai_hoc,KV_HCM_TB,Tân Bình,Tân Bình,Hồ Chí Minh,7,truc_tiep,180000,web,hoat_dong,2026-04-03,MON_ANH,Tiếng Anh,ngoai_ngu,LOP_06,Lớp 6,thcs,180000,HS_WB_0222,3.73,2026-03-31
GS_WB_0951,Vũ Quang Hùng,nam,2000,Ky su,Sư phạm Toán,DH_DN,Đại học Đà Nẵng,dai_hoc,KV_HCM_Q5,Quận 5,Quận 5,Hồ Chí Minh,5,online,200000,web,hoat_dong,2026-04-03,MON_VAN,Ngữ văn,xa_hoi,LOP_12,Lớp 12,thpt,200000,,,
GS_WB_0952,Phạm Thu Linh,nu,1998,Ky su,Ngôn ngữ Anh,DH_KHTN_HN,Đại học Khoa học Tự nhiên Hà Nội,dai_hoc,KV_HCM_TD,Thủ Đức,Thủ Đức,Hồ Chí Minh,5,ca_hai,250000,web,hoat_dong,2026-04-03,MON_TOAN,Toán,tu_nhien,LOP_10,Lớp 10,thpt,250000,HS_WB_0789,4.18,2026-04-01
GS_WB_0953,Ngô Minh Khoa,nam,2003,Thac si,Sư phạm Toán,DH_XD,Đại học Xây dựng Hà Nội,dai_hoc,KV_HCM_GV,Gò Vấp,Gò Vấp,Hồ Chí Minh,3,ca_hai,200000,web,hoat_dong,2026-04-03,MON_VAN,Ngữ văn,xa_hoi,LOP_06,Lớp 6,thcs,200000,HS_WB_0912,3.75,2026-03-12
GS_WB_0954,Lê Mai An,nu,2001,Thac si,Quản trị Kinh doanh,DH_TM,Đại học Thương mại,dai_hoc,KV_DN_ST,Sơn Trà,Sơn Trà,Đà Nẵng,5,truc_tiep,200000,web,hoat_dong,2026-04-03,MON_ANH,Tiếng Anh,ngoai_ngu,LOP_09,Lớp 9,thcs,200000,,,
GS_WB_0955,Ngô Hữu Đạt,nam,2003,Cu nhan,Công nghệ thông tin,DH_SP_HN,Đại học Sư phạm Hà Nội,dai_hoc,KV_DN_LC,Liên Chiểu,Liên Chiểu,Đà Nẵng,4,truc_tiep,200000,web,hoat_dong,2026-04-03,MON_TOAN,Toán,tu_nhien,LOP_10,Lớp 10,thpt,200000,HS_WB_0342,3.66,2026-03-13
GS_WB_0956,Lê Minh Kiệt,nam,2003,Cu nhan,Quản trị Kinh doanh,DH_GTVT,Đại học Giao thông Vận tải,dai_hoc,KV_HCM_Q7,Quận 7,Quận 7,Hồ Chí Minh,6,ca_hai,250000,web,hoat_dong,2026-04-03,MON_VAN,Ngữ văn,xa_hoi,LOP_10,Lớp 10,thpt,250000,HS_WB_0163,4.67,2026-03-22
GS_WB_0957,Vũ Bảo Hân,nu,1997,Cu nhan,Quản trị Kinh doanh,DH_BK_HCM,Đại học Bách Khoa TP.HCM,dai_hoc,KV_HCM_Q10,Quận 10,Quận 10,Hồ Chí Minh,3,online,180000,web,hoat_dong,2026-04-03,MON_TOAN,Toán,tu_nhien,LOP_09,Lớp 9,thcs,180000,,,
GS_WB_0958,Lý Thu Trang,nu,1997,Ky su,Ngôn ngữ Anh,DH_TM,Đại học Thương mại,dai_hoc,KV_HN_HD,Hà Đông,Hà Đông,Hà Nội,5,truc_tiep,150000,web,hoat_dong,2026-04-03,MON_ANH,Tiếng Anh,ngoai_ngu,LOP_10,Lớp 10,thpt,150000,,,
GS_WB_0959,Nguyễn Hồng An,nu,1999,Thac si,Quản trị Kinh doanh,DH_BK_HN,Đại học Bách Khoa Hà Nội,dai_hoc,KV_DN_LC,Liên Chiểu,Liên Chiểu,Đà Nẵng,1,online,150000,web,hoat_dong,2026-04-03,MON_ANH,Tiếng Anh,ngoai_ngu,LOP_09,Lớp 9,thcs,150000,,,
GS_WB_0960,Lê Đình Phú,nam,2002,Ky su,Sư phạm Toán,DH_UEH,Đại học Kinh tế TP.HCM,dai_hoc,KV_HCM_Q1,Quận 1,Quận 1,Hồ Chí Minh,3,truc_tiep,200000,web,hoat_dong,2026-04-03,MON_ANH,Tiếng Anh,ngoai_ngu,LOP_06,Lớp 6,thcs,200000,HS_WB_0829,4.39,2026-03-18
GS_WB_0961,Lê Bảo Vy,nu,2003,Thac si,Sư phạm Toán,DH_TM,Đại học Thương mại,dai_hoc,KV_DN_LC,Liên Chiểu,Liên Chiểu,Đà Nẵng,5,truc_tiep,250000,web,hoat_dong,2026-04-03,MON_TOAN,Toán,tu_nhien,LOP_12,Lớp 12,thpt,250000,HS_WB_0890,4.6,2026-03-12
GS_WB_0962,Đặng Mai Hân,nu,1998,Ky su,Sư phạm Toán,DH_BK_HN,Đại học Bách Khoa Hà Nội,dai_hoc,KV_DN_CL,Cẩm Lệ,Cẩm Lệ,Đà Nẵng,7,truc_tiep,200000,web,hoat_dong,2026-04-03,MON_LY,Vật lý,tu_nhien,LOP_09,Lớp 9,thcs,200000,HS_WB_0137,4.38,2026-03-06
GS_WB_0963,Lý Thanh Linh,nu,1997,Cu nhan,Công nghệ thông tin,DH_BK_HN,Đại học Bách Khoa Hà Nội,dai_hoc,KV_HN_BD,Ba Đình,Ba Đình,Hà Nội,4,ca_hai,150000,web,hoat_dong,2026-04-03,MON_ANH,Tiếng Anh,ngoai_ngu,LOP_12,Lớp 12,thpt,150000,,,
GS_WB_0964,Ngô Thanh Hân,nu,2000,Thac si,Công nghệ thông tin,DH_BK_HCM,Đại học Bách Khoa TP.HCM,dai_hoc,KV_HN_TX,Thanh Xuân,Thanh Xuân,Hà Nội,7,truc_tiep,180000,web,hoat_dong,2026-04-03,MON_VAN,Ngữ văn,xa_hoi,LOP_06,Lớp 6,thcs,180000,HS_WB_0474,4.22,2026-03-23
GS_WB_0965,Vũ Mai Mai,nu,1995,Cu nhan,Sư phạm Toán,DH_SP_HN,Đại học Sư phạm Hà Nội,dai_hoc,KV_HN_HD,Hà Đông,Hà Đông,Hà Nội,2,truc_tiep,200000,web,hoat_dong,2026-04-03,MON_VAN,Ngữ văn,xa_hoi,LOP_12,Lớp 12,thpt,200000,,,
GS_WB_0966,Ngô Thu Hân,nu,2001,Cu nhan,Quản trị Kinh doanh,DH_Y_HN,Đại học Y Hà Nội,dai_hoc,KV_HCM_TP,Tân Phú,Tân Phú,Hồ Chí Minh,3,truc_tiep,180000,web,hoat_dong,2026-04-03,MON_TOAN,Toán,tu_nhien,LOP_10,Lớp 10,thpt,180000,HS_WB_0161,3.97,2026-03-09
GS_WB_0967,Trần Xuân An,nu,1997,Ky su,Công nghệ thông tin,DH_KT_DN,Đại học Kinh tế Đà Nẵng,dai_hoc,KV_HN_TX,Thanh Xuân,Thanh Xuân,Hà Nội,1,ca_hai,180000,web,hoat_dong,2026-04-03,MON_LY,Vật lý,tu_nhien,LOP_12,Lớp 12,thpt,180000,HS_WB_0583,4.5,2026-03-23
GS_WB_0968,Trần Trọng Kiệt,nam,1995,Thac si,Quản trị Kinh doanh,DH_Y_HN,Đại học Y Hà Nội,dai_hoc,KV_DN_CL,Cẩm Lệ,Cẩm Lệ,Đà Nẵng,6,truc_tiep,180000,web,hoat_dong,2026-04-03,MON_ANH,Tiếng Anh,ngoai_ngu,LOP_12,Lớp 12,thpt,180000,HS_WB_0921,4.33,2026-03-14
GS_WB_0969,Lê Thanh Châu,nu,2002,Cu nhan,Ngôn ngữ Anh,DH_FPT,Đại học FPT,dai_hoc,KV_HN_HBT,Hai Bà Trưng,Hai Bà Trưng,Hà Nội,3,ca_hai,250000,web,hoat_dong,2026-04-03,MON_VAN,Ngữ văn,xa_hoi,LOP_06,Lớp 6,thcs,250000,HS_WB_0778,4.8,2026-03-28
GS_WB_0970,Lý Mai Nhung,nu,1997,Cu nhan,Ngôn ngữ Anh,DH_DN,Đại học Đà Nẵng,dai_hoc,KV_HCM_Q8,Quận 8,Quận 8,Hồ Chí Minh,1,truc_tiep,150000,web,hoat_dong,2026-04-03,MON_ANH,Tiếng Anh,ngoai_ngu,LOP_12,Lớp 12,thpt,150000,,,
GS_WB_0971,Trần Xuân Châu,nu,2003,Cu nhan,Quản trị Kinh doanh,DH_CNTT,Đại học Công nghệ Thông tin TP.HCM,dai_hoc,KV_HN_HBT,Hai Bà Trưng,Hai Bà Trưng,Hà Nội,7,online,250000,web,hoat_dong,2026-04-03,MON_VAN,Ngữ văn,xa_hoi,LOP_10,Lớp 10,thpt,250000,HS_WB_0133,4.2,2026-03-07
GS_WB_0972,Nguyễn Hoàng Mai,nu,1999,Ky su,Sư phạm Toán,DH_KTQD,Đại học Kinh tế Quốc dân,dai_hoc,KV_DN_ST,Sơn Trà,Sơn Trà,Đà Nẵng,4,online,150000,web,hoat_dong,2026-04-03,MON_VAN,Ngữ văn,xa_hoi,LOP_06,Lớp 6,thcs,150000,HS_WB_0294,4.66,2026-03-22
GS_WB_0973,Đặng Hữu Cường,nam,2002,Thac si,Ngôn ngữ Anh,DH_UEH,Đại học Kinh tế TP.HCM,dai_hoc,KV_HN_CG,Cầu Giấy,Cầu Giấy,Hà Nội,6,truc_tiep,180000,web,hoat_dong,2026-04-03,MON_TOAN,Toán,tu_nhien,LOP_06,Lớp 6,thcs,180000,HS_WB_0729,4.24,2026-03-16
GS_WB_0974,Lý Thị Trang,nu,2002,Thac si,Công nghệ thông tin,DH_BK_HN,Đại học Bách Khoa Hà Nội,dai_hoc,KV_DN_CL,Cẩm Lệ,Cẩm Lệ,Đà Nẵng,4,online,250000,web,hoat_dong,2026-04-03,MON_VAN,Ngữ văn,xa_hoi,LOP_06,Lớp 6,thcs,250000,HS_WB_0446,4.45,2026-03-16
GS_WB_0975,Lê Hồng Hân,nu,2001,Ky su,Quản trị Kinh doanh,DH_SP_HCM,Đại học Sư phạm TP.HCM,dai_hoc,KV_HN_TX,Thanh Xuân,Thanh Xuân,Hà Nội,2,truc_tiep,250000,web,hoat_dong,2026-04-03,MON_LY,Vật lý,tu_nhien,LOP_06,Lớp 6,thcs,250000,HS_WB_0236,4.79,2026-03-13
GS_WB_0976,Lý Hải Tuấn,nam,2000,Ky su,Công nghệ thông tin,DH_FPT,Đại học FPT,dai_hoc,KV_DN_HC,Hải Châu,Hải Châu,Đà Nẵng,3,truc_tiep,180000,web,hoat_dong,2026-04-03,MON_ANH,Tiếng Anh,ngoai_ngu,LOP_10,Lớp 10,thpt,180000,HS_WB_0934,3.97,2026-03-22
GS_WB_0977,Lê Minh Tuấn,nam,2001,Thac si,Quản trị Kinh doanh,DH_NT_HN,Đại học Ngoại thương Hà Nội,dai_hoc,KV_HCM_Q8,Quận 8,Quận 8,Hồ Chí Minh,1,truc_tiep,250000,web,hoat_dong,2026-04-03,MON_VAN,Ngữ văn,xa_hoi,LOP_09,Lớp 9,thcs,250000,,,
GS_WB_0978,Bùi Ngọc Thu,nu,2002,Ky su,Công nghệ thông tin,DH_NT_HN,Đại học Ngoại thương Hà Nội,dai_hoc,KV_DN_NHS,Ngũ Hành Sơn,Ngũ Hành Sơn,Đà Nẵng,8,truc_tiep,200000,web,hoat_dong,2026-04-03,MON_LY,Vật lý,tu_nhien,LOP_06,Lớp 6,thcs,200000,HS_WB_0644,3.89,2026-03-08
GS_WB_0979,Ngô Đức Kiệt,nam,1998,Cu nhan,Ngôn ngữ Anh,DH_Y_HN,Đại học Y Hà Nội,dai_hoc,KV_HN_DD,Đống Đa,Đống Đa,Hà Nội,3,ca_hai,180000,web,hoat_dong,2026-04-03,MON_VAN,Ngữ văn,xa_hoi,LOP_06,Lớp 6,thcs,180000,HS_WB_0400,4.19,2026-03-04
GS_WB_0980,Lý Văn Huy,nam,2001,Cu nhan,Quản trị Kinh doanh,DH_Y_HN,Đại học Y Hà Nội,dai_hoc,KV_HCM_TD,Thủ Đức,Thủ Đức,Hồ Chí Minh,6,online,200000,web,hoat_dong,2026-04-03,MON_ANH,Tiếng Anh,ngoai_ngu,LOP_10,Lớp 10,thpt,200000,HS_WB_0560,3.82,2026-03-28
GS_WB_0981,Trần Hải Huy,nam,1998,Cu nhan,Sư phạm Toán,DH_GTVT,Đại học Giao thông Vận tải,dai_hoc,KV_HN_HK,Hoàn Kiếm,Hoàn Kiếm,Hà Nội,6,online,250000,web,hoat_dong,2026-04-03,MON_TOAN,Toán,tu_nhien,LOP_10,Lớp 10,thpt,250000,HS_WB_0037,3.96,2026-03-11
GS_WB_0982,Hoàng Thu Mai,nu,1999,Ky su,Sư phạm Toán,DH_CNTT,Đại học Công nghệ Thông tin TP.HCM,dai_hoc,KV_HCM_Q1,Quận 1,Quận 1,Hồ Chí Minh,6,ca_hai,200000,web,hoat_dong,2026-04-03,MON_VAN,Ngữ văn,xa_hoi,LOP_10,Lớp 10,thpt,200000,HS_WB_0632,3.61,2026-03-15
GS_WB_0983,Nguyễn Thanh An,nu,2003,Ky su,Công nghệ thông tin,DH_NT_HN,Đại học Ngoại thương Hà Nội,dai_hoc,KV_HN_LB,Long Biên,Long Biên,Hà Nội,6,truc_tiep,180000,web,hoat_dong,2026-04-03,MON_LY,Vật lý,tu_nhien,LOP_12,Lớp 12,thpt,180000,,,
GS_WB_0984,Phạm Mai Linh,nu,1997,Cu nhan,Ngôn ngữ Anh,DH_SP_HN,Đại học Sư phạm Hà Nội,dai_hoc,KV_HCM_Q3,Quận 3,Quận 3,Hồ Chí Minh,1,ca_hai,200000,web,hoat_dong,2026-04-03,MON_TOAN,Toán,tu_nhien,LOP_06,Lớp 6,thcs,200000,HS_WB_0031,3.51,2026-03-17
GS_WB_0985,Lê Hữu Khoa,nam,1997,Thac si,Công nghệ thông tin,DH_Y_HCM,Đại học Y Dược TP.HCM,dai_hoc,KV_HN_DD,Đống Đa,Đống Đa,Hà Nội,4,truc_tiep,200000,web,hoat_dong,2026-04-03,MON_LY,Vật lý,tu_nhien,LOP_12,Lớp 12,thpt,200000,HS_WB_0081,3.7,2026-03-28
GS_WB_0986,Vũ Văn Huy,nam,2003,Ky su,Ngôn ngữ Anh,DH_SP_HN,Đại học Sư phạm Hà Nội,dai_hoc,KV_HCM_BT,Bình Thạnh,Bình Thạnh,Hồ Chí Minh,4,ca_hai,250000,web,hoat_dong,2026-04-03,MON_TOAN,Toán,tu_nhien,LOP_06,Lớp 6,thcs,250000,HS_WB_0262,3.69,2026-03-15
GS_WB_0987,Lý Ngọc Trang,nu,2002,Thac si,Ngôn ngữ Anh,DH_NL_HCM,Đại học Nông Lâm TP.HCM,dai_hoc,KV_HCM_PN,Phú Nhuận,Phú Nhuận,Hồ Chí Minh,4,ca_hai,180000,web,hoat_dong,2026-04-03,MON_LY,Vật lý,tu_nhien,LOP_09,Lớp 9,thcs,180000,HS_WB_0521,4.39,2026-03-05
GS_WB_0988,Đỗ Thu Vy,nu,2000,Ky su,Ngôn ngữ Anh,DH_QGHN,Đại học Quốc gia Hà Nội,dai_hoc,KV_HN_TH,Tây Hồ,Tây Hồ,Hà Nội,4,online,200000,web,hoat_dong,2026-04-03,MON_LY,Vật lý,tu_nhien,LOP_06,Lớp 6,thcs,200000,HS_WB_0222,4.43,2026-03-27
GS_WB_0989,Vũ Thanh Trang,nu,1997,Thac si,Ngôn ngữ Anh,DH_UEH,Đại học Kinh tế TP.HCM,dai_hoc,KV_HCM_BT,Bình Thạnh,Bình Thạnh,Hồ Chí Minh,8,truc_tiep,180000,web,hoat_dong,2026-04-03,MON_TOAN,Toán,tu_nhien,LOP_09,Lớp 9,thcs,180000,HS_WB_0191,4.2,2026-03-22
GS_WB_0990,Đặng Bảo Hân,nu,2002,Cu nhan,Công nghệ thông tin,DH_CNTT,Đại học Công nghệ Thông tin TP.HCM,dai_hoc,KV_HN_LB,Long Biên,Long Biên,Hà Nội,5,online,250000,web,hoat_dong,2026-04-03,MON_VAN,Ngữ văn,xa_hoi,LOP_12,Lớp 12,thpt,250000,HS_WB_0874,4.01,2026-03-04
GS_WB_0991,Đỗ Đình Đạt,nam,1995,Thac si,Sư phạm Toán,DH_SP_HCM,Đại học Sư phạm TP.HCM,dai_hoc,KV_HCM_PN,Phú Nhuận,Phú Nhuận,Hồ Chí Minh,5,online,180000,web,hoat_dong,2026-04-03,MON_TOAN,Toán,tu_nhien,LOP_10,Lớp 10,thpt,180000,HS_WB_0382,4.77,2026-03-26
GS_WB_0992,Phạm Văn Tuấn,nam,2003,Cu nhan,Công nghệ thông tin,DH_SP_HN,Đại học Sư phạm Hà Nội,dai_hoc,KV_HCM_TP,Tân Phú,Tân Phú,Hồ Chí Minh,6,ca_hai,180000,web,hoat_dong,2026-04-03,MON_VAN,Ngữ văn,xa_hoi,LOP_06,Lớp 6,thcs,180000,HS_WB_0899,4.14,2026-03-09
GS_WB_0993,Lý Trọng Cường,nam,2000,Cu nhan,Ngôn ngữ Anh,DH_DN,Đại học Đà Nẵng,dai_hoc,KV_HN_TX,Thanh Xuân,Thanh Xuân,Hà Nội,4,truc_tiep,150000,web,hoat_dong,2026-04-03,MON_ANH,Tiếng Anh,ngoai_ngu,LOP_12,Lớp 12,thpt,150000,HS_WB_0258,4.98,2026-03-22
GS_WB_0994,Phạm Ngọc Thu,nu,1997,Cu nhan,Sư phạm Toán,DH_QGHN,Đại học Quốc gia Hà Nội,dai_hoc,KV_HN_LB,Long Biên,Long Biên,Hà Nội,3,online,180000,web,hoat_dong,2026-04-03,MON_ANH,Tiếng Anh,ngoai_ngu,LOP_06,Lớp 6,thcs,180000,HS_WB_0256,4.73,2026-03-23
GS_WB_0995,Lê Hữu Đạt,nam,1999,Cu nhan,Công nghệ thông tin,DH_BK_HCM,Đại học Bách Khoa TP.HCM,dai_hoc,KV_HN_HD,Hà Đông,Hà Đông,Hà Nội,3,ca_hai,180000,web,hoat_dong,2026-04-03,MON_LY,Vật lý,tu_nhien,LOP_10,Lớp 10,thpt,180000,HS_WB_0766,4.6,2026-03-06
GS_WB_0996,Lê Hoàng Linh,nu,1997,Thac si,Sư phạm Toán,DH_KTQD,Đại học Kinh tế Quốc dân,dai_hoc,KV_DN_TK,Thanh Khê,Thanh Khê,Đà Nẵng,3,online,200000,web,hoat_dong,2026-04-03,MON_ANH,Tiếng Anh,ngoai_ngu,LOP_09,Lớp 9,thcs,200000,HS_WB_0711,3.58,2026-03-28
GS_WB_0997,Lý Trọng Kiệt,nam,2002,Ky su,Quản trị Kinh doanh,DH_XD,Đại học Xây dựng Hà Nội,dai_hoc,KV_DN_LC,Liên Chiểu,Liên Chiểu,Đà Nẵng,8,ca_hai,180000,web,hoat_dong,2026-04-03,MON_ANH,Tiếng Anh,ngoai_ngu,LOP_10,Lớp 10,thpt,180000,,,
GS_WB_0998,Đặng Mai Linh,nu,1997,Ky su,Công nghệ thông tin,DH_TM,Đại học Thương mại,dai_hoc,KV_HCM_Q7,Quận 7,Quận 7,Hồ Chí Minh,4,ca_hai,250000,web,hoat_dong,2026-04-03,MON_LY,Vật lý,tu_nhien,LOP_12,Lớp 12,thpt,250000,HS_WB_0009,3.61,2026-03-22
GS_WB_0999,Phạm Trọng Hùng,nam,1999,Ky su,Sư phạm Toán,DH_KHTN_HCM,Đại học Khoa học Tự nhiên TP.HCM,dai_hoc,KV_DN_HC,Hải Châu,Hải Châu,Đà Nẵng,1,ca_hai,200000,web,hoat_dong,2026-04-03,MON_LY,Vật lý,tu_nhien,LOP_06,Lớp 6,thcs,200000,HS_WB_0975,4.84,2026-03-13
GS_WB_1000,Trần Quang Nam,nam,1997,Thac si,Quản trị Kinh doanh,DH_CNTT,Đại học Công nghệ Thông tin TP.HCM,dai_hoc,KV_HN_BTL,Bắc Từ Liêm,Bắc Từ Liêm,Hà Nội,2,ca_hai,150000,web,hoat_dong,2026-04-03,MON_TOAN,Toán,tu_nhien,LOP_10,Lớp 10,thpt,150000,HS_WB_0236,4.75,2026-03-08
